timestamp,aggregate_w,fridge_w,hvac_w,washer_w,tv_w
2026-03-01 00:00:00,2200.8,150.2,1976.4,0.0,0.0
2026-03-01 00:01:00,2237.5,156.8,2009.4,0.0,0.0
2026-03-01 00:02:00,2223.8,156.1,1989.3,0.0,0.0
2026-03-01 00:03:00,2197.2,147.4,1961.8,0.0,0.0
2026-03-01 00:04:00,2190.6,148.5,1968.0,0.0,0.0
2026-03-01 00:05:00,2240.1,147.4,2019.9,0.0,0.0
2026-03-01 00:06:00,2272.5,152.8,2049.4,0.0,0.0
2026-03-01 00:07:00,2257.4,149.7,2029.8,0.0,0.0
2026-03-01 00:08:00,2267.1,153.7,2031.8,0.0,0.0
2026-03-01 00:09:00,2245.7,140.8,2008.6,0.0,0.0
2026-03-01 00:10:00,2245.2,157.8,2010.2,0.0,0.0
2026-03-01 00:11:00,2178.0,149.5,1942.4,0.0,0.0
2026-03-01 00:12:00,2240.8,153.4,2011.2,0.0,0.0
2026-03-01 00:13:00,2191.6,149.3,1962.1,0.0,0.0
2026-03-01 00:14:00,2262.7,148.1,2032.2,0.0,0.0
2026-03-01 00:15:00,2205.1,152.3,1977.2,0.0,0.0
2026-03-01 00:16:00,2249.4,154.1,2018.1,0.0,0.0
2026-03-01 00:17:00,2271.6,149.0,2035.0,0.0,0.0
2026-03-01 00:18:00,2217.5,149.2,1989.3,0.0,0.0
2026-03-01 00:19:00,2214.8,153.4,1980.5,0.0,0.0
2026-03-01 00:20:00,2276.6,145.6,2044.9,0.0,0.0
2026-03-01 00:21:00,2218.7,142.4,1998.8,0.0,0.0
2026-03-01 00:22:00,2236.3,152.0,2002.2,0.0,0.0
2026-03-01 00:23:00,2217.7,146.6,1980.7,0.0,0.0
2026-03-01 00:24:00,2224.5,140.4,2004.5,0.0,0.0
2026-03-01 00:25:00,2184.2,145.9,1953.6,0.0,0.0
2026-03-01 00:26:00,2201.9,147.7,1975.2,0.0,0.0
2026-03-01 00:27:00,2244.7,144.0,2019.7,0.0,0.0
2026-03-01 00:28:00,2230.5,142.5,2005.8,0.0,0.0
2026-03-01 00:29:00,2224.8,150.2,2000.7,0.0,0.0
2026-03-01 00:30:00,2245.5,154.5,2009.1,0.0,0.0
2026-03-01 00:31:00,2252.2,148.8,2031.7,0.0,0.0
2026-03-01 00:32:00,2247.6,146.3,2017.6,0.0,0.0
2026-03-01 00:33:00,238.0,151.9,0.0,0.0,0.0
2026-03-01 00:34:00,218.4,153.6,0.0,0.0,0.0
2026-03-01 00:35:00,2065.6,0.0,1984.0,0.0,0.0
2026-03-01 00:36:00,2065.0,0.0,1979.9,0.0,0.0
2026-03-01 00:37:00,2089.8,0.0,2008.5,0.0,0.0
2026-03-01 00:38:00,2067.9,0.0,1993.3,0.0,0.0
2026-03-01 00:39:00,2067.9,0.0,1994.7,0.0,0.0
2026-03-01 00:40:00,2076.2,0.0,1992.5,0.0,0.0
2026-03-01 00:41:00,2058.8,0.0,1974.1,0.0,0.0
2026-03-01 00:42:00,2060.1,0.0,1992.9,0.0,0.0
2026-03-01 00:43:00,2055.3,0.0,1966.9,0.0,0.0
2026-03-01 00:44:00,2053.8,0.0,1969.0,0.0,0.0
2026-03-01 00:45:00,2021.6,0.0,1939.1,0.0,0.0
2026-03-01 00:46:00,2085.4,0.0,2009.3,0.0,0.0
2026-03-01 00:47:00,79.7,0.0,0.0,0.0,0.0
2026-03-01 00:48:00,86.4,0.0,0.0,0.0,0.0
2026-03-01 00:49:00,84.0,0.0,0.0,0.0,0.0
2026-03-01 00:50:00,71.9,0.0,0.0,0.0,0.0
2026-03-01 00:51:00,2133.8,0.0,2048.3,0.0,0.0
2026-03-01 00:52:00,2048.4,0.0,1967.8,0.0,0.0
2026-03-01 00:53:00,2085.5,0.0,2005.6,0.0,0.0
2026-03-01 00:54:00,2051.8,0.0,1972.4,0.0,0.0
2026-03-01 00:55:00,2121.7,0.0,2039.5,0.0,0.0
2026-03-01 00:56:00,2125.8,0.0,2043.3,0.0,0.0
2026-03-01 00:57:00,2085.6,0.0,1996.6,0.0,0.0
2026-03-01 00:58:00,2052.0,0.0,1972.4,0.0,0.0
2026-03-01 00:59:00,2130.5,0.0,2049.8,0.0,0.0
2026-03-01 01:00:00,2236.6,148.7,2001.4,0.0,0.0
2026-03-01 01:01:00,235.3,153.9,0.0,0.0,0.0
2026-03-01 01:02:00,224.0,147.8,0.0,0.0,0.0
2026-03-01 01:03:00,228.6,149.9,0.0,0.0,0.0
2026-03-01 01:04:00,2197.5,151.7,1974.1,0.0,0.0
2026-03-01 01:05:00,2248.8,145.6,2022.7,0.0,0.0
2026-03-01 01:06:00,2215.8,153.0,1994.4,0.0,0.0
2026-03-01 01:07:00,224.6,149.5,0.0,0.0,0.0
2026-03-01 01:08:00,232.4,152.5,0.0,0.0,0.0
2026-03-01 01:09:00,223.4,147.4,0.0,0.0,0.0
2026-03-01 01:10:00,229.8,155.4,0.0,0.0,0.0
2026-03-01 01:11:00,2274.9,153.0,2045.1,0.0,0.0
2026-03-01 01:12:00,2274.5,149.1,2036.8,0.0,0.0
2026-03-01 01:13:00,239.0,153.2,0.0,0.0,0.0
2026-03-01 01:14:00,232.0,156.3,0.0,0.0,0.0
2026-03-01 01:15:00,2207.6,159.0,1965.6,0.0,0.0
2026-03-01 01:16:00,216.6,142.1,0.0,0.0,0.0
2026-03-01 01:17:00,223.8,154.4,0.0,0.0,0.0
2026-03-01 01:18:00,228.8,152.3,0.0,0.0,0.0
2026-03-01 01:19:00,234.0,149.5,0.0,0.0,0.0
2026-03-01 01:20:00,229.1,145.0,0.0,0.0,0.0
2026-03-01 01:21:00,2226.8,156.3,1993.7,0.0,0.0
2026-03-01 01:22:00,2234.7,143.7,1999.0,0.0,0.0
2026-03-01 01:23:00,231.3,152.8,0.0,0.0,0.0
2026-03-01 01:24:00,231.6,156.5,0.0,0.0,0.0
2026-03-01 01:25:00,222.0,142.0,0.0,0.0,0.0
2026-03-01 01:26:00,2221.9,148.5,1994.6,0.0,0.0
2026-03-01 01:27:00,221.0,143.5,0.0,0.0,0.0
2026-03-01 01:28:00,228.6,151.2,0.0,0.0,0.0
2026-03-01 01:29:00,230.3,157.6,0.0,0.0,0.0
2026-03-01 01:30:00,235.9,160.1,0.0,0.0,0.0
2026-03-01 01:31:00,215.8,141.1,0.0,0.0,0.0
2026-03-01 01:32:00,232.8,147.1,0.0,0.0,0.0
2026-03-01 01:33:00,228.0,153.5,0.0,0.0,0.0
2026-03-01 01:34:00,245.7,157.9,0.0,0.0,0.0
2026-03-01 01:35:00,95.7,0.0,0.0,0.0,0.0
2026-03-01 01:36:00,80.8,0.0,0.0,0.0,0.0
2026-03-01 01:37:00,72.0,0.0,0.0,0.0,0.0
2026-03-01 01:38:00,88.4,0.0,0.0,0.0,0.0
2026-03-01 01:39:00,81.4,0.0,0.0,0.0,0.0
2026-03-01 01:40:00,77.9,0.0,0.0,0.0,0.0
2026-03-01 01:41:00,79.2,0.0,0.0,0.0,0.0
2026-03-01 01:42:00,92.3,0.0,0.0,0.0,0.0
2026-03-01 01:43:00,86.8,0.0,0.0,0.0,0.0
2026-03-01 01:44:00,68.0,0.0,0.0,0.0,0.0
2026-03-01 01:45:00,80.7,0.0,0.0,0.0,0.0
2026-03-01 01:46:00,76.0,0.0,0.0,0.0,0.0
2026-03-01 01:47:00,74.4,0.0,0.0,0.0,0.0
2026-03-01 01:48:00,81.2,0.0,0.0,0.0,0.0
2026-03-01 01:49:00,71.2,0.0,0.0,0.0,0.0
2026-03-01 01:50:00,80.7,0.0,0.0,0.0,0.0
2026-03-01 01:51:00,73.0,0.0,0.0,0.0,0.0
2026-03-01 01:52:00,79.5,0.0,0.0,0.0,0.0
2026-03-01 01:53:00,72.3,0.0,0.0,0.0,0.0
2026-03-01 01:54:00,74.3,0.0,0.0,0.0,0.0
2026-03-01 01:55:00,78.1,0.0,0.0,0.0,0.0
2026-03-01 01:56:00,76.0,0.0,0.0,0.0,0.0
2026-03-01 01:57:00,80.7,0.0,0.0,0.0,0.0
2026-03-01 01:58:00,91.2,0.0,0.0,0.0,0.0
2026-03-01 01:59:00,73.3,0.0,0.0,0.0,0.0
2026-03-01 02:00:00,227.3,153.0,0.0,0.0,0.0
2026-03-01 02:01:00,226.6,145.8,0.0,0.0,0.0
2026-03-01 02:02:00,225.0,148.6,0.0,0.0,0.0
2026-03-01 02:03:00,230.8,148.3,0.0,0.0,0.0
2026-03-01 02:04:00,233.5,151.0,0.0,0.0,0.0
2026-03-01 02:05:00,248.3,155.5,0.0,0.0,0.0
2026-03-01 02:06:00,233.5,150.1,0.0,0.0,0.0
2026-03-01 02:07:00,237.6,154.6,0.0,0.0,0.0
2026-03-01 02:08:00,236.2,147.9,0.0,0.0,0.0
2026-03-01 02:09:00,228.5,151.6,0.0,0.0,0.0
2026-03-01 02:10:00,2224.0,139.3,2013.7,0.0,0.0
2026-03-01 02:11:00,208.8,142.8,0.0,0.0,0.0
2026-03-01 02:12:00,232.8,154.0,0.0,0.0,0.0
2026-03-01 02:13:00,216.5,147.0,0.0,0.0,0.0
2026-03-01 02:14:00,235.4,152.9,0.0,0.0,0.0
2026-03-01 02:15:00,226.8,152.7,0.0,0.0,0.0
2026-03-01 02:16:00,231.1,156.6,0.0,0.0,0.0
2026-03-01 02:17:00,228.8,154.1,0.0,0.0,0.0
2026-03-01 02:18:00,235.6,155.1,0.0,0.0,0.0
2026-03-01 02:19:00,222.6,149.4,0.0,0.0,0.0
2026-03-01 02:20:00,230.1,146.5,0.0,0.0,0.0
2026-03-01 02:21:00,234.1,146.3,0.0,0.0,0.0
2026-03-01 02:22:00,226.8,147.6,0.0,0.0,0.0
2026-03-01 02:23:00,225.8,144.4,0.0,0.0,0.0
2026-03-01 02:24:00,224.1,147.3,0.0,0.0,0.0
2026-03-01 02:25:00,235.8,149.5,0.0,0.0,0.0
2026-03-01 02:26:00,225.4,151.3,0.0,0.0,0.0
2026-03-01 02:27:00,227.0,148.3,0.0,0.0,0.0
2026-03-01 02:28:00,225.8,140.4,0.0,0.0,0.0
2026-03-01 02:29:00,226.3,149.6,0.0,0.0,0.0
2026-03-01 02:30:00,224.6,151.1,0.0,0.0,0.0
2026-03-01 02:31:00,235.6,155.4,0.0,0.0,0.0
2026-03-01 02:32:00,229.0,152.9,0.0,0.0,0.0
2026-03-01 02:33:00,230.4,146.8,0.0,0.0,0.0
2026-03-01 02:34:00,226.2,146.4,0.0,0.0,0.0
2026-03-01 02:35:00,80.5,0.0,0.0,0.0,0.0
2026-03-01 02:36:00,97.9,0.0,0.0,0.0,0.0
2026-03-01 02:37:00,75.5,0.0,0.0,0.0,0.0
2026-03-01 02:38:00,78.5,0.0,0.0,0.0,0.0
2026-03-01 02:39:00,75.7,0.0,0.0,0.0,0.0
2026-03-01 02:40:00,80.5,0.0,0.0,0.0,0.0
2026-03-01 02:41:00,77.1,0.0,0.0,0.0,0.0
2026-03-01 02:42:00,72.5,0.0,0.0,0.0,0.0
2026-03-01 02:43:00,77.6,0.0,0.0,0.0,0.0
2026-03-01 02:44:00,68.8,0.0,0.0,0.0,0.0
2026-03-01 02:45:00,75.0,0.0,0.0,0.0,0.0
2026-03-01 02:46:00,76.0,0.0,0.0,0.0,0.0
2026-03-01 02:47:00,77.8,0.0,0.0,0.0,0.0
2026-03-01 02:48:00,88.0,0.0,0.0,0.0,0.0
2026-03-01 02:49:00,85.4,0.0,0.0,0.0,0.0
2026-03-01 02:50:00,78.5,0.0,0.0,0.0,0.0
2026-03-01 02:51:00,79.5,0.0,0.0,0.0,0.0
2026-03-01 02:52:00,88.9,0.0,0.0,0.0,0.0
2026-03-01 02:53:00,64.1,0.0,0.0,0.0,0.0
2026-03-01 02:54:00,90.6,0.0,0.0,0.0,0.0
2026-03-01 02:55:00,92.6,0.0,0.0,0.0,0.0
2026-03-01 02:56:00,83.6,0.0,0.0,0.0,0.0
2026-03-01 02:57:00,83.2,0.0,0.0,0.0,0.0
2026-03-01 02:58:00,93.8,0.0,0.0,0.0,0.0
2026-03-01 02:59:00,77.7,0.0,0.0,0.0,0.0
2026-03-01 03:00:00,236.5,150.1,0.0,0.0,0.0
2026-03-01 03:01:00,236.4,152.9,0.0,0.0,0.0
2026-03-01 03:02:00,219.6,143.4,0.0,0.0,0.0
2026-03-01 03:03:00,239.2,154.4,0.0,0.0,0.0
2026-03-01 03:04:00,230.5,146.2,0.0,0.0,0.0
2026-03-01 03:05:00,218.3,146.3,0.0,0.0,0.0
2026-03-01 03:06:00,231.6,149.0,0.0,0.0,0.0
2026-03-01 03:07:00,225.2,147.2,0.0,0.0,0.0
2026-03-01 03:08:00,229.9,151.5,0.0,0.0,0.0
2026-03-01 03:09:00,241.3,147.1,0.0,0.0,0.0
2026-03-01 03:10:00,229.3,144.7,0.0,0.0,0.0
2026-03-01 03:11:00,222.3,145.8,0.0,0.0,0.0
2026-03-01 03:12:00,224.0,156.6,0.0,0.0,0.0
2026-03-01 03:13:00,233.3,150.2,0.0,0.0,0.0
2026-03-01 03:14:00,218.7,144.2,0.0,0.0,0.0
2026-03-01 03:15:00,227.0,150.0,0.0,0.0,0.0
2026-03-01 03:16:00,214.6,142.2,0.0,0.0,0.0
2026-03-01 03:17:00,239.1,158.9,0.0,0.0,0.0
2026-03-01 03:18:00,227.1,142.4,0.0,0.0,0.0
2026-03-01 03:19:00,234.6,152.4,0.0,0.0,0.0
2026-03-01 03:20:00,234.8,152.7,0.0,0.0,0.0
2026-03-01 03:21:00,220.8,142.7,0.0,0.0,0.0
2026-03-01 03:22:00,237.7,151.5,0.0,0.0,0.0
2026-03-01 03:23:00,234.8,155.0,0.0,0.0,0.0
2026-03-01 03:24:00,240.0,152.3,0.0,0.0,0.0
2026-03-01 03:25:00,236.0,151.3,0.0,0.0,0.0
2026-03-01 03:26:00,235.6,154.7,0.0,0.0,0.0
2026-03-01 03:27:00,229.7,150.8,0.0,0.0,0.0
2026-03-01 03:28:00,221.4,151.7,0.0,0.0,0.0
2026-03-01 03:29:00,228.0,149.4,0.0,0.0,0.0
2026-03-01 03:30:00,231.5,153.2,0.0,0.0,0.0
2026-03-01 03:31:00,227.7,145.3,0.0,0.0,0.0
2026-03-01 03:32:00,236.5,154.0,0.0,0.0,0.0
2026-03-01 03:33:00,230.9,147.5,0.0,0.0,0.0
2026-03-01 03:34:00,233.8,144.5,0.0,0.0,0.0
2026-03-01 03:35:00,79.7,0.0,0.0,0.0,0.0
2026-03-01 03:36:00,81.5,0.0,0.0,0.0,0.0
2026-03-01 03:37:00,81.6,0.0,0.0,0.0,0.0
2026-03-01 03:38:00,85.8,0.0,0.0,0.0,0.0
2026-03-01 03:39:00,87.0,0.0,0.0,0.0,0.0
2026-03-01 03:40:00,73.3,0.0,0.0,0.0,0.0
2026-03-01 03:41:00,84.9,0.0,0.0,0.0,0.0
2026-03-01 03:42:00,78.0,0.0,0.0,0.0,0.0
2026-03-01 03:43:00,81.7,0.0,0.0,0.0,0.0
2026-03-01 03:44:00,79.4,0.0,0.0,0.0,0.0
2026-03-01 03:45:00,87.7,0.0,0.0,0.0,0.0
2026-03-01 03:46:00,86.1,0.0,0.0,0.0,0.0
2026-03-01 03:47:00,79.5,0.0,0.0,0.0,0.0
2026-03-01 03:48:00,91.7,0.0,0.0,0.0,0.0
2026-03-01 03:49:00,67.4,0.0,0.0,0.0,0.0
2026-03-01 03:50:00,81.0,0.0,0.0,0.0,0.0
2026-03-01 03:51:00,80.9,0.0,0.0,0.0,0.0
2026-03-01 03:52:00,80.7,0.0,0.0,0.0,0.0
2026-03-01 03:53:00,80.3,0.0,0.0,0.0,0.0
2026-03-01 03:54:00,87.4,0.0,0.0,0.0,0.0
2026-03-01 03:55:00,83.5,0.0,0.0,0.0,0.0
2026-03-01 03:56:00,84.6,0.0,0.0,0.0,0.0
2026-03-01 03:57:00,84.2,0.0,0.0,0.0,0.0
2026-03-01 03:58:00,76.7,0.0,0.0,0.0,0.0
2026-03-01 03:59:00,89.1,0.0,0.0,0.0,0.0
2026-03-01 04:00:00,235.1,152.9,0.0,0.0,0.0
2026-03-01 04:01:00,219.3,145.7,0.0,0.0,0.0
2026-03-01 04:02:00,231.3,142.6,0.0,0.0,0.0
2026-03-01 04:03:00,229.9,148.9,0.0,0.0,0.0
2026-03-01 04:04:00,236.7,148.9,0.0,0.0,0.0
2026-03-01 04:05:00,218.8,148.2,0.0,0.0,0.0
2026-03-01 04:06:00,237.3,154.9,0.0,0.0,0.0
2026-03-01 04:07:00,231.0,158.6,0.0,0.0,0.0
2026-03-01 04:08:00,228.7,147.9,0.0,0.0,0.0
2026-03-01 04:09:00,229.5,153.5,0.0,0.0,0.0
2026-03-01 04:10:00,241.1,154.7,0.0,0.0,0.0
2026-03-01 04:11:00,237.9,153.6,0.0,0.0,0.0
2026-03-01 04:12:00,238.5,155.2,0.0,0.0,0.0
2026-03-01 04:13:00,227.0,148.1,0.0,0.0,0.0
2026-03-01 04:14:00,236.5,153.7,0.0,0.0,0.0
2026-03-01 04:15:00,248.0,160.1,0.0,0.0,0.0
2026-03-01 04:16:00,251.0,154.0,0.0,0.0,0.0
2026-03-01 04:17:00,230.6,146.9,0.0,0.0,0.0
2026-03-01 04:18:00,236.6,153.0,0.0,0.0,0.0
2026-03-01 04:19:00,235.7,156.3,0.0,0.0,0.0
2026-03-01 04:20:00,234.0,151.8,0.0,0.0,0.0
2026-03-01 04:21:00,229.5,147.2,0.0,0.0,0.0
2026-03-01 04:22:00,233.2,157.7,0.0,0.0,0.0
2026-03-01 04:23:00,225.6,143.8,0.0,0.0,0.0
2026-03-01 04:24:00,233.3,152.5,0.0,0.0,0.0
2026-03-01 04:25:00,232.9,149.9,0.0,0.0,0.0
2026-03-01 04:26:00,229.5,144.0,0.0,0.0,0.0
2026-03-01 04:27:00,227.1,156.1,0.0,0.0,0.0
2026-03-01 04:28:00,231.5,151.7,0.0,0.0,0.0
2026-03-01 04:29:00,225.2,144.2,0.0,0.0,0.0
2026-03-01 04:30:00,220.1,153.0,0.0,0.0,0.0
2026-03-01 04:31:00,220.3,147.8,0.0,0.0,0.0
2026-03-01 04:32:00,215.8,140.5,0.0,0.0,0.0
2026-03-01 04:33:00,222.4,146.6,0.0,0.0,0.0
2026-03-01 04:34:00,230.1,151.3,0.0,0.0,0.0
2026-03-01 04:35:00,81.4,0.0,0.0,0.0,0.0
2026-03-01 04:36:00,70.8,0.0,0.0,0.0,0.0
2026-03-01 04:37:00,77.2,0.0,0.0,0.0,0.0
2026-03-01 04:38:00,91.5,0.0,0.0,0.0,0.0
2026-03-01 04:39:00,65.7,0.0,0.0,0.0,0.0
2026-03-01 04:40:00,76.5,0.0,0.0,0.0,0.0
2026-03-01 04:41:00,84.4,0.0,0.0,0.0,0.0
2026-03-01 04:42:00,83.9,0.0,0.0,0.0,0.0
2026-03-01 04:43:00,78.3,0.0,0.0,0.0,0.0
2026-03-01 04:44:00,87.4,0.0,0.0,0.0,0.0
2026-03-01 04:45:00,82.2,0.0,0.0,0.0,0.0
2026-03-01 04:46:00,87.5,0.0,0.0,0.0,0.0
2026-03-01 04:47:00,84.4,0.0,0.0,0.0,0.0
2026-03-01 04:48:00,80.2,0.0,0.0,0.0,0.0
2026-03-01 04:49:00,83.0,0.0,0.0,0.0,0.0
2026-03-01 04:50:00,76.5,0.0,0.0,0.0,0.0
2026-03-01 04:51:00,73.0,0.0,0.0,0.0,0.0
2026-03-01 04:52:00,90.1,0.0,0.0,0.0,0.0
2026-03-01 04:53:00,66.7,0.0,0.0,0.0,0.0
2026-03-01 04:54:00,73.5,0.0,0.0,0.0,0.0
2026-03-01 04:55:00,85.3,0.0,0.0,0.0,0.0
2026-03-01 04:56:00,74.9,0.0,0.0,0.0,0.0
2026-03-01 04:57:00,85.2,0.0,0.0,0.0,0.0
2026-03-01 04:58:00,92.6,0.0,0.0,0.0,0.0
2026-03-01 04:59:00,74.1,0.0,0.0,0.0,0.0
2026-03-01 05:00:00,224.0,150.8,0.0,0.0,0.0
2026-03-01 05:01:00,211.6,144.3,0.0,0.0,0.0
2026-03-01 05:02:00,237.7,152.0,0.0,0.0,0.0
2026-03-01 05:03:00,253.9,168.1,0.0,0.0,0.0
2026-03-01 05:04:00,215.5,143.6,0.0,0.0,0.0
2026-03-01 05:05:00,236.4,151.7,0.0,0.0,0.0
2026-03-01 05:06:00,230.1,148.4,0.0,0.0,0.0
2026-03-01 05:07:00,233.7,151.0,0.0,0.0,0.0
2026-03-01 05:08:00,213.6,140.9,0.0,0.0,0.0
2026-03-01 05:09:00,215.9,144.2,0.0,0.0,0.0
2026-03-01 05:10:00,229.6,152.3,0.0,0.0,0.0
2026-03-01 05:11:00,227.1,149.8,0.0,0.0,0.0
2026-03-01 05:12:00,243.2,158.2,0.0,0.0,0.0
2026-03-01 05:13:00,210.6,146.5,0.0,0.0,0.0
2026-03-01 05:14:00,229.2,150.9,0.0,0.0,0.0
2026-03-01 05:15:00,247.4,164.6,0.0,0.0,0.0
2026-03-01 05:16:00,221.3,146.2,0.0,0.0,0.0
2026-03-01 05:17:00,221.1,145.5,0.0,0.0,0.0
2026-03-01 05:18:00,228.5,149.8,0.0,0.0,0.0
2026-03-01 05:19:00,220.6,149.8,0.0,0.0,0.0
2026-03-01 05:20:00,242.8,154.2,0.0,0.0,0.0
2026-03-01 05:21:00,235.6,150.6,0.0,0.0,0.0
2026-03-01 05:22:00,226.3,146.2,0.0,0.0,0.0
2026-03-01 05:23:00,228.7,151.1,0.0,0.0,0.0
2026-03-01 05:24:00,250.7,163.2,0.0,0.0,0.0
2026-03-01 05:25:00,225.5,156.4,0.0,0.0,0.0
2026-03-01 05:26:00,216.2,136.1,0.0,0.0,0.0
2026-03-01 05:27:00,229.8,149.3,0.0,0.0,0.0
2026-03-01 05:28:00,218.3,145.6,0.0,0.0,0.0
2026-03-01 05:29:00,230.1,153.1,0.0,0.0,0.0
2026-03-01 05:30:00,231.7,149.1,0.0,0.0,0.0
2026-03-01 05:31:00,236.7,159.7,0.0,0.0,0.0
2026-03-01 05:32:00,240.7,154.7,0.0,0.0,0.0
2026-03-01 05:33:00,228.6,154.5,0.0,0.0,0.0
2026-03-01 05:34:00,225.1,150.9,0.0,0.0,0.0
2026-03-01 05:35:00,81.0,0.0,0.0,0.0,0.0
2026-03-01 05:36:00,75.1,0.0,0.0,0.0,0.0
2026-03-01 05:37:00,74.8,0.0,0.0,0.0,0.0
2026-03-01 05:38:00,84.9,0.0,0.0,0.0,0.0
2026-03-01 05:39:00,84.5,0.0,0.0,0.0,0.0
2026-03-01 05:40:00,83.2,0.0,0.0,0.0,0.0
2026-03-01 05:41:00,75.4,0.0,0.0,0.0,0.0
2026-03-01 05:42:00,80.8,0.0,0.0,0.0,0.0
2026-03-01 05:43:00,74.7,0.0,0.0,0.0,0.0
2026-03-01 05:44:00,67.8,0.0,0.0,0.0,0.0
2026-03-01 05:45:00,80.3,0.0,0.0,0.0,0.0
2026-03-01 05:46:00,79.7,0.0,0.0,0.0,0.0
2026-03-01 05:47:00,71.0,0.0,0.0,0.0,0.0
2026-03-01 05:48:00,73.9,0.0,0.0,0.0,0.0
2026-03-01 05:49:00,82.3,0.0,0.0,0.0,0.0
2026-03-01 05:50:00,89.0,0.0,0.0,0.0,0.0
2026-03-01 05:51:00,77.8,0.0,0.0,0.0,0.0
2026-03-01 05:52:00,79.4,0.0,0.0,0.0,0.0
2026-03-01 05:53:00,71.8,0.0,0.0,0.0,0.0
2026-03-01 05:54:00,81.7,0.0,0.0,0.0,0.0
2026-03-01 05:55:00,79.1,0.0,0.0,0.0,0.0
2026-03-01 05:56:00,80.9,0.0,0.0,0.0,0.0
2026-03-01 05:57:00,77.6,0.0,0.0,0.0,0.0
2026-03-01 05:58:00,67.1,0.0,0.0,0.0,0.0
2026-03-01 05:59:00,79.3,0.0,0.0,0.0,0.0
2026-03-01 06:00:00,214.1,139.0,0.0,0.0,0.0
2026-03-01 06:01:00,236.1,152.9,0.0,0.0,0.0
2026-03-01 06:02:00,220.2,150.1,0.0,0.0,0.0
2026-03-01 06:03:00,236.2,154.8,0.0,0.0,0.0
2026-03-01 06:04:00,227.8,149.4,0.0,0.0,0.0
2026-03-01 06:05:00,236.6,151.1,0.0,0.0,0.0
2026-03-01 06:06:00,226.4,142.5,0.0,0.0,0.0
2026-03-01 06:07:00,246.7,152.2,0.0,0.0,0.0
2026-03-01 06:08:00,237.0,147.8,0.0,0.0,0.0
2026-03-01 06:09:00,235.5,151.7,0.0,0.0,0.0
2026-03-01 06:10:00,239.0,152.3,0.0,0.0,0.0
2026-03-01 06:11:00,232.8,149.4,0.0,0.0,0.0
2026-03-01 06:12:00,246.0,151.6,0.0,0.0,0.0
2026-03-01 06:13:00,222.3,149.9,0.0,0.0,0.0
2026-03-01 06:14:00,231.2,153.8,0.0,0.0,0.0
2026-03-01 06:15:00,230.8,152.5,0.0,0.0,0.0
2026-03-01 06:16:00,228.3,147.3,0.0,0.0,0.0
2026-03-01 06:17:00,223.6,147.1,0.0,0.0,0.0
2026-03-01 06:18:00,233.4,158.7,0.0,0.0,0.0
2026-03-01 06:19:00,238.4,149.5,0.0,0.0,0.0
2026-03-01 06:20:00,241.6,155.0,0.0,0.0,0.0
2026-03-01 06:21:00,228.5,152.0,0.0,0.0,0.0
2026-03-01 06:22:00,220.5,147.2,0.0,0.0,0.0
2026-03-01 06:23:00,228.1,146.3,0.0,0.0,0.0
2026-03-01 06:24:00,233.3,150.6,0.0,0.0,0.0
2026-03-01 06:25:00,236.5,151.3,0.0,0.0,0.0
2026-03-01 06:26:00,230.5,153.1,0.0,0.0,0.0
2026-03-01 06:27:00,231.4,143.7,0.0,0.0,0.0
2026-03-01 06:28:00,225.2,147.0,0.0,0.0,0.0
2026-03-01 06:29:00,233.3,149.5,0.0,0.0,0.0
2026-03-01 06:30:00,241.9,158.0,0.0,0.0,0.0
2026-03-01 06:31:00,220.5,138.2,0.0,0.0,0.0
2026-03-01 06:32:00,229.3,152.2,0.0,0.0,0.0
2026-03-01 06:33:00,226.7,147.3,0.0,0.0,0.0
2026-03-01 06:34:00,242.1,152.2,0.0,0.0,0.0
2026-03-01 06:35:00,71.5,0.0,0.0,0.0,0.0
2026-03-01 06:36:00,85.0,0.0,0.0,0.0,0.0
2026-03-01 06:37:00,78.5,0.0,0.0,0.0,0.0
2026-03-01 06:38:00,66.0,0.0,0.0,0.0,0.0
2026-03-01 06:39:00,89.7,0.0,0.0,0.0,0.0
2026-03-01 06:40:00,79.2,0.0,0.0,0.0,0.0
2026-03-01 06:41:00,83.5,0.0,0.0,0.0,0.0
2026-03-01 06:42:00,79.1,0.0,0.0,0.0,0.0
2026-03-01 06:43:00,83.3,0.0,0.0,0.0,0.0
2026-03-01 06:44:00,82.8,0.0,0.0,0.0,0.0
2026-03-01 06:45:00,76.8,0.0,0.0,0.0,0.0
2026-03-01 06:46:00,64.6,0.0,0.0,0.0,0.0
2026-03-01 06:47:00,70.0,0.0,0.0,0.0,0.0
2026-03-01 06:48:00,89.8,0.0,0.0,0.0,0.0
2026-03-01 06:49:00,82.3,0.0,0.0,0.0,0.0
2026-03-01 06:50:00,77.1,0.0,0.0,0.0,0.0
2026-03-01 06:51:00,78.5,0.0,0.0,0.0,0.0
2026-03-01 06:52:00,74.5,0.0,0.0,0.0,0.0
2026-03-01 06:53:00,75.9,0.0,0.0,0.0,0.0
2026-03-01 06:54:00,80.0,0.0,0.0,0.0,0.0
2026-03-01 06:55:00,82.5,0.0,0.0,0.0,0.0
2026-03-01 06:56:00,82.8,0.0,0.0,0.0,0.0
2026-03-01 06:57:00,88.5,0.0,0.0,0.0,0.0
2026-03-01 06:58:00,72.1,0.0,0.0,0.0,0.0
2026-03-01 06:59:00,83.7,0.0,0.0,0.0,0.0
2026-03-01 07:00:00,228.2,149.8,0.0,0.0,0.0
2026-03-01 07:01:00,223.0,142.9,0.0,0.0,0.0
2026-03-01 07:02:00,231.5,150.8,0.0,0.0,0.0
2026-03-01 07:03:00,228.9,144.0,0.0,0.0,0.0
2026-03-01 07:04:00,223.3,143.7,0.0,0.0,0.0
2026-03-01 07:05:00,238.5,150.6,0.0,0.0,0.0
2026-03-01 07:06:00,236.4,149.6,0.0,0.0,0.0
2026-03-01 07:07:00,226.3,141.7,0.0,0.0,0.0
2026-03-01 07:08:00,233.3,153.7,0.0,0.0,0.0
2026-03-01 07:09:00,239.9,160.8,0.0,0.0,0.0
2026-03-01 07:10:00,218.0,142.6,0.0,0.0,0.0
2026-03-01 07:11:00,236.2,159.1,0.0,0.0,0.0
2026-03-01 07:12:00,228.9,146.6,0.0,0.0,0.0
2026-03-01 07:13:00,230.6,147.5,0.0,0.0,0.0
2026-03-01 07:14:00,230.1,149.1,0.0,0.0,0.0
2026-03-01 07:15:00,217.3,142.8,0.0,0.0,0.0
2026-03-01 07:16:00,232.8,156.5,0.0,0.0,0.0
2026-03-01 07:17:00,231.4,152.5,0.0,0.0,0.0
2026-03-01 07:18:00,225.2,146.2,0.0,0.0,0.0
2026-03-01 07:19:00,238.5,148.6,0.0,0.0,0.0
2026-03-01 07:20:00,213.8,142.4,0.0,0.0,0.0
2026-03-01 07:21:00,221.6,148.3,0.0,0.0,0.0
2026-03-01 07:22:00,233.1,154.7,0.0,0.0,0.0
2026-03-01 07:23:00,214.0,141.4,0.0,0.0,0.0
2026-03-01 07:24:00,231.8,147.8,0.0,0.0,0.0
2026-03-01 07:25:00,234.6,150.7,0.0,0.0,0.0
2026-03-01 07:26:00,236.4,155.2,0.0,0.0,0.0
2026-03-01 07:27:00,233.1,156.7,0.0,0.0,0.0
2026-03-01 07:28:00,236.0,147.7,0.0,0.0,0.0
2026-03-01 07:29:00,223.2,146.3,0.0,0.0,0.0
2026-03-01 07:30:00,221.9,152.3,0.0,0.0,0.0
2026-03-01 07:31:00,238.2,148.2,0.0,0.0,0.0
2026-03-01 07:32:00,234.3,148.4,0.0,0.0,0.0
2026-03-01 07:33:00,228.8,155.4,0.0,0.0,0.0
2026-03-01 07:34:00,246.2,158.4,0.0,0.0,0.0
2026-03-01 07:35:00,81.6,0.0,0.0,0.0,0.0
2026-03-01 07:36:00,87.7,0.0,0.0,0.0,0.0
2026-03-01 07:37:00,78.5,0.0,0.0,0.0,0.0
2026-03-01 07:38:00,88.6,0.0,0.0,0.0,0.0
2026-03-01 07:39:00,72.1,0.0,0.0,0.0,0.0
2026-03-01 07:40:00,73.1,0.0,0.0,0.0,0.0
2026-03-01 07:41:00,74.9,0.0,0.0,0.0,0.0
2026-03-01 07:42:00,83.7,0.0,0.0,0.0,0.0
2026-03-01 07:43:00,80.2,0.0,0.0,0.0,0.0
2026-03-01 07:44:00,79.7,0.0,0.0,0.0,0.0
2026-03-01 07:45:00,76.2,0.0,0.0,0.0,0.0
2026-03-01 07:46:00,77.0,0.0,0.0,0.0,0.0
2026-03-01 07:47:00,85.0,0.0,0.0,0.0,0.0
2026-03-01 07:48:00,89.1,0.0,0.0,0.0,0.0
2026-03-01 07:49:00,74.4,0.0,0.0,0.0,0.0
2026-03-01 07:50:00,83.0,0.0,0.0,0.0,0.0
2026-03-01 07:51:00,77.0,0.0,0.0,0.0,0.0
2026-03-01 07:52:00,78.3,0.0,0.0,0.0,0.0
2026-03-01 07:53:00,79.1,0.0,0.0,0.0,0.0
2026-03-01 07:54:00,78.3,0.0,0.0,0.0,0.0
2026-03-01 07:55:00,86.0,0.0,0.0,0.0,0.0
2026-03-01 07:56:00,82.8,0.0,0.0,0.0,0.0
2026-03-01 07:57:00,80.8,0.0,0.0,0.0,0.0
2026-03-01 07:58:00,84.1,0.0,0.0,0.0,0.0
2026-03-01 07:59:00,67.7,0.0,0.0,0.0,0.0
2026-03-01 08:00:00,225.6,143.8,0.0,0.0,0.0
2026-03-01 08:01:00,227.8,155.0,0.0,0.0,0.0
2026-03-01 08:02:00,231.0,147.9,0.0,0.0,0.0
2026-03-01 08:03:00,217.3,139.6,0.0,0.0,0.0
2026-03-01 08:04:00,227.3,149.5,0.0,0.0,0.0
2026-03-01 08:05:00,226.5,145.1,0.0,0.0,0.0
2026-03-01 08:06:00,242.6,151.6,0.0,0.0,0.0
2026-03-01 08:07:00,221.0,144.1,0.0,0.0,0.0
2026-03-01 08:08:00,233.8,155.3,0.0,0.0,0.0
2026-03-01 08:09:00,229.0,146.3,0.0,0.0,0.0
2026-03-01 08:10:00,238.1,151.8,0.0,0.0,0.0
2026-03-01 08:11:00,233.8,147.0,0.0,0.0,0.0
2026-03-01 08:12:00,236.9,148.4,0.0,0.0,0.0
2026-03-01 08:13:00,243.0,156.0,0.0,0.0,0.0
2026-03-01 08:14:00,226.3,151.1,0.0,0.0,0.0
2026-03-01 08:15:00,227.4,148.0,0.0,0.0,0.0
2026-03-01 08:16:00,219.4,143.7,0.0,0.0,0.0
2026-03-01 08:17:00,235.5,155.8,0.0,0.0,0.0
2026-03-01 08:18:00,228.5,153.7,0.0,0.0,0.0
2026-03-01 08:19:00,232.7,148.4,0.0,0.0,0.0
2026-03-01 08:20:00,225.4,151.2,0.0,0.0,0.0
2026-03-01 08:21:00,225.3,144.9,0.0,0.0,0.0
2026-03-01 08:22:00,219.4,144.9,0.0,0.0,0.0
2026-03-01 08:23:00,228.0,145.9,0.0,0.0,0.0
2026-03-01 08:24:00,225.7,151.8,0.0,0.0,0.0
2026-03-01 08:25:00,232.2,151.5,0.0,0.0,0.0
2026-03-01 08:26:00,227.9,146.3,0.0,0.0,0.0
2026-03-01 08:27:00,232.8,153.7,0.0,0.0,0.0
2026-03-01 08:28:00,230.1,153.9,0.0,0.0,0.0
2026-03-01 08:29:00,226.7,150.9,0.0,0.0,0.0
2026-03-01 08:30:00,234.6,155.2,0.0,0.0,0.0
2026-03-01 08:31:00,228.4,148.6,0.0,0.0,0.0
2026-03-01 08:32:00,223.9,149.4,0.0,0.0,0.0
2026-03-01 08:33:00,226.8,152.4,0.0,0.0,0.0
2026-03-01 08:34:00,229.0,149.8,0.0,0.0,0.0
2026-03-01 08:35:00,87.3,0.0,0.0,0.0,0.0
2026-03-01 08:36:00,84.0,0.0,0.0,0.0,0.0
2026-03-01 08:37:00,81.9,0.0,0.0,0.0,0.0
2026-03-01 08:38:00,83.8,0.0,0.0,0.0,0.0
2026-03-01 08:39:00,69.8,0.0,0.0,0.0,0.0
2026-03-01 08:40:00,83.3,0.0,0.0,0.0,0.0
2026-03-01 08:41:00,73.0,0.0,0.0,0.0,0.0
2026-03-01 08:42:00,85.6,0.0,0.0,0.0,0.0
2026-03-01 08:43:00,79.2,0.0,0.0,0.0,0.0
2026-03-01 08:44:00,81.8,0.0,0.0,0.0,0.0
2026-03-01 08:45:00,74.9,0.0,0.0,0.0,0.0
2026-03-01 08:46:00,91.1,0.0,0.0,0.0,0.0
2026-03-01 08:47:00,79.8,0.0,0.0,0.0,0.0
2026-03-01 08:48:00,68.7,0.0,0.0,0.0,0.0
2026-03-01 08:49:00,72.3,0.0,0.0,0.0,0.0
2026-03-01 08:50:00,82.4,0.0,0.0,0.0,0.0
2026-03-01 08:51:00,77.0,0.0,0.0,0.0,0.0
2026-03-01 08:52:00,80.1,0.0,0.0,0.0,0.0
2026-03-01 08:53:00,78.5,0.0,0.0,0.0,0.0
2026-03-01 08:54:00,87.4,0.0,0.0,0.0,0.0
2026-03-01 08:55:00,73.6,0.0,0.0,0.0,0.0
2026-03-01 08:56:00,82.2,0.0,0.0,0.0,0.0
2026-03-01 08:57:00,79.4,0.0,0.0,0.0,0.0
2026-03-01 08:58:00,77.6,0.0,0.0,0.0,0.0
2026-03-01 08:59:00,79.0,0.0,0.0,0.0,0.0
2026-03-01 09:00:00,225.9,143.2,0.0,0.0,0.0
2026-03-01 09:01:00,229.8,147.2,0.0,0.0,0.0
2026-03-01 09:02:00,227.7,150.7,0.0,0.0,0.0
2026-03-01 09:03:00,223.7,143.3,0.0,0.0,0.0
2026-03-01 09:04:00,220.3,147.3,0.0,0.0,0.0
2026-03-01 09:05:00,235.7,155.1,0.0,0.0,0.0
2026-03-01 09:06:00,238.0,155.5,0.0,0.0,0.0
2026-03-01 09:07:00,235.6,155.4,0.0,0.0,0.0
2026-03-01 09:08:00,228.3,150.2,0.0,0.0,0.0
2026-03-01 09:09:00,227.7,148.9,0.0,0.0,0.0
2026-03-01 09:10:00,239.4,155.4,0.0,0.0,0.0
2026-03-01 09:11:00,225.9,148.1,0.0,0.0,0.0
2026-03-01 09:12:00,232.4,151.7,0.0,0.0,0.0
2026-03-01 09:13:00,237.3,156.6,0.0,0.0,0.0
2026-03-01 09:14:00,232.1,148.2,0.0,0.0,0.0
2026-03-01 09:15:00,222.1,146.9,0.0,0.0,0.0
2026-03-01 09:16:00,220.3,150.0,0.0,0.0,0.0
2026-03-01 09:17:00,229.9,153.0,0.0,0.0,0.0
2026-03-01 09:18:00,239.7,152.4,0.0,0.0,0.0
2026-03-01 09:19:00,232.2,150.8,0.0,0.0,0.0
2026-03-01 09:20:00,238.2,152.8,0.0,0.0,0.0
2026-03-01 09:21:00,213.9,142.0,0.0,0.0,0.0
2026-03-01 09:22:00,226.2,145.7,0.0,0.0,0.0
2026-03-01 09:23:00,236.6,150.8,0.0,0.0,0.0
2026-03-01 09:24:00,220.8,145.4,0.0,0.0,0.0
2026-03-01 09:25:00,206.2,143.3,0.0,0.0,0.0
2026-03-01 09:26:00,225.4,144.0,0.0,0.0,0.0
2026-03-01 09:27:00,223.2,145.4,0.0,0.0,0.0
2026-03-01 09:28:00,229.6,149.1,0.0,0.0,0.0
2026-03-01 09:29:00,236.1,144.9,0.0,0.0,0.0
2026-03-01 09:30:00,232.6,151.2,0.0,0.0,0.0
2026-03-01 09:31:00,246.2,158.5,0.0,0.0,0.0
2026-03-01 09:32:00,234.9,149.3,0.0,0.0,0.0
2026-03-01 09:33:00,230.8,156.4,0.0,0.0,0.0
2026-03-01 09:34:00,242.2,151.4,0.0,0.0,0.0
2026-03-01 09:35:00,82.1,0.0,0.0,0.0,0.0
2026-03-01 09:36:00,77.6,0.0,0.0,0.0,0.0
2026-03-01 09:37:00,67.3,0.0,0.0,0.0,0.0
2026-03-01 09:38:00,79.3,0.0,0.0,0.0,0.0
2026-03-01 09:39:00,84.0,0.0,0.0,0.0,0.0
2026-03-01 09:40:00,76.3,0.0,0.0,0.0,0.0
2026-03-01 09:41:00,92.4,0.0,0.0,0.0,0.0
2026-03-01 09:42:00,73.9,0.0,0.0,0.0,0.0
2026-03-01 09:43:00,86.5,0.0,0.0,0.0,0.0
2026-03-01 09:44:00,72.9,0.0,0.0,0.0,0.0
2026-03-01 09:45:00,87.8,0.0,0.0,0.0,0.0
2026-03-01 09:46:00,77.9,0.0,0.0,0.0,0.0
2026-03-01 09:47:00,84.7,0.0,0.0,0.0,0.0
2026-03-01 09:48:00,80.4,0.0,0.0,0.0,0.0
2026-03-01 09:49:00,77.2,0.0,0.0,0.0,0.0
2026-03-01 09:50:00,81.0,0.0,0.0,0.0,0.0
2026-03-01 09:51:00,85.3,0.0,0.0,0.0,0.0
2026-03-01 09:52:00,79.1,0.0,0.0,0.0,0.0
2026-03-01 09:53:00,84.1,0.0,0.0,0.0,0.0
2026-03-01 09:54:00,69.6,0.0,0.0,0.0,0.0
2026-03-01 09:55:00,88.8,0.0,0.0,0.0,0.0
2026-03-01 09:56:00,71.2,0.0,0.0,0.0,0.0
2026-03-01 09:57:00,78.3,0.0,0.0,0.0,0.0
2026-03-01 09:58:00,87.4,0.0,0.0,0.0,0.0
2026-03-01 09:59:00,85.4,0.0,0.0,0.0,0.0
2026-03-01 10:00:00,237.6,158.2,0.0,0.0,0.0
2026-03-01 10:01:00,229.4,143.8,0.0,0.0,0.0
2026-03-01 10:02:00,231.8,152.8,0.0,0.0,0.0
2026-03-01 10:03:00,234.8,151.7,0.0,0.0,0.0
2026-03-01 10:04:00,230.2,142.9,0.0,0.0,0.0
2026-03-01 10:05:00,238.4,158.1,0.0,0.0,0.0
2026-03-01 10:06:00,242.7,159.7,0.0,0.0,0.0
2026-03-01 10:07:00,217.3,145.2,0.0,0.0,0.0
2026-03-01 10:08:00,243.1,158.7,0.0,0.0,0.0
2026-03-01 10:09:00,224.3,150.3,0.0,0.0,0.0
2026-03-01 10:10:00,224.6,149.2,0.0,0.0,0.0
2026-03-01 10:11:00,236.3,157.5,0.0,0.0,0.0
2026-03-01 10:12:00,230.0,151.1,0.0,0.0,0.0
2026-03-01 10:13:00,237.2,151.6,0.0,0.0,0.0
2026-03-01 10:14:00,235.2,157.6,0.0,0.0,0.0
2026-03-01 10:15:00,232.6,156.4,0.0,0.0,0.0
2026-03-01 10:16:00,235.3,154.5,0.0,0.0,0.0
2026-03-01 10:17:00,228.5,143.0,0.0,0.0,0.0
2026-03-01 10:18:00,233.2,142.1,0.0,0.0,0.0
2026-03-01 10:19:00,234.5,155.6,0.0,0.0,0.0
2026-03-01 10:20:00,225.3,145.4,0.0,0.0,0.0
2026-03-01 10:21:00,231.5,150.7,0.0,0.0,0.0
2026-03-01 10:22:00,222.3,144.6,0.0,0.0,0.0
2026-03-01 10:23:00,227.6,149.1,0.0,0.0,0.0
2026-03-01 10:24:00,228.5,143.6,0.0,0.0,0.0
2026-03-01 10:25:00,235.5,158.2,0.0,0.0,0.0
2026-03-01 10:26:00,221.7,144.9,0.0,0.0,0.0
2026-03-01 10:27:00,232.1,149.4,0.0,0.0,0.0
2026-03-01 10:28:00,227.6,149.1,0.0,0.0,0.0
2026-03-01 10:29:00,236.8,156.0,0.0,0.0,0.0
2026-03-01 10:30:00,218.1,142.9,0.0,0.0,0.0
2026-03-01 10:31:00,229.8,149.8,0.0,0.0,0.0
2026-03-01 10:32:00,222.8,149.0,0.0,0.0,0.0
2026-03-01 10:33:00,231.8,152.6,0.0,0.0,0.0
2026-03-01 10:34:00,233.9,152.4,0.0,0.0,0.0
2026-03-01 10:35:00,85.4,0.0,0.0,0.0,0.0
2026-03-01 10:36:00,79.3,0.0,0.0,0.0,0.0
2026-03-01 10:37:00,75.4,0.0,0.0,0.0,0.0
2026-03-01 10:38:00,81.8,0.0,0.0,0.0,0.0
2026-03-01 10:39:00,74.2,0.0,0.0,0.0,0.0
2026-03-01 10:40:00,80.7,0.0,0.0,0.0,0.0
2026-03-01 10:41:00,71.0,0.0,0.0,0.0,0.0
2026-03-01 10:42:00,75.6,0.0,0.0,0.0,0.0
2026-03-01 10:43:00,82.6,0.0,0.0,0.0,0.0
2026-03-01 10:44:00,83.1,0.0,0.0,0.0,0.0
2026-03-01 10:45:00,73.9,0.0,0.0,0.0,0.0
2026-03-01 10:46:00,88.3,0.0,0.0,0.0,0.0
2026-03-01 10:47:00,67.3,0.0,0.0,0.0,0.0
2026-03-01 10:48:00,78.4,0.0,0.0,0.0,0.0
2026-03-01 10:49:00,77.4,0.0,0.0,0.0,0.0
2026-03-01 10:50:00,88.8,0.0,0.0,0.0,0.0
2026-03-01 10:51:00,87.6,0.0,0.0,0.0,0.0
2026-03-01 10:52:00,83.9,0.0,0.0,0.0,0.0
2026-03-01 10:53:00,81.6,0.0,0.0,0.0,0.0
2026-03-01 10:54:00,83.3,0.0,0.0,0.0,0.0
2026-03-01 10:55:00,80.5,0.0,0.0,0.0,0.0
2026-03-01 10:56:00,88.0,0.0,0.0,0.0,0.0
2026-03-01 10:57:00,80.1,0.0,0.0,0.0,0.0
2026-03-01 10:58:00,75.3,0.0,0.0,0.0,0.0
2026-03-01 10:59:00,67.1,0.0,0.0,0.0,0.0
2026-03-01 11:00:00,236.4,155.6,0.0,0.0,0.0
2026-03-01 11:01:00,228.8,142.3,0.0,0.0,0.0
2026-03-01 11:02:00,236.4,155.7,0.0,0.0,0.0
2026-03-01 11:03:00,226.1,157.3,0.0,0.0,0.0
2026-03-01 11:04:00,236.7,146.2,0.0,0.0,0.0
2026-03-01 11:05:00,216.9,144.5,0.0,0.0,0.0
2026-03-01 11:06:00,228.4,154.2,0.0,0.0,0.0
2026-03-01 11:07:00,228.3,144.5,0.0,0.0,0.0
2026-03-01 11:08:00,235.3,154.3,0.0,0.0,0.0
2026-03-01 11:09:00,218.1,144.0,0.0,0.0,0.0
2026-03-01 11:10:00,246.0,154.0,0.0,0.0,0.0
2026-03-01 11:11:00,235.3,150.5,0.0,0.0,0.0
2026-03-01 11:12:00,227.9,147.8,0.0,0.0,0.0
2026-03-01 11:13:00,227.3,145.5,0.0,0.0,0.0
2026-03-01 11:14:00,233.1,151.2,0.0,0.0,0.0
2026-03-01 11:15:00,221.3,140.5,0.0,0.0,0.0
2026-03-01 11:16:00,235.4,148.6,0.0,0.0,0.0
2026-03-01 11:17:00,221.5,148.0,0.0,0.0,0.0
2026-03-01 11:18:00,233.2,153.4,0.0,0.0,0.0
2026-03-01 11:19:00,224.2,143.7,0.0,0.0,0.0
2026-03-01 11:20:00,245.2,158.6,0.0,0.0,0.0
2026-03-01 11:21:00,217.9,148.4,0.0,0.0,0.0
2026-03-01 11:22:00,212.0,144.3,0.0,0.0,0.0
2026-03-01 11:23:00,238.2,156.9,0.0,0.0,0.0
2026-03-01 11:24:00,234.4,158.3,0.0,0.0,0.0
2026-03-01 11:25:00,225.9,149.1,0.0,0.0,0.0
2026-03-01 11:26:00,226.3,145.5,0.0,0.0,0.0
2026-03-01 11:27:00,233.2,150.1,0.0,0.0,0.0
2026-03-01 11:28:00,217.3,146.5,0.0,0.0,0.0
2026-03-01 11:29:00,229.1,148.4,0.0,0.0,0.0
2026-03-01 11:30:00,239.1,157.8,0.0,0.0,0.0
2026-03-01 11:31:00,240.4,152.0,0.0,0.0,0.0
2026-03-01 11:32:00,234.6,150.7,0.0,0.0,0.0
2026-03-01 11:33:00,239.4,151.7,0.0,0.0,0.0
2026-03-01 11:34:00,226.0,149.7,0.0,0.0,0.0
2026-03-01 11:35:00,77.6,0.0,0.0,0.0,0.0
2026-03-01 11:36:00,78.4,0.0,0.0,0.0,0.0
2026-03-01 11:37:00,79.3,0.0,0.0,0.0,0.0
2026-03-01 11:38:00,77.3,0.0,0.0,0.0,0.0
2026-03-01 11:39:00,73.7,0.0,0.0,0.0,0.0
2026-03-01 11:40:00,70.0,0.0,0.0,0.0,0.0
2026-03-01 11:41:00,75.1,0.0,0.0,0.0,0.0
2026-03-01 11:42:00,90.6,0.0,0.0,0.0,0.0
2026-03-01 11:43:00,88.3,0.0,0.0,0.0,0.0
2026-03-01 11:44:00,67.0,0.0,0.0,0.0,0.0
2026-03-01 11:45:00,79.7,0.0,0.0,0.0,0.0
2026-03-01 11:46:00,81.7,0.0,0.0,0.0,0.0
2026-03-01 11:47:00,94.5,0.0,0.0,0.0,0.0
2026-03-01 11:48:00,71.2,0.0,0.0,0.0,0.0
2026-03-01 11:49:00,81.9,0.0,0.0,0.0,0.0
2026-03-01 11:50:00,76.9,0.0,0.0,0.0,0.0
2026-03-01 11:51:00,76.1,0.0,0.0,0.0,0.0
2026-03-01 11:52:00,82.3,0.0,0.0,0.0,0.0
2026-03-01 11:53:00,84.0,0.0,0.0,0.0,0.0
2026-03-01 11:54:00,77.2,0.0,0.0,0.0,0.0
2026-03-01 11:55:00,73.9,0.0,0.0,0.0,0.0
2026-03-01 11:56:00,78.9,0.0,0.0,0.0,0.0
2026-03-01 11:57:00,88.5,0.0,0.0,0.0,0.0
2026-03-01 11:58:00,72.2,0.0,0.0,0.0,0.0
2026-03-01 11:59:00,87.6,0.0,0.0,0.0,0.0
2026-03-01 12:00:00,223.1,149.2,0.0,0.0,0.0
2026-03-01 12:01:00,229.2,142.9,0.0,0.0,0.0
2026-03-01 12:02:00,235.3,152.3,0.0,0.0,0.0
2026-03-01 12:03:00,232.7,153.4,0.0,0.0,0.0
2026-03-01 12:04:00,237.4,154.8,0.0,0.0,0.0
2026-03-01 12:05:00,214.9,150.4,0.0,0.0,0.0
2026-03-01 12:06:00,242.1,156.0,0.0,0.0,0.0
2026-03-01 12:07:00,242.4,157.0,0.0,0.0,0.0
2026-03-01 12:08:00,226.5,144.7,0.0,0.0,0.0
2026-03-01 12:09:00,244.9,157.1,0.0,0.0,0.0
2026-03-01 12:10:00,219.0,150.9,0.0,0.0,0.0
2026-03-01 12:11:00,220.2,147.2,0.0,0.0,0.0
2026-03-01 12:12:00,223.3,148.4,0.0,0.0,0.0
2026-03-01 12:13:00,246.3,159.4,0.0,0.0,0.0
2026-03-01 12:14:00,234.1,154.9,0.0,0.0,0.0
2026-03-01 12:15:00,225.1,141.1,0.0,0.0,0.0
2026-03-01 12:16:00,227.1,150.4,0.0,0.0,0.0
2026-03-01 12:17:00,228.1,149.3,0.0,0.0,0.0
2026-03-01 12:18:00,237.8,149.1,0.0,0.0,0.0
2026-03-01 12:19:00,222.0,147.4,0.0,0.0,0.0
2026-03-01 12:20:00,220.8,142.7,0.0,0.0,0.0
2026-03-01 12:21:00,238.5,154.3,0.0,0.0,0.0
2026-03-01 12:22:00,216.6,145.3,0.0,0.0,0.0
2026-03-01 12:23:00,228.1,148.1,0.0,0.0,0.0
2026-03-01 12:24:00,228.7,147.0,0.0,0.0,0.0
2026-03-01 12:25:00,227.4,146.4,0.0,0.0,0.0
2026-03-01 12:26:00,235.4,153.7,0.0,0.0,0.0
2026-03-01 12:27:00,235.9,151.9,0.0,0.0,0.0
2026-03-01 12:28:00,222.1,146.6,0.0,0.0,0.0
2026-03-01 12:29:00,227.9,145.3,0.0,0.0,0.0
2026-03-01 12:30:00,227.0,147.7,0.0,0.0,0.0
2026-03-01 12:31:00,232.1,154.8,0.0,0.0,0.0
2026-03-01 12:32:00,236.3,150.6,0.0,0.0,0.0
2026-03-01 12:33:00,223.4,151.2,0.0,0.0,0.0
2026-03-01 12:34:00,222.3,148.4,0.0,0.0,0.0
2026-03-01 12:35:00,87.5,0.0,0.0,0.0,0.0
2026-03-01 12:36:00,79.8,0.0,0.0,0.0,0.0
2026-03-01 12:37:00,73.3,0.0,0.0,0.0,0.0
2026-03-01 12:38:00,76.7,0.0,0.0,0.0,0.0
2026-03-01 12:39:00,86.0,0.0,0.0,0.0,0.0
2026-03-01 12:40:00,78.0,0.0,0.0,0.0,0.0
2026-03-01 12:41:00,83.0,0.0,0.0,0.0,0.0
2026-03-01 12:42:00,78.3,0.0,0.0,0.0,0.0
2026-03-01 12:43:00,80.9,0.0,0.0,0.0,0.0
2026-03-01 12:44:00,87.1,0.0,0.0,0.0,0.0
2026-03-01 12:45:00,88.9,0.0,0.0,0.0,0.0
2026-03-01 12:46:00,73.1,0.0,0.0,0.0,0.0
2026-03-01 12:47:00,85.5,0.0,0.0,0.0,0.0
2026-03-01 12:48:00,82.5,0.0,0.0,0.0,0.0
2026-03-01 12:49:00,80.5,0.0,0.0,0.0,0.0
2026-03-01 12:50:00,78.6,0.0,0.0,0.0,0.0
2026-03-01 12:51:00,77.6,0.0,0.0,0.0,0.0
2026-03-01 12:52:00,81.2,0.0,0.0,0.0,0.0
2026-03-01 12:53:00,80.5,0.0,0.0,0.0,0.0
2026-03-01 12:54:00,81.6,0.0,0.0,0.0,0.0
2026-03-01 12:55:00,75.7,0.0,0.0,0.0,0.0
2026-03-01 12:56:00,70.0,0.0,0.0,0.0,0.0
2026-03-01 12:57:00,78.6,0.0,0.0,0.0,0.0
2026-03-01 12:58:00,77.9,0.0,0.0,0.0,0.0
2026-03-01 12:59:00,71.5,0.0,0.0,0.0,0.0
2026-03-01 13:00:00,226.1,142.9,0.0,0.0,0.0
2026-03-01 13:01:00,234.2,151.5,0.0,0.0,0.0
2026-03-01 13:02:00,224.2,146.7,0.0,0.0,0.0
2026-03-01 13:03:00,217.7,140.1,0.0,0.0,0.0
2026-03-01 13:04:00,243.5,162.4,0.0,0.0,0.0
2026-03-01 13:05:00,223.3,145.8,0.0,0.0,0.0
2026-03-01 13:06:00,224.4,143.7,0.0,0.0,0.0
2026-03-01 13:07:00,233.7,156.2,0.0,0.0,0.0
2026-03-01 13:08:00,240.8,155.8,0.0,0.0,0.0
2026-03-01 13:09:00,228.7,144.2,0.0,0.0,0.0
2026-03-01 13:10:00,220.2,142.6,0.0,0.0,0.0
2026-03-01 13:11:00,221.8,145.0,0.0,0.0,0.0
2026-03-01 13:12:00,234.0,155.6,0.0,0.0,0.0
2026-03-01 13:13:00,230.4,148.4,0.0,0.0,0.0
2026-03-01 13:14:00,226.4,146.0,0.0,0.0,0.0
2026-03-01 13:15:00,242.3,149.9,0.0,0.0,0.0
2026-03-01 13:16:00,228.9,156.0,0.0,0.0,0.0
2026-03-01 13:17:00,221.4,143.1,0.0,0.0,0.0
2026-03-01 13:18:00,226.2,148.1,0.0,0.0,0.0
2026-03-01 13:19:00,220.2,143.1,0.0,0.0,0.0
2026-03-01 13:20:00,240.8,160.9,0.0,0.0,0.0
2026-03-01 13:21:00,240.8,159.1,0.0,0.0,0.0
2026-03-01 13:22:00,226.5,154.8,0.0,0.0,0.0
2026-03-01 13:23:00,244.6,149.3,0.0,0.0,0.0
2026-03-01 13:24:00,237.8,153.3,0.0,0.0,0.0
2026-03-01 13:25:00,219.0,139.5,0.0,0.0,0.0
2026-03-01 13:26:00,238.5,151.4,0.0,0.0,0.0
2026-03-01 13:27:00,221.9,143.3,0.0,0.0,0.0
2026-03-01 13:28:00,221.0,143.4,0.0,0.0,0.0
2026-03-01 13:29:00,225.0,146.5,0.0,0.0,0.0
2026-03-01 13:30:00,221.9,148.2,0.0,0.0,0.0
2026-03-01 13:31:00,240.9,152.9,0.0,0.0,0.0
2026-03-01 13:32:00,230.3,153.5,0.0,0.0,0.0
2026-03-01 13:33:00,241.2,151.3,0.0,0.0,0.0
2026-03-01 13:34:00,220.8,145.3,0.0,0.0,0.0
2026-03-01 13:35:00,75.9,0.0,0.0,0.0,0.0
2026-03-01 13:36:00,77.3,0.0,0.0,0.0,0.0
2026-03-01 13:37:00,79.2,0.0,0.0,0.0,0.0
2026-03-01 13:38:00,78.7,0.0,0.0,0.0,0.0
2026-03-01 13:39:00,73.3,0.0,0.0,0.0,0.0
2026-03-01 13:40:00,82.8,0.0,0.0,0.0,0.0
2026-03-01 13:41:00,84.0,0.0,0.0,0.0,0.0
2026-03-01 13:42:00,88.3,0.0,0.0,0.0,0.0
2026-03-01 13:43:00,80.3,0.0,0.0,0.0,0.0
2026-03-01 13:44:00,83.2,0.0,0.0,0.0,0.0
2026-03-01 13:45:00,78.1,0.0,0.0,0.0,0.0
2026-03-01 13:46:00,83.6,0.0,0.0,0.0,0.0
2026-03-01 13:47:00,75.7,0.0,0.0,0.0,0.0
2026-03-01 13:48:00,85.9,0.0,0.0,0.0,0.0
2026-03-01 13:49:00,73.6,0.0,0.0,0.0,0.0
2026-03-01 13:50:00,75.6,0.0,0.0,0.0,0.0
2026-03-01 13:51:00,77.5,0.0,0.0,0.0,0.0
2026-03-01 13:52:00,78.0,0.0,0.0,0.0,0.0
2026-03-01 13:53:00,73.7,0.0,0.0,0.0,0.0
2026-03-01 13:54:00,78.9,0.0,0.0,0.0,0.0
2026-03-01 13:55:00,79.8,0.0,0.0,0.0,0.0
2026-03-01 13:56:00,83.1,0.0,0.0,0.0,0.0
2026-03-01 13:57:00,76.2,0.0,0.0,0.0,0.0
2026-03-01 13:58:00,77.8,0.0,0.0,0.0,0.0
2026-03-01 13:59:00,81.5,0.0,0.0,0.0,0.0
2026-03-01 14:00:00,239.2,159.8,0.0,0.0,0.0
2026-03-01 14:01:00,218.4,150.3,0.0,0.0,0.0
2026-03-01 14:02:00,230.5,151.3,0.0,0.0,0.0
2026-03-01 14:03:00,235.3,155.2,0.0,0.0,0.0
2026-03-01 14:04:00,249.2,158.4,0.0,0.0,0.0
2026-03-01 14:05:00,230.9,151.6,0.0,0.0,0.0
2026-03-01 14:06:00,224.9,151.8,0.0,0.0,0.0
2026-03-01 14:07:00,236.9,150.5,0.0,0.0,0.0
2026-03-01 14:08:00,222.0,144.0,0.0,0.0,0.0
2026-03-01 14:09:00,238.7,155.6,0.0,0.0,0.0
2026-03-01 14:10:00,231.8,148.7,0.0,0.0,0.0
2026-03-01 14:11:00,229.1,141.4,0.0,0.0,0.0
2026-03-01 14:12:00,218.9,149.3,0.0,0.0,0.0
2026-03-01 14:13:00,231.0,141.4,0.0,0.0,0.0
2026-03-01 14:14:00,221.6,145.0,0.0,0.0,0.0
2026-03-01 14:15:00,227.9,150.1,0.0,0.0,0.0
2026-03-01 14:16:00,224.8,145.4,0.0,0.0,0.0
2026-03-01 14:17:00,230.0,155.4,0.0,0.0,0.0
2026-03-01 14:18:00,234.1,142.7,0.0,0.0,0.0
2026-03-01 14:19:00,234.1,151.3,0.0,0.0,0.0
2026-03-01 14:20:00,235.4,152.8,0.0,0.0,0.0
2026-03-01 14:21:00,240.1,157.3,0.0,0.0,0.0
2026-03-01 14:22:00,245.7,154.6,0.0,0.0,0.0
2026-03-01 14:23:00,240.1,151.2,0.0,0.0,0.0
2026-03-01 14:24:00,235.2,150.4,0.0,0.0,0.0
2026-03-01 14:25:00,223.8,149.7,0.0,0.0,0.0
2026-03-01 14:26:00,238.3,155.7,0.0,0.0,0.0
2026-03-01 14:27:00,216.8,146.8,0.0,0.0,0.0
2026-03-01 14:28:00,226.1,152.7,0.0,0.0,0.0
2026-03-01 14:29:00,235.6,149.6,0.0,0.0,0.0
2026-03-01 14:30:00,220.7,151.3,0.0,0.0,0.0
2026-03-01 14:31:00,230.1,148.7,0.0,0.0,0.0
2026-03-01 14:32:00,241.6,160.7,0.0,0.0,0.0
2026-03-01 14:33:00,227.0,146.8,0.0,0.0,0.0
2026-03-01 14:34:00,227.3,151.3,0.0,0.0,0.0
2026-03-01 14:35:00,80.5,0.0,0.0,0.0,0.0
2026-03-01 14:36:00,80.9,0.0,0.0,0.0,0.0
2026-03-01 14:37:00,73.4,0.0,0.0,0.0,0.0
2026-03-01 14:38:00,78.8,0.0,0.0,0.0,0.0
2026-03-01 14:39:00,81.7,0.0,0.0,0.0,0.0
2026-03-01 14:40:00,78.5,0.0,0.0,0.0,0.0
2026-03-01 14:41:00,75.1,0.0,0.0,0.0,0.0
2026-03-01 14:42:00,85.5,0.0,0.0,0.0,0.0
2026-03-01 14:43:00,80.6,0.0,0.0,0.0,0.0
2026-03-01 14:44:00,76.3,0.0,0.0,0.0,0.0
2026-03-01 14:45:00,77.8,0.0,0.0,0.0,0.0
2026-03-01 14:46:00,84.8,0.0,0.0,0.0,0.0
2026-03-01 14:47:00,2108.0,0.0,2030.7,0.0,0.0
2026-03-01 14:48:00,2097.7,0.0,2012.6,0.0,0.0
2026-03-01 14:49:00,80.7,0.0,0.0,0.0,0.0
2026-03-01 14:50:00,73.2,0.0,0.0,0.0,0.0
2026-03-01 14:51:00,75.6,0.0,0.0,0.0,0.0
2026-03-01 14:52:00,76.1,0.0,0.0,0.0,0.0
2026-03-01 14:53:00,84.9,0.0,0.0,0.0,0.0
2026-03-01 14:54:00,79.6,0.0,0.0,0.0,0.0
2026-03-01 14:55:00,73.7,0.0,0.0,0.0,0.0
2026-03-01 14:56:00,76.4,0.0,0.0,0.0,0.0
2026-03-01 14:57:00,1997.6,0.0,1925.2,0.0,0.0
2026-03-01 14:58:00,2038.1,0.0,1962.6,0.0,0.0
2026-03-01 14:59:00,2068.6,0.0,1991.8,0.0,0.0
2026-03-01 15:00:00,2195.2,154.3,1950.4,0.0,0.0
2026-03-01 15:01:00,2219.6,151.9,1989.1,0.0,0.0
2026-03-01 15:02:00,2208.9,162.2,1967.2,0.0,0.0
2026-03-01 15:03:00,2208.3,150.5,1977.7,0.0,0.0
2026-03-01 15:04:00,2196.2,147.7,1967.7,0.0,0.0
2026-03-01 15:05:00,228.8,150.8,0.0,0.0,0.0
2026-03-01 15:06:00,215.6,143.2,0.0,0.0,0.0
2026-03-01 15:07:00,2247.1,152.4,2017.1,0.0,0.0
2026-03-01 15:08:00,2219.3,149.5,1995.6,0.0,0.0
2026-03-01 15:09:00,2158.7,151.7,1932.9,0.0,0.0
2026-03-01 15:10:00,2198.2,151.9,1966.3,0.0,0.0
2026-03-01 15:11:00,2196.7,144.8,1975.2,0.0,0.0
2026-03-01 15:12:00,2201.8,156.7,1968.1,0.0,0.0
2026-03-01 15:13:00,2229.5,145.0,2003.2,0.0,0.0
2026-03-01 15:14:00,2254.6,154.5,2027.3,0.0,0.0
2026-03-01 15:15:00,2211.5,142.1,1982.4,0.0,0.0
2026-03-01 15:16:00,2192.1,151.9,1956.7,0.0,0.0
2026-03-01 15:17:00,2185.7,146.0,1964.0,0.0,0.0
2026-03-01 15:18:00,2256.7,150.3,2017.8,0.0,0.0
2026-03-01 15:19:00,2243.2,146.8,2015.3,0.0,0.0
2026-03-01 15:20:00,2224.9,139.2,2012.5,0.0,0.0
2026-03-01 15:21:00,2257.2,144.5,2034.7,0.0,0.0
2026-03-01 15:22:00,2218.1,150.4,1986.2,0.0,0.0
2026-03-01 15:23:00,2240.7,153.2,2004.5,0.0,0.0
2026-03-01 15:24:00,2248.6,142.7,2026.6,0.0,0.0
2026-03-01 15:25:00,2209.6,139.5,1992.7,0.0,0.0
2026-03-01 15:26:00,2257.7,145.7,2034.9,0.0,0.0
2026-03-01 15:27:00,2256.9,149.0,2034.3,0.0,0.0
2026-03-01 15:28:00,2239.9,146.9,2013.5,0.0,0.0
2026-03-01 15:29:00,2291.7,146.0,2068.9,0.0,0.0
2026-03-01 15:30:00,2256.0,154.3,2013.2,0.0,0.0
2026-03-01 15:31:00,2252.1,154.9,2022.4,0.0,0.0
2026-03-01 15:32:00,2249.5,153.8,2010.2,0.0,0.0
2026-03-01 15:33:00,2256.2,145.4,2028.9,0.0,0.0
2026-03-01 15:34:00,2232.8,150.5,2003.1,0.0,0.0
2026-03-01 15:35:00,2084.9,0.0,1989.6,0.0,0.0
2026-03-01 15:36:00,2048.2,0.0,1967.0,0.0,0.0
2026-03-01 15:37:00,2116.6,0.0,2032.4,0.0,0.0
2026-03-01 15:38:00,2081.0,0.0,2006.7,0.0,0.0
2026-03-01 15:39:00,2139.7,0.0,2060.6,0.0,0.0
2026-03-01 15:40:00,2064.4,0.0,1983.9,0.0,0.0
2026-03-01 15:41:00,2090.5,0.0,2002.9,0.0,0.0
2026-03-01 15:42:00,2119.8,0.0,2033.9,0.0,0.0
2026-03-01 15:43:00,2033.8,0.0,1954.8,0.0,0.0
2026-03-01 15:44:00,2097.3,0.0,2023.8,0.0,0.0
2026-03-01 15:45:00,2053.2,0.0,1970.0,0.0,0.0
2026-03-01 15:46:00,2055.1,0.0,1980.0,0.0,0.0
2026-03-01 15:47:00,2043.7,0.0,1961.6,0.0,0.0
2026-03-01 15:48:00,2032.1,0.0,1946.0,0.0,0.0
2026-03-01 15:49:00,2105.3,0.0,2023.5,0.0,0.0
2026-03-01 15:50:00,2123.5,0.0,2039.5,0.0,0.0
2026-03-01 15:51:00,2044.4,0.0,1970.6,0.0,0.0
2026-03-01 15:52:00,2098.4,0.0,2015.3,0.0,0.0
2026-03-01 15:53:00,2054.7,0.0,1973.8,0.0,0.0
2026-03-01 15:54:00,2071.6,0.0,1998.7,0.0,0.0
2026-03-01 15:55:00,2091.4,0.0,2006.7,0.0,0.0
2026-03-01 15:56:00,2115.2,0.0,2027.4,0.0,0.0
2026-03-01 15:57:00,2085.5,0.0,2004.7,0.0,0.0
2026-03-01 15:58:00,2124.6,0.0,2045.2,0.0,0.0
2026-03-01 15:59:00,2088.0,0.0,2009.2,0.0,0.0
2026-03-01 16:00:00,2228.4,146.3,2012.7,0.0,0.0
2026-03-01 16:01:00,2220.0,156.4,1975.1,0.0,0.0
2026-03-01 16:02:00,2211.3,148.8,1981.7,0.0,0.0
2026-03-01 16:03:00,2233.2,153.0,1995.8,0.0,0.0
2026-03-01 16:04:00,2225.1,142.4,1990.2,0.0,0.0
2026-03-01 16:05:00,2248.1,150.0,2010.7,0.0,0.0
2026-03-01 16:06:00,2216.3,145.3,1983.5,0.0,0.0
2026-03-01 16:07:00,2189.8,145.2,1974.0,0.0,0.0
2026-03-01 16:08:00,2203.5,140.5,1992.9,0.0,0.0
2026-03-01 16:09:00,2259.4,160.8,2022.3,0.0,0.0
2026-03-01 16:10:00,2175.2,149.3,1941.8,0.0,0.0
2026-03-01 16:11:00,2249.5,151.2,2020.5,0.0,0.0
2026-03-01 16:12:00,231.7,155.6,0.0,0.0,0.0
2026-03-01 16:13:00,2185.4,149.4,1962.8,0.0,0.0
2026-03-01 16:14:00,2203.6,152.6,1969.0,0.0,0.0
2026-03-01 16:15:00,2262.1,143.3,2035.3,0.0,0.0
2026-03-01 16:16:00,2249.8,151.0,2025.8,0.0,0.0
2026-03-01 16:17:00,2241.8,148.0,2020.2,0.0,0.0
2026-03-01 16:18:00,2255.2,152.6,2020.4,0.0,0.0
2026-03-01 16:19:00,2221.6,151.0,1994.0,0.0,0.0
2026-03-01 16:20:00,2205.2,143.1,1971.3,0.0,0.0
2026-03-01 16:21:00,2250.5,140.8,2032.4,0.0,0.0
2026-03-01 16:22:00,2306.0,145.0,2076.2,0.0,0.0
2026-03-01 16:23:00,2246.0,153.7,2012.6,0.0,0.0
2026-03-01 16:24:00,2207.1,152.2,1969.1,0.0,0.0
2026-03-01 16:25:00,2200.6,152.1,1977.8,0.0,0.0
2026-03-01 16:26:00,2235.8,139.9,2019.0,0.0,0.0
2026-03-01 16:27:00,2209.5,136.6,2004.3,0.0,0.0
2026-03-01 16:28:00,2250.8,146.9,2013.5,0.0,0.0
2026-03-01 16:29:00,2270.2,148.4,2027.1,0.0,0.0
2026-03-01 16:30:00,2218.7,147.0,1984.2,0.0,0.0
2026-03-01 16:31:00,2234.2,151.8,2006.0,0.0,0.0
2026-03-01 16:32:00,2178.7,149.2,1949.1,0.0,0.0
2026-03-01 16:33:00,2255.0,144.1,2033.2,0.0,0.0
2026-03-01 16:34:00,2283.4,145.6,2057.0,0.0,0.0
2026-03-01 16:35:00,2070.8,0.0,1996.1,0.0,0.0
2026-03-01 16:36:00,2020.9,0.0,1951.4,0.0,0.0
2026-03-01 16:37:00,2095.9,0.0,2019.0,0.0,0.0
2026-03-01 16:38:00,2130.7,0.0,2050.1,0.0,0.0
2026-03-01 16:39:00,2112.2,0.0,2035.3,0.0,0.0
2026-03-01 16:40:00,2002.7,0.0,1928.6,0.0,0.0
2026-03-01 16:41:00,2086.5,0.0,2008.9,0.0,0.0
2026-03-01 16:42:00,2047.2,0.0,1959.3,0.0,0.0
2026-03-01 16:43:00,2065.0,0.0,1991.4,0.0,0.0
2026-03-01 16:44:00,2112.6,0.0,2030.3,0.0,0.0
2026-03-01 16:45:00,2124.3,0.0,2046.4,0.0,0.0
2026-03-01 16:46:00,2057.1,0.0,1971.5,0.0,0.0
2026-03-01 16:47:00,2028.0,0.0,1937.7,0.0,0.0
2026-03-01 16:48:00,2066.3,0.0,1991.8,0.0,0.0
2026-03-01 16:49:00,2099.3,0.0,2011.8,0.0,0.0
2026-03-01 16:50:00,2089.7,0.0,2002.9,0.0,0.0
2026-03-01 16:51:00,2051.5,0.0,1969.7,0.0,0.0
2026-03-01 16:52:00,2117.1,0.0,2026.3,0.0,0.0
2026-03-01 16:53:00,2095.6,0.0,2020.7,0.0,0.0
2026-03-01 16:54:00,2064.4,0.0,1983.2,0.0,0.0
2026-03-01 16:55:00,2088.8,0.0,2007.2,0.0,0.0
2026-03-01 16:56:00,2102.5,0.0,2033.0,0.0,0.0
2026-03-01 16:57:00,2079.9,0.0,2004.3,0.0,0.0
2026-03-01 16:58:00,2059.7,0.0,1983.5,0.0,0.0
2026-03-01 16:59:00,2091.5,0.0,2007.8,0.0,0.0
2026-03-01 17:00:00,2239.6,153.8,2007.6,0.0,0.0
2026-03-01 17:01:00,2303.4,149.3,2085.1,0.0,0.0
2026-03-01 17:02:00,2298.0,162.0,2047.6,0.0,0.0
2026-03-01 17:03:00,2257.7,144.9,2031.5,0.0,0.0
2026-03-01 17:04:00,2236.7,143.2,2009.0,0.0,0.0
2026-03-01 17:05:00,2227.3,151.4,1991.6,0.0,0.0
2026-03-01 17:06:00,2243.1,157.1,2013.8,0.0,0.0
2026-03-01 17:07:00,2217.9,149.7,1988.9,0.0,0.0
2026-03-01 17:08:00,2235.3,155.2,2008.7,0.0,0.0
2026-03-01 17:09:00,2289.5,147.3,2063.4,0.0,0.0
2026-03-01 17:10:00,2240.7,144.1,2025.9,0.0,0.0
2026-03-01 17:11:00,2195.4,157.0,1964.8,0.0,0.0
2026-03-01 17:12:00,2188.1,157.8,1956.1,0.0,0.0
2026-03-01 17:13:00,2229.3,157.7,1989.2,0.0,0.0
2026-03-01 17:14:00,2202.2,147.8,1983.5,0.0,0.0
2026-03-01 17:15:00,2242.4,144.2,2019.6,0.0,0.0
2026-03-01 17:16:00,2230.6,144.2,1996.9,0.0,0.0
2026-03-01 17:17:00,2229.0,148.9,1996.1,0.0,0.0
2026-03-01 17:18:00,2265.0,152.9,2034.2,0.0,0.0
2026-03-01 17:19:00,2254.6,152.5,2015.0,0.0,0.0
2026-03-01 17:20:00,2232.3,142.8,2010.5,0.0,0.0
2026-03-01 17:21:00,2191.5,151.0,1955.2,0.0,0.0
2026-03-01 17:22:00,2254.8,150.1,2030.9,0.0,0.0
2026-03-01 17:23:00,2153.7,150.5,1930.4,0.0,0.0
2026-03-01 17:24:00,2265.1,149.9,2034.1,0.0,0.0
2026-03-01 17:25:00,2283.0,149.0,2046.0,0.0,0.0
2026-03-01 17:26:00,2222.5,153.0,1993.3,0.0,0.0
2026-03-01 17:27:00,2233.8,150.6,1998.7,0.0,0.0
2026-03-01 17:28:00,2206.8,151.1,1975.7,0.0,0.0
2026-03-01 17:29:00,2227.5,146.5,1992.2,0.0,0.0
2026-03-01 17:30:00,2209.0,152.0,1973.5,0.0,0.0
2026-03-01 17:31:00,2216.4,149.4,1987.8,0.0,0.0
2026-03-01 17:32:00,2248.5,139.4,2031.2,0.0,0.0
2026-03-01 17:33:00,2197.2,152.4,1966.8,0.0,0.0
2026-03-01 17:34:00,2219.3,148.7,1994.9,0.0,0.0
2026-03-01 17:35:00,2036.6,0.0,1951.8,0.0,0.0
2026-03-01 17:36:00,2090.1,0.0,2005.2,0.0,0.0
2026-03-01 17:37:00,2021.1,0.0,1947.9,0.0,0.0
2026-03-01 17:38:00,2077.2,0.0,1993.1,0.0,0.0
2026-03-01 17:39:00,2064.4,0.0,1988.7,0.0,0.0
2026-03-01 17:40:00,2050.1,0.0,1969.8,0.0,0.0
2026-03-01 17:41:00,2036.8,0.0,1970.1,0.0,0.0
2026-03-01 17:42:00,2128.9,0.0,2051.0,0.0,0.0
2026-03-01 17:43:00,2016.9,0.0,1941.7,0.0,0.0
2026-03-01 17:44:00,2115.2,0.0,2029.0,0.0,0.0
2026-03-01 17:45:00,2087.5,0.0,2005.9,0.0,0.0
2026-03-01 17:46:00,2049.1,0.0,1972.0,0.0,0.0
2026-03-01 17:47:00,2105.2,0.0,2035.8,0.0,0.0
2026-03-01 17:48:00,2107.6,0.0,2023.5,0.0,0.0
2026-03-01 17:49:00,2081.0,0.0,1993.6,0.0,0.0
2026-03-01 17:50:00,2047.5,0.0,1971.6,0.0,0.0
2026-03-01 17:51:00,2111.9,0.0,2029.5,0.0,0.0
2026-03-01 17:52:00,2065.9,0.0,1982.6,0.0,0.0
2026-03-01 17:53:00,2114.1,0.0,2026.3,0.0,0.0
2026-03-01 17:54:00,2044.8,0.0,1970.5,0.0,0.0
2026-03-01 17:55:00,2033.6,0.0,1955.0,0.0,0.0
2026-03-01 17:56:00,2048.5,0.0,1971.5,0.0,0.0
2026-03-01 17:57:00,2122.7,0.0,2037.5,0.0,0.0
2026-03-01 17:58:00,2068.9,0.0,1987.2,0.0,0.0
2026-03-01 17:59:00,2102.0,0.0,2019.6,0.0,0.0
2026-03-01 18:00:00,2197.0,153.6,1968.4,0.0,0.0
2026-03-01 18:01:00,2296.8,152.7,1951.0,0.0,118.2
2026-03-01 18:02:00,2194.9,159.8,1949.4,0.0,0.0
2026-03-01 18:03:00,2287.2,155.1,2055.0,0.0,0.0
2026-03-01 18:04:00,2188.3,151.1,1962.9,0.0,0.0
2026-03-01 18:05:00,2322.6,148.4,1978.2,0.0,116.7
2026-03-01 18:06:00,2300.6,151.1,2066.5,0.0,0.0
2026-03-01 18:07:00,2187.6,149.1,1953.4,0.0,0.0
2026-03-01 18:08:00,2331.4,143.2,2003.4,0.0,114.1
2026-03-01 18:09:00,2367.0,150.0,2022.8,0.0,114.6
2026-03-01 18:10:00,2287.6,149.1,1937.3,0.0,131.4
2026-03-01 18:11:00,2348.6,148.8,2009.9,0.0,113.2
2026-03-01 18:12:00,2315.2,147.9,1970.5,0.0,116.6
2026-03-01 18:13:00,2267.1,158.5,2028.6,0.0,0.0
2026-03-01 18:14:00,2223.4,153.5,1992.3,0.0,0.0
2026-03-01 18:15:00,2376.9,154.7,2017.8,0.0,113.5
2026-03-01 18:16:00,2330.5,147.0,1990.3,0.0,113.7
2026-03-01 18:17:00,2359.2,144.9,2010.8,0.0,118.2
2026-03-01 18:18:00,2327.9,148.6,1973.8,0.0,126.8
2026-03-01 18:19:00,2233.1,151.2,1994.5,0.0,0.0
2026-03-01 18:20:00,2347.3,148.3,2001.2,0.0,119.3
2026-03-01 18:21:00,2325.8,149.1,1983.0,0.0,119.5
2026-03-01 18:22:00,2334.5,154.8,1982.1,0.0,113.5
2026-03-01 18:23:00,2218.0,151.5,1981.8,0.0,0.0
2026-03-01 18:24:00,2241.6,145.1,2011.6,0.0,0.0
2026-03-01 18:25:00,2213.1,147.9,1986.0,0.0,0.0
2026-03-01 18:26:00,2248.0,146.7,2026.0,0.0,0.0
2026-03-01 18:27:00,2390.9,150.9,2032.3,0.0,121.7
2026-03-01 18:28:00,2344.8,144.2,1998.5,0.0,119.8
2026-03-01 18:29:00,2211.7,149.1,1987.4,0.0,0.0
2026-03-01 18:30:00,2256.7,153.5,2022.2,0.0,0.0
2026-03-01 18:31:00,2209.0,150.1,1982.9,0.0,0.0
2026-03-01 18:32:00,2190.4,145.4,1972.3,0.0,0.0
2026-03-01 18:33:00,2323.6,146.9,1972.8,0.0,119.1
2026-03-01 18:34:00,2204.6,150.6,1976.6,0.0,0.0
2026-03-01 18:35:00,2111.2,0.0,2013.7,0.0,0.0
2026-03-01 18:36:00,2255.2,0.0,2044.5,0.0,119.3
2026-03-01 18:37:00,2115.0,0.0,2045.3,0.0,0.0
2026-03-01 18:38:00,2192.1,0.0,1998.3,0.0,116.7
2026-03-01 18:39:00,2219.6,0.0,2025.4,0.0,114.3
2026-03-01 18:40:00,2036.0,0.0,1947.3,0.0,0.0
2026-03-01 18:41:00,2040.2,0.0,1966.5,0.0,0.0
2026-03-01 18:42:00,2036.5,0.0,1958.5,0.0,0.0
2026-03-01 18:43:00,2121.3,0.0,2041.5,0.0,0.0
2026-03-01 18:44:00,2197.5,0.0,2011.0,0.0,116.2
2026-03-01 18:45:00,2036.5,0.0,1960.2,0.0,0.0
2026-03-01 18:46:00,2241.8,0.0,2050.9,0.0,113.7
2026-03-01 18:47:00,2181.8,0.0,1995.0,0.0,113.8
2026-03-01 18:48:00,2021.0,0.0,1932.7,0.0,0.0
2026-03-01 18:49:00,2262.7,0.0,2054.6,0.0,123.6
2026-03-01 18:50:00,2057.6,0.0,1968.8,0.0,0.0
2026-03-01 18:51:00,2079.0,0.0,2010.9,0.0,0.0
2026-03-01 18:52:00,2214.2,0.0,2015.5,0.0,118.3
2026-03-01 18:53:00,2098.6,0.0,2019.9,0.0,0.0
2026-03-01 18:54:00,2023.2,0.0,1949.1,0.0,0.0
2026-03-01 18:55:00,2085.0,0.0,2002.2,0.0,0.0
2026-03-01 18:56:00,2130.5,0.0,1939.4,0.0,114.2
2026-03-01 18:57:00,2072.7,0.0,1992.2,0.0,0.0
2026-03-01 18:58:00,2125.0,0.0,2045.1,0.0,0.0
2026-03-01 18:59:00,2008.2,0.0,1933.2,0.0,0.0
2026-03-01 19:00:00,2343.7,147.4,1998.3,0.0,115.0
2026-03-01 19:01:00,2351.7,152.9,1991.1,0.0,123.5
2026-03-01 19:02:00,2384.8,152.1,2022.0,0.0,123.7
2026-03-01 19:03:00,2299.7,147.7,1950.6,0.0,126.0
2026-03-01 19:04:00,2364.0,149.4,2017.1,0.0,120.2
2026-03-01 19:05:00,2294.1,148.7,2061.0,0.0,0.0
2026-03-01 19:06:00,2233.1,151.2,1990.8,0.0,0.0
2026-03-01 19:07:00,2236.7,147.9,2000.5,0.0,0.0
2026-03-01 19:08:00,2272.5,152.7,2036.6,0.0,0.0
2026-03-01 19:09:00,2221.0,140.4,2006.8,0.0,0.0
2026-03-01 19:10:00,2320.0,148.6,1980.4,0.0,125.2
2026-03-01 19:11:00,2197.7,141.6,1976.4,0.0,0.0
2026-03-01 19:12:00,2365.9,147.6,2010.2,0.0,129.8
2026-03-01 19:13:00,2212.4,152.6,1972.2,0.0,0.0
2026-03-01 19:14:00,2346.6,150.1,1982.3,0.0,125.6
2026-03-01 19:15:00,2326.6,149.4,1972.6,0.0,122.1
2026-03-01 19:16:00,2366.6,150.3,2027.4,0.0,121.2
2026-03-01 19:17:00,2363.7,157.8,1998.6,0.0,121.6
2026-03-01 19:18:00,2353.3,144.5,1996.0,0.0,126.0
2026-03-01 19:19:00,2388.3,154.4,2034.2,0.0,121.7
2026-03-01 19:20:00,2290.4,142.4,1950.5,0.0,125.5
2026-03-01 19:21:00,2234.9,147.7,2001.7,0.0,0.0
2026-03-01 19:22:00,2381.9,150.8,2030.4,0.0,115.1
2026-03-01 19:23:00,2194.4,145.7,1975.8,0.0,0.0
2026-03-01 19:24:00,2380.0,151.0,2024.9,0.0,117.4
2026-03-01 19:25:00,2396.6,153.6,2044.3,0.0,118.3
2026-03-01 19:26:00,2313.4,144.0,2083.2,0.0,0.0
2026-03-01 19:27:00,2374.6,149.6,2023.7,0.0,123.2
2026-03-01 19:28:00,2356.6,148.1,2006.3,0.0,120.1
2026-03-01 19:29:00,2315.3,140.3,1979.0,0.0,118.6
2026-03-01 19:30:00,2345.8,149.1,1999.2,0.0,115.4
2026-03-01 19:31:00,2237.2,146.0,2011.4,0.0,0.0
2026-03-01 19:32:00,2291.5,156.7,1951.2,0.0,111.0
2026-03-01 19:33:00,2328.5,145.6,1969.2,0.0,124.3
2026-03-01 19:34:00,2340.2,158.5,1977.3,0.0,121.9
2026-03-01 19:35:00,2168.9,0.0,1960.0,0.0,122.4
2026-03-01 19:36:00,2072.9,0.0,1996.5,0.0,0.0
2026-03-01 19:37:00,2119.6,0.0,2027.4,0.0,0.0
2026-03-01 19:38:00,2051.7,0.0,1971.6,0.0,0.0
2026-03-01 19:39:00,2200.4,0.0,2002.7,0.0,115.8
2026-03-01 19:40:00,2250.2,0.0,2058.3,0.0,104.1
2026-03-01 19:41:00,2162.9,0.0,1965.8,0.0,120.2
2026-03-01 19:42:00,2174.8,0.0,1965.7,0.0,126.1
2026-03-01 19:43:00,2127.9,0.0,2049.7,0.0,0.0
2026-03-01 19:44:00,2242.8,0.0,2047.1,0.0,119.7
2026-03-01 19:45:00,2072.9,0.0,1992.6,0.0,0.0
2026-03-01 19:46:00,2142.9,0.0,2063.9,0.0,0.0
2026-03-01 19:47:00,2152.8,0.0,1963.6,0.0,117.6
2026-03-01 19:48:00,2214.0,0.0,2003.4,0.0,122.3
2026-03-01 19:49:00,2083.1,0.0,2003.2,0.0,0.0
2026-03-01 19:50:00,2059.3,0.0,1976.6,0.0,0.0
2026-03-01 19:51:00,2082.4,0.0,1998.9,0.0,0.0
2026-03-01 19:52:00,2070.2,0.0,1976.5,0.0,0.0
2026-03-01 19:53:00,2267.5,0.0,2062.4,0.0,119.0
2026-03-01 19:54:00,2088.8,0.0,2006.8,0.0,0.0
2026-03-01 19:55:00,2092.3,0.0,2009.4,0.0,0.0
2026-03-01 19:56:00,2223.8,0.0,2030.1,0.0,121.2
2026-03-01 19:57:00,2166.4,0.0,1964.4,0.0,117.3
2026-03-01 19:58:00,2124.9,0.0,2040.6,0.0,0.0
2026-03-01 19:59:00,2035.6,0.0,1950.4,0.0,0.0
2026-03-01 20:00:00,2269.4,144.8,2044.6,0.0,0.0
2026-03-01 20:01:00,2361.9,144.2,2011.1,0.0,121.8
2026-03-01 20:02:00,2238.9,148.8,2007.2,0.0,0.0
2026-03-01 20:03:00,2286.7,144.6,2059.3,0.0,0.0
2026-03-01 20:04:00,2384.8,162.3,2017.9,0.0,123.2
2026-03-01 20:05:00,2399.2,147.9,2044.0,0.0,127.3
2026-03-01 20:06:00,2427.3,146.7,2075.0,0.0,124.2
2026-03-01 20:07:00,2352.2,147.2,2010.6,0.0,113.6
2026-03-01 20:08:00,2272.1,144.6,1935.9,0.0,121.7
2026-03-01 20:09:00,2381.0,137.7,2036.4,0.0,126.6
2026-03-01 20:10:00,2352.4,148.7,2017.6,0.0,117.8
2026-03-01 20:11:00,2381.3,151.5,2032.4,0.0,124.1
2026-03-01 20:12:00,2337.2,142.4,1993.4,0.0,122.2
2026-03-01 20:13:00,2214.9,150.0,1996.5,0.0,0.0
2026-03-01 20:14:00,2213.6,143.9,1988.9,0.0,0.0
2026-03-01 20:15:00,2209.3,149.8,1969.5,0.0,0.0
2026-03-01 20:16:00,2343.2,151.8,1977.8,0.0,124.7
2026-03-01 20:17:00,2178.3,152.4,1951.8,0.0,0.0
2026-03-01 20:18:00,2364.8,152.1,2014.8,0.0,123.9
2026-03-01 20:19:00,2381.7,146.4,2030.7,0.0,119.7
2026-03-01 20:20:00,2207.3,154.4,1975.0,0.0,0.0
2026-03-01 20:21:00,2214.9,147.7,1991.9,0.0,0.0
2026-03-01 20:22:00,2215.2,151.7,1983.7,0.0,0.0
2026-03-01 20:23:00,2372.2,153.5,2014.1,0.0,124.6
2026-03-01 20:24:00,2358.5,148.4,2011.2,0.0,114.2
2026-03-01 20:25:00,2347.9,143.5,2015.4,0.0,123.0
2026-03-01 20:26:00,2245.6,153.0,2010.0,0.0,0.0
2026-03-01 20:27:00,2319.7,144.4,1965.2,0.0,124.5
2026-03-01 20:28:00,2337.5,145.5,1995.7,0.0,111.5
2026-03-01 20:29:00,2214.3,144.4,1995.1,0.0,0.0
2026-03-01 20:30:00,2383.5,154.2,2029.2,0.0,125.5
2026-03-01 20:31:00,2317.4,149.1,1969.2,0.0,122.1
2026-03-01 20:32:00,2175.4,138.7,1957.6,0.0,0.0
2026-03-01 20:33:00,2301.1,153.6,1947.7,0.0,119.0
2026-03-01 20:34:00,2324.3,160.3,1976.7,0.0,111.5
2026-03-01 20:35:00,2202.9,0.0,1993.6,0.0,119.7
2026-03-01 20:36:00,2245.6,0.0,2023.7,0.0,128.5
2026-03-01 20:37:00,2162.9,0.0,1966.4,0.0,126.6
2026-03-01 20:38:00,2061.6,0.0,1975.6,0.0,0.0
2026-03-01 20:39:00,2053.1,0.0,1976.3,0.0,0.0
2026-03-01 20:40:00,2062.6,0.0,1984.9,0.0,0.0
2026-03-01 20:41:00,2115.6,0.0,2032.7,0.0,0.0
2026-03-01 20:42:00,2194.6,0.0,1990.0,0.0,120.8
2026-03-01 20:43:00,2178.0,0.0,1977.9,0.0,112.5
2026-03-01 20:44:00,2233.3,0.0,2027.9,0.0,122.3
2026-03-01 20:45:00,2230.7,0.0,2033.6,0.0,111.5
2026-03-01 20:46:00,2175.4,0.0,1988.7,0.0,111.3
2026-03-01 20:47:00,2176.9,0.0,1980.1,0.0,118.1
2026-03-01 20:48:00,2187.4,0.0,1989.1,0.0,115.5
2026-03-01 20:49:00,2220.9,0.0,2016.2,0.0,128.3
2026-03-01 20:50:00,2218.6,0.0,2027.0,0.0,120.6
2026-03-01 20:51:00,2218.0,0.0,2030.5,0.0,118.9
2026-03-01 20:52:00,2043.8,0.0,1965.4,0.0,0.0
2026-03-01 20:53:00,2124.4,0.0,2039.7,0.0,0.0
2026-03-01 20:54:00,2095.8,0.0,2004.1,0.0,0.0
2026-03-01 20:55:00,2225.6,0.0,2034.5,0.0,118.9
2026-03-01 20:56:00,2088.5,0.0,2010.4,0.0,0.0
2026-03-01 20:57:00,2202.4,0.0,1999.5,0.0,120.6
2026-03-01 20:58:00,2219.3,0.0,2023.2,0.0,115.2
2026-03-01 20:59:00,2093.6,0.0,2021.6,0.0,0.0
2026-03-01 21:00:00,2347.1,151.6,1994.8,0.0,116.8
2026-03-01 21:01:00,2340.2,153.5,1993.1,0.0,114.3
2026-03-01 21:02:00,2249.4,146.1,2013.3,0.0,0.0
2026-03-01 21:03:00,2331.1,152.9,1971.4,0.0,123.1
2026-03-01 21:04:00,2191.7,145.8,1974.6,0.0,0.0
2026-03-01 21:05:00,2306.0,149.2,1962.8,0.0,114.3
2026-03-01 21:06:00,2344.8,149.3,2002.2,0.0,113.6
2026-03-01 21:07:00,2334.4,147.6,1991.2,0.0,117.5
2026-03-01 21:08:00,2309.3,139.4,1966.7,0.0,123.2
2026-03-01 21:09:00,2335.5,145.8,1990.4,0.0,125.0
2026-03-01 21:10:00,2321.6,151.6,1982.2,0.0,115.6
2026-03-01 21:11:00,2213.6,149.6,1989.4,0.0,0.0
2026-03-01 21:12:00,2252.6,148.0,2023.0,0.0,0.0
2026-03-01 21:13:00,2266.7,152.1,2035.3,0.0,0.0
2026-03-01 21:14:00,2404.1,153.4,2049.2,0.0,126.3
2026-03-01 21:15:00,2249.5,154.2,2012.4,0.0,0.0
2026-03-01 21:16:00,2311.0,145.9,1967.6,0.0,115.2
2026-03-01 21:17:00,2323.4,150.0,1971.4,0.0,129.3
2026-03-01 21:18:00,2328.3,148.3,1976.4,0.0,123.8
2026-03-01 21:19:00,2212.7,145.5,1990.0,0.0,0.0
2026-03-01 21:20:00,2336.1,142.4,1992.5,0.0,121.2
2026-03-01 21:21:00,2219.1,149.4,1986.6,0.0,0.0
2026-03-01 21:22:00,2313.2,145.6,1967.2,0.0,120.1
2026-03-01 21:23:00,2357.5,160.7,2007.9,0.0,119.4
2026-03-01 21:24:00,2324.8,149.4,1971.7,0.0,124.1
2026-03-01 21:25:00,2337.0,148.8,2003.3,0.0,115.3
2026-03-01 21:26:00,2331.4,147.9,1978.3,0.0,119.4
2026-03-01 21:27:00,2267.1,159.3,2025.1,0.0,0.0
2026-03-01 21:28:00,2189.8,145.2,1975.2,0.0,0.0
2026-03-01 21:29:00,2371.3,149.1,2030.7,0.0,114.2
2026-03-01 21:30:00,2350.9,146.1,1994.8,0.0,124.2
2026-03-01 21:31:00,2251.6,149.3,2022.8,0.0,0.0
2026-03-01 21:32:00,2359.9,149.7,2004.6,0.0,123.5
2026-03-01 21:33:00,2208.4,155.4,1970.6,0.0,0.0
2026-03-01 21:34:00,2234.8,142.8,2015.3,0.0,0.0
2026-03-01 21:35:00,2058.4,0.0,1979.3,0.0,0.0
2026-03-01 21:36:00,2207.6,0.0,2020.6,0.0,111.6
2026-03-01 21:37:00,2214.3,0.0,2020.9,0.0,113.4
2026-03-01 21:38:00,2140.8,0.0,1947.3,0.0,114.1
2026-03-01 21:39:00,2074.1,0.0,2005.0,0.0,0.0
2026-03-01 21:40:00,2206.6,0.0,2007.5,0.0,121.2
2026-03-01 21:41:00,2220.0,0.0,2022.5,0.0,115.7
2026-03-01 21:42:00,2185.8,0.0,1989.3,0.0,124.6
2026-03-01 21:43:00,2176.3,0.0,1975.4,0.0,120.8
2026-03-01 21:44:00,2207.3,0.0,2001.6,0.0,125.3
2026-03-01 21:45:00,2168.9,0.0,1973.8,0.0,121.5
2026-03-01 21:46:00,2192.5,0.0,1993.2,0.0,121.8
2026-03-01 21:47:00,2052.4,0.0,1976.4,0.0,0.0
2026-03-01 21:48:00,2236.3,0.0,2028.8,0.0,120.4
2026-03-01 21:49:00,2098.4,0.0,2013.5,0.0,0.0
2026-03-01 21:50:00,2057.5,0.0,1971.0,0.0,0.0
2026-03-01 21:51:00,2049.7,0.0,1958.8,0.0,0.0
2026-03-01 21:52:00,2222.0,0.0,2025.5,0.0,115.7
2026-03-01 21:53:00,2075.7,0.0,1986.0,0.0,0.0
2026-03-01 21:54:00,2227.7,0.0,2033.3,0.0,112.4
2026-03-01 21:55:00,2204.8,0.0,2010.6,0.0,118.1
2026-03-01 21:56:00,2096.4,0.0,2027.0,0.0,0.0
2026-03-01 21:57:00,2149.2,0.0,1936.4,0.0,129.1
2026-03-01 21:58:00,2067.2,0.0,1984.5,0.0,0.0
2026-03-01 21:59:00,2074.3,0.0,1995.3,0.0,0.0
2026-03-01 22:00:00,2172.1,149.3,1949.9,0.0,0.0
2026-03-01 22:01:00,2391.5,150.7,2038.6,0.0,123.3
2026-03-01 22:02:00,2317.0,144.5,1979.5,0.0,120.5
2026-03-01 22:03:00,2353.7,153.5,1991.3,0.0,115.0
2026-03-01 22:04:00,2198.1,150.4,1973.7,0.0,0.0
2026-03-01 22:05:00,2200.8,152.2,1971.2,0.0,0.0
2026-03-01 22:06:00,2300.2,146.1,1960.6,0.0,120.8
2026-03-01 22:07:00,2237.1,141.1,2022.1,0.0,0.0
2026-03-01 22:08:00,2345.9,153.8,1993.9,0.0,120.1
2026-03-01 22:09:00,2344.5,153.0,1988.4,0.0,126.2
2026-03-01 22:10:00,2402.9,149.4,2055.0,0.0,119.3
2026-03-01 22:11:00,2366.3,147.8,2013.7,0.0,117.4
2026-03-01 22:12:00,2182.1,148.5,1942.8,0.0,0.0
2026-03-01 22:13:00,2230.1,149.2,1989.2,0.0,0.0
2026-03-01 22:14:00,2198.2,147.4,1983.2,0.0,0.0
2026-03-01 22:15:00,2357.2,139.9,2015.2,0.0,124.6
2026-03-01 22:16:00,2383.2,153.8,2036.6,0.0,112.8
2026-03-01 22:17:00,2332.8,142.4,1978.5,0.0,128.2
2026-03-01 22:18:00,2391.7,148.3,2053.3,0.0,110.5
2026-03-01 22:19:00,2227.8,148.4,1997.1,0.0,0.0
2026-03-01 22:20:00,2342.2,151.2,1988.7,0.0,119.2
2026-03-01 22:21:00,2466.0,141.8,2129.2,0.0,120.6
2026-03-01 22:22:00,2355.6,156.0,2016.9,0.0,108.2
2026-03-01 22:23:00,2243.3,153.2,2002.4,0.0,0.0
2026-03-01 22:24:00,2340.4,153.8,1985.4,0.0,122.9
2026-03-01 22:25:00,2264.3,156.3,2031.0,0.0,0.0
2026-03-01 22:26:00,2210.1,145.9,1973.7,0.0,0.0
2026-03-01 22:27:00,2351.4,134.3,2014.3,0.0,125.3
2026-03-01 22:28:00,2358.9,151.6,1999.7,0.0,117.8
2026-03-01 22:29:00,2346.5,156.5,1987.7,0.0,124.7
2026-03-01 22:30:00,2242.0,155.8,2003.4,0.0,0.0
2026-03-01 22:31:00,2388.0,147.3,2029.7,0.0,119.2
2026-03-01 22:32:00,2348.0,149.5,1994.0,0.0,122.0
2026-03-01 22:33:00,2365.0,151.4,2025.7,0.0,114.1
2026-03-01 22:34:00,2345.4,140.9,1988.3,0.0,138.1
2026-03-01 22:35:00,2064.0,0.0,1979.3,0.0,0.0
2026-03-01 22:36:00,2168.0,0.0,1969.3,0.0,119.7
2026-03-01 22:37:00,2020.2,0.0,1944.1,0.0,0.0
2026-03-01 22:38:00,2129.8,0.0,2043.9,0.0,0.0
2026-03-01 22:39:00,2201.9,0.0,2000.0,0.0,120.8
2026-03-01 22:40:00,2283.7,0.0,2085.9,0.0,115.3
2026-03-01 22:41:00,2167.2,0.0,1954.5,0.0,127.0
2026-03-01 22:42:00,2186.2,0.0,1999.4,0.0,116.7
2026-03-01 22:43:00,2221.7,0.0,2014.4,0.0,124.7
2026-03-01 22:44:00,2057.9,0.0,1970.7,0.0,0.0
2026-03-01 22:45:00,2216.4,0.0,2009.3,0.0,119.6
2026-03-01 22:46:00,2057.4,0.0,1985.5,0.0,0.0
2026-03-01 22:47:00,2248.9,0.0,2048.0,0.0,122.7
2026-03-01 22:48:00,2049.1,0.0,1970.9,0.0,0.0
2026-03-01 22:49:00,2071.0,0.0,1982.0,0.0,0.0
2026-03-01 22:50:00,2058.6,0.0,1975.4,0.0,0.0
2026-03-01 22:51:00,2179.4,0.0,1973.3,0.0,124.2
2026-03-01 22:52:00,2087.7,0.0,2010.4,0.0,0.0
2026-03-01 22:53:00,2247.8,0.0,2051.1,0.0,126.3
2026-03-01 22:54:00,2082.8,0.0,1999.6,0.0,0.0
2026-03-01 22:55:00,2191.3,0.0,1997.5,0.0,115.5
2026-03-01 22:56:00,2195.8,0.0,1995.3,0.0,127.0
2026-03-01 22:57:00,2171.6,0.0,1962.0,0.0,125.8
2026-03-01 22:58:00,2167.5,0.0,1951.0,0.0,125.4
2026-03-01 22:59:00,2261.8,0.0,2068.9,0.0,118.9
2026-03-01 23:00:00,2229.5,142.0,2002.6,0.0,0.0
2026-03-01 23:01:00,2257.4,156.1,2007.7,0.0,0.0
2026-03-01 23:02:00,2279.2,151.6,2057.4,0.0,0.0
2026-03-01 23:03:00,2225.0,149.4,1990.3,0.0,0.0
2026-03-01 23:04:00,2208.1,144.6,1982.3,0.0,0.0
2026-03-01 23:05:00,2226.7,142.1,1993.4,0.0,0.0
2026-03-01 23:06:00,2287.8,144.4,2061.5,0.0,0.0
2026-03-01 23:07:00,2290.4,149.9,2055.0,0.0,0.0
2026-03-01 23:08:00,2180.4,144.1,1963.0,0.0,0.0
2026-03-01 23:09:00,2220.1,145.9,1986.6,0.0,0.0
2026-03-01 23:10:00,2212.1,146.9,1989.3,0.0,0.0
2026-03-01 23:11:00,2233.0,153.3,2006.1,0.0,0.0
2026-03-01 23:12:00,2230.0,148.5,2007.6,0.0,0.0
2026-03-01 23:13:00,2229.4,149.3,2001.5,0.0,0.0
2026-03-01 23:14:00,2254.6,156.6,2010.0,0.0,0.0
2026-03-01 23:15:00,2204.2,148.4,1986.8,0.0,0.0
2026-03-01 23:16:00,2264.9,153.0,2032.0,0.0,0.0
2026-03-01 23:17:00,2207.8,144.7,1984.2,0.0,0.0
2026-03-01 23:18:00,2161.8,151.6,1934.9,0.0,0.0
2026-03-01 23:19:00,2285.4,150.6,2058.7,0.0,0.0
2026-03-01 23:20:00,2260.6,150.9,2029.9,0.0,0.0
2026-03-01 23:21:00,2199.1,147.7,1979.0,0.0,0.0
2026-03-01 23:22:00,2233.9,144.8,2008.2,0.0,0.0
2026-03-01 23:23:00,2308.6,148.5,2078.9,0.0,0.0
2026-03-01 23:24:00,2253.9,147.7,2029.6,0.0,0.0
2026-03-01 23:25:00,2297.4,155.2,2057.9,0.0,0.0
2026-03-01 23:26:00,2321.0,154.5,2085.0,0.0,0.0
2026-03-01 23:27:00,2238.9,144.0,2028.4,0.0,0.0
2026-03-01 23:28:00,2249.7,153.1,2017.5,0.0,0.0
2026-03-01 23:29:00,2242.3,147.6,2014.8,0.0,0.0
2026-03-01 23:30:00,2220.1,152.3,1988.6,0.0,0.0
2026-03-01 23:31:00,2235.5,147.6,2008.1,0.0,0.0
2026-03-01 23:32:00,2232.5,142.6,2009.9,0.0,0.0
2026-03-01 23:33:00,2211.6,155.1,1985.3,0.0,0.0
2026-03-01 23:34:00,2234.3,152.3,1993.1,0.0,0.0
2026-03-01 23:35:00,2072.5,0.0,1990.5,0.0,0.0
2026-03-01 23:36:00,2094.0,0.0,2016.1,0.0,0.0
2026-03-01 23:37:00,2055.7,0.0,1976.5,0.0,0.0
2026-03-01 23:38:00,2076.0,0.0,1991.0,0.0,0.0
2026-03-01 23:39:00,2102.3,0.0,2024.2,0.0,0.0
2026-03-01 23:40:00,2054.2,0.0,1977.8,0.0,0.0
2026-03-01 23:41:00,2119.2,0.0,2038.9,0.0,0.0
2026-03-01 23:42:00,2075.8,0.0,1988.6,0.0,0.0
2026-03-01 23:43:00,2049.1,0.0,1963.8,0.0,0.0
2026-03-01 23:44:00,2119.0,0.0,2035.4,0.0,0.0
2026-03-01 23:45:00,2072.9,0.0,1996.1,0.0,0.0
2026-03-01 23:46:00,2101.4,0.0,2020.7,0.0,0.0
2026-03-01 23:47:00,2062.2,0.0,1985.2,0.0,0.0
2026-03-01 23:48:00,2099.2,0.0,2024.6,0.0,0.0
2026-03-01 23:49:00,2089.9,0.0,2010.8,0.0,0.0
2026-03-01 23:50:00,2098.5,0.0,2014.4,0.0,0.0
2026-03-01 23:51:00,2097.0,0.0,2019.4,0.0,0.0
2026-03-01 23:52:00,2048.8,0.0,1968.7,0.0,0.0
2026-03-01 23:53:00,2081.8,0.0,1996.2,0.0,0.0
2026-03-01 23:54:00,2056.2,0.0,1969.6,0.0,0.0
2026-03-01 23:55:00,2099.7,0.0,2018.5,0.0,0.0
2026-03-01 23:56:00,2083.8,0.0,2001.7,0.0,0.0
2026-03-01 23:57:00,2086.5,0.0,2008.7,0.0,0.0
2026-03-01 23:58:00,2107.6,0.0,2029.4,0.0,0.0
2026-03-01 23:59:00,2128.0,0.0,2046.4,0.0,0.0
2026-03-02 00:00:00,2236.8,145.5,2014.8,0.0,0.0
2026-03-02 00:01:00,2190.5,153.9,1956.8,0.0,0.0
2026-03-02 00:02:00,2253.4,147.6,2026.8,0.0,0.0
2026-03-02 00:03:00,2251.5,151.3,2022.7,0.0,0.0
2026-03-02 00:04:00,2216.5,153.2,1985.0,0.0,0.0
2026-03-02 00:05:00,2240.6,151.0,2012.1,0.0,0.0
2026-03-02 00:06:00,2247.1,145.3,2028.0,0.0,0.0
2026-03-02 00:07:00,2272.6,157.1,2035.4,0.0,0.0
2026-03-02 00:08:00,2316.0,152.1,2076.1,0.0,0.0
2026-03-02 00:09:00,2294.4,150.0,2063.8,0.0,0.0
2026-03-02 00:10:00,2224.9,153.6,1984.7,0.0,0.0
2026-03-02 00:11:00,2235.2,147.4,2007.9,0.0,0.0
2026-03-02 00:12:00,2264.8,159.5,2023.8,0.0,0.0
2026-03-02 00:13:00,2206.0,151.2,1970.4,0.0,0.0
2026-03-02 00:14:00,2235.1,151.9,2005.9,0.0,0.0
2026-03-02 00:15:00,2270.7,151.8,2037.2,0.0,0.0
2026-03-02 00:16:00,2247.5,145.5,2020.3,0.0,0.0
2026-03-02 00:17:00,2253.9,144.2,2028.6,0.0,0.0
2026-03-02 00:18:00,2233.7,151.2,2005.8,0.0,0.0
2026-03-02 00:19:00,2222.6,151.9,1984.8,0.0,0.0
2026-03-02 00:20:00,2239.7,156.8,2008.1,0.0,0.0
2026-03-02 00:21:00,2201.3,152.4,1969.3,0.0,0.0
2026-03-02 00:22:00,2226.6,144.6,1997.7,0.0,0.0
2026-03-02 00:23:00,2248.0,152.7,2020.1,0.0,0.0
2026-03-02 00:24:00,2208.8,154.2,1971.5,0.0,0.0
2026-03-02 00:25:00,2287.6,155.1,2059.1,0.0,0.0
2026-03-02 00:26:00,2183.8,151.8,1951.9,0.0,0.0
2026-03-02 00:27:00,2193.9,144.0,1971.1,0.0,0.0
2026-03-02 00:28:00,2264.5,155.9,2028.9,0.0,0.0
2026-03-02 00:29:00,2223.8,146.4,2004.4,0.0,0.0
2026-03-02 00:30:00,2258.7,153.0,2028.4,0.0,0.0
2026-03-02 00:31:00,2255.4,142.2,2036.8,0.0,0.0
2026-03-02 00:32:00,2231.1,153.9,2000.5,0.0,0.0
2026-03-02 00:33:00,2279.3,146.2,2052.2,0.0,0.0
2026-03-02 00:34:00,2222.6,155.5,1991.1,0.0,0.0
2026-03-02 00:35:00,79.9,0.0,0.0,0.0,0.0
2026-03-02 00:36:00,87.3,0.0,0.0,0.0,0.0
2026-03-02 00:37:00,82.1,0.0,0.0,0.0,0.0
2026-03-02 00:38:00,2045.3,0.0,1962.6,0.0,0.0
2026-03-02 00:39:00,2093.4,0.0,2009.6,0.0,0.0
2026-03-02 00:40:00,2083.2,0.0,2009.5,0.0,0.0
2026-03-02 00:41:00,2082.4,0.0,1996.7,0.0,0.0
2026-03-02 00:42:00,2132.7,0.0,2058.5,0.0,0.0
2026-03-02 00:43:00,2118.8,0.0,2042.2,0.0,0.0
2026-03-02 00:44:00,2069.9,0.0,1991.1,0.0,0.0
2026-03-02 00:45:00,80.4,0.0,0.0,0.0,0.0
2026-03-02 00:46:00,84.7,0.0,0.0,0.0,0.0
2026-03-02 00:47:00,2064.1,0.0,1982.2,0.0,0.0
2026-03-02 00:48:00,80.7,0.0,0.0,0.0,0.0
2026-03-02 00:49:00,2080.0,0.0,1999.2,0.0,0.0
2026-03-02 00:50:00,2075.5,0.0,1990.0,0.0,0.0
2026-03-02 00:51:00,2098.1,0.0,2017.9,0.0,0.0
2026-03-02 00:52:00,2046.7,0.0,1965.7,0.0,0.0
2026-03-02 00:53:00,2088.4,0.0,2006.6,0.0,0.0
2026-03-02 00:54:00,2126.9,0.0,2053.2,0.0,0.0
2026-03-02 00:55:00,2087.3,0.0,2004.1,0.0,0.0
2026-03-02 00:56:00,2070.7,0.0,1993.5,0.0,0.0
2026-03-02 00:57:00,2078.9,0.0,1995.0,0.0,0.0
2026-03-02 00:58:00,2072.7,0.0,1993.3,0.0,0.0
2026-03-02 00:59:00,2061.3,0.0,1986.6,0.0,0.0
2026-03-02 01:00:00,222.4,152.2,0.0,0.0,0.0
2026-03-02 01:01:00,232.1,151.5,0.0,0.0,0.0
2026-03-02 01:02:00,229.0,151.8,0.0,0.0,0.0
2026-03-02 01:03:00,231.8,153.8,0.0,0.0,0.0
2026-03-02 01:04:00,2221.6,150.2,1990.6,0.0,0.0
2026-03-02 01:05:00,2231.8,150.7,2013.5,0.0,0.0
2026-03-02 01:06:00,2249.0,158.8,2009.6,0.0,0.0
2026-03-02 01:07:00,2242.1,149.8,2016.1,0.0,0.0
2026-03-02 01:08:00,238.8,154.0,0.0,0.0,0.0
2026-03-02 01:09:00,237.4,150.3,0.0,0.0,0.0
2026-03-02 01:10:00,221.8,147.7,0.0,0.0,0.0
2026-03-02 01:11:00,2280.2,147.7,2047.7,0.0,0.0
2026-03-02 01:12:00,230.8,145.9,0.0,0.0,0.0
2026-03-02 01:13:00,2237.1,150.1,2011.1,0.0,0.0
2026-03-02 01:14:00,2248.1,147.0,2014.4,0.0,0.0
2026-03-02 01:15:00,2225.2,147.9,1991.1,0.0,0.0
2026-03-02 01:16:00,2266.3,156.1,2032.5,0.0,0.0
2026-03-02 01:17:00,2216.5,149.3,1992.8,0.0,0.0
2026-03-02 01:18:00,243.9,155.7,0.0,0.0,0.0
2026-03-02 01:19:00,228.9,151.3,0.0,0.0,0.0
2026-03-02 01:20:00,235.2,154.3,0.0,0.0,0.0
2026-03-02 01:21:00,228.9,146.9,0.0,0.0,0.0
2026-03-02 01:22:00,235.5,150.7,0.0,0.0,0.0
2026-03-02 01:23:00,236.8,163.2,0.0,0.0,0.0
2026-03-02 01:24:00,224.8,154.1,0.0,0.0,0.0
2026-03-02 01:25:00,238.8,155.0,0.0,0.0,0.0
2026-03-02 01:26:00,232.7,151.2,0.0,0.0,0.0
2026-03-02 01:27:00,2277.9,154.3,2049.9,0.0,0.0
2026-03-02 01:28:00,2221.2,144.2,1993.8,0.0,0.0
2026-03-02 01:29:00,214.2,145.7,0.0,0.0,0.0
2026-03-02 01:30:00,218.0,152.1,0.0,0.0,0.0
2026-03-02 01:31:00,228.5,154.1,0.0,0.0,0.0
2026-03-02 01:32:00,212.4,147.9,0.0,0.0,0.0
2026-03-02 01:33:00,227.3,149.0,0.0,0.0,0.0
2026-03-02 01:34:00,231.1,148.2,0.0,0.0,0.0
2026-03-02 01:35:00,2055.9,0.0,1974.8,0.0,0.0
2026-03-02 01:36:00,75.4,0.0,0.0,0.0,0.0
2026-03-02 01:37:00,82.9,0.0,0.0,0.0,0.0
2026-03-02 01:38:00,73.5,0.0,0.0,0.0,0.0
2026-03-02 01:39:00,83.6,0.0,0.0,0.0,0.0
2026-03-02 01:40:00,77.6,0.0,0.0,0.0,0.0
2026-03-02 01:41:00,80.1,0.0,0.0,0.0,0.0
2026-03-02 01:42:00,79.1,0.0,0.0,0.0,0.0
2026-03-02 01:43:00,81.7,0.0,0.0,0.0,0.0
2026-03-02 01:44:00,77.3,0.0,0.0,0.0,0.0
2026-03-02 01:45:00,77.5,0.0,0.0,0.0,0.0
2026-03-02 01:46:00,75.7,0.0,0.0,0.0,0.0
2026-03-02 01:47:00,79.6,0.0,0.0,0.0,0.0
2026-03-02 01:48:00,74.4,0.0,0.0,0.0,0.0
2026-03-02 01:49:00,68.0,0.0,0.0,0.0,0.0
2026-03-02 01:50:00,70.9,0.0,0.0,0.0,0.0
2026-03-02 01:51:00,71.3,0.0,0.0,0.0,0.0
2026-03-02 01:52:00,83.8,0.0,0.0,0.0,0.0
2026-03-02 01:53:00,82.5,0.0,0.0,0.0,0.0
2026-03-02 01:54:00,83.9,0.0,0.0,0.0,0.0
2026-03-02 01:55:00,77.2,0.0,0.0,0.0,0.0
2026-03-02 01:56:00,74.1,0.0,0.0,0.0,0.0
2026-03-02 01:57:00,90.0,0.0,0.0,0.0,0.0
2026-03-02 01:58:00,73.9,0.0,0.0,0.0,0.0
2026-03-02 01:59:00,83.0,0.0,0.0,0.0,0.0
2026-03-02 02:00:00,233.0,153.3,0.0,0.0,0.0
2026-03-02 02:01:00,232.9,151.2,0.0,0.0,0.0
2026-03-02 02:02:00,221.8,150.1,0.0,0.0,0.0
2026-03-02 02:03:00,234.6,149.9,0.0,0.0,0.0
2026-03-02 02:04:00,226.2,149.9,0.0,0.0,0.0
2026-03-02 02:05:00,223.9,145.4,0.0,0.0,0.0
2026-03-02 02:06:00,234.6,151.3,0.0,0.0,0.0
2026-03-02 02:07:00,219.0,140.8,0.0,0.0,0.0
2026-03-02 02:08:00,233.2,149.7,0.0,0.0,0.0
2026-03-02 02:09:00,219.4,142.3,0.0,0.0,0.0
2026-03-02 02:10:00,228.9,148.0,0.0,0.0,0.0
2026-03-02 02:11:00,225.6,153.4,0.0,0.0,0.0
2026-03-02 02:12:00,238.1,148.5,0.0,0.0,0.0
2026-03-02 02:13:00,224.4,147.4,0.0,0.0,0.0
2026-03-02 02:14:00,221.6,152.3,0.0,0.0,0.0
2026-03-02 02:15:00,224.7,148.4,0.0,0.0,0.0
2026-03-02 02:16:00,226.0,147.7,0.0,0.0,0.0
2026-03-02 02:17:00,235.4,147.8,0.0,0.0,0.0
2026-03-02 02:18:00,245.7,157.3,0.0,0.0,0.0
2026-03-02 02:19:00,237.5,153.1,0.0,0.0,0.0
2026-03-02 02:20:00,236.9,152.1,0.0,0.0,0.0
2026-03-02 02:21:00,224.3,143.8,0.0,0.0,0.0
2026-03-02 02:22:00,224.3,152.8,0.0,0.0,0.0
2026-03-02 02:23:00,224.3,143.3,0.0,0.0,0.0
2026-03-02 02:24:00,236.2,152.1,0.0,0.0,0.0
2026-03-02 02:25:00,223.4,144.1,0.0,0.0,0.0
2026-03-02 02:26:00,233.6,159.5,0.0,0.0,0.0
2026-03-02 02:27:00,227.1,141.3,0.0,0.0,0.0
2026-03-02 02:28:00,239.7,155.8,0.0,0.0,0.0
2026-03-02 02:29:00,223.8,153.7,0.0,0.0,0.0
2026-03-02 02:30:00,222.9,140.8,0.0,0.0,0.0
2026-03-02 02:31:00,228.0,148.5,0.0,0.0,0.0
2026-03-02 02:32:00,236.7,156.9,0.0,0.0,0.0
2026-03-02 02:33:00,239.6,155.4,0.0,0.0,0.0
2026-03-02 02:34:00,228.0,141.4,0.0,0.0,0.0
2026-03-02 02:35:00,81.2,0.0,0.0,0.0,0.0
2026-03-02 02:36:00,83.0,0.0,0.0,0.0,0.0
2026-03-02 02:37:00,70.7,0.0,0.0,0.0,0.0
2026-03-02 02:38:00,85.0,0.0,0.0,0.0,0.0
2026-03-02 02:39:00,87.5,0.0,0.0,0.0,0.0
2026-03-02 02:40:00,72.7,0.0,0.0,0.0,0.0
2026-03-02 02:41:00,68.9,0.0,0.0,0.0,0.0
2026-03-02 02:42:00,75.3,0.0,0.0,0.0,0.0
2026-03-02 02:43:00,84.6,0.0,0.0,0.0,0.0
2026-03-02 02:44:00,68.4,0.0,0.0,0.0,0.0
2026-03-02 02:45:00,85.2,0.0,0.0,0.0,0.0
2026-03-02 02:46:00,72.2,0.0,0.0,0.0,0.0
2026-03-02 02:47:00,87.1,0.0,0.0,0.0,0.0
2026-03-02 02:48:00,84.2,0.0,0.0,0.0,0.0
2026-03-02 02:49:00,82.8,0.0,0.0,0.0,0.0
2026-03-02 02:50:00,87.3,0.0,0.0,0.0,0.0
2026-03-02 02:51:00,84.9,0.0,0.0,0.0,0.0
2026-03-02 02:52:00,66.4,0.0,0.0,0.0,0.0
2026-03-02 02:53:00,68.3,0.0,0.0,0.0,0.0
2026-03-02 02:54:00,85.1,0.0,0.0,0.0,0.0
2026-03-02 02:55:00,74.4,0.0,0.0,0.0,0.0
2026-03-02 02:56:00,74.7,0.0,0.0,0.0,0.0
2026-03-02 02:57:00,78.5,0.0,0.0,0.0,0.0
2026-03-02 02:58:00,72.0,0.0,0.0,0.0,0.0
2026-03-02 02:59:00,83.9,0.0,0.0,0.0,0.0
2026-03-02 03:00:00,222.1,149.5,0.0,0.0,0.0
2026-03-02 03:01:00,239.5,157.7,0.0,0.0,0.0
2026-03-02 03:02:00,213.8,139.7,0.0,0.0,0.0
2026-03-02 03:03:00,237.9,145.1,0.0,0.0,0.0
2026-03-02 03:04:00,235.4,156.9,0.0,0.0,0.0
2026-03-02 03:05:00,229.3,151.8,0.0,0.0,0.0
2026-03-02 03:06:00,223.3,146.5,0.0,0.0,0.0
2026-03-02 03:07:00,233.3,151.6,0.0,0.0,0.0
2026-03-02 03:08:00,235.1,155.1,0.0,0.0,0.0
2026-03-02 03:09:00,224.0,146.9,0.0,0.0,0.0
2026-03-02 03:10:00,234.6,153.5,0.0,0.0,0.0
2026-03-02 03:11:00,232.7,149.1,0.0,0.0,0.0
2026-03-02 03:12:00,226.4,149.1,0.0,0.0,0.0
2026-03-02 03:13:00,223.2,149.3,0.0,0.0,0.0
2026-03-02 03:14:00,240.0,155.2,0.0,0.0,0.0
2026-03-02 03:15:00,219.7,144.1,0.0,0.0,0.0
2026-03-02 03:16:00,223.3,147.8,0.0,0.0,0.0
2026-03-02 03:17:00,246.1,153.0,0.0,0.0,0.0
2026-03-02 03:18:00,229.7,143.6,0.0,0.0,0.0
2026-03-02 03:19:00,222.4,141.8,0.0,0.0,0.0
2026-03-02 03:20:00,240.4,152.5,0.0,0.0,0.0
2026-03-02 03:21:00,229.4,149.7,0.0,0.0,0.0
2026-03-02 03:22:00,230.8,148.9,0.0,0.0,0.0
2026-03-02 03:23:00,229.0,150.4,0.0,0.0,0.0
2026-03-02 03:24:00,221.8,144.8,0.0,0.0,0.0
2026-03-02 03:25:00,237.4,164.2,0.0,0.0,0.0
2026-03-02 03:26:00,219.0,144.8,0.0,0.0,0.0
2026-03-02 03:27:00,223.7,147.5,0.0,0.0,0.0
2026-03-02 03:28:00,224.9,142.6,0.0,0.0,0.0
2026-03-02 03:29:00,223.6,147.6,0.0,0.0,0.0
2026-03-02 03:30:00,238.6,157.3,0.0,0.0,0.0
2026-03-02 03:31:00,224.6,149.8,0.0,0.0,0.0
2026-03-02 03:32:00,226.8,152.7,0.0,0.0,0.0
2026-03-02 03:33:00,226.8,147.3,0.0,0.0,0.0
2026-03-02 03:34:00,238.5,158.7,0.0,0.0,0.0
2026-03-02 03:35:00,73.4,0.0,0.0,0.0,0.0
2026-03-02 03:36:00,79.3,0.0,0.0,0.0,0.0
2026-03-02 03:37:00,71.9,0.0,0.0,0.0,0.0
2026-03-02 03:38:00,85.0,0.0,0.0,0.0,0.0
2026-03-02 03:39:00,79.9,0.0,0.0,0.0,0.0
2026-03-02 03:40:00,82.4,0.0,0.0,0.0,0.0
2026-03-02 03:41:00,86.8,0.0,0.0,0.0,0.0
2026-03-02 03:42:00,76.7,0.0,0.0,0.0,0.0
2026-03-02 03:43:00,79.5,0.0,0.0,0.0,0.0
2026-03-02 03:44:00,80.7,0.0,0.0,0.0,0.0
2026-03-02 03:45:00,66.5,0.0,0.0,0.0,0.0
2026-03-02 03:46:00,82.7,0.0,0.0,0.0,0.0
2026-03-02 03:47:00,84.8,0.0,0.0,0.0,0.0
2026-03-02 03:48:00,74.2,0.0,0.0,0.0,0.0
2026-03-02 03:49:00,73.9,0.0,0.0,0.0,0.0
2026-03-02 03:50:00,80.5,0.0,0.0,0.0,0.0
2026-03-02 03:51:00,73.4,0.0,0.0,0.0,0.0
2026-03-02 03:52:00,77.0,0.0,0.0,0.0,0.0
2026-03-02 03:53:00,77.4,0.0,0.0,0.0,0.0
2026-03-02 03:54:00,78.4,0.0,0.0,0.0,0.0
2026-03-02 03:55:00,83.1,0.0,0.0,0.0,0.0
2026-03-02 03:56:00,76.8,0.0,0.0,0.0,0.0
2026-03-02 03:57:00,77.4,0.0,0.0,0.0,0.0
2026-03-02 03:58:00,81.6,0.0,0.0,0.0,0.0
2026-03-02 03:59:00,79.9,0.0,0.0,0.0,0.0
2026-03-02 04:00:00,221.3,146.8,0.0,0.0,0.0
2026-03-02 04:01:00,237.0,149.6,0.0,0.0,0.0
2026-03-02 04:02:00,228.4,151.3,0.0,0.0,0.0
2026-03-02 04:03:00,229.8,149.0,0.0,0.0,0.0
2026-03-02 04:04:00,237.4,158.4,0.0,0.0,0.0
2026-03-02 04:05:00,219.1,150.7,0.0,0.0,0.0
2026-03-02 04:06:00,232.8,150.5,0.0,0.0,0.0
2026-03-02 04:07:00,242.5,146.4,0.0,0.0,0.0
2026-03-02 04:08:00,234.0,154.8,0.0,0.0,0.0
2026-03-02 04:09:00,221.3,144.5,0.0,0.0,0.0
2026-03-02 04:10:00,215.0,141.6,0.0,0.0,0.0
2026-03-02 04:11:00,222.3,144.8,0.0,0.0,0.0
2026-03-02 04:12:00,233.0,152.7,0.0,0.0,0.0
2026-03-02 04:13:00,224.5,143.9,0.0,0.0,0.0
2026-03-02 04:14:00,229.0,156.1,0.0,0.0,0.0
2026-03-02 04:15:00,234.2,149.5,0.0,0.0,0.0
2026-03-02 04:16:00,216.1,142.1,0.0,0.0,0.0
2026-03-02 04:17:00,229.5,148.5,0.0,0.0,0.0
2026-03-02 04:18:00,244.1,158.6,0.0,0.0,0.0
2026-03-02 04:19:00,223.5,145.3,0.0,0.0,0.0
2026-03-02 04:20:00,226.0,143.1,0.0,0.0,0.0
2026-03-02 04:21:00,242.8,152.2,0.0,0.0,0.0
2026-03-02 04:22:00,233.4,156.2,0.0,0.0,0.0
2026-03-02 04:23:00,234.6,154.7,0.0,0.0,0.0
2026-03-02 04:24:00,226.6,148.0,0.0,0.0,0.0
2026-03-02 04:25:00,234.9,150.6,0.0,0.0,0.0
2026-03-02 04:26:00,232.5,151.3,0.0,0.0,0.0
2026-03-02 04:27:00,233.4,155.5,0.0,0.0,0.0
2026-03-02 04:28:00,245.2,160.4,0.0,0.0,0.0
2026-03-02 04:29:00,226.1,149.1,0.0,0.0,0.0
2026-03-02 04:30:00,242.6,156.1,0.0,0.0,0.0
2026-03-02 04:31:00,229.9,147.9,0.0,0.0,0.0
2026-03-02 04:32:00,230.7,152.6,0.0,0.0,0.0
2026-03-02 04:33:00,225.0,145.0,0.0,0.0,0.0
2026-03-02 04:34:00,221.8,145.8,0.0,0.0,0.0
2026-03-02 04:35:00,81.3,0.0,0.0,0.0,0.0
2026-03-02 04:36:00,76.1,0.0,0.0,0.0,0.0
2026-03-02 04:37:00,80.5,0.0,0.0,0.0,0.0
2026-03-02 04:38:00,83.7,0.0,0.0,0.0,0.0
2026-03-02 04:39:00,82.1,0.0,0.0,0.0,0.0
2026-03-02 04:40:00,78.5,0.0,0.0,0.0,0.0
2026-03-02 04:41:00,84.8,0.0,0.0,0.0,0.0
2026-03-02 04:42:00,86.2,0.0,0.0,0.0,0.0
2026-03-02 04:43:00,92.4,0.0,0.0,0.0,0.0
2026-03-02 04:44:00,86.0,0.0,0.0,0.0,0.0
2026-03-02 04:45:00,80.6,0.0,0.0,0.0,0.0
2026-03-02 04:46:00,82.1,0.0,0.0,0.0,0.0
2026-03-02 04:47:00,77.5,0.0,0.0,0.0,0.0
2026-03-02 04:48:00,88.0,0.0,0.0,0.0,0.0
2026-03-02 04:49:00,76.0,0.0,0.0,0.0,0.0
2026-03-02 04:50:00,75.6,0.0,0.0,0.0,0.0
2026-03-02 04:51:00,72.7,0.0,0.0,0.0,0.0
2026-03-02 04:52:00,83.8,0.0,0.0,0.0,0.0
2026-03-02 04:53:00,76.4,0.0,0.0,0.0,0.0
2026-03-02 04:54:00,73.1,0.0,0.0,0.0,0.0
2026-03-02 04:55:00,89.9,0.0,0.0,0.0,0.0
2026-03-02 04:56:00,86.7,0.0,0.0,0.0,0.0
2026-03-02 04:57:00,89.7,0.0,0.0,0.0,0.0
2026-03-02 04:58:00,75.5,0.0,0.0,0.0,0.0
2026-03-02 04:59:00,82.3,0.0,0.0,0.0,0.0
2026-03-02 05:00:00,235.6,155.7,0.0,0.0,0.0
2026-03-02 05:01:00,225.9,143.1,0.0,0.0,0.0
2026-03-02 05:02:00,228.3,152.9,0.0,0.0,0.0
2026-03-02 05:03:00,232.4,148.5,0.0,0.0,0.0
2026-03-02 05:04:00,233.9,144.4,0.0,0.0,0.0
2026-03-02 05:05:00,231.4,148.8,0.0,0.0,0.0
2026-03-02 05:06:00,219.0,147.9,0.0,0.0,0.0
2026-03-02 05:07:00,239.2,153.7,0.0,0.0,0.0
2026-03-02 05:08:00,215.4,142.2,0.0,0.0,0.0
2026-03-02 05:09:00,234.2,148.7,0.0,0.0,0.0
2026-03-02 05:10:00,217.2,147.4,0.0,0.0,0.0
2026-03-02 05:11:00,244.8,157.5,0.0,0.0,0.0
2026-03-02 05:12:00,219.5,144.1,0.0,0.0,0.0
2026-03-02 05:13:00,243.9,154.9,0.0,0.0,0.0
2026-03-02 05:14:00,230.5,140.9,0.0,0.0,0.0
2026-03-02 05:15:00,230.3,151.4,0.0,0.0,0.0
2026-03-02 05:16:00,229.4,149.0,0.0,0.0,0.0
2026-03-02 05:17:00,231.2,151.5,0.0,0.0,0.0
2026-03-02 05:18:00,225.3,146.1,0.0,0.0,0.0
2026-03-02 05:19:00,217.0,139.9,0.0,0.0,0.0
2026-03-02 05:20:00,225.9,141.9,0.0,0.0,0.0
2026-03-02 05:21:00,225.5,156.2,0.0,0.0,0.0
2026-03-02 05:22:00,233.7,150.7,0.0,0.0,0.0
2026-03-02 05:23:00,228.9,145.3,0.0,0.0,0.0
2026-03-02 05:24:00,247.5,154.1,0.0,0.0,0.0
2026-03-02 05:25:00,224.8,145.9,0.0,0.0,0.0
2026-03-02 05:26:00,222.5,145.9,0.0,0.0,0.0
2026-03-02 05:27:00,218.7,143.5,0.0,0.0,0.0
2026-03-02 05:28:00,234.7,155.5,0.0,0.0,0.0
2026-03-02 05:29:00,230.1,159.4,0.0,0.0,0.0
2026-03-02 05:30:00,224.6,144.8,0.0,0.0,0.0
2026-03-02 05:31:00,235.1,151.0,0.0,0.0,0.0
2026-03-02 05:32:00,232.3,154.5,0.0,0.0,0.0
2026-03-02 05:33:00,244.2,160.1,0.0,0.0,0.0
2026-03-02 05:34:00,216.3,137.6,0.0,0.0,0.0
2026-03-02 05:35:00,83.3,0.0,0.0,0.0,0.0
2026-03-02 05:36:00,81.6,0.0,0.0,0.0,0.0
2026-03-02 05:37:00,78.2,0.0,0.0,0.0,0.0
2026-03-02 05:38:00,78.4,0.0,0.0,0.0,0.0
2026-03-02 05:39:00,87.5,0.0,0.0,0.0,0.0
2026-03-02 05:40:00,65.9,0.0,0.0,0.0,0.0
2026-03-02 05:41:00,86.3,0.0,0.0,0.0,0.0
2026-03-02 05:42:00,79.3,0.0,0.0,0.0,0.0
2026-03-02 05:43:00,76.6,0.0,0.0,0.0,0.0
2026-03-02 05:44:00,74.5,0.0,0.0,0.0,0.0
2026-03-02 05:45:00,77.0,0.0,0.0,0.0,0.0
2026-03-02 05:46:00,79.1,0.0,0.0,0.0,0.0
2026-03-02 05:47:00,72.6,0.0,0.0,0.0,0.0
2026-03-02 05:48:00,71.3,0.0,0.0,0.0,0.0
2026-03-02 05:49:00,91.2,0.0,0.0,0.0,0.0
2026-03-02 05:50:00,77.1,0.0,0.0,0.0,0.0
2026-03-02 05:51:00,71.2,0.0,0.0,0.0,0.0
2026-03-02 05:52:00,79.2,0.0,0.0,0.0,0.0
2026-03-02 05:53:00,84.1,0.0,0.0,0.0,0.0
2026-03-02 05:54:00,84.4,0.0,0.0,0.0,0.0
2026-03-02 05:55:00,79.6,0.0,0.0,0.0,0.0
2026-03-02 05:56:00,76.7,0.0,0.0,0.0,0.0
2026-03-02 05:57:00,89.0,0.0,0.0,0.0,0.0
2026-03-02 05:58:00,65.1,0.0,0.0,0.0,0.0
2026-03-02 05:59:00,83.9,0.0,0.0,0.0,0.0
2026-03-02 06:00:00,234.7,155.8,0.0,0.0,0.0
2026-03-02 06:01:00,240.9,152.5,0.0,0.0,0.0
2026-03-02 06:02:00,231.0,148.6,0.0,0.0,0.0
2026-03-02 06:03:00,222.2,141.7,0.0,0.0,0.0
2026-03-02 06:04:00,235.9,146.6,0.0,0.0,0.0
2026-03-02 06:05:00,225.4,149.5,0.0,0.0,0.0
2026-03-02 06:06:00,220.2,153.9,0.0,0.0,0.0
2026-03-02 06:07:00,224.2,147.7,0.0,0.0,0.0
2026-03-02 06:08:00,225.6,155.1,0.0,0.0,0.0
2026-03-02 06:09:00,232.8,150.3,0.0,0.0,0.0
2026-03-02 06:10:00,230.0,145.9,0.0,0.0,0.0
2026-03-02 06:11:00,214.8,135.6,0.0,0.0,0.0
2026-03-02 06:12:00,227.5,143.7,0.0,0.0,0.0
2026-03-02 06:13:00,230.7,142.1,0.0,0.0,0.0
2026-03-02 06:14:00,232.0,148.8,0.0,0.0,0.0
2026-03-02 06:15:00,230.5,151.3,0.0,0.0,0.0
2026-03-02 06:16:00,241.5,156.6,0.0,0.0,0.0
2026-03-02 06:17:00,225.6,149.5,0.0,0.0,0.0
2026-03-02 06:18:00,224.6,143.8,0.0,0.0,0.0
2026-03-02 06:19:00,231.0,161.4,0.0,0.0,0.0
2026-03-02 06:20:00,233.8,151.2,0.0,0.0,0.0
2026-03-02 06:21:00,221.0,148.3,0.0,0.0,0.0
2026-03-02 06:22:00,230.5,148.3,0.0,0.0,0.0
2026-03-02 06:23:00,233.3,142.9,0.0,0.0,0.0
2026-03-02 06:24:00,229.5,152.8,0.0,0.0,0.0
2026-03-02 06:25:00,231.0,151.5,0.0,0.0,0.0
2026-03-02 06:26:00,232.8,157.6,0.0,0.0,0.0
2026-03-02 06:27:00,240.5,155.1,0.0,0.0,0.0
2026-03-02 06:28:00,235.9,154.0,0.0,0.0,0.0
2026-03-02 06:29:00,230.5,155.9,0.0,0.0,0.0
2026-03-02 06:30:00,234.7,148.2,0.0,0.0,0.0
2026-03-02 06:31:00,235.5,147.4,0.0,0.0,0.0
2026-03-02 06:32:00,227.0,149.4,0.0,0.0,0.0
2026-03-02 06:33:00,216.5,143.4,0.0,0.0,0.0
2026-03-02 06:34:00,236.7,149.0,0.0,0.0,0.0
2026-03-02 06:35:00,74.9,0.0,0.0,0.0,0.0
2026-03-02 06:36:00,76.3,0.0,0.0,0.0,0.0
2026-03-02 06:37:00,85.7,0.0,0.0,0.0,0.0
2026-03-02 06:38:00,71.0,0.0,0.0,0.0,0.0
2026-03-02 06:39:00,81.9,0.0,0.0,0.0,0.0
2026-03-02 06:40:00,82.4,0.0,0.0,0.0,0.0
2026-03-02 06:41:00,87.2,0.0,0.0,0.0,0.0
2026-03-02 06:42:00,81.4,0.0,0.0,0.0,0.0
2026-03-02 06:43:00,85.3,0.0,0.0,0.0,0.0
2026-03-02 06:44:00,79.0,0.0,0.0,0.0,0.0
2026-03-02 06:45:00,76.0,0.0,0.0,0.0,0.0
2026-03-02 06:46:00,84.3,0.0,0.0,0.0,0.0
2026-03-02 06:47:00,69.6,0.0,0.0,0.0,0.0
2026-03-02 06:48:00,86.6,0.0,0.0,0.0,0.0
2026-03-02 06:49:00,76.7,0.0,0.0,0.0,0.0
2026-03-02 06:50:00,75.5,0.0,0.0,0.0,0.0
2026-03-02 06:51:00,81.9,0.0,0.0,0.0,0.0
2026-03-02 06:52:00,93.0,0.0,0.0,0.0,0.0
2026-03-02 06:53:00,79.5,0.0,0.0,0.0,0.0
2026-03-02 06:54:00,86.4,0.0,0.0,0.0,0.0
2026-03-02 06:55:00,79.3,0.0,0.0,0.0,0.0
2026-03-02 06:56:00,79.2,0.0,0.0,0.0,0.0
2026-03-02 06:57:00,79.9,0.0,0.0,0.0,0.0
2026-03-02 06:58:00,74.3,0.0,0.0,0.0,0.0
2026-03-02 06:59:00,79.5,0.0,0.0,0.0,0.0
2026-03-02 07:00:00,224.7,152.4,0.0,0.0,0.0
2026-03-02 07:01:00,240.7,154.1,0.0,0.0,0.0
2026-03-02 07:02:00,238.5,153.8,0.0,0.0,0.0
2026-03-02 07:03:00,223.9,146.6,0.0,0.0,0.0
2026-03-02 07:04:00,234.1,152.1,0.0,0.0,0.0
2026-03-02 07:05:00,249.5,156.7,0.0,0.0,0.0
2026-03-02 07:06:00,231.7,151.0,0.0,0.0,0.0
2026-03-02 07:07:00,237.0,155.7,0.0,0.0,0.0
2026-03-02 07:08:00,224.7,156.3,0.0,0.0,0.0
2026-03-02 07:09:00,227.2,149.7,0.0,0.0,0.0
2026-03-02 07:10:00,236.4,153.1,0.0,0.0,0.0
2026-03-02 07:11:00,231.2,148.4,0.0,0.0,0.0
2026-03-02 07:12:00,231.7,155.2,0.0,0.0,0.0
2026-03-02 07:13:00,235.9,149.4,0.0,0.0,0.0
2026-03-02 07:14:00,226.1,147.1,0.0,0.0,0.0
2026-03-02 07:15:00,230.7,149.7,0.0,0.0,0.0
2026-03-02 07:16:00,227.7,149.5,0.0,0.0,0.0
2026-03-02 07:17:00,233.7,151.8,0.0,0.0,0.0
2026-03-02 07:18:00,234.3,152.2,0.0,0.0,0.0
2026-03-02 07:19:00,213.8,144.1,0.0,0.0,0.0
2026-03-02 07:20:00,218.8,146.6,0.0,0.0,0.0
2026-03-02 07:21:00,234.0,151.7,0.0,0.0,0.0
2026-03-02 07:22:00,234.8,152.3,0.0,0.0,0.0
2026-03-02 07:23:00,220.6,150.3,0.0,0.0,0.0
2026-03-02 07:24:00,244.9,163.1,0.0,0.0,0.0
2026-03-02 07:25:00,240.7,155.5,0.0,0.0,0.0
2026-03-02 07:26:00,230.7,149.5,0.0,0.0,0.0
2026-03-02 07:27:00,233.0,153.6,0.0,0.0,0.0
2026-03-02 07:28:00,234.8,156.6,0.0,0.0,0.0
2026-03-02 07:29:00,237.1,151.8,0.0,0.0,0.0
2026-03-02 07:30:00,211.1,141.2,0.0,0.0,0.0
2026-03-02 07:31:00,231.4,150.4,0.0,0.0,0.0
2026-03-02 07:32:00,231.0,150.2,0.0,0.0,0.0
2026-03-02 07:33:00,243.7,160.6,0.0,0.0,0.0
2026-03-02 07:34:00,233.0,140.8,0.0,0.0,0.0
2026-03-02 07:35:00,89.8,0.0,0.0,0.0,0.0
2026-03-02 07:36:00,82.7,0.0,0.0,0.0,0.0
2026-03-02 07:37:00,79.3,0.0,0.0,0.0,0.0
2026-03-02 07:38:00,83.5,0.0,0.0,0.0,0.0
2026-03-02 07:39:00,81.4,0.0,0.0,0.0,0.0
2026-03-02 07:40:00,80.8,0.0,0.0,0.0,0.0
2026-03-02 07:41:00,88.9,0.0,0.0,0.0,0.0
2026-03-02 07:42:00,75.9,0.0,0.0,0.0,0.0
2026-03-02 07:43:00,83.6,0.0,0.0,0.0,0.0
2026-03-02 07:44:00,76.2,0.0,0.0,0.0,0.0
2026-03-02 07:45:00,84.2,0.0,0.0,0.0,0.0
2026-03-02 07:46:00,79.0,0.0,0.0,0.0,0.0
2026-03-02 07:47:00,87.5,0.0,0.0,0.0,0.0
2026-03-02 07:48:00,85.6,0.0,0.0,0.0,0.0
2026-03-02 07:49:00,85.5,0.0,0.0,0.0,0.0
2026-03-02 07:50:00,83.3,0.0,0.0,0.0,0.0
2026-03-02 07:51:00,70.8,0.0,0.0,0.0,0.0
2026-03-02 07:52:00,81.2,0.0,0.0,0.0,0.0
2026-03-02 07:53:00,76.1,0.0,0.0,0.0,0.0
2026-03-02 07:54:00,89.1,0.0,0.0,0.0,0.0
2026-03-02 07:55:00,81.1,0.0,0.0,0.0,0.0
2026-03-02 07:56:00,75.4,0.0,0.0,0.0,0.0
2026-03-02 07:57:00,77.4,0.0,0.0,0.0,0.0
2026-03-02 07:58:00,77.1,0.0,0.0,0.0,0.0
2026-03-02 07:59:00,88.2,0.0,0.0,0.0,0.0
2026-03-02 08:00:00,223.0,153.1,0.0,0.0,0.0
2026-03-02 08:01:00,220.8,142.3,0.0,0.0,0.0
2026-03-02 08:02:00,212.0,139.8,0.0,0.0,0.0
2026-03-02 08:03:00,216.3,143.6,0.0,0.0,0.0
2026-03-02 08:04:00,228.4,151.2,0.0,0.0,0.0
2026-03-02 08:05:00,230.6,156.0,0.0,0.0,0.0
2026-03-02 08:06:00,250.8,163.1,0.0,0.0,0.0
2026-03-02 08:07:00,243.3,157.3,0.0,0.0,0.0
2026-03-02 08:08:00,223.3,142.6,0.0,0.0,0.0
2026-03-02 08:09:00,227.8,138.6,0.0,0.0,0.0
2026-03-02 08:10:00,225.9,150.9,0.0,0.0,0.0
2026-03-02 08:11:00,243.9,155.5,0.0,0.0,0.0
2026-03-02 08:12:00,225.9,142.1,0.0,0.0,0.0
2026-03-02 08:13:00,233.0,147.6,0.0,0.0,0.0
2026-03-02 08:14:00,221.9,148.0,0.0,0.0,0.0
2026-03-02 08:15:00,243.4,150.4,0.0,0.0,0.0
2026-03-02 08:16:00,225.9,149.3,0.0,0.0,0.0
2026-03-02 08:17:00,236.5,152.8,0.0,0.0,0.0
2026-03-02 08:18:00,228.6,155.5,0.0,0.0,0.0
2026-03-02 08:19:00,222.4,150.6,0.0,0.0,0.0
2026-03-02 08:20:00,228.4,154.0,0.0,0.0,0.0
2026-03-02 08:21:00,245.3,160.2,0.0,0.0,0.0
2026-03-02 08:22:00,222.7,145.2,0.0,0.0,0.0
2026-03-02 08:23:00,223.5,145.1,0.0,0.0,0.0
2026-03-02 08:24:00,231.3,152.8,0.0,0.0,0.0
2026-03-02 08:25:00,248.3,159.6,0.0,0.0,0.0
2026-03-02 08:26:00,230.1,151.2,0.0,0.0,0.0
2026-03-02 08:27:00,229.9,155.8,0.0,0.0,0.0
2026-03-02 08:28:00,230.3,148.8,0.0,0.0,0.0
2026-03-02 08:29:00,229.8,154.9,0.0,0.0,0.0
2026-03-02 08:30:00,236.4,147.2,0.0,0.0,0.0
2026-03-02 08:31:00,237.1,153.7,0.0,0.0,0.0
2026-03-02 08:32:00,232.8,152.3,0.0,0.0,0.0
2026-03-02 08:33:00,231.9,152.4,0.0,0.0,0.0
2026-03-02 08:34:00,231.6,157.3,0.0,0.0,0.0
2026-03-02 08:35:00,80.8,0.0,0.0,0.0,0.0
2026-03-02 08:36:00,86.6,0.0,0.0,0.0,0.0
2026-03-02 08:37:00,84.2,0.0,0.0,0.0,0.0
2026-03-02 08:38:00,94.5,0.0,0.0,0.0,0.0
2026-03-02 08:39:00,83.7,0.0,0.0,0.0,0.0
2026-03-02 08:40:00,78.4,0.0,0.0,0.0,0.0
2026-03-02 08:41:00,78.9,0.0,0.0,0.0,0.0
2026-03-02 08:42:00,82.1,0.0,0.0,0.0,0.0
2026-03-02 08:43:00,85.4,0.0,0.0,0.0,0.0
2026-03-02 08:44:00,85.7,0.0,0.0,0.0,0.0
2026-03-02 08:45:00,79.7,0.0,0.0,0.0,0.0
2026-03-02 08:46:00,76.1,0.0,0.0,0.0,0.0
2026-03-02 08:47:00,72.7,0.0,0.0,0.0,0.0
2026-03-02 08:48:00,69.9,0.0,0.0,0.0,0.0
2026-03-02 08:49:00,80.2,0.0,0.0,0.0,0.0
2026-03-02 08:50:00,74.9,0.0,0.0,0.0,0.0
2026-03-02 08:51:00,82.5,0.0,0.0,0.0,0.0
2026-03-02 08:52:00,75.6,0.0,0.0,0.0,0.0
2026-03-02 08:53:00,74.4,0.0,0.0,0.0,0.0
2026-03-02 08:54:00,88.8,0.0,0.0,0.0,0.0
2026-03-02 08:55:00,76.7,0.0,0.0,0.0,0.0
2026-03-02 08:56:00,82.6,0.0,0.0,0.0,0.0
2026-03-02 08:57:00,72.0,0.0,0.0,0.0,0.0
2026-03-02 08:58:00,74.8,0.0,0.0,0.0,0.0
2026-03-02 08:59:00,86.1,0.0,0.0,0.0,0.0
2026-03-02 09:00:00,215.6,135.9,0.0,0.0,0.0
2026-03-02 09:01:00,228.9,150.1,0.0,0.0,0.0
2026-03-02 09:02:00,231.1,151.8,0.0,0.0,0.0
2026-03-02 09:03:00,241.1,155.6,0.0,0.0,0.0
2026-03-02 09:04:00,223.3,146.8,0.0,0.0,0.0
2026-03-02 09:05:00,229.4,149.3,0.0,0.0,0.0
2026-03-02 09:06:00,231.0,152.6,0.0,0.0,0.0
2026-03-02 09:07:00,224.3,149.0,0.0,0.0,0.0
2026-03-02 09:08:00,225.7,149.4,0.0,0.0,0.0
2026-03-02 09:09:00,219.8,151.9,0.0,0.0,0.0
2026-03-02 09:10:00,231.1,145.6,0.0,0.0,0.0
2026-03-02 09:11:00,235.4,158.5,0.0,0.0,0.0
2026-03-02 09:12:00,227.1,146.0,0.0,0.0,0.0
2026-03-02 09:13:00,225.6,150.8,0.0,0.0,0.0
2026-03-02 09:14:00,238.3,149.0,0.0,0.0,0.0
2026-03-02 09:15:00,229.5,147.1,0.0,0.0,0.0
2026-03-02 09:16:00,236.3,153.3,0.0,0.0,0.0
2026-03-02 09:17:00,235.6,155.7,0.0,0.0,0.0
2026-03-02 09:18:00,231.2,157.9,0.0,0.0,0.0
2026-03-02 09:19:00,225.5,153.5,0.0,0.0,0.0
2026-03-02 09:20:00,228.3,148.4,0.0,0.0,0.0
2026-03-02 09:21:00,236.8,154.9,0.0,0.0,0.0
2026-03-02 09:22:00,223.0,143.4,0.0,0.0,0.0
2026-03-02 09:23:00,226.8,150.9,0.0,0.0,0.0
2026-03-02 09:24:00,246.2,153.2,0.0,0.0,0.0
2026-03-02 09:25:00,238.7,153.4,0.0,0.0,0.0
2026-03-02 09:26:00,227.2,144.8,0.0,0.0,0.0
2026-03-02 09:27:00,232.3,143.1,0.0,0.0,0.0
2026-03-02 09:28:00,246.9,158.9,0.0,0.0,0.0
2026-03-02 09:29:00,230.2,148.0,0.0,0.0,0.0
2026-03-02 09:30:00,216.0,142.3,0.0,0.0,0.0
2026-03-02 09:31:00,231.2,144.4,0.0,0.0,0.0
2026-03-02 09:32:00,229.0,150.6,0.0,0.0,0.0
2026-03-02 09:33:00,243.1,156.4,0.0,0.0,0.0
2026-03-02 09:34:00,228.7,150.5,0.0,0.0,0.0
2026-03-02 09:35:00,81.7,0.0,0.0,0.0,0.0
2026-03-02 09:36:00,78.3,0.0,0.0,0.0,0.0
2026-03-02 09:37:00,83.2,0.0,0.0,0.0,0.0
2026-03-02 09:38:00,65.2,0.0,0.0,0.0,0.0
2026-03-02 09:39:00,89.5,0.0,0.0,0.0,0.0
2026-03-02 09:40:00,76.8,0.0,0.0,0.0,0.0
2026-03-02 09:41:00,94.4,0.0,0.0,0.0,0.0
2026-03-02 09:42:00,84.1,0.0,0.0,0.0,0.0
2026-03-02 09:43:00,75.3,0.0,0.0,0.0,0.0
2026-03-02 09:44:00,74.2,0.0,0.0,0.0,0.0
2026-03-02 09:45:00,81.5,0.0,0.0,0.0,0.0
2026-03-02 09:46:00,84.8,0.0,0.0,0.0,0.0
2026-03-02 09:47:00,80.4,0.0,0.0,0.0,0.0
2026-03-02 09:48:00,86.6,0.0,0.0,0.0,0.0
2026-03-02 09:49:00,80.6,0.0,0.0,0.0,0.0
2026-03-02 09:50:00,91.7,0.0,0.0,0.0,0.0
2026-03-02 09:51:00,80.2,0.0,0.0,0.0,0.0
2026-03-02 09:52:00,78.3,0.0,0.0,0.0,0.0
2026-03-02 09:53:00,75.3,0.0,0.0,0.0,0.0
2026-03-02 09:54:00,88.8,0.0,0.0,0.0,0.0
2026-03-02 09:55:00,67.1,0.0,0.0,0.0,0.0
2026-03-02 09:56:00,85.3,0.0,0.0,0.0,0.0
2026-03-02 09:57:00,78.3,0.0,0.0,0.0,0.0
2026-03-02 09:58:00,84.9,0.0,0.0,0.0,0.0
2026-03-02 09:59:00,86.5,0.0,0.0,0.0,0.0
2026-03-02 10:00:00,223.8,145.9,0.0,0.0,0.0
2026-03-02 10:01:00,228.0,159.0,0.0,0.0,0.0
2026-03-02 10:02:00,226.4,151.8,0.0,0.0,0.0
2026-03-02 10:03:00,222.5,148.9,0.0,0.0,0.0
2026-03-02 10:04:00,231.7,144.6,0.0,0.0,0.0
2026-03-02 10:05:00,241.8,152.3,0.0,0.0,0.0
2026-03-02 10:06:00,236.1,147.7,0.0,0.0,0.0
2026-03-02 10:07:00,229.0,147.9,0.0,0.0,0.0
2026-03-02 10:08:00,233.0,151.2,0.0,0.0,0.0
2026-03-02 10:09:00,232.4,151.3,0.0,0.0,0.0
2026-03-02 10:10:00,226.2,146.1,0.0,0.0,0.0
2026-03-02 10:11:00,234.3,156.4,0.0,0.0,0.0
2026-03-02 10:12:00,224.6,145.1,0.0,0.0,0.0
2026-03-02 10:13:00,225.0,144.6,0.0,0.0,0.0
2026-03-02 10:14:00,230.9,151.7,0.0,0.0,0.0
2026-03-02 10:15:00,234.0,150.8,0.0,0.0,0.0
2026-03-02 10:16:00,228.5,150.5,0.0,0.0,0.0
2026-03-02 10:17:00,237.1,148.1,0.0,0.0,0.0
2026-03-02 10:18:00,230.1,150.3,0.0,0.0,0.0
2026-03-02 10:19:00,221.2,147.3,0.0,0.0,0.0
2026-03-02 10:20:00,219.8,141.9,0.0,0.0,0.0
2026-03-02 10:21:00,230.2,153.8,0.0,0.0,0.0
2026-03-02 10:22:00,228.8,145.0,0.0,0.0,0.0
2026-03-02 10:23:00,227.0,149.0,0.0,0.0,0.0
2026-03-02 10:24:00,229.4,153.8,0.0,0.0,0.0
2026-03-02 10:25:00,229.9,150.2,0.0,0.0,0.0
2026-03-02 10:26:00,252.1,163.8,0.0,0.0,0.0
2026-03-02 10:27:00,219.3,143.1,0.0,0.0,0.0
2026-03-02 10:28:00,227.9,146.4,0.0,0.0,0.0
2026-03-02 10:29:00,230.7,150.5,0.0,0.0,0.0
2026-03-02 10:30:00,245.9,156.9,0.0,0.0,0.0
2026-03-02 10:31:00,228.9,148.8,0.0,0.0,0.0
2026-03-02 10:32:00,227.2,142.9,0.0,0.0,0.0
2026-03-02 10:33:00,229.3,155.8,0.0,0.0,0.0
2026-03-02 10:34:00,229.0,145.5,0.0,0.0,0.0
2026-03-02 10:35:00,66.7,0.0,0.0,0.0,0.0
2026-03-02 10:36:00,79.8,0.0,0.0,0.0,0.0
2026-03-02 10:37:00,72.2,0.0,0.0,0.0,0.0
2026-03-02 10:38:00,82.2,0.0,0.0,0.0,0.0
2026-03-02 10:39:00,73.7,0.0,0.0,0.0,0.0
2026-03-02 10:40:00,78.8,0.0,0.0,0.0,0.0
2026-03-02 10:41:00,71.4,0.0,0.0,0.0,0.0
2026-03-02 10:42:00,87.5,0.0,0.0,0.0,0.0
2026-03-02 10:43:00,85.4,0.0,0.0,0.0,0.0
2026-03-02 10:44:00,77.9,0.0,0.0,0.0,0.0
2026-03-02 10:45:00,79.9,0.0,0.0,0.0,0.0
2026-03-02 10:46:00,84.3,0.0,0.0,0.0,0.0
2026-03-02 10:47:00,81.8,0.0,0.0,0.0,0.0
2026-03-02 10:48:00,72.0,0.0,0.0,0.0,0.0
2026-03-02 10:49:00,82.5,0.0,0.0,0.0,0.0
2026-03-02 10:50:00,72.2,0.0,0.0,0.0,0.0
2026-03-02 10:51:00,74.2,0.0,0.0,0.0,0.0
2026-03-02 10:52:00,78.8,0.0,0.0,0.0,0.0
2026-03-02 10:53:00,70.1,0.0,0.0,0.0,0.0
2026-03-02 10:54:00,78.6,0.0,0.0,0.0,0.0
2026-03-02 10:55:00,83.4,0.0,0.0,0.0,0.0
2026-03-02 10:56:00,75.1,0.0,0.0,0.0,0.0
2026-03-02 10:57:00,77.6,0.0,0.0,0.0,0.0
2026-03-02 10:58:00,73.9,0.0,0.0,0.0,0.0
2026-03-02 10:59:00,69.8,0.0,0.0,0.0,0.0
2026-03-02 11:00:00,228.8,145.5,0.0,0.0,0.0
2026-03-02 11:01:00,224.6,147.3,0.0,0.0,0.0
2026-03-02 11:02:00,232.6,156.1,0.0,0.0,0.0
2026-03-02 11:03:00,219.9,148.6,0.0,0.0,0.0
2026-03-02 11:04:00,237.1,151.4,0.0,0.0,0.0
2026-03-02 11:05:00,229.0,150.7,0.0,0.0,0.0
2026-03-02 11:06:00,235.4,144.4,0.0,0.0,0.0
2026-03-02 11:07:00,231.3,157.6,0.0,0.0,0.0
2026-03-02 11:08:00,224.8,140.1,0.0,0.0,0.0
2026-03-02 11:09:00,226.8,151.1,0.0,0.0,0.0
2026-03-02 11:10:00,226.9,149.6,0.0,0.0,0.0
2026-03-02 11:11:00,219.7,141.9,0.0,0.0,0.0
2026-03-02 11:12:00,226.8,151.7,0.0,0.0,0.0
2026-03-02 11:13:00,231.5,152.6,0.0,0.0,0.0
2026-03-02 11:14:00,234.3,150.3,0.0,0.0,0.0
2026-03-02 11:15:00,233.5,145.9,0.0,0.0,0.0
2026-03-02 11:16:00,238.6,152.3,0.0,0.0,0.0
2026-03-02 11:17:00,237.3,155.6,0.0,0.0,0.0
2026-03-02 11:18:00,236.1,151.1,0.0,0.0,0.0
2026-03-02 11:19:00,238.0,158.6,0.0,0.0,0.0
2026-03-02 11:20:00,240.0,154.3,0.0,0.0,0.0
2026-03-02 11:21:00,231.2,153.9,0.0,0.0,0.0
2026-03-02 11:22:00,238.3,157.0,0.0,0.0,0.0
2026-03-02 11:23:00,223.6,146.7,0.0,0.0,0.0
2026-03-02 11:24:00,232.3,147.4,0.0,0.0,0.0
2026-03-02 11:25:00,236.6,152.6,0.0,0.0,0.0
2026-03-02 11:26:00,225.2,152.6,0.0,0.0,0.0
2026-03-02 11:27:00,229.7,157.6,0.0,0.0,0.0
2026-03-02 11:28:00,242.1,155.8,0.0,0.0,0.0
2026-03-02 11:29:00,232.3,150.9,0.0,0.0,0.0
2026-03-02 11:30:00,233.2,151.1,0.0,0.0,0.0
2026-03-02 11:31:00,230.4,148.7,0.0,0.0,0.0
2026-03-02 11:32:00,221.7,148.2,0.0,0.0,0.0
2026-03-02 11:33:00,233.1,147.8,0.0,0.0,0.0
2026-03-02 11:34:00,239.3,154.6,0.0,0.0,0.0
2026-03-02 11:35:00,87.9,0.0,0.0,0.0,0.0
2026-03-02 11:36:00,70.4,0.0,0.0,0.0,0.0
2026-03-02 11:37:00,74.2,0.0,0.0,0.0,0.0
2026-03-02 11:38:00,78.4,0.0,0.0,0.0,0.0
2026-03-02 11:39:00,87.6,0.0,0.0,0.0,0.0
2026-03-02 11:40:00,74.9,0.0,0.0,0.0,0.0
2026-03-02 11:41:00,78.0,0.0,0.0,0.0,0.0
2026-03-02 11:42:00,76.9,0.0,0.0,0.0,0.0
2026-03-02 11:43:00,75.1,0.0,0.0,0.0,0.0
2026-03-02 11:44:00,85.2,0.0,0.0,0.0,0.0
2026-03-02 11:45:00,71.7,0.0,0.0,0.0,0.0
2026-03-02 11:46:00,73.1,0.0,0.0,0.0,0.0
2026-03-02 11:47:00,69.0,0.0,0.0,0.0,0.0
2026-03-02 11:48:00,79.8,0.0,0.0,0.0,0.0
2026-03-02 11:49:00,81.1,0.0,0.0,0.0,0.0
2026-03-02 11:50:00,84.3,0.0,0.0,0.0,0.0
2026-03-02 11:51:00,85.0,0.0,0.0,0.0,0.0
2026-03-02 11:52:00,78.1,0.0,0.0,0.0,0.0
2026-03-02 11:53:00,75.1,0.0,0.0,0.0,0.0
2026-03-02 11:54:00,88.5,0.0,0.0,0.0,0.0
2026-03-02 11:55:00,83.7,0.0,0.0,0.0,0.0
2026-03-02 11:56:00,74.4,0.0,0.0,0.0,0.0
2026-03-02 11:57:00,82.5,0.0,0.0,0.0,0.0
2026-03-02 11:58:00,86.0,0.0,0.0,0.0,0.0
2026-03-02 11:59:00,69.1,0.0,0.0,0.0,0.0
2026-03-02 12:00:00,241.4,162.2,0.0,0.0,0.0
2026-03-02 12:01:00,232.8,151.5,0.0,0.0,0.0
2026-03-02 12:02:00,233.4,149.9,0.0,0.0,0.0
2026-03-02 12:03:00,245.8,152.1,0.0,0.0,0.0
2026-03-02 12:04:00,1006.9,148.7,0.0,784.2,0.0
2026-03-02 12:05:00,1053.2,151.8,0.0,819.2,0.0
2026-03-02 12:06:00,1027.9,151.5,0.0,806.3,0.0
2026-03-02 12:07:00,1049.1,147.4,0.0,816.9,0.0
2026-03-02 12:08:00,1033.8,149.4,0.0,799.4,0.0
2026-03-02 12:09:00,1003.8,152.3,0.0,786.2,0.0
2026-03-02 12:10:00,1045.9,152.6,0.0,807.5,0.0
2026-03-02 12:11:00,1024.3,153.6,0.0,797.9,0.0
2026-03-02 12:12:00,1035.3,154.6,0.0,804.5,0.0
2026-03-02 12:13:00,1020.9,151.9,0.0,781.9,0.0
2026-03-02 12:14:00,1019.2,153.3,0.0,798.3,0.0
2026-03-02 12:15:00,1025.4,148.8,0.0,793.7,0.0
2026-03-02 12:16:00,1010.9,149.4,0.0,782.4,0.0
2026-03-02 12:17:00,1047.6,155.8,0.0,817.5,0.0
2026-03-02 12:18:00,1020.9,140.8,0.0,804.6,0.0
2026-03-02 12:19:00,1014.0,152.5,0.0,785.5,0.0
2026-03-02 12:20:00,1053.2,166.4,0.0,813.1,0.0
2026-03-02 12:21:00,1013.2,141.3,0.0,792.8,0.0
2026-03-02 12:22:00,1029.2,158.1,0.0,795.0,0.0
2026-03-02 12:23:00,1032.7,141.8,0.0,811.7,0.0
2026-03-02 12:24:00,1442.3,152.3,0.0,1211.0,0.0
2026-03-02 12:25:00,1443.7,158.6,0.0,1201.7,0.0
2026-03-02 12:26:00,1456.3,157.9,0.0,1220.6,0.0
2026-03-02 12:27:00,1422.1,145.9,0.0,1198.5,0.0
2026-03-02 12:28:00,1409.1,143.9,0.0,1191.2,0.0
2026-03-02 12:29:00,1025.6,143.2,0.0,800.8,0.0
2026-03-02 12:30:00,1027.4,153.9,0.0,794.4,0.0
2026-03-02 12:31:00,1036.7,148.4,0.0,805.4,0.0
2026-03-02 12:32:00,1056.4,150.4,0.0,826.8,0.0
2026-03-02 12:33:00,1054.5,151.6,0.0,806.4,0.0
2026-03-02 12:34:00,1040.8,152.3,0.0,802.3,0.0
2026-03-02 12:35:00,873.4,0.0,0.0,793.3,0.0
2026-03-02 12:36:00,873.1,0.0,0.0,788.9,0.0
2026-03-02 12:37:00,868.3,0.0,0.0,782.6,0.0
2026-03-02 12:38:00,883.9,0.0,0.0,801.1,0.0
2026-03-02 12:39:00,869.6,0.0,0.0,795.1,0.0
2026-03-02 12:40:00,876.4,0.0,0.0,802.6,0.0
2026-03-02 12:41:00,891.9,0.0,0.0,806.9,0.0
2026-03-02 12:42:00,867.9,0.0,0.0,791.4,0.0
2026-03-02 12:43:00,876.2,0.0,0.0,795.9,0.0
2026-03-02 12:44:00,877.2,0.0,0.0,807.0,0.0
2026-03-02 12:45:00,893.7,0.0,0.0,815.1,0.0
2026-03-02 12:46:00,886.8,0.0,0.0,812.2,0.0
2026-03-02 12:47:00,879.8,0.0,0.0,787.0,0.0
2026-03-02 12:48:00,854.8,0.0,0.0,778.2,0.0
2026-03-02 12:49:00,87.0,0.0,0.0,0.0,0.0
2026-03-02 12:50:00,69.8,0.0,0.0,0.0,0.0
2026-03-02 12:51:00,82.0,0.0,0.0,0.0,0.0
2026-03-02 12:52:00,73.4,0.0,0.0,0.0,0.0
2026-03-02 12:53:00,73.9,0.0,0.0,0.0,0.0
2026-03-02 12:54:00,75.5,0.0,0.0,0.0,0.0
2026-03-02 12:55:00,83.9,0.0,0.0,0.0,0.0
2026-03-02 12:56:00,83.5,0.0,0.0,0.0,0.0
2026-03-02 12:57:00,75.3,0.0,0.0,0.0,0.0
2026-03-02 12:58:00,84.1,0.0,0.0,0.0,0.0
2026-03-02 12:59:00,65.6,0.0,0.0,0.0,0.0
2026-03-02 13:00:00,224.9,151.0,0.0,0.0,0.0
2026-03-02 13:01:00,236.7,144.1,0.0,0.0,0.0
2026-03-02 13:02:00,214.5,137.9,0.0,0.0,0.0
2026-03-02 13:03:00,214.5,141.8,0.0,0.0,0.0
2026-03-02 13:04:00,238.5,152.1,0.0,0.0,0.0
2026-03-02 13:05:00,241.1,153.5,0.0,0.0,0.0
2026-03-02 13:06:00,236.3,153.1,0.0,0.0,0.0
2026-03-02 13:07:00,234.5,152.1,0.0,0.0,0.0
2026-03-02 13:08:00,221.3,144.0,0.0,0.0,0.0
2026-03-02 13:09:00,239.1,153.6,0.0,0.0,0.0
2026-03-02 13:10:00,228.4,155.9,0.0,0.0,0.0
2026-03-02 13:11:00,230.0,146.7,0.0,0.0,0.0
2026-03-02 13:12:00,242.1,154.9,0.0,0.0,0.0
2026-03-02 13:13:00,226.4,148.4,0.0,0.0,0.0
2026-03-02 13:14:00,225.3,151.1,0.0,0.0,0.0
2026-03-02 13:15:00,223.8,152.0,0.0,0.0,0.0
2026-03-02 13:16:00,219.9,142.8,0.0,0.0,0.0
2026-03-02 13:17:00,246.7,157.5,0.0,0.0,0.0
2026-03-02 13:18:00,236.8,145.9,0.0,0.0,0.0
2026-03-02 13:19:00,224.7,149.7,0.0,0.0,0.0
2026-03-02 13:20:00,226.5,147.7,0.0,0.0,0.0
2026-03-02 13:21:00,228.7,152.5,0.0,0.0,0.0
2026-03-02 13:22:00,245.5,152.4,0.0,0.0,0.0
2026-03-02 13:23:00,234.2,150.3,0.0,0.0,0.0
2026-03-02 13:24:00,233.2,157.3,0.0,0.0,0.0
2026-03-02 13:25:00,228.8,151.6,0.0,0.0,0.0
2026-03-02 13:26:00,228.1,148.2,0.0,0.0,0.0
2026-03-02 13:27:00,211.5,135.8,0.0,0.0,0.0
2026-03-02 13:28:00,230.9,148.8,0.0,0.0,0.0
2026-03-02 13:29:00,229.8,148.8,0.0,0.0,0.0
2026-03-02 13:30:00,218.3,145.8,0.0,0.0,0.0
2026-03-02 13:31:00,220.6,145.9,0.0,0.0,0.0
2026-03-02 13:32:00,236.4,153.2,0.0,0.0,0.0
2026-03-02 13:33:00,244.1,155.4,0.0,0.0,0.0
2026-03-02 13:34:00,247.4,159.7,0.0,0.0,0.0
2026-03-02 13:35:00,81.7,0.0,0.0,0.0,0.0
2026-03-02 13:36:00,83.4,0.0,0.0,0.0,0.0
2026-03-02 13:37:00,77.4,0.0,0.0,0.0,0.0
2026-03-02 13:38:00,77.5,0.0,0.0,0.0,0.0
2026-03-02 13:39:00,89.3,0.0,0.0,0.0,0.0
2026-03-02 13:40:00,82.5,0.0,0.0,0.0,0.0
2026-03-02 13:41:00,80.9,0.0,0.0,0.0,0.0
2026-03-02 13:42:00,75.8,0.0,0.0,0.0,0.0
2026-03-02 13:43:00,85.0,0.0,0.0,0.0,0.0
2026-03-02 13:44:00,78.8,0.0,0.0,0.0,0.0
2026-03-02 13:45:00,78.7,0.0,0.0,0.0,0.0
2026-03-02 13:46:00,78.4,0.0,0.0,0.0,0.0
2026-03-02 13:47:00,65.1,0.0,0.0,0.0,0.0
2026-03-02 13:48:00,84.2,0.0,0.0,0.0,0.0
2026-03-02 13:49:00,88.5,0.0,0.0,0.0,0.0
2026-03-02 13:50:00,79.3,0.0,0.0,0.0,0.0
2026-03-02 13:51:00,71.7,0.0,0.0,0.0,0.0
2026-03-02 13:52:00,87.2,0.0,0.0,0.0,0.0
2026-03-02 13:53:00,74.8,0.0,0.0,0.0,0.0
2026-03-02 13:54:00,74.5,0.0,0.0,0.0,0.0
2026-03-02 13:55:00,80.4,0.0,0.0,0.0,0.0
2026-03-02 13:56:00,87.5,0.0,0.0,0.0,0.0
2026-03-02 13:57:00,78.4,0.0,0.0,0.0,0.0
2026-03-02 13:58:00,81.0,0.0,0.0,0.0,0.0
2026-03-02 13:59:00,87.5,0.0,0.0,0.0,0.0
2026-03-02 14:00:00,247.5,157.1,0.0,0.0,0.0
2026-03-02 14:01:00,219.2,145.0,0.0,0.0,0.0
2026-03-02 14:02:00,228.5,146.9,0.0,0.0,0.0
2026-03-02 14:03:00,237.2,157.1,0.0,0.0,0.0
2026-03-02 14:04:00,238.8,152.2,0.0,0.0,0.0
2026-03-02 14:05:00,224.8,155.6,0.0,0.0,0.0
2026-03-02 14:06:00,227.9,139.0,0.0,0.0,0.0
2026-03-02 14:07:00,228.1,150.9,0.0,0.0,0.0
2026-03-02 14:08:00,232.4,143.8,0.0,0.0,0.0
2026-03-02 14:09:00,219.2,143.2,0.0,0.0,0.0
2026-03-02 14:10:00,233.7,152.3,0.0,0.0,0.0
2026-03-02 14:11:00,241.5,156.1,0.0,0.0,0.0
2026-03-02 14:12:00,208.0,142.7,0.0,0.0,0.0
2026-03-02 14:13:00,228.9,144.7,0.0,0.0,0.0
2026-03-02 14:14:00,222.7,147.3,0.0,0.0,0.0
2026-03-02 14:15:00,228.1,149.6,0.0,0.0,0.0
2026-03-02 14:16:00,227.9,143.5,0.0,0.0,0.0
2026-03-02 14:17:00,245.0,161.5,0.0,0.0,0.0
2026-03-02 14:18:00,240.9,153.1,0.0,0.0,0.0
2026-03-02 14:19:00,216.1,148.4,0.0,0.0,0.0
2026-03-02 14:20:00,219.7,147.6,0.0,0.0,0.0
2026-03-02 14:21:00,248.2,161.8,0.0,0.0,0.0
2026-03-02 14:22:00,246.8,161.4,0.0,0.0,0.0
2026-03-02 14:23:00,223.8,147.7,0.0,0.0,0.0
2026-03-02 14:24:00,229.3,151.9,0.0,0.0,0.0
2026-03-02 14:25:00,240.9,156.5,0.0,0.0,0.0
2026-03-02 14:26:00,224.2,144.2,0.0,0.0,0.0
2026-03-02 14:27:00,235.0,147.2,0.0,0.0,0.0
2026-03-02 14:28:00,225.2,156.9,0.0,0.0,0.0
2026-03-02 14:29:00,229.3,146.7,0.0,0.0,0.0
2026-03-02 14:30:00,2201.6,148.0,1977.7,0.0,0.0
2026-03-02 14:31:00,217.7,143.4,0.0,0.0,0.0
2026-03-02 14:32:00,228.0,146.3,0.0,0.0,0.0
2026-03-02 14:33:00,222.2,153.6,0.0,0.0,0.0
2026-03-02 14:34:00,2178.6,146.0,1953.3,0.0,0.0
2026-03-02 14:35:00,2028.7,0.0,1945.0,0.0,0.0
2026-03-02 14:36:00,73.3,0.0,0.0,0.0,0.0
2026-03-02 14:37:00,79.8,0.0,0.0,0.0,0.0
2026-03-02 14:38:00,83.5,0.0,0.0,0.0,0.0
2026-03-02 14:39:00,80.0,0.0,0.0,0.0,0.0
2026-03-02 14:40:00,71.3,0.0,0.0,0.0,0.0
2026-03-02 14:41:00,70.5,0.0,0.0,0.0,0.0
2026-03-02 14:42:00,2133.2,0.0,2044.7,0.0,0.0
2026-03-02 14:43:00,2102.5,0.0,2028.7,0.0,0.0
2026-03-02 14:44:00,78.3,0.0,0.0,0.0,0.0
2026-03-02 14:45:00,74.1,0.0,0.0,0.0,0.0
2026-03-02 14:46:00,83.8,0.0,0.0,0.0,0.0
2026-03-02 14:47:00,87.9,0.0,0.0,0.0,0.0
2026-03-02 14:48:00,78.9,0.0,0.0,0.0,0.0
2026-03-02 14:49:00,79.7,0.0,0.0,0.0,0.0
2026-03-02 14:50:00,77.4,0.0,0.0,0.0,0.0
2026-03-02 14:51:00,81.9,0.0,0.0,0.0,0.0
2026-03-02 14:52:00,85.9,0.0,0.0,0.0,0.0
2026-03-02 14:53:00,2071.9,0.0,2002.1,0.0,0.0
2026-03-02 14:54:00,2039.2,0.0,1957.7,0.0,0.0
2026-03-02 14:55:00,2080.9,0.0,2002.7,0.0,0.0
2026-03-02 14:56:00,2099.7,0.0,2018.2,0.0,0.0
2026-03-02 14:57:00,2110.1,0.0,2032.0,0.0,0.0
2026-03-02 14:58:00,2046.4,0.0,1964.9,0.0,0.0
2026-03-02 14:59:00,2108.8,0.0,2034.1,0.0,0.0
2026-03-02 15:00:00,2220.0,141.5,1998.4,0.0,0.0
2026-03-02 15:01:00,2231.1,151.0,1996.0,0.0,0.0
2026-03-02 15:02:00,2213.9,145.2,1988.4,0.0,0.0
2026-03-02 15:03:00,2263.1,152.4,2025.6,0.0,0.0
2026-03-02 15:04:00,2188.8,150.8,1951.1,0.0,0.0
2026-03-02 15:05:00,2255.8,142.9,2029.7,0.0,0.0
2026-03-02 15:06:00,2228.4,144.8,2004.8,0.0,0.0
2026-03-02 15:07:00,2241.1,144.3,2017.7,0.0,0.0
2026-03-02 15:08:00,2225.7,145.5,2003.6,0.0,0.0
2026-03-02 15:09:00,2255.5,149.0,2019.0,0.0,0.0
2026-03-02 15:10:00,237.9,153.4,0.0,0.0,0.0
2026-03-02 15:11:00,2201.9,156.7,1971.0,0.0,0.0
2026-03-02 15:12:00,2263.0,145.1,2034.3,0.0,0.0
2026-03-02 15:13:00,2195.9,147.1,1968.1,0.0,0.0
2026-03-02 15:14:00,2265.7,157.8,2026.9,0.0,0.0
2026-03-02 15:15:00,2252.8,154.5,2017.7,0.0,0.0
2026-03-02 15:16:00,2274.6,151.2,2046.2,0.0,0.0
2026-03-02 15:17:00,2189.8,138.1,1975.4,0.0,0.0
2026-03-02 15:18:00,2230.0,144.9,2000.1,0.0,0.0
2026-03-02 15:19:00,223.9,150.8,0.0,0.0,0.0
2026-03-02 15:20:00,2242.6,147.0,2020.5,0.0,0.0
2026-03-02 15:21:00,2251.6,160.0,2015.7,0.0,0.0
2026-03-02 15:22:00,2262.9,150.4,2025.4,0.0,0.0
2026-03-02 15:23:00,2247.6,151.4,2024.8,0.0,0.0
2026-03-02 15:24:00,2227.7,144.4,1993.4,0.0,0.0
2026-03-02 15:25:00,2198.8,144.7,1965.5,0.0,0.0
2026-03-02 15:26:00,2163.9,146.6,1947.5,0.0,0.0
2026-03-02 15:27:00,2254.3,146.8,2036.5,0.0,0.0
2026-03-02 15:28:00,2238.1,148.8,2010.8,0.0,0.0
2026-03-02 15:29:00,2213.8,151.9,1970.7,0.0,0.0
2026-03-02 15:30:00,2161.9,151.2,1944.1,0.0,0.0
2026-03-02 15:31:00,2264.0,155.0,2026.0,0.0,0.0
2026-03-02 15:32:00,2242.5,143.2,2027.7,0.0,0.0
2026-03-02 15:33:00,2191.3,151.0,1963.0,0.0,0.0
2026-03-02 15:34:00,2212.2,151.2,1975.6,0.0,0.0
2026-03-02 15:35:00,2044.8,0.0,1966.7,0.0,0.0
2026-03-02 15:36:00,2084.1,0.0,2004.8,0.0,0.0
2026-03-02 15:37:00,2100.7,0.0,2020.9,0.0,0.0
2026-03-02 15:38:00,2076.0,0.0,2001.5,0.0,0.0
2026-03-02 15:39:00,2067.3,0.0,1990.1,0.0,0.0
2026-03-02 15:40:00,2044.3,0.0,1970.4,0.0,0.0
2026-03-02 15:41:00,2066.4,0.0,1982.9,0.0,0.0
2026-03-02 15:42:00,2057.9,0.0,1977.5,0.0,0.0
2026-03-02 15:43:00,2024.1,0.0,1944.2,0.0,0.0
2026-03-02 15:44:00,2090.8,0.0,2006.0,0.0,0.0
2026-03-02 15:45:00,2067.9,0.0,1986.8,0.0,0.0
2026-03-02 15:46:00,2094.9,0.0,2010.7,0.0,0.0
2026-03-02 15:47:00,2114.2,0.0,2035.5,0.0,0.0
2026-03-02 15:48:00,2043.9,0.0,1969.7,0.0,0.0
2026-03-02 15:49:00,2082.9,0.0,2013.2,0.0,0.0
2026-03-02 15:50:00,2102.3,0.0,2015.9,0.0,0.0
2026-03-02 15:51:00,2131.5,0.0,2052.0,0.0,0.0
2026-03-02 15:52:00,2070.7,0.0,1991.5,0.0,0.0
2026-03-02 15:53:00,2024.5,0.0,1946.6,0.0,0.0
2026-03-02 15:54:00,2094.3,0.0,2010.0,0.0,0.0
2026-03-02 15:55:00,2081.8,0.0,2004.2,0.0,0.0
2026-03-02 15:56:00,2060.3,0.0,1983.8,0.0,0.0
2026-03-02 15:57:00,2063.7,0.0,1987.4,0.0,0.0
2026-03-02 15:58:00,2081.5,0.0,2010.1,0.0,0.0
2026-03-02 15:59:00,2102.7,0.0,2019.1,0.0,0.0
2026-03-02 16:00:00,2298.4,156.3,2056.8,0.0,0.0
2026-03-02 16:01:00,2232.1,151.5,2002.7,0.0,0.0
2026-03-02 16:02:00,2202.4,145.2,1976.9,0.0,0.0
2026-03-02 16:03:00,2236.0,155.0,2010.5,0.0,0.0
2026-03-02 16:04:00,2249.5,149.1,2027.1,0.0,0.0
2026-03-02 16:05:00,2262.9,153.9,2030.0,0.0,0.0
2026-03-02 16:06:00,2197.4,147.2,1965.5,0.0,0.0
2026-03-02 16:07:00,2247.2,151.8,2022.8,0.0,0.0
2026-03-02 16:08:00,2215.1,141.8,1998.5,0.0,0.0
2026-03-02 16:09:00,2191.7,151.9,1964.7,0.0,0.0
2026-03-02 16:10:00,2208.3,142.3,1991.1,0.0,0.0
2026-03-02 16:11:00,2245.3,150.8,2018.3,0.0,0.0
2026-03-02 16:12:00,2227.6,137.2,2019.3,0.0,0.0
2026-03-02 16:13:00,2204.4,149.7,1970.2,0.0,0.0
2026-03-02 16:14:00,2264.7,153.6,2029.2,0.0,0.0
2026-03-02 16:15:00,2223.8,152.4,1997.2,0.0,0.0
2026-03-02 16:16:00,2232.1,156.0,1998.5,0.0,0.0
2026-03-02 16:17:00,2272.4,144.6,2056.1,0.0,0.0
2026-03-02 16:18:00,2243.6,157.9,2013.8,0.0,0.0
2026-03-02 16:19:00,2242.1,158.1,2010.3,0.0,0.0
2026-03-02 16:20:00,2224.9,143.9,2002.9,0.0,0.0
2026-03-02 16:21:00,2262.1,146.0,2033.6,0.0,0.0
2026-03-02 16:22:00,2207.9,147.1,1977.8,0.0,0.0
2026-03-02 16:23:00,2216.8,149.9,1995.2,0.0,0.0
2026-03-02 16:24:00,2234.4,150.9,2005.9,0.0,0.0
2026-03-02 16:25:00,2262.4,137.5,2041.4,0.0,0.0
2026-03-02 16:26:00,2242.7,153.0,2016.6,0.0,0.0
2026-03-02 16:27:00,2226.1,148.7,2001.9,0.0,0.0
2026-03-02 16:28:00,2215.1,144.8,1984.8,0.0,0.0
2026-03-02 16:29:00,2234.6,154.8,2010.6,0.0,0.0
2026-03-02 16:30:00,2224.7,148.2,1992.2,0.0,0.0
2026-03-02 16:31:00,2249.7,155.7,2012.7,0.0,0.0
2026-03-02 16:32:00,2249.5,152.7,2021.5,0.0,0.0
2026-03-02 16:33:00,2262.9,148.4,2041.2,0.0,0.0
2026-03-02 16:34:00,2203.3,155.9,1979.1,0.0,0.0
2026-03-02 16:35:00,2067.7,0.0,1982.2,0.0,0.0
2026-03-02 16:36:00,2106.9,0.0,2031.6,0.0,0.0
2026-03-02 16:37:00,2096.1,0.0,2012.2,0.0,0.0
2026-03-02 16:38:00,2092.0,0.0,2011.7,0.0,0.0
2026-03-02 16:39:00,2052.4,0.0,1970.3,0.0,0.0
2026-03-02 16:40:00,2067.1,0.0,1991.1,0.0,0.0
2026-03-02 16:41:00,2083.8,0.0,2013.7,0.0,0.0
2026-03-02 16:42:00,2044.9,0.0,1968.4,0.0,0.0
2026-03-02 16:43:00,2127.5,0.0,2038.3,0.0,0.0
2026-03-02 16:44:00,2092.5,0.0,2007.3,0.0,0.0
2026-03-02 16:45:00,2113.6,0.0,2031.6,0.0,0.0
2026-03-02 16:46:00,2122.6,0.0,2043.7,0.0,0.0
2026-03-02 16:47:00,2072.8,0.0,2002.2,0.0,0.0
2026-03-02 16:48:00,2118.5,0.0,2030.4,0.0,0.0
2026-03-02 16:49:00,2034.0,0.0,1948.2,0.0,0.0
2026-03-02 16:50:00,2070.9,0.0,1994.7,0.0,0.0
2026-03-02 16:51:00,2088.8,0.0,2010.2,0.0,0.0
2026-03-02 16:52:00,2065.0,0.0,1990.7,0.0,0.0
2026-03-02 16:53:00,2097.9,0.0,2026.8,0.0,0.0
2026-03-02 16:54:00,2017.7,0.0,1941.6,0.0,0.0
2026-03-02 16:55:00,2014.4,0.0,1931.8,0.0,0.0
2026-03-02 16:56:00,2101.3,0.0,2019.4,0.0,0.0
2026-03-02 16:57:00,2064.9,0.0,1983.1,0.0,0.0
2026-03-02 16:58:00,2078.8,0.0,2003.4,0.0,0.0
2026-03-02 16:59:00,2078.4,0.0,1993.8,0.0,0.0
2026-03-02 17:00:00,2267.4,148.2,2039.8,0.0,0.0
2026-03-02 17:01:00,2219.6,155.7,1981.6,0.0,0.0
2026-03-02 17:02:00,2194.2,141.2,1974.4,0.0,0.0
2026-03-02 17:03:00,2159.2,152.8,1930.3,0.0,0.0
2026-03-02 17:04:00,2191.3,144.4,1967.6,0.0,0.0
2026-03-02 17:05:00,2217.5,146.0,1993.6,0.0,0.0
2026-03-02 17:06:00,2207.5,146.5,1988.2,0.0,0.0
2026-03-02 17:07:00,2271.4,150.6,2046.7,0.0,0.0
2026-03-02 17:08:00,2188.5,150.5,1951.6,0.0,0.0
2026-03-02 17:09:00,2262.7,151.5,2027.0,0.0,0.0
2026-03-02 17:10:00,2232.8,151.0,2001.2,0.0,0.0
2026-03-02 17:11:00,2253.5,157.0,2019.4,0.0,0.0
2026-03-02 17:12:00,2244.7,158.5,2003.0,0.0,0.0
2026-03-02 17:13:00,2249.7,153.5,2026.7,0.0,0.0
2026-03-02 17:14:00,2233.2,153.8,1992.9,0.0,0.0
2026-03-02 17:15:00,2201.2,148.1,1976.6,0.0,0.0
2026-03-02 17:16:00,2231.7,144.4,2009.1,0.0,0.0
2026-03-02 17:17:00,2209.3,153.0,1979.3,0.0,0.0
2026-03-02 17:18:00,2264.9,150.2,2032.2,0.0,0.0
2026-03-02 17:19:00,2207.9,154.3,1968.6,0.0,0.0
2026-03-02 17:20:00,2218.0,140.8,1992.0,0.0,0.0
2026-03-02 17:21:00,2233.6,163.5,1986.6,0.0,0.0
2026-03-02 17:22:00,2204.6,143.6,1983.5,0.0,0.0
2026-03-02 17:23:00,2198.0,150.2,1978.1,0.0,0.0
2026-03-02 17:24:00,2188.3,155.0,1951.9,0.0,0.0
2026-03-02 17:25:00,2243.4,143.0,2021.3,0.0,0.0
2026-03-02 17:26:00,2272.4,147.2,2038.7,0.0,0.0
2026-03-02 17:27:00,2181.6,139.8,1967.4,0.0,0.0
2026-03-02 17:28:00,2204.4,142.8,1977.4,0.0,0.0
2026-03-02 17:29:00,2175.7,140.2,1960.5,0.0,0.0
2026-03-02 17:30:00,2259.9,150.5,2036.9,0.0,0.0
2026-03-02 17:31:00,2212.8,151.5,1968.4,0.0,0.0
2026-03-02 17:32:00,2258.4,148.4,2022.3,0.0,0.0
2026-03-02 17:33:00,2233.9,156.4,2003.5,0.0,0.0
2026-03-02 17:34:00,2216.6,157.0,1980.5,0.0,0.0
2026-03-02 17:35:00,2086.8,0.0,2002.4,0.0,0.0
2026-03-02 17:36:00,2076.8,0.0,1990.0,0.0,0.0
2026-03-02 17:37:00,2097.0,0.0,2016.4,0.0,0.0
2026-03-02 17:38:00,2101.9,0.0,2027.7,0.0,0.0
2026-03-02 17:39:00,2050.4,0.0,1970.7,0.0,0.0
2026-03-02 17:40:00,2062.8,0.0,1982.2,0.0,0.0
2026-03-02 17:41:00,2097.4,0.0,2012.4,0.0,0.0
2026-03-02 17:42:00,2003.2,0.0,1929.3,0.0,0.0
2026-03-02 17:43:00,2132.4,0.0,2055.8,0.0,0.0
2026-03-02 17:44:00,2097.5,0.0,2012.8,0.0,0.0
2026-03-02 17:45:00,2059.6,0.0,1987.4,0.0,0.0
2026-03-02 17:46:00,2064.8,0.0,1982.2,0.0,0.0
2026-03-02 17:47:00,2028.5,0.0,1953.6,0.0,0.0
2026-03-02 17:48:00,2035.1,0.0,1960.2,0.0,0.0
2026-03-02 17:49:00,2086.1,0.0,2008.3,0.0,0.0
2026-03-02 17:50:00,2067.9,0.0,1991.0,0.0,0.0
2026-03-02 17:51:00,2073.8,0.0,1995.6,0.0,0.0
2026-03-02 17:52:00,2054.7,0.0,1972.1,0.0,0.0
2026-03-02 17:53:00,2089.9,0.0,2014.5,0.0,0.0
2026-03-02 17:54:00,2046.4,0.0,1965.3,0.0,0.0
2026-03-02 17:55:00,2046.1,0.0,1973.7,0.0,0.0
2026-03-02 17:56:00,2115.2,0.0,2020.9,0.0,0.0
2026-03-02 17:57:00,2077.3,0.0,1990.8,0.0,0.0
2026-03-02 17:58:00,2078.4,0.0,1999.1,0.0,0.0
2026-03-02 17:59:00,2089.3,0.0,2010.1,0.0,0.0
2026-03-02 18:00:00,2335.0,145.4,1994.3,0.0,117.1
2026-03-02 18:01:00,2334.0,144.9,1994.3,0.0,121.6
2026-03-02 18:02:00,2194.8,158.5,1955.6,0.0,0.0
2026-03-02 18:03:00,2399.7,151.5,2047.7,0.0,123.5
2026-03-02 18:04:00,2292.7,151.9,1953.1,0.0,115.0
2026-03-02 18:05:00,2296.9,150.9,1951.3,0.0,120.8
2026-03-02 18:06:00,2331.0,147.4,1986.7,0.0,116.5
2026-03-02 18:07:00,2321.7,146.3,1961.8,0.0,126.6
2026-03-02 18:08:00,2338.4,154.3,1990.1,0.0,113.0
2026-03-02 18:09:00,2403.1,148.1,2048.0,0.0,122.8
2026-03-02 18:10:00,2344.7,158.0,1987.7,0.0,116.5
2026-03-02 18:11:00,2373.5,151.0,2015.8,0.0,118.4
2026-03-02 18:12:00,2248.4,150.5,2030.6,0.0,0.0
2026-03-02 18:13:00,2234.6,148.9,1999.0,0.0,0.0
2026-03-02 18:14:00,2332.4,149.6,1992.2,0.0,113.7
2026-03-02 18:15:00,2227.1,150.2,1995.1,0.0,0.0
2026-03-02 18:16:00,2311.0,157.7,1962.2,0.0,118.9
2026-03-02 18:17:00,2294.5,161.8,1922.4,0.0,123.3
2026-03-02 18:18:00,2202.9,144.2,1959.9,0.0,0.0
2026-03-02 18:19:00,2330.0,151.3,1981.7,0.0,126.0
2026-03-02 18:20:00,2348.8,153.6,1998.6,0.0,119.4
2026-03-02 18:21:00,2225.7,145.5,1994.8,0.0,0.0
2026-03-02 18:22:00,2332.8,146.8,1991.1,0.0,124.3
2026-03-02 18:23:00,2166.6,147.7,1943.8,0.0,0.0
2026-03-02 18:24:00,2213.3,137.9,1996.4,0.0,0.0
2026-03-02 18:25:00,2313.5,153.3,2071.4,0.0,0.0
2026-03-02 18:26:00,2232.0,149.8,1991.7,0.0,0.0
2026-03-02 18:27:00,2257.0,149.6,2034.3,0.0,0.0
2026-03-02 18:28:00,2387.7,150.4,2038.1,0.0,112.9
2026-03-02 18:29:00,2228.5,151.3,1997.3,0.0,0.0
2026-03-02 18:30:00,2233.0,161.7,1993.3,0.0,0.0
2026-03-02 18:31:00,2213.8,151.0,1982.0,0.0,0.0
2026-03-02 18:32:00,2336.6,154.2,1968.7,0.0,127.4
2026-03-02 18:33:00,2179.0,147.4,1950.8,0.0,0.0
2026-03-02 18:34:00,2400.7,151.8,2059.4,0.0,118.1
2026-03-02 18:35:00,2172.0,0.0,1981.2,0.0,118.9
2026-03-02 18:36:00,2208.0,0.0,2016.7,0.0,114.6
2026-03-02 18:37:00,2112.8,0.0,2032.0,0.0,0.0
2026-03-02 18:38:00,2015.5,0.0,1941.8,0.0,0.0
2026-03-02 18:39:00,2223.5,0.0,2011.9,0.0,126.7
2026-03-02 18:40:00,2179.1,0.0,1983.6,0.0,118.2
2026-03-02 18:41:00,2187.0,0.0,2004.1,0.0,116.4
2026-03-02 18:42:00,2218.6,0.0,2020.8,0.0,110.0
2026-03-02 18:43:00,2248.7,0.0,2033.1,0.0,124.0
2026-03-02 18:44:00,2047.8,0.0,1978.6,0.0,0.0
2026-03-02 18:45:00,2196.5,0.0,2005.2,0.0,121.3
2026-03-02 18:46:00,2054.0,0.0,1976.4,0.0,0.0
2026-03-02 18:47:00,2211.0,0.0,2016.9,0.0,114.0
2026-03-02 18:48:00,2183.4,0.0,1976.0,0.0,121.9
2026-03-02 18:49:00,2078.0,0.0,1992.7,0.0,0.0
2026-03-02 18:50:00,2144.8,0.0,2061.5,0.0,0.0
2026-03-02 18:51:00,2256.2,0.0,2048.8,0.0,126.8
2026-03-02 18:52:00,2161.4,0.0,1962.1,0.0,122.4
2026-03-02 18:53:00,2042.5,0.0,1968.0,0.0,0.0
2026-03-02 18:54:00,2143.5,0.0,1944.1,0.0,122.1
2026-03-02 18:55:00,2188.7,0.0,1992.5,0.0,125.1
2026-03-02 18:56:00,2264.6,0.0,2054.1,0.0,122.2
2026-03-02 18:57:00,2134.9,0.0,1942.0,0.0,120.5
2026-03-02 18:58:00,2081.8,0.0,2005.0,0.0,0.0
2026-03-02 18:59:00,2226.1,0.0,2040.1,0.0,113.1
2026-03-02 19:00:00,2337.4,163.9,1971.7,0.0,126.1
2026-03-02 19:01:00,2306.7,147.2,1965.9,0.0,114.9
2026-03-02 19:02:00,2329.2,139.9,1986.9,0.0,122.9
2026-03-02 19:03:00,2263.4,146.8,2035.3,0.0,0.0
2026-03-02 19:04:00,2237.9,142.2,2012.2,0.0,0.0
2026-03-02 19:05:00,2248.5,147.3,2015.7,0.0,0.0
2026-03-02 19:06:00,2230.7,150.2,1997.8,0.0,0.0
2026-03-02 19:07:00,2207.7,145.3,1986.5,0.0,0.0
2026-03-02 19:08:00,2214.7,146.7,1979.6,0.0,0.0
2026-03-02 19:09:00,2264.2,140.8,2042.4,0.0,0.0
2026-03-02 19:10:00,2352.8,151.1,1995.8,0.0,126.4
2026-03-02 19:11:00,2226.4,146.4,2000.8,0.0,0.0
2026-03-02 19:12:00,2373.5,155.6,2009.3,0.0,125.8
2026-03-02 19:13:00,2404.0,155.4,2046.4,0.0,113.8
2026-03-02 19:14:00,2313.5,145.8,1972.4,0.0,116.4
2026-03-02 19:15:00,2342.8,148.3,1982.6,0.0,120.6
2026-03-02 19:16:00,2332.0,150.4,1977.7,0.0,117.1
2026-03-02 19:17:00,2273.4,154.0,2044.2,0.0,0.0
2026-03-02 19:18:00,2376.0,141.8,2038.4,0.0,107.6
2026-03-02 19:19:00,2244.6,149.8,2021.0,0.0,0.0
2026-03-02 19:20:00,2197.3,159.5,1962.6,0.0,0.0
2026-03-02 19:21:00,2342.3,149.7,1997.9,0.0,116.6
2026-03-02 19:22:00,2211.0,151.3,1978.6,0.0,0.0
2026-03-02 19:23:00,2348.9,150.2,1997.0,0.0,122.7
2026-03-02 19:24:00,2360.3,144.2,2009.9,0.0,122.4
2026-03-02 19:25:00,2355.0,155.0,2007.4,0.0,117.5
2026-03-02 19:26:00,2203.6,151.5,1980.6,0.0,0.0
2026-03-02 19:27:00,2184.3,151.0,1953.0,0.0,0.0
2026-03-02 19:28:00,2195.0,153.8,1958.8,0.0,0.0
2026-03-02 19:29:00,2354.9,154.1,2001.5,0.0,119.7
2026-03-02 19:30:00,2216.2,140.7,1986.4,0.0,0.0
2026-03-02 19:31:00,2362.6,152.6,2012.7,0.0,128.2
2026-03-02 19:32:00,2312.8,147.3,1972.6,0.0,106.4
2026-03-02 19:33:00,2391.1,151.0,2033.2,0.0,117.0
2026-03-02 19:34:00,2333.5,146.6,1982.9,0.0,122.0
2026-03-02 19:35:00,2094.8,0.0,2005.3,0.0,0.0
2026-03-02 19:36:00,2246.7,0.0,2040.3,0.0,114.8
2026-03-02 19:37:00,2085.5,0.0,2008.5,0.0,0.0
2026-03-02 19:38:00,2236.4,0.0,2033.1,0.0,119.7
2026-03-02 19:39:00,2140.3,0.0,1933.5,0.0,122.5
2026-03-02 19:40:00,2128.7,0.0,2063.5,0.0,0.0
2026-03-02 19:41:00,2094.1,0.0,2011.2,0.0,0.0
2026-03-02 19:42:00,2240.4,0.0,2041.0,0.0,112.9
2026-03-02 19:43:00,2029.8,0.0,1949.1,0.0,0.0
2026-03-02 19:44:00,2084.9,0.0,2000.2,0.0,0.0
2026-03-02 19:45:00,2075.8,0.0,1996.1,0.0,0.0
2026-03-02 19:46:00,2201.6,0.0,1992.2,0.0,122.1
2026-03-02 19:47:00,2222.7,0.0,2021.5,0.0,125.5
2026-03-02 19:48:00,2191.5,0.0,1982.4,0.0,125.4
2026-03-02 19:49:00,2264.1,0.0,2072.9,0.0,115.8
2026-03-02 19:50:00,2124.7,0.0,2040.5,0.0,0.0
2026-03-02 19:51:00,2086.3,0.0,2003.7,0.0,0.0
2026-03-02 19:52:00,2195.7,0.0,2004.9,0.0,112.0
2026-03-02 19:53:00,2107.6,0.0,2022.8,0.0,0.0
2026-03-02 19:54:00,2212.3,0.0,2022.3,0.0,114.9
2026-03-02 19:55:00,2061.6,0.0,1974.5,0.0,0.0
2026-03-02 19:56:00,2163.8,0.0,1962.3,0.0,125.9
2026-03-02 19:57:00,2220.8,0.0,2016.1,0.0,119.4
2026-03-02 19:58:00,2175.3,0.0,1961.1,0.0,129.2
2026-03-02 19:59:00,2101.4,0.0,2032.9,0.0,0.0
2026-03-02 20:00:00,2240.2,150.3,2007.9,0.0,0.0
2026-03-02 20:01:00,2349.4,159.5,1984.8,0.0,124.2
2026-03-02 20:02:00,2394.0,162.8,2028.3,0.0,130.1
2026-03-02 20:03:00,2376.1,150.2,2032.3,0.0,119.7
2026-03-02 20:04:00,2346.3,152.3,1988.1,0.0,130.7
2026-03-02 20:05:00,2314.8,154.8,1954.7,0.0,116.7
2026-03-02 20:06:00,2388.2,156.2,2028.2,0.0,116.6
2026-03-02 20:07:00,2326.1,148.8,1983.1,0.0,117.0
2026-03-02 20:08:00,2401.4,154.7,2045.4,0.0,117.9
2026-03-02 20:09:00,2204.9,147.0,1981.3,0.0,0.0
2026-03-02 20:10:00,2352.4,137.1,2026.9,0.0,112.1
2026-03-02 20:11:00,2176.0,143.6,1952.6,0.0,0.0
2026-03-02 20:12:00,2363.4,151.6,2011.7,0.0,123.0
2026-03-02 20:13:00,2343.4,154.4,1992.3,0.0,119.6
2026-03-02 20:14:00,2229.8,139.2,2012.4,0.0,0.0
2026-03-02 20:15:00,2331.7,141.5,1997.2,0.0,118.3
2026-03-02 20:16:00,2328.0,150.4,1992.9,0.0,115.5
2026-03-02 20:17:00,2348.6,133.6,2028.9,0.0,112.7
2026-03-02 20:18:00,2280.4,153.3,1928.7,0.0,118.3
2026-03-02 20:19:00,2390.0,155.7,2023.6,0.0,122.8
2026-03-02 20:20:00,2386.1,135.6,2038.5,0.0,130.6
2026-03-02 20:21:00,2393.1,154.4,2036.0,0.0,124.1
2026-03-02 20:22:00,2246.9,149.6,2032.7,0.0,0.0
2026-03-02 20:23:00,2250.8,157.7,2013.1,0.0,0.0
2026-03-02 20:24:00,2239.4,152.0,2010.8,0.0,0.0
2026-03-02 20:25:00,2272.4,149.4,1933.5,0.0,118.8
2026-03-02 20:26:00,2353.8,151.2,2006.5,0.0,121.7
2026-03-02 20:27:00,2313.7,155.3,1948.0,0.0,120.9
2026-03-02 20:28:00,2335.4,151.6,1989.8,0.0,120.7
2026-03-02 20:29:00,2237.9,150.8,2019.6,0.0,0.0
2026-03-02 20:30:00,2251.6,143.4,2036.6,0.0,0.0
2026-03-02 20:31:00,2287.0,153.1,1943.4,0.0,116.3
2026-03-02 20:32:00,2239.7,150.8,2004.2,0.0,0.0
2026-03-02 20:33:00,2357.1,159.9,1999.2,0.0,117.8
2026-03-02 20:34:00,2246.9,150.6,2018.3,0.0,0.0
2026-03-02 20:35:00,2195.7,0.0,1991.6,0.0,126.0
2026-03-02 20:36:00,2062.0,0.0,1980.2,0.0,0.0
2026-03-02 20:37:00,2085.6,0.0,2004.5,0.0,0.0
2026-03-02 20:38:00,2103.3,0.0,2014.5,0.0,0.0
2026-03-02 20:39:00,2138.3,0.0,1933.4,0.0,119.3
2026-03-02 20:40:00,2058.7,0.0,1977.8,0.0,0.0
2026-03-02 20:41:00,2152.2,0.0,1950.5,0.0,122.3
2026-03-02 20:42:00,2233.4,0.0,2021.4,0.0,126.1
2026-03-02 20:43:00,2215.4,0.0,2014.9,0.0,115.8
2026-03-02 20:44:00,2094.7,0.0,2012.2,0.0,0.0
2026-03-02 20:45:00,2172.6,0.0,1978.4,0.0,114.7
2026-03-02 20:46:00,2225.6,0.0,2022.8,0.0,117.6
2026-03-02 20:47:00,2214.4,0.0,2025.6,0.0,119.0
2026-03-02 20:48:00,2122.1,0.0,2040.3,0.0,0.0
2026-03-02 20:49:00,2233.8,0.0,2022.2,0.0,125.4
2026-03-02 20:50:00,2205.5,0.0,2003.9,0.0,118.6
2026-03-02 20:51:00,2185.3,0.0,1987.6,0.0,117.9
2026-03-02 20:52:00,2226.0,0.0,2020.2,0.0,130.6
2026-03-02 20:53:00,2201.5,0.0,1998.2,0.0,116.2
2026-03-02 20:54:00,2062.0,0.0,1992.9,0.0,0.0
2026-03-02 20:55:00,2235.6,0.0,2039.2,0.0,120.3
2026-03-02 20:56:00,2101.3,0.0,2025.8,0.0,0.0
2026-03-02 20:57:00,2118.6,0.0,2030.6,0.0,0.0
2026-03-02 20:58:00,2148.3,0.0,1956.4,0.0,114.3
2026-03-02 20:59:00,2079.6,0.0,2004.5,0.0,0.0
2026-03-02 21:00:00,2323.1,146.9,1979.3,0.0,121.9
2026-03-02 21:01:00,2215.7,150.9,1984.4,0.0,0.0
2026-03-02 21:02:00,2177.4,146.6,1949.7,0.0,0.0
2026-03-02 21:03:00,2353.0,157.1,2004.3,0.0,120.3
2026-03-02 21:04:00,2365.2,149.9,2014.0,0.0,117.7
2026-03-02 21:05:00,2256.9,155.1,2017.9,0.0,0.0
2026-03-02 21:06:00,2395.9,153.6,2048.8,0.0,117.5
2026-03-02 21:07:00,2237.5,147.9,2010.8,0.0,0.0
2026-03-02 21:08:00,2308.3,154.3,1948.5,0.0,124.0
2026-03-02 21:09:00,2350.9,155.5,1999.9,0.0,114.7
2026-03-02 21:10:00,2344.8,145.0,1997.1,0.0,126.0
2026-03-02 21:11:00,2280.0,154.3,2046.5,0.0,0.0
2026-03-02 21:12:00,2250.9,168.7,2000.4,0.0,0.0
2026-03-02 21:13:00,2226.3,149.3,2005.2,0.0,0.0
2026-03-02 21:14:00,2200.7,154.0,1964.5,0.0,0.0
2026-03-02 21:15:00,2216.8,144.1,1992.1,0.0,0.0
2026-03-02 21:16:00,2464.3,153.1,2095.9,0.0,126.4
2026-03-02 21:17:00,2211.1,147.8,1981.7,0.0,0.0
2026-03-02 21:18:00,2240.7,154.6,2000.8,0.0,0.0
2026-03-02 21:19:00,2174.5,150.5,1942.0,0.0,0.0
2026-03-02 21:20:00,2237.7,144.9,2014.4,0.0,0.0
2026-03-02 21:21:00,2304.3,156.3,1942.0,0.0,123.1
2026-03-02 21:22:00,2348.9,149.7,2002.1,0.0,117.7
2026-03-02 21:23:00,2201.2,145.7,1968.8,0.0,0.0
2026-03-02 21:24:00,2259.3,151.1,2018.7,0.0,0.0
2026-03-02 21:25:00,2228.7,145.9,2010.5,0.0,0.0
2026-03-02 21:26:00,2282.4,152.8,1929.6,0.0,119.9
2026-03-02 21:27:00,2298.4,150.5,1958.8,0.0,118.4
2026-03-02 21:28:00,2413.0,148.9,2081.2,0.0,106.3
2026-03-02 21:29:00,2225.2,154.1,1998.0,0.0,0.0
2026-03-02 21:30:00,2341.8,144.3,2002.6,0.0,114.3
2026-03-02 21:31:00,2295.5,155.7,1938.9,0.0,122.3
2026-03-02 21:32:00,2262.3,140.7,2035.8,0.0,0.0
2026-03-02 21:33:00,2387.6,158.9,2033.1,0.0,120.9
2026-03-02 21:34:00,2214.9,151.7,1984.7,0.0,0.0
2026-03-02 21:35:00,2155.0,0.0,1971.3,0.0,109.4
2026-03-02 21:36:00,2117.6,0.0,2040.9,0.0,0.0
2026-03-02 21:37:00,2193.7,0.0,2010.2,0.0,113.5
2026-03-02 21:38:00,2083.7,0.0,2002.9,0.0,0.0
2026-03-02 21:39:00,2065.3,0.0,1990.0,0.0,0.0
2026-03-02 21:40:00,2070.6,0.0,1987.7,0.0,0.0
2026-03-02 21:41:00,2101.0,0.0,2015.1,0.0,0.0
2026-03-02 21:42:00,2235.7,0.0,2038.0,0.0,115.7
2026-03-02 21:43:00,2194.0,0.0,2002.0,0.0,119.3
2026-03-02 21:44:00,2199.1,0.0,2001.7,0.0,117.3
2026-03-02 21:45:00,2190.8,0.0,1998.2,0.0,114.6
2026-03-02 21:46:00,2046.7,0.0,1969.0,0.0,0.0
2026-03-02 21:47:00,2221.8,0.0,2011.7,0.0,125.1
2026-03-02 21:48:00,2214.3,0.0,2019.5,0.0,120.9
2026-03-02 21:49:00,2069.2,0.0,1990.6,0.0,0.0
2026-03-02 21:50:00,2239.6,0.0,2037.5,0.0,122.8
2026-03-02 21:51:00,2221.6,0.0,2010.3,0.0,121.1
2026-03-02 21:52:00,2083.6,0.0,1999.0,0.0,0.0
2026-03-02 21:53:00,2087.3,0.0,2009.6,0.0,0.0
2026-03-02 21:54:00,2160.3,0.0,1980.0,0.0,113.6
2026-03-02 21:55:00,2070.8,0.0,1985.8,0.0,0.0
2026-03-02 21:56:00,2213.9,0.0,2023.6,0.0,110.7
2026-03-02 21:57:00,2072.5,0.0,1992.6,0.0,0.0
2026-03-02 21:58:00,2264.5,0.0,2058.5,0.0,123.3
2026-03-02 21:59:00,2111.5,0.0,2031.8,0.0,0.0
2026-03-02 22:00:00,2327.7,148.5,1993.7,0.0,114.4
2026-03-02 22:01:00,2421.3,150.7,2063.2,0.0,118.3
2026-03-02 22:02:00,2333.5,151.9,1989.2,0.0,113.7
2026-03-02 22:03:00,2240.9,148.1,2013.6,0.0,0.0
2026-03-02 22:04:00,2372.0,159.6,2006.7,0.0,118.2
2026-03-02 22:05:00,2247.1,147.2,2018.6,0.0,0.0
2026-03-02 22:06:00,2256.4,149.7,2024.5,0.0,0.0
2026-03-02 22:07:00,2338.4,156.3,1974.3,0.0,127.7
2026-03-02 22:08:00,2244.0,154.7,2014.5,0.0,0.0
2026-03-02 22:09:00,2289.1,150.7,2054.1,0.0,0.0
2026-03-02 22:10:00,2336.2,152.7,1977.9,0.0,122.8
2026-03-02 22:11:00,2345.1,154.9,1990.3,0.0,123.5
2026-03-02 22:12:00,2263.6,150.7,2032.6,0.0,0.0
2026-03-02 22:13:00,2260.9,154.0,2031.0,0.0,0.0
2026-03-02 22:14:00,2362.0,146.1,2013.8,0.0,123.1
2026-03-02 22:15:00,2269.2,151.1,2027.6,0.0,0.0
2026-03-02 22:16:00,2303.8,142.4,1968.3,0.0,112.6
2026-03-02 22:17:00,2339.0,146.2,1999.5,0.0,116.7
2026-03-02 22:18:00,2322.9,144.9,1995.6,0.0,107.9
2026-03-02 22:19:00,2204.4,157.1,1965.1,0.0,0.0
2026-03-02 22:20:00,2358.9,148.4,2009.0,0.0,110.3
2026-03-02 22:21:00,2353.9,152.2,2003.6,0.0,113.7
2026-03-02 22:22:00,2209.4,146.0,1988.6,0.0,0.0
2026-03-02 22:23:00,2263.1,149.7,2020.0,0.0,0.0
2026-03-02 22:24:00,2231.8,149.3,1991.5,0.0,0.0
2026-03-02 22:25:00,2309.7,146.3,1967.6,0.0,124.2
2026-03-02 22:26:00,2253.2,155.0,2023.5,0.0,0.0
2026-03-02 22:27:00,2247.0,142.2,2022.9,0.0,0.0
2026-03-02 22:28:00,2326.2,153.8,1974.3,0.0,128.1
2026-03-02 22:29:00,2226.5,164.2,1983.1,0.0,0.0
2026-03-02 22:30:00,2369.4,146.5,2011.6,0.0,123.8
2026-03-02 22:31:00,2347.8,150.8,2005.2,0.0,117.1
2026-03-02 22:32:00,2289.2,142.7,1942.2,0.0,119.8
2026-03-02 22:33:00,2311.5,150.5,1960.1,0.0,123.3
2026-03-02 22:34:00,2329.1,141.8,1982.9,0.0,119.4
2026-03-02 22:35:00,2087.6,0.0,2002.8,0.0,0.0
2026-03-02 22:36:00,2269.6,0.0,2070.2,0.0,122.2
2026-03-02 22:37:00,2254.9,0.0,2042.7,0.0,125.9
2026-03-02 22:38:00,2086.4,0.0,2010.5,0.0,0.0
2026-03-02 22:39:00,2049.7,0.0,1957.8,0.0,0.0
2026-03-02 22:40:00,2212.6,0.0,2020.0,0.0,117.3
2026-03-02 22:41:00,2099.5,0.0,2016.5,0.0,0.0
2026-03-02 22:42:00,2134.2,0.0,1929.8,0.0,128.4
2026-03-02 22:43:00,2223.9,0.0,2024.3,0.0,122.1
2026-03-02 22:44:00,2118.5,0.0,1931.2,0.0,116.2
2026-03-02 22:45:00,2220.3,0.0,2012.5,0.0,123.6
2026-03-02 22:46:00,2078.4,0.0,1998.8,0.0,0.0
2026-03-02 22:47:00,2048.1,0.0,1971.7,0.0,0.0
2026-03-02 22:48:00,2169.4,0.0,1966.7,0.0,123.3
2026-03-02 22:49:00,2207.2,0.0,2000.7,0.0,116.4
2026-03-02 22:50:00,2123.9,0.0,2042.6,0.0,0.0
2026-03-02 22:51:00,2197.7,0.0,1997.8,0.0,122.3
2026-03-02 22:52:00,2084.1,0.0,2008.2,0.0,0.0
2026-03-02 22:53:00,2194.9,0.0,1998.7,0.0,120.1
2026-03-02 22:54:00,2090.9,0.0,2017.1,0.0,0.0
2026-03-02 22:55:00,2065.7,0.0,1982.1,0.0,0.0
2026-03-02 22:56:00,2069.9,0.0,1985.4,0.0,0.0
2026-03-02 22:57:00,2160.5,0.0,1961.8,0.0,116.5
2026-03-02 22:58:00,2250.1,0.0,2048.7,0.0,127.3
2026-03-02 22:59:00,2218.7,0.0,2015.4,0.0,116.3
2026-03-02 23:00:00,2239.4,147.7,2012.3,0.0,0.0
2026-03-02 23:01:00,2229.4,147.8,2007.9,0.0,0.0
2026-03-02 23:02:00,2242.2,149.3,2005.8,0.0,0.0
2026-03-02 23:03:00,2205.7,145.8,1987.2,0.0,0.0
2026-03-02 23:04:00,2255.9,151.9,2019.7,0.0,0.0
2026-03-02 23:05:00,2221.7,150.2,1999.2,0.0,0.0
2026-03-02 23:06:00,2227.5,145.0,2016.3,0.0,0.0
2026-03-02 23:07:00,2241.0,159.5,2011.7,0.0,0.0
2026-03-02 23:08:00,2216.3,143.7,1997.6,0.0,0.0
2026-03-02 23:09:00,2218.9,154.0,1985.4,0.0,0.0
2026-03-02 23:10:00,2194.7,146.4,1965.2,0.0,0.0
2026-03-02 23:11:00,2260.9,152.1,2032.7,0.0,0.0
2026-03-02 23:12:00,2227.9,152.9,2003.0,0.0,0.0
2026-03-02 23:13:00,2239.3,154.6,2008.7,0.0,0.0
2026-03-02 23:14:00,2225.7,157.5,1987.8,0.0,0.0
2026-03-02 23:15:00,2248.5,145.9,2022.7,0.0,0.0
2026-03-02 23:16:00,2219.7,164.8,1978.4,0.0,0.0
2026-03-02 23:17:00,2242.1,152.3,2018.5,0.0,0.0
2026-03-02 23:18:00,2256.7,146.1,2034.6,0.0,0.0
2026-03-02 23:19:00,2204.6,143.4,1983.3,0.0,0.0
2026-03-02 23:20:00,2195.8,162.3,1951.2,0.0,0.0
2026-03-02 23:21:00,2272.6,158.7,2031.1,0.0,0.0
2026-03-02 23:22:00,2200.9,150.2,1964.8,0.0,0.0
2026-03-02 23:23:00,2240.4,154.2,2012.0,0.0,0.0
2026-03-02 23:24:00,2235.9,157.1,1995.6,0.0,0.0
2026-03-02 23:25:00,2179.8,150.9,1945.6,0.0,0.0
2026-03-02 23:26:00,2221.4,148.2,1992.8,0.0,0.0
2026-03-02 23:27:00,2246.0,150.2,2019.6,0.0,0.0
2026-03-02 23:28:00,2193.5,154.7,1963.6,0.0,0.0
2026-03-02 23:29:00,2245.4,150.5,2015.6,0.0,0.0
2026-03-02 23:30:00,2240.4,144.1,2025.1,0.0,0.0
2026-03-02 23:31:00,2200.1,154.2,1970.2,0.0,0.0
2026-03-02 23:32:00,2224.5,141.6,2008.6,0.0,0.0
2026-03-02 23:33:00,2242.0,146.5,2023.6,0.0,0.0
2026-03-02 23:34:00,2215.3,156.7,1983.7,0.0,0.0
2026-03-02 23:35:00,2095.7,0.0,2016.1,0.0,0.0
2026-03-02 23:36:00,2033.4,0.0,1950.0,0.0,0.0
2026-03-02 23:37:00,2098.4,0.0,2018.6,0.0,0.0
2026-03-02 23:38:00,2114.3,0.0,2025.9,0.0,0.0
2026-03-02 23:39:00,2065.1,0.0,1995.7,0.0,0.0
2026-03-02 23:40:00,2020.7,0.0,1946.3,0.0,0.0
2026-03-02 23:41:00,2063.3,0.0,1982.8,0.0,0.0
2026-03-02 23:42:00,2050.0,0.0,1971.7,0.0,0.0
2026-03-02 23:43:00,2068.8,0.0,1983.4,0.0,0.0
2026-03-02 23:44:00,2067.6,0.0,1996.5,0.0,0.0
2026-03-02 23:45:00,2096.2,0.0,2012.0,0.0,0.0
2026-03-02 23:46:00,2058.5,0.0,1984.1,0.0,0.0
2026-03-02 23:47:00,2048.3,0.0,1968.8,0.0,0.0
2026-03-02 23:48:00,2090.4,0.0,2005.5,0.0,0.0
2026-03-02 23:49:00,2061.2,0.0,1970.5,0.0,0.0
2026-03-02 23:50:00,2097.4,0.0,2012.8,0.0,0.0
2026-03-02 23:51:00,2088.8,0.0,2008.4,0.0,0.0
2026-03-02 23:52:00,2014.6,0.0,1942.3,0.0,0.0
2026-03-02 23:53:00,2043.8,0.0,1974.4,0.0,0.0
2026-03-02 23:54:00,2129.4,0.0,2058.2,0.0,0.0
2026-03-02 23:55:00,2057.7,0.0,1971.7,0.0,0.0
2026-03-02 23:56:00,2094.9,0.0,2012.5,0.0,0.0
2026-03-02 23:57:00,2108.5,0.0,2034.7,0.0,0.0
2026-03-02 23:58:00,2108.5,0.0,2024.3,0.0,0.0
2026-03-02 23:59:00,2046.6,0.0,1966.4,0.0,0.0
2026-03-03 00:00:00,2232.2,145.2,2008.6,0.0,0.0
2026-03-03 00:01:00,2240.4,156.6,2002.7,0.0,0.0
2026-03-03 00:02:00,2195.9,148.7,1972.9,0.0,0.0
2026-03-03 00:03:00,2170.3,145.2,1946.7,0.0,0.0
2026-03-03 00:04:00,2225.7,150.6,2000.8,0.0,0.0
2026-03-03 00:05:00,2210.8,145.2,1984.0,0.0,0.0
2026-03-03 00:06:00,2271.7,153.4,2043.2,0.0,0.0
2026-03-03 00:07:00,2239.6,154.7,1999.4,0.0,0.0
2026-03-03 00:08:00,2168.1,155.6,1933.6,0.0,0.0
2026-03-03 00:09:00,2199.2,144.9,1972.5,0.0,0.0
2026-03-03 00:10:00,2220.8,149.6,1974.4,0.0,0.0
2026-03-03 00:11:00,2270.3,159.8,2027.9,0.0,0.0
2026-03-03 00:12:00,2253.7,149.3,2022.5,0.0,0.0
2026-03-03 00:13:00,247.3,156.8,0.0,0.0,0.0
2026-03-03 00:14:00,2246.6,158.2,2020.2,0.0,0.0
2026-03-03 00:15:00,2227.6,143.3,2001.1,0.0,0.0
2026-03-03 00:16:00,2180.1,156.6,1948.7,0.0,0.0
2026-03-03 00:17:00,2274.6,154.2,2044.7,0.0,0.0
2026-03-03 00:18:00,2235.6,154.9,1999.8,0.0,0.0
2026-03-03 00:19:00,2212.4,159.0,1970.6,0.0,0.0
2026-03-03 00:20:00,2266.5,152.7,2036.0,0.0,0.0
2026-03-03 00:21:00,2187.2,150.8,1952.9,0.0,0.0
2026-03-03 00:22:00,2217.5,153.5,1990.1,0.0,0.0
2026-03-03 00:23:00,2218.2,148.6,1985.0,0.0,0.0
2026-03-03 00:24:00,2222.1,152.9,1986.4,0.0,0.0
2026-03-03 00:25:00,2209.5,140.1,1993.6,0.0,0.0
2026-03-03 00:26:00,232.7,159.2,0.0,0.0,0.0
2026-03-03 00:27:00,225.5,147.7,0.0,0.0,0.0
2026-03-03 00:28:00,233.1,153.1,0.0,0.0,0.0
2026-03-03 00:29:00,2202.0,152.0,1969.3,0.0,0.0
2026-03-03 00:30:00,2190.7,150.9,1955.1,0.0,0.0
2026-03-03 00:31:00,2228.1,150.9,1995.0,0.0,0.0
2026-03-03 00:32:00,2201.6,150.7,1970.3,0.0,0.0
2026-03-03 00:33:00,2276.4,142.0,2057.9,0.0,0.0
2026-03-03 00:34:00,2256.0,147.6,2028.0,0.0,0.0
2026-03-03 00:35:00,2085.3,0.0,2002.6,0.0,0.0
2026-03-03 00:36:00,2032.6,0.0,1946.7,0.0,0.0
2026-03-03 00:37:00,2108.1,0.0,2029.3,0.0,0.0
2026-03-03 00:38:00,2069.4,0.0,1989.5,0.0,0.0
2026-03-03 00:39:00,2086.1,0.0,2008.4,0.0,0.0
2026-03-03 00:40:00,2003.2,0.0,1943.3,0.0,0.0
2026-03-03 00:41:00,74.3,0.0,0.0,0.0,0.0
2026-03-03 00:42:00,84.1,0.0,0.0,0.0,0.0
2026-03-03 00:43:00,73.1,0.0,0.0,0.0,0.0
2026-03-03 00:44:00,77.8,0.0,0.0,0.0,0.0
2026-03-03 00:45:00,2098.8,0.0,2013.0,0.0,0.0
2026-03-03 00:46:00,2090.9,0.0,2019.9,0.0,0.0
2026-03-03 00:47:00,2085.7,0.0,2007.2,0.0,0.0
2026-03-03 00:48:00,2069.9,0.0,1986.3,0.0,0.0
2026-03-03 00:49:00,2036.5,0.0,1967.2,0.0,0.0
2026-03-03 00:50:00,2089.8,0.0,2018.5,0.0,0.0
2026-03-03 00:51:00,2122.2,0.0,2041.7,0.0,0.0
2026-03-03 00:52:00,78.0,0.0,0.0,0.0,0.0
2026-03-03 00:53:00,2087.2,0.0,1993.4,0.0,0.0
2026-03-03 00:54:00,2090.9,0.0,2005.8,0.0,0.0
2026-03-03 00:55:00,2041.5,0.0,1960.5,0.0,0.0
2026-03-03 00:56:00,2061.2,0.0,1982.6,0.0,0.0
2026-03-03 00:57:00,2074.7,0.0,1996.9,0.0,0.0
2026-03-03 00:58:00,2053.8,0.0,1977.1,0.0,0.0
2026-03-03 00:59:00,2060.7,0.0,1978.9,0.0,0.0
2026-03-03 01:00:00,2200.3,146.2,1970.2,0.0,0.0
2026-03-03 01:01:00,2189.7,147.4,1962.2,0.0,0.0
2026-03-03 01:02:00,2208.6,150.3,1978.1,0.0,0.0
2026-03-03 01:03:00,2245.1,154.0,2018.9,0.0,0.0
2026-03-03 01:04:00,2263.8,144.9,2034.7,0.0,0.0
2026-03-03 01:05:00,235.9,151.7,0.0,0.0,0.0
2026-03-03 01:06:00,2192.3,146.8,1964.8,0.0,0.0
2026-03-03 01:07:00,2205.1,156.3,1961.3,0.0,0.0
2026-03-03 01:08:00,223.1,143.9,0.0,0.0,0.0
2026-03-03 01:09:00,2182.2,150.7,1951.1,0.0,0.0
2026-03-03 01:10:00,223.5,153.8,0.0,0.0,0.0
2026-03-03 01:11:00,226.6,143.3,0.0,0.0,0.0
2026-03-03 01:12:00,228.2,150.7,0.0,0.0,0.0
2026-03-03 01:13:00,231.2,150.9,0.0,0.0,0.0
2026-03-03 01:14:00,218.6,146.1,0.0,0.0,0.0
2026-03-03 01:15:00,2166.1,149.1,1930.2,0.0,0.0
2026-03-03 01:16:00,229.4,155.2,0.0,0.0,0.0
2026-03-03 01:17:00,2185.1,151.4,1952.9,0.0,0.0
2026-03-03 01:18:00,2225.2,148.0,1992.5,0.0,0.0
2026-03-03 01:19:00,228.6,149.1,0.0,0.0,0.0
2026-03-03 01:20:00,230.3,152.4,0.0,0.0,0.0
2026-03-03 01:21:00,232.9,156.6,0.0,0.0,0.0
2026-03-03 01:22:00,225.0,154.2,0.0,0.0,0.0
2026-03-03 01:23:00,232.3,153.8,0.0,0.0,0.0
2026-03-03 01:24:00,238.7,158.0,0.0,0.0,0.0
2026-03-03 01:25:00,220.1,142.3,0.0,0.0,0.0
2026-03-03 01:26:00,222.3,142.8,0.0,0.0,0.0
2026-03-03 01:27:00,220.0,138.6,0.0,0.0,0.0
2026-03-03 01:28:00,232.6,154.3,0.0,0.0,0.0
2026-03-03 01:29:00,203.5,138.5,0.0,0.0,0.0
2026-03-03 01:30:00,233.4,149.9,0.0,0.0,0.0
2026-03-03 01:31:00,231.6,153.9,0.0,0.0,0.0
2026-03-03 01:32:00,220.2,143.0,0.0,0.0,0.0
2026-03-03 01:33:00,232.5,146.7,0.0,0.0,0.0
2026-03-03 01:34:00,236.4,148.7,0.0,0.0,0.0
2026-03-03 01:35:00,73.4,0.0,0.0,0.0,0.0
2026-03-03 01:36:00,82.4,0.0,0.0,0.0,0.0
2026-03-03 01:37:00,77.1,0.0,0.0,0.0,0.0
2026-03-03 01:38:00,81.4,0.0,0.0,0.0,0.0
2026-03-03 01:39:00,78.3,0.0,0.0,0.0,0.0
2026-03-03 01:40:00,86.2,0.0,0.0,0.0,0.0
2026-03-03 01:41:00,71.1,0.0,0.0,0.0,0.0
2026-03-03 01:42:00,82.0,0.0,0.0,0.0,0.0
2026-03-03 01:43:00,81.3,0.0,0.0,0.0,0.0
2026-03-03 01:44:00,91.0,0.0,0.0,0.0,0.0
2026-03-03 01:45:00,92.7,0.0,0.0,0.0,0.0
2026-03-03 01:46:00,2028.6,0.0,1951.9,0.0,0.0
2026-03-03 01:47:00,87.2,0.0,0.0,0.0,0.0
2026-03-03 01:48:00,77.6,0.0,0.0,0.0,0.0
2026-03-03 01:49:00,84.2,0.0,0.0,0.0,0.0
2026-03-03 01:50:00,82.4,0.0,0.0,0.0,0.0
2026-03-03 01:51:00,72.3,0.0,0.0,0.0,0.0
2026-03-03 01:52:00,81.5,0.0,0.0,0.0,0.0
2026-03-03 01:53:00,94.3,0.0,0.0,0.0,0.0
2026-03-03 01:54:00,68.8,0.0,0.0,0.0,0.0
2026-03-03 01:55:00,80.1,0.0,0.0,0.0,0.0
2026-03-03 01:56:00,76.9,0.0,0.0,0.0,0.0
2026-03-03 01:57:00,86.1,0.0,0.0,0.0,0.0
2026-03-03 01:58:00,82.1,0.0,0.0,0.0,0.0
2026-03-03 01:59:00,76.7,0.0,0.0,0.0,0.0
2026-03-03 02:00:00,230.1,142.9,0.0,0.0,0.0
2026-03-03 02:01:00,234.0,153.4,0.0,0.0,0.0
2026-03-03 02:02:00,231.9,148.1,0.0,0.0,0.0
2026-03-03 02:03:00,226.6,151.5,0.0,0.0,0.0
2026-03-03 02:04:00,227.3,149.2,0.0,0.0,0.0
2026-03-03 02:05:00,229.9,156.6,0.0,0.0,0.0
2026-03-03 02:06:00,233.8,156.0,0.0,0.0,0.0
2026-03-03 02:07:00,227.0,144.4,0.0,0.0,0.0
2026-03-03 02:08:00,233.8,151.4,0.0,0.0,0.0
2026-03-03 02:09:00,219.3,148.5,0.0,0.0,0.0
2026-03-03 02:10:00,220.1,143.5,0.0,0.0,0.0
2026-03-03 02:11:00,225.5,153.3,0.0,0.0,0.0
2026-03-03 02:12:00,230.2,149.3,0.0,0.0,0.0
2026-03-03 02:13:00,236.4,152.2,0.0,0.0,0.0
2026-03-03 02:14:00,250.9,162.4,0.0,0.0,0.0
2026-03-03 02:15:00,242.2,156.7,0.0,0.0,0.0
2026-03-03 02:16:00,226.3,155.5,0.0,0.0,0.0
2026-03-03 02:17:00,225.5,148.0,0.0,0.0,0.0
2026-03-03 02:18:00,241.2,144.1,0.0,0.0,0.0
2026-03-03 02:19:00,233.1,156.3,0.0,0.0,0.0
2026-03-03 02:20:00,233.6,148.5,0.0,0.0,0.0
2026-03-03 02:21:00,225.7,150.2,0.0,0.0,0.0
2026-03-03 02:22:00,222.1,148.1,0.0,0.0,0.0
2026-03-03 02:23:00,225.4,150.5,0.0,0.0,0.0
2026-03-03 02:24:00,232.8,162.1,0.0,0.0,0.0
2026-03-03 02:25:00,228.6,148.4,0.0,0.0,0.0
2026-03-03 02:26:00,226.5,148.6,0.0,0.0,0.0
2026-03-03 02:27:00,231.6,151.0,0.0,0.0,0.0
2026-03-03 02:28:00,244.2,151.4,0.0,0.0,0.0
2026-03-03 02:29:00,230.3,144.0,0.0,0.0,0.0
2026-03-03 02:30:00,220.6,141.1,0.0,0.0,0.0
2026-03-03 02:31:00,226.2,147.1,0.0,0.0,0.0
2026-03-03 02:32:00,227.2,148.9,0.0,0.0,0.0
2026-03-03 02:33:00,227.2,146.0,0.0,0.0,0.0
2026-03-03 02:34:00,217.8,145.0,0.0,0.0,0.0
2026-03-03 02:35:00,80.2,0.0,0.0,0.0,0.0
2026-03-03 02:36:00,69.9,0.0,0.0,0.0,0.0
2026-03-03 02:37:00,81.0,0.0,0.0,0.0,0.0
2026-03-03 02:38:00,75.2,0.0,0.0,0.0,0.0
2026-03-03 02:39:00,81.5,0.0,0.0,0.0,0.0
2026-03-03 02:40:00,78.2,0.0,0.0,0.0,0.0
2026-03-03 02:41:00,74.9,0.0,0.0,0.0,0.0
2026-03-03 02:42:00,71.8,0.0,0.0,0.0,0.0
2026-03-03 02:43:00,77.0,0.0,0.0,0.0,0.0
2026-03-03 02:44:00,84.2,0.0,0.0,0.0,0.0
2026-03-03 02:45:00,85.9,0.0,0.0,0.0,0.0
2026-03-03 02:46:00,77.6,0.0,0.0,0.0,0.0
2026-03-03 02:47:00,83.4,0.0,0.0,0.0,0.0
2026-03-03 02:48:00,79.8,0.0,0.0,0.0,0.0
2026-03-03 02:49:00,86.8,0.0,0.0,0.0,0.0
2026-03-03 02:50:00,79.5,0.0,0.0,0.0,0.0
2026-03-03 02:51:00,75.6,0.0,0.0,0.0,0.0
2026-03-03 02:52:00,81.6,0.0,0.0,0.0,0.0
2026-03-03 02:53:00,82.3,0.0,0.0,0.0,0.0
2026-03-03 02:54:00,79.0,0.0,0.0,0.0,0.0
2026-03-03 02:55:00,81.5,0.0,0.0,0.0,0.0
2026-03-03 02:56:00,77.6,0.0,0.0,0.0,0.0
2026-03-03 02:57:00,83.4,0.0,0.0,0.0,0.0
2026-03-03 02:58:00,76.1,0.0,0.0,0.0,0.0
2026-03-03 02:59:00,79.6,0.0,0.0,0.0,0.0
2026-03-03 03:00:00,225.9,147.3,0.0,0.0,0.0
2026-03-03 03:01:00,225.6,148.2,0.0,0.0,0.0
2026-03-03 03:02:00,239.5,148.9,0.0,0.0,0.0
2026-03-03 03:03:00,240.9,149.1,0.0,0.0,0.0
2026-03-03 03:04:00,226.2,145.1,0.0,0.0,0.0
2026-03-03 03:05:00,219.1,147.6,0.0,0.0,0.0
2026-03-03 03:06:00,231.6,150.9,0.0,0.0,0.0
2026-03-03 03:07:00,224.0,150.3,0.0,0.0,0.0
2026-03-03 03:08:00,221.6,149.9,0.0,0.0,0.0
2026-03-03 03:09:00,227.4,144.8,0.0,0.0,0.0
2026-03-03 03:10:00,223.6,147.0,0.0,0.0,0.0
2026-03-03 03:11:00,224.6,146.2,0.0,0.0,0.0
2026-03-03 03:12:00,230.8,155.0,0.0,0.0,0.0
2026-03-03 03:13:00,240.0,157.0,0.0,0.0,0.0
2026-03-03 03:14:00,224.1,151.5,0.0,0.0,0.0
2026-03-03 03:15:00,230.5,157.7,0.0,0.0,0.0
2026-03-03 03:16:00,226.7,148.3,0.0,0.0,0.0
2026-03-03 03:17:00,236.2,148.3,0.0,0.0,0.0
2026-03-03 03:18:00,220.5,143.3,0.0,0.0,0.0
2026-03-03 03:19:00,224.9,150.9,0.0,0.0,0.0
2026-03-03 03:20:00,230.5,147.5,0.0,0.0,0.0
2026-03-03 03:21:00,233.1,150.3,0.0,0.0,0.0
2026-03-03 03:22:00,233.7,152.2,0.0,0.0,0.0
2026-03-03 03:23:00,227.7,148.6,0.0,0.0,0.0
2026-03-03 03:24:00,216.4,144.2,0.0,0.0,0.0
2026-03-03 03:25:00,230.0,149.6,0.0,0.0,0.0
2026-03-03 03:26:00,217.4,149.5,0.0,0.0,0.0
2026-03-03 03:27:00,236.5,150.0,0.0,0.0,0.0
2026-03-03 03:28:00,231.4,153.2,0.0,0.0,0.0
2026-03-03 03:29:00,230.4,148.8,0.0,0.0,0.0
2026-03-03 03:30:00,226.1,148.5,0.0,0.0,0.0
2026-03-03 03:31:00,240.4,158.4,0.0,0.0,0.0
2026-03-03 03:32:00,233.5,155.2,0.0,0.0,0.0
2026-03-03 03:33:00,229.5,149.4,0.0,0.0,0.0
2026-03-03 03:34:00,236.7,145.2,0.0,0.0,0.0
2026-03-03 03:35:00,81.5,0.0,0.0,0.0,0.0
2026-03-03 03:36:00,83.1,0.0,0.0,0.0,0.0
2026-03-03 03:37:00,80.4,0.0,0.0,0.0,0.0
2026-03-03 03:38:00,88.7,0.0,0.0,0.0,0.0
2026-03-03 03:39:00,77.9,0.0,0.0,0.0,0.0
2026-03-03 03:40:00,82.7,0.0,0.0,0.0,0.0
2026-03-03 03:41:00,75.1,0.0,0.0,0.0,0.0
2026-03-03 03:42:00,83.0,0.0,0.0,0.0,0.0
2026-03-03 03:43:00,78.6,0.0,0.0,0.0,0.0
2026-03-03 03:44:00,83.6,0.0,0.0,0.0,0.0
2026-03-03 03:45:00,69.4,0.0,0.0,0.0,0.0
2026-03-03 03:46:00,76.5,0.0,0.0,0.0,0.0
2026-03-03 03:47:00,76.2,0.0,0.0,0.0,0.0
2026-03-03 03:48:00,92.8,0.0,0.0,0.0,0.0
2026-03-03 03:49:00,75.1,0.0,0.0,0.0,0.0
2026-03-03 03:50:00,79.1,0.0,0.0,0.0,0.0
2026-03-03 03:51:00,71.7,0.0,0.0,0.0,0.0
2026-03-03 03:52:00,82.9,0.0,0.0,0.0,0.0
2026-03-03 03:53:00,73.9,0.0,0.0,0.0,0.0
2026-03-03 03:54:00,84.8,0.0,0.0,0.0,0.0
2026-03-03 03:55:00,73.8,0.0,0.0,0.0,0.0
2026-03-03 03:56:00,78.1,0.0,0.0,0.0,0.0
2026-03-03 03:57:00,81.3,0.0,0.0,0.0,0.0
2026-03-03 03:58:00,78.1,0.0,0.0,0.0,0.0
2026-03-03 03:59:00,74.3,0.0,0.0,0.0,0.0
2026-03-03 04:00:00,223.4,147.2,0.0,0.0,0.0
2026-03-03 04:01:00,240.9,160.1,0.0,0.0,0.0
2026-03-03 04:02:00,223.0,148.8,0.0,0.0,0.0
2026-03-03 04:03:00,218.4,146.4,0.0,0.0,0.0
2026-03-03 04:04:00,237.6,157.8,0.0,0.0,0.0
2026-03-03 04:05:00,224.4,154.7,0.0,0.0,0.0
2026-03-03 04:06:00,240.0,156.9,0.0,0.0,0.0
2026-03-03 04:07:00,238.0,159.7,0.0,0.0,0.0
2026-03-03 04:08:00,227.9,155.3,0.0,0.0,0.0
2026-03-03 04:09:00,235.6,156.1,0.0,0.0,0.0
2026-03-03 04:10:00,219.1,141.6,0.0,0.0,0.0
2026-03-03 04:11:00,215.0,146.0,0.0,0.0,0.0
2026-03-03 04:12:00,228.5,152.3,0.0,0.0,0.0
2026-03-03 04:13:00,226.6,151.1,0.0,0.0,0.0
2026-03-03 04:14:00,233.6,153.7,0.0,0.0,0.0
2026-03-03 04:15:00,234.7,147.8,0.0,0.0,0.0
2026-03-03 04:16:00,235.6,155.7,0.0,0.0,0.0
2026-03-03 04:17:00,250.0,160.1,0.0,0.0,0.0
2026-03-03 04:18:00,227.3,153.1,0.0,0.0,0.0
2026-03-03 04:19:00,229.9,154.3,0.0,0.0,0.0
2026-03-03 04:20:00,241.8,152.7,0.0,0.0,0.0
2026-03-03 04:21:00,238.7,154.8,0.0,0.0,0.0
2026-03-03 04:22:00,222.1,151.3,0.0,0.0,0.0
2026-03-03 04:23:00,213.1,147.7,0.0,0.0,0.0
2026-03-03 04:24:00,233.2,151.2,0.0,0.0,0.0
2026-03-03 04:25:00,226.4,150.8,0.0,0.0,0.0
2026-03-03 04:26:00,225.9,142.7,0.0,0.0,0.0
2026-03-03 04:27:00,223.8,151.4,0.0,0.0,0.0
2026-03-03 04:28:00,233.9,150.4,0.0,0.0,0.0
2026-03-03 04:29:00,236.9,151.3,0.0,0.0,0.0
2026-03-03 04:30:00,231.2,147.5,0.0,0.0,0.0
2026-03-03 04:31:00,235.5,152.6,0.0,0.0,0.0
2026-03-03 04:32:00,238.9,153.3,0.0,0.0,0.0
2026-03-03 04:33:00,220.9,146.7,0.0,0.0,0.0
2026-03-03 04:34:00,229.1,151.8,0.0,0.0,0.0
2026-03-03 04:35:00,74.7,0.0,0.0,0.0,0.0
2026-03-03 04:36:00,76.5,0.0,0.0,0.0,0.0
2026-03-03 04:37:00,86.3,0.0,0.0,0.0,0.0
2026-03-03 04:38:00,71.5,0.0,0.0,0.0,0.0
2026-03-03 04:39:00,81.1,0.0,0.0,0.0,0.0
2026-03-03 04:40:00,77.0,0.0,0.0,0.0,0.0
2026-03-03 04:41:00,81.1,0.0,0.0,0.0,0.0
2026-03-03 04:42:00,76.9,0.0,0.0,0.0,0.0
2026-03-03 04:43:00,78.7,0.0,0.0,0.0,0.0
2026-03-03 04:44:00,81.5,0.0,0.0,0.0,0.0
2026-03-03 04:45:00,82.6,0.0,0.0,0.0,0.0
2026-03-03 04:46:00,69.8,0.0,0.0,0.0,0.0
2026-03-03 04:47:00,80.5,0.0,0.0,0.0,0.0
2026-03-03 04:48:00,84.4,0.0,0.0,0.0,0.0
2026-03-03 04:49:00,77.3,0.0,0.0,0.0,0.0
2026-03-03 04:50:00,78.5,0.0,0.0,0.0,0.0
2026-03-03 04:51:00,82.9,0.0,0.0,0.0,0.0
2026-03-03 04:52:00,77.6,0.0,0.0,0.0,0.0
2026-03-03 04:53:00,82.0,0.0,0.0,0.0,0.0
2026-03-03 04:54:00,77.5,0.0,0.0,0.0,0.0
2026-03-03 04:55:00,65.5,0.0,0.0,0.0,0.0
2026-03-03 04:56:00,85.5,0.0,0.0,0.0,0.0
2026-03-03 04:57:00,78.5,0.0,0.0,0.0,0.0
2026-03-03 04:58:00,78.8,0.0,0.0,0.0,0.0
2026-03-03 04:59:00,93.2,0.0,0.0,0.0,0.0
2026-03-03 05:00:00,230.3,153.0,0.0,0.0,0.0
2026-03-03 05:01:00,232.7,146.3,0.0,0.0,0.0
2026-03-03 05:02:00,232.6,151.7,0.0,0.0,0.0
2026-03-03 05:03:00,231.9,145.2,0.0,0.0,0.0
2026-03-03 05:04:00,227.7,151.2,0.0,0.0,0.0
2026-03-03 05:05:00,222.7,149.1,0.0,0.0,0.0
2026-03-03 05:06:00,231.7,150.0,0.0,0.0,0.0
2026-03-03 05:07:00,230.1,152.2,0.0,0.0,0.0
2026-03-03 05:08:00,222.9,151.9,0.0,0.0,0.0
2026-03-03 05:09:00,219.1,150.5,0.0,0.0,0.0
2026-03-03 05:10:00,224.9,150.5,0.0,0.0,0.0
2026-03-03 05:11:00,227.5,143.4,0.0,0.0,0.0
2026-03-03 05:12:00,234.8,149.4,0.0,0.0,0.0
2026-03-03 05:13:00,227.3,138.9,0.0,0.0,0.0
2026-03-03 05:14:00,217.8,138.6,0.0,0.0,0.0
2026-03-03 05:15:00,231.9,148.2,0.0,0.0,0.0
2026-03-03 05:16:00,227.7,148.6,0.0,0.0,0.0
2026-03-03 05:17:00,234.6,157.1,0.0,0.0,0.0
2026-03-03 05:18:00,235.9,153.0,0.0,0.0,0.0
2026-03-03 05:19:00,236.5,155.2,0.0,0.0,0.0
2026-03-03 05:20:00,231.4,148.2,0.0,0.0,0.0
2026-03-03 05:21:00,223.6,151.9,0.0,0.0,0.0
2026-03-03 05:22:00,238.1,155.5,0.0,0.0,0.0
2026-03-03 05:23:00,237.3,152.4,0.0,0.0,0.0
2026-03-03 05:24:00,244.1,151.5,0.0,0.0,0.0
2026-03-03 05:25:00,226.5,150.3,0.0,0.0,0.0
2026-03-03 05:26:00,225.1,145.2,0.0,0.0,0.0
2026-03-03 05:27:00,222.5,145.4,0.0,0.0,0.0
2026-03-03 05:28:00,212.5,142.7,0.0,0.0,0.0
2026-03-03 05:29:00,229.2,151.8,0.0,0.0,0.0
2026-03-03 05:30:00,230.4,148.5,0.0,0.0,0.0
2026-03-03 05:31:00,223.6,146.5,0.0,0.0,0.0
2026-03-03 05:32:00,231.6,151.6,0.0,0.0,0.0
2026-03-03 05:33:00,220.8,147.0,0.0,0.0,0.0
2026-03-03 05:34:00,237.7,155.0,0.0,0.0,0.0
2026-03-03 05:35:00,75.3,0.0,0.0,0.0,0.0
2026-03-03 05:36:00,92.9,0.0,0.0,0.0,0.0
2026-03-03 05:37:00,97.2,0.0,0.0,0.0,0.0
2026-03-03 05:38:00,83.6,0.0,0.0,0.0,0.0
2026-03-03 05:39:00,78.2,0.0,0.0,0.0,0.0
2026-03-03 05:40:00,79.1,0.0,0.0,0.0,0.0
2026-03-03 05:41:00,73.7,0.0,0.0,0.0,0.0
2026-03-03 05:42:00,86.2,0.0,0.0,0.0,0.0
2026-03-03 05:43:00,73.4,0.0,0.0,0.0,0.0
2026-03-03 05:44:00,78.4,0.0,0.0,0.0,0.0
2026-03-03 05:45:00,76.0,0.0,0.0,0.0,0.0
2026-03-03 05:46:00,84.2,0.0,0.0,0.0,0.0
2026-03-03 05:47:00,79.6,0.0,0.0,0.0,0.0
2026-03-03 05:48:00,78.5,0.0,0.0,0.0,0.0
2026-03-03 05:49:00,87.8,0.0,0.0,0.0,0.0
2026-03-03 05:50:00,78.3,0.0,0.0,0.0,0.0
2026-03-03 05:51:00,82.5,0.0,0.0,0.0,0.0
2026-03-03 05:52:00,87.7,0.0,0.0,0.0,0.0
2026-03-03 05:53:00,79.6,0.0,0.0,0.0,0.0
2026-03-03 05:54:00,80.7,0.0,0.0,0.0,0.0
2026-03-03 05:55:00,81.1,0.0,0.0,0.0,0.0
2026-03-03 05:56:00,84.4,0.0,0.0,0.0,0.0
2026-03-03 05:57:00,77.8,0.0,0.0,0.0,0.0
2026-03-03 05:58:00,77.7,0.0,0.0,0.0,0.0
2026-03-03 05:59:00,87.0,0.0,0.0,0.0,0.0
2026-03-03 06:00:00,208.6,137.7,0.0,0.0,0.0
2026-03-03 06:01:00,229.5,152.9,0.0,0.0,0.0
2026-03-03 06:02:00,223.4,146.8,0.0,0.0,0.0
2026-03-03 06:03:00,223.5,147.0,0.0,0.0,0.0
2026-03-03 06:04:00,214.8,135.8,0.0,0.0,0.0
2026-03-03 06:05:00,226.2,144.7,0.0,0.0,0.0
2026-03-03 06:06:00,239.5,153.0,0.0,0.0,0.0
2026-03-03 06:07:00,242.3,161.4,0.0,0.0,0.0
2026-03-03 06:08:00,226.2,146.4,0.0,0.0,0.0
2026-03-03 06:09:00,222.9,146.7,0.0,0.0,0.0
2026-03-03 06:10:00,225.7,152.4,0.0,0.0,0.0
2026-03-03 06:11:00,228.9,151.4,0.0,0.0,0.0
2026-03-03 06:12:00,231.6,147.0,0.0,0.0,0.0
2026-03-03 06:13:00,233.1,149.1,0.0,0.0,0.0
2026-03-03 06:14:00,230.2,148.0,0.0,0.0,0.0
2026-03-03 06:15:00,229.4,153.0,0.0,0.0,0.0
2026-03-03 06:16:00,238.8,153.9,0.0,0.0,0.0
2026-03-03 06:17:00,232.6,158.7,0.0,0.0,0.0
2026-03-03 06:18:00,233.5,154.5,0.0,0.0,0.0
2026-03-03 06:19:00,243.1,153.3,0.0,0.0,0.0
2026-03-03 06:20:00,239.5,150.7,0.0,0.0,0.0
2026-03-03 06:21:00,227.6,154.6,0.0,0.0,0.0
2026-03-03 06:22:00,223.1,145.1,0.0,0.0,0.0
2026-03-03 06:23:00,230.6,160.7,0.0,0.0,0.0
2026-03-03 06:24:00,228.2,151.4,0.0,0.0,0.0
2026-03-03 06:25:00,239.7,157.0,0.0,0.0,0.0
2026-03-03 06:26:00,232.3,146.0,0.0,0.0,0.0
2026-03-03 06:27:00,239.6,155.1,0.0,0.0,0.0
2026-03-03 06:28:00,234.9,152.0,0.0,0.0,0.0
2026-03-03 06:29:00,222.6,149.1,0.0,0.0,0.0
2026-03-03 06:30:00,225.3,146.7,0.0,0.0,0.0
2026-03-03 06:31:00,238.0,145.6,0.0,0.0,0.0
2026-03-03 06:32:00,239.4,158.9,0.0,0.0,0.0
2026-03-03 06:33:00,243.1,156.1,0.0,0.0,0.0
2026-03-03 06:34:00,230.7,150.6,0.0,0.0,0.0
2026-03-03 06:35:00,90.4,0.0,0.0,0.0,0.0
2026-03-03 06:36:00,74.2,0.0,0.0,0.0,0.0
2026-03-03 06:37:00,80.4,0.0,0.0,0.0,0.0
2026-03-03 06:38:00,83.9,0.0,0.0,0.0,0.0
2026-03-03 06:39:00,83.7,0.0,0.0,0.0,0.0
2026-03-03 06:40:00,78.9,0.0,0.0,0.0,0.0
2026-03-03 06:41:00,82.7,0.0,0.0,0.0,0.0
2026-03-03 06:42:00,78.9,0.0,0.0,0.0,0.0
2026-03-03 06:43:00,74.8,0.0,0.0,0.0,0.0
2026-03-03 06:44:00,82.5,0.0,0.0,0.0,0.0
2026-03-03 06:45:00,74.0,0.0,0.0,0.0,0.0
2026-03-03 06:46:00,74.5,0.0,0.0,0.0,0.0
2026-03-03 06:47:00,79.0,0.0,0.0,0.0,0.0
2026-03-03 06:48:00,80.2,0.0,0.0,0.0,0.0
2026-03-03 06:49:00,86.1,0.0,0.0,0.0,0.0
2026-03-03 06:50:00,75.8,0.0,0.0,0.0,0.0
2026-03-03 06:51:00,66.0,0.0,0.0,0.0,0.0
2026-03-03 06:52:00,72.5,0.0,0.0,0.0,0.0
2026-03-03 06:53:00,75.3,0.0,0.0,0.0,0.0
2026-03-03 06:54:00,79.2,0.0,0.0,0.0,0.0
2026-03-03 06:55:00,76.7,0.0,0.0,0.0,0.0
2026-03-03 06:56:00,87.8,0.0,0.0,0.0,0.0
2026-03-03 06:57:00,75.6,0.0,0.0,0.0,0.0
2026-03-03 06:58:00,77.4,0.0,0.0,0.0,0.0
2026-03-03 06:59:00,73.8,0.0,0.0,0.0,0.0
2026-03-03 07:00:00,231.2,148.8,0.0,0.0,0.0
2026-03-03 07:01:00,247.7,152.9,0.0,0.0,0.0
2026-03-03 07:02:00,212.6,135.9,0.0,0.0,0.0
2026-03-03 07:03:00,229.2,150.4,0.0,0.0,0.0
2026-03-03 07:04:00,225.3,148.0,0.0,0.0,0.0
2026-03-03 07:05:00,234.8,149.9,0.0,0.0,0.0
2026-03-03 07:06:00,231.8,149.1,0.0,0.0,0.0
2026-03-03 07:07:00,234.0,151.7,0.0,0.0,0.0
2026-03-03 07:08:00,231.2,150.5,0.0,0.0,0.0
2026-03-03 07:09:00,222.5,150.3,0.0,0.0,0.0
2026-03-03 07:10:00,224.3,149.3,0.0,0.0,0.0
2026-03-03 07:11:00,242.6,152.3,0.0,0.0,0.0
2026-03-03 07:12:00,234.2,147.5,0.0,0.0,0.0
2026-03-03 07:13:00,230.2,154.9,0.0,0.0,0.0
2026-03-03 07:14:00,231.9,141.6,0.0,0.0,0.0
2026-03-03 07:15:00,227.0,151.0,0.0,0.0,0.0
2026-03-03 07:16:00,240.5,152.3,0.0,0.0,0.0
2026-03-03 07:17:00,222.7,143.6,0.0,0.0,0.0
2026-03-03 07:18:00,233.8,147.8,0.0,0.0,0.0
2026-03-03 07:19:00,238.7,156.6,0.0,0.0,0.0
2026-03-03 07:20:00,237.7,149.3,0.0,0.0,0.0
2026-03-03 07:21:00,223.9,145.6,0.0,0.0,0.0
2026-03-03 07:22:00,208.6,135.1,0.0,0.0,0.0
2026-03-03 07:23:00,232.3,151.7,0.0,0.0,0.0
2026-03-03 07:24:00,229.0,150.5,0.0,0.0,0.0
2026-03-03 07:25:00,229.7,153.0,0.0,0.0,0.0
2026-03-03 07:26:00,247.7,160.2,0.0,0.0,0.0
2026-03-03 07:27:00,236.5,150.0,0.0,0.0,0.0
2026-03-03 07:28:00,236.7,150.7,0.0,0.0,0.0
2026-03-03 07:29:00,233.1,146.6,0.0,0.0,0.0
2026-03-03 07:30:00,232.0,149.7,0.0,0.0,0.0
2026-03-03 07:31:00,231.9,149.9,0.0,0.0,0.0
2026-03-03 07:32:00,233.8,153.8,0.0,0.0,0.0
2026-03-03 07:33:00,218.4,152.8,0.0,0.0,0.0
2026-03-03 07:34:00,220.0,146.2,0.0,0.0,0.0
2026-03-03 07:35:00,91.7,0.0,0.0,0.0,0.0
2026-03-03 07:36:00,82.8,0.0,0.0,0.0,0.0
2026-03-03 07:37:00,81.9,0.0,0.0,0.0,0.0
2026-03-03 07:38:00,78.4,0.0,0.0,0.0,0.0
2026-03-03 07:39:00,72.3,0.0,0.0,0.0,0.0
2026-03-03 07:40:00,79.5,0.0,0.0,0.0,0.0
2026-03-03 07:41:00,83.9,0.0,0.0,0.0,0.0
2026-03-03 07:42:00,78.2,0.0,0.0,0.0,0.0
2026-03-03 07:43:00,70.2,0.0,0.0,0.0,0.0
2026-03-03 07:44:00,84.8,0.0,0.0,0.0,0.0
2026-03-03 07:45:00,71.3,0.0,0.0,0.0,0.0
2026-03-03 07:46:00,84.3,0.0,0.0,0.0,0.0
2026-03-03 07:47:00,87.7,0.0,0.0,0.0,0.0
2026-03-03 07:48:00,67.5,0.0,0.0,0.0,0.0
2026-03-03 07:49:00,74.3,0.0,0.0,0.0,0.0
2026-03-03 07:50:00,75.8,0.0,0.0,0.0,0.0
2026-03-03 07:51:00,74.6,0.0,0.0,0.0,0.0
2026-03-03 07:52:00,78.9,0.0,0.0,0.0,0.0
2026-03-03 07:53:00,76.8,0.0,0.0,0.0,0.0
2026-03-03 07:54:00,93.3,0.0,0.0,0.0,0.0
2026-03-03 07:55:00,89.4,0.0,0.0,0.0,0.0
2026-03-03 07:56:00,84.3,0.0,0.0,0.0,0.0
2026-03-03 07:57:00,78.6,0.0,0.0,0.0,0.0
2026-03-03 07:58:00,77.9,0.0,0.0,0.0,0.0
2026-03-03 07:59:00,86.6,0.0,0.0,0.0,0.0
2026-03-03 08:00:00,235.0,149.7,0.0,0.0,0.0
2026-03-03 08:01:00,225.0,150.7,0.0,0.0,0.0
2026-03-03 08:02:00,215.6,147.9,0.0,0.0,0.0
2026-03-03 08:03:00,230.9,152.0,0.0,0.0,0.0
2026-03-03 08:04:00,224.4,140.4,0.0,0.0,0.0
2026-03-03 08:05:00,217.9,140.0,0.0,0.0,0.0
2026-03-03 08:06:00,222.1,141.8,0.0,0.0,0.0
2026-03-03 08:07:00,231.7,150.3,0.0,0.0,0.0
2026-03-03 08:08:00,242.2,153.5,0.0,0.0,0.0
2026-03-03 08:09:00,232.4,152.4,0.0,0.0,0.0
2026-03-03 08:10:00,225.2,149.4,0.0,0.0,0.0
2026-03-03 08:11:00,227.9,143.6,0.0,0.0,0.0
2026-03-03 08:12:00,232.4,154.0,0.0,0.0,0.0
2026-03-03 08:13:00,218.7,148.6,0.0,0.0,0.0
2026-03-03 08:14:00,215.1,149.9,0.0,0.0,0.0
2026-03-03 08:15:00,218.7,149.6,0.0,0.0,0.0
2026-03-03 08:16:00,230.0,147.6,0.0,0.0,0.0
2026-03-03 08:17:00,218.5,146.4,0.0,0.0,0.0
2026-03-03 08:18:00,226.4,147.0,0.0,0.0,0.0
2026-03-03 08:19:00,226.9,143.5,0.0,0.0,0.0
2026-03-03 08:20:00,224.0,151.2,0.0,0.0,0.0
2026-03-03 08:21:00,225.7,149.1,0.0,0.0,0.0
2026-03-03 08:22:00,239.4,155.1,0.0,0.0,0.0
2026-03-03 08:23:00,224.5,140.9,0.0,0.0,0.0
2026-03-03 08:24:00,241.7,155.8,0.0,0.0,0.0
2026-03-03 08:25:00,233.5,149.6,0.0,0.0,0.0
2026-03-03 08:26:00,226.7,149.2,0.0,0.0,0.0
2026-03-03 08:27:00,221.9,145.9,0.0,0.0,0.0
2026-03-03 08:28:00,235.2,145.9,0.0,0.0,0.0
2026-03-03 08:29:00,222.1,142.5,0.0,0.0,0.0
2026-03-03 08:30:00,235.4,154.5,0.0,0.0,0.0
2026-03-03 08:31:00,230.6,148.9,0.0,0.0,0.0
2026-03-03 08:32:00,231.8,153.6,0.0,0.0,0.0
2026-03-03 08:33:00,236.0,154.1,0.0,0.0,0.0
2026-03-03 08:34:00,236.3,147.5,0.0,0.0,0.0
2026-03-03 08:35:00,79.7,0.0,0.0,0.0,0.0
2026-03-03 08:36:00,86.0,0.0,0.0,0.0,0.0
2026-03-03 08:37:00,76.6,0.0,0.0,0.0,0.0
2026-03-03 08:38:00,90.2,0.0,0.0,0.0,0.0
2026-03-03 08:39:00,79.9,0.0,0.0,0.0,0.0
2026-03-03 08:40:00,76.6,0.0,0.0,0.0,0.0
2026-03-03 08:41:00,84.9,0.0,0.0,0.0,0.0
2026-03-03 08:42:00,78.3,0.0,0.0,0.0,0.0
2026-03-03 08:43:00,82.8,0.0,0.0,0.0,0.0
2026-03-03 08:44:00,84.7,0.0,0.0,0.0,0.0
2026-03-03 08:45:00,79.9,0.0,0.0,0.0,0.0
2026-03-03 08:46:00,81.5,0.0,0.0,0.0,0.0
2026-03-03 08:47:00,79.9,0.0,0.0,0.0,0.0
2026-03-03 08:48:00,75.9,0.0,0.0,0.0,0.0
2026-03-03 08:49:00,77.3,0.0,0.0,0.0,0.0
2026-03-03 08:50:00,81.5,0.0,0.0,0.0,0.0
2026-03-03 08:51:00,77.1,0.0,0.0,0.0,0.0
2026-03-03 08:52:00,85.4,0.0,0.0,0.0,0.0
2026-03-03 08:53:00,84.6,0.0,0.0,0.0,0.0
2026-03-03 08:54:00,80.8,0.0,0.0,0.0,0.0
2026-03-03 08:55:00,82.3,0.0,0.0,0.0,0.0
2026-03-03 08:56:00,76.3,0.0,0.0,0.0,0.0
2026-03-03 08:57:00,78.6,0.0,0.0,0.0,0.0
2026-03-03 08:58:00,63.0,0.0,0.0,0.0,0.0
2026-03-03 08:59:00,81.6,0.0,0.0,0.0,0.0
2026-03-03 09:00:00,225.0,146.5,0.0,0.0,0.0
2026-03-03 09:01:00,216.7,142.2,0.0,0.0,0.0
2026-03-03 09:02:00,240.7,155.6,0.0,0.0,0.0
2026-03-03 09:03:00,217.2,151.3,0.0,0.0,0.0
2026-03-03 09:04:00,234.2,151.7,0.0,0.0,0.0
2026-03-03 09:05:00,220.9,146.0,0.0,0.0,0.0
2026-03-03 09:06:00,241.9,157.1,0.0,0.0,0.0
2026-03-03 09:07:00,235.1,149.4,0.0,0.0,0.0
2026-03-03 09:08:00,229.6,140.1,0.0,0.0,0.0
2026-03-03 09:09:00,225.7,144.3,0.0,0.0,0.0
2026-03-03 09:10:00,229.1,145.8,0.0,0.0,0.0
2026-03-03 09:11:00,231.6,149.2,0.0,0.0,0.0
2026-03-03 09:12:00,234.0,153.8,0.0,0.0,0.0
2026-03-03 09:13:00,226.1,146.4,0.0,0.0,0.0
2026-03-03 09:14:00,222.5,147.0,0.0,0.0,0.0
2026-03-03 09:15:00,236.6,161.0,0.0,0.0,0.0
2026-03-03 09:16:00,238.2,150.4,0.0,0.0,0.0
2026-03-03 09:17:00,209.3,147.4,0.0,0.0,0.0
2026-03-03 09:18:00,235.7,150.2,0.0,0.0,0.0
2026-03-03 09:19:00,228.8,143.7,0.0,0.0,0.0
2026-03-03 09:20:00,230.8,152.7,0.0,0.0,0.0
2026-03-03 09:21:00,234.9,154.8,0.0,0.0,0.0
2026-03-03 09:22:00,225.9,147.1,0.0,0.0,0.0
2026-03-03 09:23:00,233.5,155.0,0.0,0.0,0.0
2026-03-03 09:24:00,235.5,148.5,0.0,0.0,0.0
2026-03-03 09:25:00,228.3,151.4,0.0,0.0,0.0
2026-03-03 09:26:00,220.2,146.3,0.0,0.0,0.0
2026-03-03 09:27:00,230.2,146.0,0.0,0.0,0.0
2026-03-03 09:28:00,229.2,142.5,0.0,0.0,0.0
2026-03-03 09:29:00,236.3,151.1,0.0,0.0,0.0
2026-03-03 09:30:00,226.5,148.6,0.0,0.0,0.0
2026-03-03 09:31:00,229.7,148.7,0.0,0.0,0.0
2026-03-03 09:32:00,226.1,144.4,0.0,0.0,0.0
2026-03-03 09:33:00,222.9,144.2,0.0,0.0,0.0
2026-03-03 09:34:00,218.2,146.8,0.0,0.0,0.0
2026-03-03 09:35:00,68.9,0.0,0.0,0.0,0.0
2026-03-03 09:36:00,77.7,0.0,0.0,0.0,0.0
2026-03-03 09:37:00,74.3,0.0,0.0,0.0,0.0
2026-03-03 09:38:00,86.3,0.0,0.0,0.0,0.0
2026-03-03 09:39:00,81.5,0.0,0.0,0.0,0.0
2026-03-03 09:40:00,82.2,0.0,0.0,0.0,0.0
2026-03-03 09:41:00,76.1,0.0,0.0,0.0,0.0
2026-03-03 09:42:00,82.1,0.0,0.0,0.0,0.0
2026-03-03 09:43:00,87.1,0.0,0.0,0.0,0.0
2026-03-03 09:44:00,73.1,0.0,0.0,0.0,0.0
2026-03-03 09:45:00,90.8,0.0,0.0,0.0,0.0
2026-03-03 09:46:00,80.0,0.0,0.0,0.0,0.0
2026-03-03 09:47:00,81.1,0.0,0.0,0.0,0.0
2026-03-03 09:48:00,86.2,0.0,0.0,0.0,0.0
2026-03-03 09:49:00,72.5,0.0,0.0,0.0,0.0
2026-03-03 09:50:00,82.1,0.0,0.0,0.0,0.0
2026-03-03 09:51:00,78.5,0.0,0.0,0.0,0.0
2026-03-03 09:52:00,79.5,0.0,0.0,0.0,0.0
2026-03-03 09:53:00,74.8,0.0,0.0,0.0,0.0
2026-03-03 09:54:00,87.1,0.0,0.0,0.0,0.0
2026-03-03 09:55:00,76.6,0.0,0.0,0.0,0.0
2026-03-03 09:56:00,71.5,0.0,0.0,0.0,0.0
2026-03-03 09:57:00,85.3,0.0,0.0,0.0,0.0
2026-03-03 09:58:00,80.2,0.0,0.0,0.0,0.0
2026-03-03 09:59:00,88.2,0.0,0.0,0.0,0.0
2026-03-03 10:00:00,222.6,146.2,0.0,0.0,0.0
2026-03-03 10:01:00,228.2,145.2,0.0,0.0,0.0
2026-03-03 10:02:00,236.3,156.2,0.0,0.0,0.0
2026-03-03 10:03:00,229.4,152.2,0.0,0.0,0.0
2026-03-03 10:04:00,227.4,146.7,0.0,0.0,0.0
2026-03-03 10:05:00,226.3,147.9,0.0,0.0,0.0
2026-03-03 10:06:00,238.6,154.9,0.0,0.0,0.0
2026-03-03 10:07:00,229.0,151.9,0.0,0.0,0.0
2026-03-03 10:08:00,234.8,151.0,0.0,0.0,0.0
2026-03-03 10:09:00,226.4,143.8,0.0,0.0,0.0
2026-03-03 10:10:00,220.6,147.8,0.0,0.0,0.0
2026-03-03 10:11:00,222.8,144.3,0.0,0.0,0.0
2026-03-03 10:12:00,212.7,140.4,0.0,0.0,0.0
2026-03-03 10:13:00,241.9,154.4,0.0,0.0,0.0
2026-03-03 10:14:00,224.8,148.3,0.0,0.0,0.0
2026-03-03 10:15:00,235.5,147.9,0.0,0.0,0.0
2026-03-03 10:16:00,224.2,145.2,0.0,0.0,0.0
2026-03-03 10:17:00,232.3,153.7,0.0,0.0,0.0
2026-03-03 10:18:00,238.4,160.4,0.0,0.0,0.0
2026-03-03 10:19:00,225.8,152.9,0.0,0.0,0.0
2026-03-03 10:20:00,234.8,154.6,0.0,0.0,0.0
2026-03-03 10:21:00,231.4,143.7,0.0,0.0,0.0
2026-03-03 10:22:00,230.6,150.8,0.0,0.0,0.0
2026-03-03 10:23:00,233.6,151.1,0.0,0.0,0.0
2026-03-03 10:24:00,235.4,157.4,0.0,0.0,0.0
2026-03-03 10:25:00,223.8,150.0,0.0,0.0,0.0
2026-03-03 10:26:00,223.8,145.2,0.0,0.0,0.0
2026-03-03 10:27:00,238.4,149.6,0.0,0.0,0.0
2026-03-03 10:28:00,235.4,147.8,0.0,0.0,0.0
2026-03-03 10:29:00,248.0,157.2,0.0,0.0,0.0
2026-03-03 10:30:00,231.5,153.3,0.0,0.0,0.0
2026-03-03 10:31:00,233.6,151.7,0.0,0.0,0.0
2026-03-03 10:32:00,224.8,150.9,0.0,0.0,0.0
2026-03-03 10:33:00,234.8,154.2,0.0,0.0,0.0
2026-03-03 10:34:00,226.1,147.5,0.0,0.0,0.0
2026-03-03 10:35:00,82.2,0.0,0.0,0.0,0.0
2026-03-03 10:36:00,78.4,0.0,0.0,0.0,0.0
2026-03-03 10:37:00,80.1,0.0,0.0,0.0,0.0
2026-03-03 10:38:00,91.5,0.0,0.0,0.0,0.0
2026-03-03 10:39:00,80.6,0.0,0.0,0.0,0.0
2026-03-03 10:40:00,70.1,0.0,0.0,0.0,0.0
2026-03-03 10:41:00,88.0,0.0,0.0,0.0,0.0
2026-03-03 10:42:00,89.8,0.0,0.0,0.0,0.0
2026-03-03 10:43:00,80.1,0.0,0.0,0.0,0.0
2026-03-03 10:44:00,82.8,0.0,0.0,0.0,0.0
2026-03-03 10:45:00,76.8,0.0,0.0,0.0,0.0
2026-03-03 10:46:00,73.6,0.0,0.0,0.0,0.0
2026-03-03 10:47:00,78.7,0.0,0.0,0.0,0.0
2026-03-03 10:48:00,77.4,0.0,0.0,0.0,0.0
2026-03-03 10:49:00,82.2,0.0,0.0,0.0,0.0
2026-03-03 10:50:00,70.5,0.0,0.0,0.0,0.0
2026-03-03 10:51:00,75.5,0.0,0.0,0.0,0.0
2026-03-03 10:52:00,74.2,0.0,0.0,0.0,0.0
2026-03-03 10:53:00,78.0,0.0,0.0,0.0,0.0
2026-03-03 10:54:00,85.1,0.0,0.0,0.0,0.0
2026-03-03 10:55:00,87.6,0.0,0.0,0.0,0.0
2026-03-03 10:56:00,79.2,0.0,0.0,0.0,0.0
2026-03-03 10:57:00,69.2,0.0,0.0,0.0,0.0
2026-03-03 10:58:00,84.9,0.0,0.0,0.0,0.0
2026-03-03 10:59:00,77.6,0.0,0.0,0.0,0.0
2026-03-03 11:00:00,237.7,152.2,0.0,0.0,0.0
2026-03-03 11:01:00,222.7,145.6,0.0,0.0,0.0
2026-03-03 11:02:00,219.9,154.2,0.0,0.0,0.0
2026-03-03 11:03:00,233.3,149.2,0.0,0.0,0.0
2026-03-03 11:04:00,232.4,153.5,0.0,0.0,0.0
2026-03-03 11:05:00,215.8,142.8,0.0,0.0,0.0
2026-03-03 11:06:00,222.8,147.2,0.0,0.0,0.0
2026-03-03 11:07:00,230.5,151.5,0.0,0.0,0.0
2026-03-03 11:08:00,222.8,151.4,0.0,0.0,0.0
2026-03-03 11:09:00,229.5,152.7,0.0,0.0,0.0
2026-03-03 11:10:00,239.3,149.8,0.0,0.0,0.0
2026-03-03 11:11:00,233.8,148.9,0.0,0.0,0.0
2026-03-03 11:12:00,218.7,152.2,0.0,0.0,0.0
2026-03-03 11:13:00,231.5,154.2,0.0,0.0,0.0
2026-03-03 11:14:00,217.8,142.3,0.0,0.0,0.0
2026-03-03 11:15:00,230.1,148.3,0.0,0.0,0.0
2026-03-03 11:16:00,220.0,148.9,0.0,0.0,0.0
2026-03-03 11:17:00,234.0,150.7,0.0,0.0,0.0
2026-03-03 11:18:00,240.5,154.9,0.0,0.0,0.0
2026-03-03 11:19:00,220.9,143.3,0.0,0.0,0.0
2026-03-03 11:20:00,227.2,152.5,0.0,0.0,0.0
2026-03-03 11:21:00,226.0,141.2,0.0,0.0,0.0
2026-03-03 11:22:00,226.5,146.1,0.0,0.0,0.0
2026-03-03 11:23:00,222.6,147.3,0.0,0.0,0.0
2026-03-03 11:24:00,227.5,148.5,0.0,0.0,0.0
2026-03-03 11:25:00,230.9,146.8,0.0,0.0,0.0
2026-03-03 11:26:00,231.7,147.3,0.0,0.0,0.0
2026-03-03 11:27:00,233.4,148.2,0.0,0.0,0.0
2026-03-03 11:28:00,225.3,148.5,0.0,0.0,0.0
2026-03-03 11:29:00,235.2,140.7,0.0,0.0,0.0
2026-03-03 11:30:00,223.6,142.9,0.0,0.0,0.0
2026-03-03 11:31:00,223.8,147.7,0.0,0.0,0.0
2026-03-03 11:32:00,240.2,152.5,0.0,0.0,0.0
2026-03-03 11:33:00,233.6,154.9,0.0,0.0,0.0
2026-03-03 11:34:00,239.2,164.1,0.0,0.0,0.0
2026-03-03 11:35:00,76.7,0.0,0.0,0.0,0.0
2026-03-03 11:36:00,89.2,0.0,0.0,0.0,0.0
2026-03-03 11:37:00,76.1,0.0,0.0,0.0,0.0
2026-03-03 11:38:00,70.2,0.0,0.0,0.0,0.0
2026-03-03 11:39:00,82.0,0.0,0.0,0.0,0.0
2026-03-03 11:40:00,83.7,0.0,0.0,0.0,0.0
2026-03-03 11:41:00,81.8,0.0,0.0,0.0,0.0
2026-03-03 11:42:00,87.4,0.0,0.0,0.0,0.0
2026-03-03 11:43:00,75.4,0.0,0.0,0.0,0.0
2026-03-03 11:44:00,81.0,0.0,0.0,0.0,0.0
2026-03-03 11:45:00,89.0,0.0,0.0,0.0,0.0
2026-03-03 11:46:00,78.2,0.0,0.0,0.0,0.0
2026-03-03 11:47:00,72.3,0.0,0.0,0.0,0.0
2026-03-03 11:48:00,76.0,0.0,0.0,0.0,0.0
2026-03-03 11:49:00,71.7,0.0,0.0,0.0,0.0
2026-03-03 11:50:00,83.9,0.0,0.0,0.0,0.0
2026-03-03 11:51:00,84.9,0.0,0.0,0.0,0.0
2026-03-03 11:52:00,83.3,0.0,0.0,0.0,0.0
2026-03-03 11:53:00,72.0,0.0,0.0,0.0,0.0
2026-03-03 11:54:00,87.1,0.0,0.0,0.0,0.0
2026-03-03 11:55:00,78.9,0.0,0.0,0.0,0.0
2026-03-03 11:56:00,71.5,0.0,0.0,0.0,0.0
2026-03-03 11:57:00,76.7,0.0,0.0,0.0,0.0
2026-03-03 11:58:00,93.6,0.0,0.0,0.0,0.0
2026-03-03 11:59:00,74.1,0.0,0.0,0.0,0.0
2026-03-03 12:00:00,228.6,155.2,0.0,0.0,0.0
2026-03-03 12:01:00,228.5,152.0,0.0,0.0,0.0
2026-03-03 12:02:00,233.0,154.1,0.0,0.0,0.0
2026-03-03 12:03:00,232.5,155.2,0.0,0.0,0.0
2026-03-03 12:04:00,237.4,157.0,0.0,0.0,0.0
2026-03-03 12:05:00,233.8,155.1,0.0,0.0,0.0
2026-03-03 12:06:00,226.2,149.5,0.0,0.0,0.0
2026-03-03 12:07:00,227.2,150.4,0.0,0.0,0.0
2026-03-03 12:08:00,242.3,152.0,0.0,0.0,0.0
2026-03-03 12:09:00,229.9,149.4,0.0,0.0,0.0
2026-03-03 12:10:00,228.4,148.8,0.0,0.0,0.0
2026-03-03 12:11:00,242.9,159.2,0.0,0.0,0.0
2026-03-03 12:12:00,225.9,152.4,0.0,0.0,0.0
2026-03-03 12:13:00,234.6,159.4,0.0,0.0,0.0
2026-03-03 12:14:00,229.1,146.2,0.0,0.0,0.0
2026-03-03 12:15:00,237.8,149.8,0.0,0.0,0.0
2026-03-03 12:16:00,223.3,147.8,0.0,0.0,0.0
2026-03-03 12:17:00,226.3,148.0,0.0,0.0,0.0
2026-03-03 12:18:00,235.6,148.5,0.0,0.0,0.0
2026-03-03 12:19:00,225.5,149.4,0.0,0.0,0.0
2026-03-03 12:20:00,224.5,147.8,0.0,0.0,0.0
2026-03-03 12:21:00,247.1,158.9,0.0,0.0,0.0
2026-03-03 12:22:00,236.0,153.3,0.0,0.0,0.0
2026-03-03 12:23:00,222.1,146.3,0.0,0.0,0.0
2026-03-03 12:24:00,225.2,147.3,0.0,0.0,0.0
2026-03-03 12:25:00,231.6,153.7,0.0,0.0,0.0
2026-03-03 12:26:00,225.1,152.7,0.0,0.0,0.0
2026-03-03 12:27:00,233.8,147.0,0.0,0.0,0.0
2026-03-03 12:28:00,232.0,154.6,0.0,0.0,0.0
2026-03-03 12:29:00,237.6,142.9,0.0,0.0,0.0
2026-03-03 12:30:00,226.0,147.6,0.0,0.0,0.0
2026-03-03 12:31:00,231.8,158.5,0.0,0.0,0.0
2026-03-03 12:32:00,222.9,137.1,0.0,0.0,0.0
2026-03-03 12:33:00,230.7,149.0,0.0,0.0,0.0
2026-03-03 12:34:00,241.0,154.9,0.0,0.0,0.0
2026-03-03 12:35:00,86.1,0.0,0.0,0.0,0.0
2026-03-03 12:36:00,84.4,0.0,0.0,0.0,0.0
2026-03-03 12:37:00,77.5,0.0,0.0,0.0,0.0
2026-03-03 12:38:00,78.9,0.0,0.0,0.0,0.0
2026-03-03 12:39:00,82.4,0.0,0.0,0.0,0.0
2026-03-03 12:40:00,85.2,0.0,0.0,0.0,0.0
2026-03-03 12:41:00,86.5,0.0,0.0,0.0,0.0
2026-03-03 12:42:00,80.0,0.0,0.0,0.0,0.0
2026-03-03 12:43:00,76.6,0.0,0.0,0.0,0.0
2026-03-03 12:44:00,88.3,0.0,0.0,0.0,0.0
2026-03-03 12:45:00,79.9,0.0,0.0,0.0,0.0
2026-03-03 12:46:00,75.5,0.0,0.0,0.0,0.0
2026-03-03 12:47:00,67.6,0.0,0.0,0.0,0.0
2026-03-03 12:48:00,82.4,0.0,0.0,0.0,0.0
2026-03-03 12:49:00,68.8,0.0,0.0,0.0,0.0
2026-03-03 12:50:00,83.5,0.0,0.0,0.0,0.0
2026-03-03 12:51:00,75.3,0.0,0.0,0.0,0.0
2026-03-03 12:52:00,91.2,0.0,0.0,0.0,0.0
2026-03-03 12:53:00,78.2,0.0,0.0,0.0,0.0
2026-03-03 12:54:00,80.5,0.0,0.0,0.0,0.0
2026-03-03 12:55:00,79.8,0.0,0.0,0.0,0.0
2026-03-03 12:56:00,82.0,0.0,0.0,0.0,0.0
2026-03-03 12:57:00,72.1,0.0,0.0,0.0,0.0
2026-03-03 12:58:00,80.3,0.0,0.0,0.0,0.0
2026-03-03 12:59:00,85.6,0.0,0.0,0.0,0.0
2026-03-03 13:00:00,220.7,151.2,0.0,0.0,0.0
2026-03-03 13:01:00,233.7,149.5,0.0,0.0,0.0
2026-03-03 13:02:00,224.9,144.8,0.0,0.0,0.0
2026-03-03 13:03:00,228.0,156.0,0.0,0.0,0.0
2026-03-03 13:04:00,233.1,155.5,0.0,0.0,0.0
2026-03-03 13:05:00,231.6,152.3,0.0,0.0,0.0
2026-03-03 13:06:00,233.7,154.0,0.0,0.0,0.0
2026-03-03 13:07:00,241.1,158.2,0.0,0.0,0.0
2026-03-03 13:08:00,234.7,149.3,0.0,0.0,0.0
2026-03-03 13:09:00,212.1,143.3,0.0,0.0,0.0
2026-03-03 13:10:00,227.5,145.3,0.0,0.0,0.0
2026-03-03 13:11:00,234.9,153.5,0.0,0.0,0.0
2026-03-03 13:12:00,228.8,151.1,0.0,0.0,0.0
2026-03-03 13:13:00,216.9,142.6,0.0,0.0,0.0
2026-03-03 13:14:00,232.7,156.6,0.0,0.0,0.0
2026-03-03 13:15:00,238.2,151.1,0.0,0.0,0.0
2026-03-03 13:16:00,240.4,158.0,0.0,0.0,0.0
2026-03-03 13:17:00,250.5,155.6,0.0,0.0,0.0
2026-03-03 13:18:00,218.4,147.9,0.0,0.0,0.0
2026-03-03 13:19:00,227.8,150.5,0.0,0.0,0.0
2026-03-03 13:20:00,225.4,146.4,0.0,0.0,0.0
2026-03-03 13:21:00,219.6,145.9,0.0,0.0,0.0
2026-03-03 13:22:00,220.9,148.6,0.0,0.0,0.0
2026-03-03 13:23:00,227.7,152.5,0.0,0.0,0.0
2026-03-03 13:24:00,236.8,156.8,0.0,0.0,0.0
2026-03-03 13:25:00,218.3,145.6,0.0,0.0,0.0
2026-03-03 13:26:00,222.4,153.5,0.0,0.0,0.0
2026-03-03 13:27:00,228.6,150.3,0.0,0.0,0.0
2026-03-03 13:28:00,226.4,149.0,0.0,0.0,0.0
2026-03-03 13:29:00,240.4,155.7,0.0,0.0,0.0
2026-03-03 13:30:00,231.8,148.3,0.0,0.0,0.0
2026-03-03 13:31:00,245.5,156.9,0.0,0.0,0.0
2026-03-03 13:32:00,229.3,148.4,0.0,0.0,0.0
2026-03-03 13:33:00,219.7,145.5,0.0,0.0,0.0
2026-03-03 13:34:00,238.1,153.9,0.0,0.0,0.0
2026-03-03 13:35:00,83.0,0.0,0.0,0.0,0.0
2026-03-03 13:36:00,81.8,0.0,0.0,0.0,0.0
2026-03-03 13:37:00,76.0,0.0,0.0,0.0,0.0
2026-03-03 13:38:00,81.1,0.0,0.0,0.0,0.0
2026-03-03 13:39:00,82.2,0.0,0.0,0.0,0.0
2026-03-03 13:40:00,82.1,0.0,0.0,0.0,0.0
2026-03-03 13:41:00,84.1,0.0,0.0,0.0,0.0
2026-03-03 13:42:00,76.1,0.0,0.0,0.0,0.0
2026-03-03 13:43:00,84.3,0.0,0.0,0.0,0.0
2026-03-03 13:44:00,92.0,0.0,0.0,0.0,0.0
2026-03-03 13:45:00,81.4,0.0,0.0,0.0,0.0
2026-03-03 13:46:00,73.8,0.0,0.0,0.0,0.0
2026-03-03 13:47:00,77.5,0.0,0.0,0.0,0.0
2026-03-03 13:48:00,84.8,0.0,0.0,0.0,0.0
2026-03-03 13:49:00,75.3,0.0,0.0,0.0,0.0
2026-03-03 13:50:00,81.6,0.0,0.0,0.0,0.0
2026-03-03 13:51:00,84.8,0.0,0.0,0.0,0.0
2026-03-03 13:52:00,74.4,0.0,0.0,0.0,0.0
2026-03-03 13:53:00,78.5,0.0,0.0,0.0,0.0
2026-03-03 13:54:00,76.1,0.0,0.0,0.0,0.0
2026-03-03 13:55:00,75.6,0.0,0.0,0.0,0.0
2026-03-03 13:56:00,84.8,0.0,0.0,0.0,0.0
2026-03-03 13:57:00,79.8,0.0,0.0,0.0,0.0
2026-03-03 13:58:00,82.3,0.0,0.0,0.0,0.0
2026-03-03 13:59:00,85.6,0.0,0.0,0.0,0.0
2026-03-03 14:00:00,243.0,152.6,0.0,0.0,0.0
2026-03-03 14:01:00,224.5,144.9,0.0,0.0,0.0
2026-03-03 14:02:00,230.6,145.7,0.0,0.0,0.0
2026-03-03 14:03:00,233.8,152.3,0.0,0.0,0.0
2026-03-03 14:04:00,223.2,145.1,0.0,0.0,0.0
2026-03-03 14:05:00,229.2,151.3,0.0,0.0,0.0
2026-03-03 14:06:00,236.8,154.7,0.0,0.0,0.0
2026-03-03 14:07:00,211.4,150.2,0.0,0.0,0.0
2026-03-03 14:08:00,221.1,136.8,0.0,0.0,0.0
2026-03-03 14:09:00,228.7,156.0,0.0,0.0,0.0
2026-03-03 14:10:00,240.4,155.9,0.0,0.0,0.0
2026-03-03 14:11:00,246.6,157.2,0.0,0.0,0.0
2026-03-03 14:12:00,237.2,154.4,0.0,0.0,0.0
2026-03-03 14:13:00,220.0,141.8,0.0,0.0,0.0
2026-03-03 14:14:00,241.0,157.2,0.0,0.0,0.0
2026-03-03 14:15:00,230.5,151.9,0.0,0.0,0.0
2026-03-03 14:16:00,234.9,154.8,0.0,0.0,0.0
2026-03-03 14:17:00,224.3,149.4,0.0,0.0,0.0
2026-03-03 14:18:00,229.3,149.0,0.0,0.0,0.0
2026-03-03 14:19:00,239.7,149.0,0.0,0.0,0.0
2026-03-03 14:20:00,229.5,158.1,0.0,0.0,0.0
2026-03-03 14:21:00,230.5,151.5,0.0,0.0,0.0
2026-03-03 14:22:00,232.0,149.2,0.0,0.0,0.0
2026-03-03 14:23:00,2209.5,143.8,1986.4,0.0,0.0
2026-03-03 14:24:00,230.6,152.5,0.0,0.0,0.0
2026-03-03 14:25:00,222.4,150.2,0.0,0.0,0.0
2026-03-03 14:26:00,229.7,151.0,0.0,0.0,0.0
2026-03-03 14:27:00,243.6,155.1,0.0,0.0,0.0
2026-03-03 14:28:00,240.1,153.8,0.0,0.0,0.0
2026-03-03 14:29:00,225.8,150.2,0.0,0.0,0.0
2026-03-03 14:30:00,232.5,151.3,0.0,0.0,0.0
2026-03-03 14:31:00,228.9,150.6,0.0,0.0,0.0
2026-03-03 14:32:00,227.3,153.8,0.0,0.0,0.0
2026-03-03 14:33:00,235.4,153.6,0.0,0.0,0.0
2026-03-03 14:34:00,228.1,150.9,0.0,0.0,0.0
2026-03-03 14:35:00,2076.5,0.0,1997.2,0.0,0.0
2026-03-03 14:36:00,85.0,0.0,0.0,0.0,0.0
2026-03-03 14:37:00,75.9,0.0,0.0,0.0,0.0
2026-03-03 14:38:00,2056.6,0.0,1973.4,0.0,0.0
2026-03-03 14:39:00,2088.9,0.0,2005.8,0.0,0.0
2026-03-03 14:40:00,2066.6,0.0,1990.7,0.0,0.0
2026-03-03 14:41:00,2086.6,0.0,2006.7,0.0,0.0
2026-03-03 14:42:00,77.2,0.0,0.0,0.0,0.0
2026-03-03 14:43:00,73.3,0.0,0.0,0.0,0.0
2026-03-03 14:44:00,82.4,0.0,0.0,0.0,0.0
2026-03-03 14:45:00,2075.0,0.0,1993.2,0.0,0.0
2026-03-03 14:46:00,2043.0,0.0,1963.6,0.0,0.0
2026-03-03 14:47:00,2101.6,0.0,2012.8,0.0,0.0
2026-03-03 14:48:00,83.0,0.0,0.0,0.0,0.0
2026-03-03 14:49:00,86.5,0.0,0.0,0.0,0.0
2026-03-03 14:50:00,79.1,0.0,0.0,0.0,0.0
2026-03-03 14:51:00,86.4,0.0,0.0,0.0,0.0
2026-03-03 14:52:00,2080.9,0.0,2009.0,0.0,0.0
2026-03-03 14:53:00,2059.8,0.0,1978.4,0.0,0.0
2026-03-03 14:54:00,75.6,0.0,0.0,0.0,0.0
2026-03-03 14:55:00,80.1,0.0,0.0,0.0,0.0
2026-03-03 14:56:00,79.7,0.0,0.0,0.0,0.0
2026-03-03 14:57:00,75.4,0.0,0.0,0.0,0.0
2026-03-03 14:58:00,80.8,0.0,0.0,0.0,0.0
2026-03-03 14:59:00,76.2,0.0,0.0,0.0,0.0
2026-03-03 15:00:00,2263.4,164.4,2019.2,0.0,0.0
2026-03-03 15:01:00,2228.7,153.2,2000.3,0.0,0.0
2026-03-03 15:02:00,224.8,146.4,0.0,0.0,0.0
2026-03-03 15:03:00,2238.8,150.1,2003.1,0.0,0.0
2026-03-03 15:04:00,222.8,151.8,0.0,0.0,0.0
2026-03-03 15:05:00,235.3,152.1,0.0,0.0,0.0
2026-03-03 15:06:00,232.5,152.3,0.0,0.0,0.0
2026-03-03 15:07:00,2239.3,152.4,2002.5,0.0,0.0
2026-03-03 15:08:00,2248.9,149.4,2015.2,0.0,0.0
2026-03-03 15:09:00,231.7,153.4,0.0,0.0,0.0
2026-03-03 15:10:00,236.4,161.0,0.0,0.0,0.0
2026-03-03 15:11:00,231.5,147.9,0.0,0.0,0.0
2026-03-03 15:12:00,223.5,148.2,0.0,0.0,0.0
2026-03-03 15:13:00,244.2,153.6,0.0,0.0,0.0
2026-03-03 15:14:00,239.3,156.3,0.0,0.0,0.0
2026-03-03 15:15:00,228.3,154.2,0.0,0.0,0.0
2026-03-03 15:16:00,231.4,156.2,0.0,0.0,0.0
2026-03-03 15:17:00,2212.9,149.9,1981.5,0.0,0.0
2026-03-03 15:18:00,227.6,149.0,0.0,0.0,0.0
2026-03-03 15:19:00,2280.2,153.4,2042.3,0.0,0.0
2026-03-03 15:20:00,2190.1,153.5,1956.1,0.0,0.0
2026-03-03 15:21:00,2237.3,158.4,2007.6,0.0,0.0
2026-03-03 15:22:00,2269.7,157.9,2022.7,0.0,0.0
2026-03-03 15:23:00,224.0,141.0,0.0,0.0,0.0
2026-03-03 15:24:00,2192.2,154.0,1956.9,0.0,0.0
2026-03-03 15:25:00,2226.7,146.8,1995.8,0.0,0.0
2026-03-03 15:26:00,2230.8,139.6,2010.3,0.0,0.0
2026-03-03 15:27:00,2177.1,152.1,1946.4,0.0,0.0
2026-03-03 15:28:00,2197.2,149.3,1966.7,0.0,0.0
2026-03-03 15:29:00,2234.8,148.4,2000.5,0.0,0.0
2026-03-03 15:30:00,2245.4,143.7,2023.5,0.0,0.0
2026-03-03 15:31:00,2231.4,145.0,2001.4,0.0,0.0
2026-03-03 15:32:00,2216.2,149.0,1992.7,0.0,0.0
2026-03-03 15:33:00,2206.7,142.6,1996.2,0.0,0.0
2026-03-03 15:34:00,2217.1,149.5,1977.0,0.0,0.0
2026-03-03 15:35:00,2127.6,0.0,2044.5,0.0,0.0
2026-03-03 15:36:00,2036.1,0.0,1966.4,0.0,0.0
2026-03-03 15:37:00,2082.5,0.0,1999.5,0.0,0.0
2026-03-03 15:38:00,2129.6,0.0,2054.1,0.0,0.0
2026-03-03 15:39:00,2041.3,0.0,1969.2,0.0,0.0
2026-03-03 15:40:00,2086.8,0.0,2004.5,0.0,0.0
2026-03-03 15:41:00,2138.1,0.0,2049.5,0.0,0.0
2026-03-03 15:42:00,2060.3,0.0,1979.8,0.0,0.0
2026-03-03 15:43:00,2082.2,0.0,2000.2,0.0,0.0
2026-03-03 15:44:00,2015.0,0.0,1927.9,0.0,0.0
2026-03-03 15:45:00,2055.4,0.0,1972.5,0.0,0.0
2026-03-03 15:46:00,2100.6,0.0,2022.1,0.0,0.0
2026-03-03 15:47:00,2030.7,0.0,1951.7,0.0,0.0
2026-03-03 15:48:00,2064.4,0.0,1981.4,0.0,0.0
2026-03-03 15:49:00,2037.1,0.0,1964.2,0.0,0.0
2026-03-03 15:50:00,2033.7,0.0,1958.8,0.0,0.0
2026-03-03 15:51:00,2111.0,0.0,2030.3,0.0,0.0
2026-03-03 15:52:00,2077.9,0.0,2005.5,0.0,0.0
2026-03-03 15:53:00,95.1,0.0,0.0,0.0,0.0
2026-03-03 15:54:00,2099.6,0.0,2017.5,0.0,0.0
2026-03-03 15:55:00,2085.1,0.0,2004.4,0.0,0.0
2026-03-03 15:56:00,2111.6,0.0,2033.2,0.0,0.0
2026-03-03 15:57:00,2079.0,0.0,1984.9,0.0,0.0
2026-03-03 15:58:00,2071.0,0.0,1992.8,0.0,0.0
2026-03-03 15:59:00,2110.0,0.0,2021.1,0.0,0.0
2026-03-03 16:00:00,2251.1,157.8,2015.0,0.0,0.0
2026-03-03 16:01:00,2227.4,156.7,1991.1,0.0,0.0
2026-03-03 16:02:00,2214.1,147.8,1986.0,0.0,0.0
2026-03-03 16:03:00,2143.0,149.7,1908.8,0.0,0.0
2026-03-03 16:04:00,2200.8,144.1,1976.7,0.0,0.0
2026-03-03 16:05:00,2178.6,155.9,1948.1,0.0,0.0
2026-03-03 16:06:00,2285.9,153.6,2056.8,0.0,0.0
2026-03-03 16:07:00,2268.0,152.9,2034.0,0.0,0.0
2026-03-03 16:08:00,2220.1,153.3,1985.1,0.0,0.0
2026-03-03 16:09:00,2224.3,152.3,1982.2,0.0,0.0
2026-03-03 16:10:00,2195.4,151.0,1955.2,0.0,0.0
2026-03-03 16:11:00,2225.3,151.4,1998.1,0.0,0.0
2026-03-03 16:12:00,2235.9,156.0,1998.3,0.0,0.0
2026-03-03 16:13:00,2281.7,146.1,2058.6,0.0,0.0
2026-03-03 16:14:00,2282.0,144.8,2044.0,0.0,0.0
2026-03-03 16:15:00,2277.2,150.0,2046.1,0.0,0.0
2026-03-03 16:16:00,2207.9,155.8,1974.9,0.0,0.0
2026-03-03 16:17:00,2230.8,151.2,1999.2,0.0,0.0
2026-03-03 16:18:00,2225.4,149.0,1994.0,0.0,0.0
2026-03-03 16:19:00,2233.2,154.2,1998.9,0.0,0.0
2026-03-03 16:20:00,2221.7,150.6,1997.4,0.0,0.0
2026-03-03 16:21:00,2211.9,140.5,1993.1,0.0,0.0
2026-03-03 16:22:00,2219.7,145.0,1994.3,0.0,0.0
2026-03-03 16:23:00,2247.0,139.6,2026.8,0.0,0.0
2026-03-03 16:24:00,2214.4,148.9,1988.0,0.0,0.0
2026-03-03 16:25:00,2227.8,147.8,1999.3,0.0,0.0
2026-03-03 16:26:00,2255.3,152.2,2022.3,0.0,0.0
2026-03-03 16:27:00,2244.2,160.5,2008.4,0.0,0.0
2026-03-03 16:28:00,2245.8,147.0,2014.6,0.0,0.0
2026-03-03 16:29:00,2200.5,150.1,1958.0,0.0,0.0
2026-03-03 16:30:00,2207.2,148.1,1976.4,0.0,0.0
2026-03-03 16:31:00,2228.2,136.0,2014.8,0.0,0.0
2026-03-03 16:32:00,2207.1,146.2,1983.0,0.0,0.0
2026-03-03 16:33:00,2270.8,146.4,2041.0,0.0,0.0
2026-03-03 16:34:00,2229.0,151.4,1991.4,0.0,0.0
2026-03-03 16:35:00,2045.7,0.0,1961.0,0.0,0.0
2026-03-03 16:36:00,2080.5,0.0,1999.2,0.0,0.0
2026-03-03 16:37:00,2085.5,0.0,2010.2,0.0,0.0
2026-03-03 16:38:00,2116.6,0.0,2036.7,0.0,0.0
2026-03-03 16:39:00,2102.4,0.0,2024.3,0.0,0.0
2026-03-03 16:40:00,2070.9,0.0,1996.0,0.0,0.0
2026-03-03 16:41:00,2121.2,0.0,2044.7,0.0,0.0
2026-03-03 16:42:00,2064.9,0.0,1992.0,0.0,0.0
2026-03-03 16:43:00,2058.9,0.0,1979.4,0.0,0.0
2026-03-03 16:44:00,2087.1,0.0,2007.7,0.0,0.0
2026-03-03 16:45:00,2042.1,0.0,1976.0,0.0,0.0
2026-03-03 16:46:00,2114.1,0.0,2034.4,0.0,0.0
2026-03-03 16:47:00,2088.2,0.0,2011.5,0.0,0.0
2026-03-03 16:48:00,2113.5,0.0,2026.6,0.0,0.0
2026-03-03 16:49:00,2037.0,0.0,1952.6,0.0,0.0
2026-03-03 16:50:00,2135.1,0.0,2048.6,0.0,0.0
2026-03-03 16:51:00,2116.5,0.0,2027.4,0.0,0.0
2026-03-03 16:52:00,2088.6,0.0,2009.3,0.0,0.0
2026-03-03 16:53:00,2086.6,0.0,2012.2,0.0,0.0
2026-03-03 16:54:00,2093.7,0.0,2012.3,0.0,0.0
2026-03-03 16:55:00,2088.6,0.0,2005.6,0.0,0.0
2026-03-03 16:56:00,2108.0,0.0,2032.1,0.0,0.0
2026-03-03 16:57:00,2078.1,0.0,2004.3,0.0,0.0
2026-03-03 16:58:00,2089.7,0.0,2007.4,0.0,0.0
2026-03-03 16:59:00,2124.0,0.0,2048.8,0.0,0.0
2026-03-03 17:00:00,2252.8,157.0,2005.7,0.0,0.0
2026-03-03 17:01:00,2259.1,154.5,2021.1,0.0,0.0
2026-03-03 17:02:00,2229.4,149.5,1993.7,0.0,0.0
2026-03-03 17:03:00,2246.2,148.3,2032.6,0.0,0.0
2026-03-03 17:04:00,2202.2,149.6,1976.2,0.0,0.0
2026-03-03 17:05:00,2235.4,156.7,1998.1,0.0,0.0
2026-03-03 17:06:00,2193.5,145.4,1959.0,0.0,0.0
2026-03-03 17:07:00,2276.6,150.7,2052.5,0.0,0.0
2026-03-03 17:08:00,2198.3,158.2,1962.6,0.0,0.0
2026-03-03 17:09:00,2232.8,154.5,1994.8,0.0,0.0
2026-03-03 17:10:00,2295.8,158.8,2044.4,0.0,0.0
2026-03-03 17:11:00,2236.6,152.2,2005.5,0.0,0.0
2026-03-03 17:12:00,2226.9,152.3,2003.1,0.0,0.0
2026-03-03 17:13:00,2288.5,157.0,2055.6,0.0,0.0
2026-03-03 17:14:00,2251.5,153.4,2018.3,0.0,0.0
2026-03-03 17:15:00,2210.5,151.8,1978.7,0.0,0.0
2026-03-03 17:16:00,2249.5,147.6,2020.0,0.0,0.0
2026-03-03 17:17:00,2200.1,142.8,1970.2,0.0,0.0
2026-03-03 17:18:00,2208.9,157.6,1974.8,0.0,0.0
2026-03-03 17:19:00,2205.6,148.1,1988.4,0.0,0.0
2026-03-03 17:20:00,2193.2,146.5,1977.0,0.0,0.0
2026-03-03 17:21:00,2230.6,154.5,1996.2,0.0,0.0
2026-03-03 17:22:00,2225.1,145.8,1995.9,0.0,0.0
2026-03-03 17:23:00,2251.5,143.5,2034.4,0.0,0.0
2026-03-03 17:24:00,2242.2,147.4,2004.3,0.0,0.0
2026-03-03 17:25:00,2242.9,149.9,2007.6,0.0,0.0
2026-03-03 17:26:00,2284.7,151.6,2046.7,0.0,0.0
2026-03-03 17:27:00,2262.3,152.8,2037.2,0.0,0.0
2026-03-03 17:28:00,2215.8,155.0,1973.4,0.0,0.0
2026-03-03 17:29:00,2262.3,149.6,2032.0,0.0,0.0
2026-03-03 17:30:00,2225.1,152.0,1988.8,0.0,0.0
2026-03-03 17:31:00,2228.9,149.7,2003.8,0.0,0.0
2026-03-03 17:32:00,2221.0,147.1,1983.7,0.0,0.0
2026-03-03 17:33:00,2239.7,152.2,2003.5,0.0,0.0
2026-03-03 17:34:00,2238.0,152.0,2010.8,0.0,0.0
2026-03-03 17:35:00,2043.2,0.0,1970.5,0.0,0.0
2026-03-03 17:36:00,2096.5,0.0,2014.3,0.0,0.0
2026-03-03 17:37:00,2068.3,0.0,1994.5,0.0,0.0
2026-03-03 17:38:00,2074.8,0.0,2002.5,0.0,0.0
2026-03-03 17:39:00,2067.0,0.0,1985.4,0.0,0.0
2026-03-03 17:40:00,2055.7,0.0,1976.7,0.0,0.0
2026-03-03 17:41:00,2082.4,0.0,2005.4,0.0,0.0
2026-03-03 17:42:00,2087.8,0.0,2001.4,0.0,0.0
2026-03-03 17:43:00,2090.1,0.0,2012.4,0.0,0.0
2026-03-03 17:44:00,2119.8,0.0,2031.7,0.0,0.0
2026-03-03 17:45:00,2083.4,0.0,2000.9,0.0,0.0
2026-03-03 17:46:00,2111.0,0.0,2033.7,0.0,0.0
2026-03-03 17:47:00,2084.7,0.0,2007.9,0.0,0.0
2026-03-03 17:48:00,2035.8,0.0,1964.0,0.0,0.0
2026-03-03 17:49:00,2111.5,0.0,2032.0,0.0,0.0
2026-03-03 17:50:00,2070.2,0.0,1989.5,0.0,0.0
2026-03-03 17:51:00,2143.1,0.0,2062.9,0.0,0.0
2026-03-03 17:52:00,2112.5,0.0,2024.8,0.0,0.0
2026-03-03 17:53:00,2085.1,0.0,2003.6,0.0,0.0
2026-03-03 17:54:00,2031.0,0.0,1944.6,0.0,0.0
2026-03-03 17:55:00,2119.4,0.0,2045.8,0.0,0.0
2026-03-03 17:56:00,2108.5,0.0,2029.1,0.0,0.0
2026-03-03 17:57:00,2098.4,0.0,2017.0,0.0,0.0
2026-03-03 17:58:00,2136.0,0.0,2053.3,0.0,0.0
2026-03-03 17:59:00,2061.9,0.0,1983.5,0.0,0.0
2026-03-03 18:00:00,2359.0,151.9,2013.2,0.0,114.6
2026-03-03 18:01:00,2369.6,148.6,2011.1,0.0,124.6
2026-03-03 18:02:00,2344.4,151.7,1989.4,0.0,125.2
2026-03-03 18:03:00,2384.6,150.2,2029.4,0.0,118.0
2026-03-03 18:04:00,2330.0,148.3,1989.9,0.0,110.4
2026-03-03 18:05:00,2197.8,146.7,1966.7,0.0,0.0
2026-03-03 18:06:00,2211.4,154.8,1986.9,0.0,0.0
2026-03-03 18:07:00,2360.8,147.9,2005.1,0.0,123.3
2026-03-03 18:08:00,2348.3,144.5,2011.8,0.0,122.3
2026-03-03 18:09:00,2364.8,159.2,2009.6,0.0,114.8
2026-03-03 18:10:00,2337.2,156.4,1983.6,0.0,117.6
2026-03-03 18:11:00,2365.0,152.9,2012.0,0.0,116.7
2026-03-03 18:12:00,2358.9,150.0,2006.1,0.0,125.7
2026-03-03 18:13:00,2360.4,151.2,2003.4,0.0,124.9
2026-03-03 18:14:00,2212.5,143.1,1986.6,0.0,0.0
2026-03-03 18:15:00,2389.8,150.2,2029.9,0.0,129.9
2026-03-03 18:16:00,2238.9,151.6,2014.9,0.0,0.0
2026-03-03 18:17:00,2380.7,149.3,2025.5,0.0,125.6
2026-03-03 18:18:00,2206.6,152.4,1974.3,0.0,0.0
2026-03-03 18:19:00,2286.3,146.5,1944.7,0.0,115.3
2026-03-03 18:20:00,2347.3,151.2,1992.8,0.0,118.0
2026-03-03 18:21:00,2219.0,142.5,1997.2,0.0,0.0
2026-03-03 18:22:00,2222.5,150.1,1982.2,0.0,0.0
2026-03-03 18:23:00,2362.7,147.2,2017.3,0.0,117.1
2026-03-03 18:24:00,2192.6,143.7,1968.1,0.0,0.0
2026-03-03 18:25:00,2234.0,148.3,1994.0,0.0,0.0
2026-03-03 18:26:00,2256.5,150.3,2024.9,0.0,0.0
2026-03-03 18:27:00,2357.6,147.3,2015.3,0.0,118.5
2026-03-03 18:28:00,2407.8,154.8,2049.7,0.0,118.7
2026-03-03 18:29:00,2312.0,146.8,2074.0,0.0,0.0
2026-03-03 18:30:00,2324.3,154.8,1964.2,0.0,128.2
2026-03-03 18:31:00,2284.7,153.8,2047.4,0.0,0.0
2026-03-03 18:32:00,2380.9,147.2,2036.2,0.0,120.7
2026-03-03 18:33:00,2342.2,157.2,1977.3,0.0,118.4
2026-03-03 18:34:00,2293.9,143.5,1949.9,0.0,117.6
2026-03-03 18:35:00,2116.3,0.0,2031.1,0.0,0.0
2026-03-03 18:36:00,2006.6,0.0,1917.5,0.0,0.0
2026-03-03 18:37:00,2228.2,0.0,2029.7,0.0,119.0
2026-03-03 18:38:00,2282.3,0.0,2082.5,0.0,119.8
2026-03-03 18:39:00,2120.7,0.0,2043.3,0.0,0.0
2026-03-03 18:40:00,2123.6,0.0,1924.2,0.0,123.2
2026-03-03 18:41:00,2208.1,0.0,2020.9,0.0,106.8
2026-03-03 18:42:00,2049.5,0.0,1970.6,0.0,0.0
2026-03-03 18:43:00,2074.2,0.0,1994.9,0.0,0.0
2026-03-03 18:44:00,2214.5,0.0,2008.0,0.0,122.0
2026-03-03 18:45:00,2073.8,0.0,2001.5,0.0,0.0
2026-03-03 18:46:00,2181.3,0.0,1974.8,0.0,123.4
2026-03-03 18:47:00,2029.7,0.0,1949.4,0.0,0.0
2026-03-03 18:48:00,2180.3,0.0,1985.0,0.0,115.5
2026-03-03 18:49:00,2196.4,0.0,1995.8,0.0,124.4
2026-03-03 18:50:00,2163.5,0.0,1959.4,0.0,127.6
2026-03-03 18:51:00,2239.8,0.0,2047.3,0.0,114.4
2026-03-03 18:52:00,2235.3,0.0,2037.8,0.0,114.3
2026-03-03 18:53:00,2111.3,0.0,2032.9,0.0,0.0
2026-03-03 18:54:00,2189.8,0.0,1990.4,0.0,120.7
2026-03-03 18:55:00,2042.2,0.0,1954.4,0.0,0.0
2026-03-03 18:56:00,2242.6,0.0,2044.4,0.0,123.9
2026-03-03 18:57:00,2204.1,0.0,1995.1,0.0,122.4
2026-03-03 18:58:00,2112.3,0.0,2032.8,0.0,0.0
2026-03-03 18:59:00,2179.0,0.0,1968.5,0.0,123.3
2026-03-03 19:00:00,2258.4,146.8,2036.2,0.0,0.0
2026-03-03 19:01:00,2280.8,153.1,1941.6,0.0,111.6
2026-03-03 19:02:00,2392.5,150.8,2039.8,0.0,124.6
2026-03-03 19:03:00,2277.8,151.5,2049.0,0.0,0.0
2026-03-03 19:04:00,2378.1,151.6,2023.6,0.0,122.9
2026-03-03 19:05:00,2338.2,153.1,1976.7,0.0,127.3
2026-03-03 19:06:00,2334.4,144.2,1992.7,0.0,115.5
2026-03-03 19:07:00,2389.6,150.3,2028.4,0.0,128.7
2026-03-03 19:08:00,2400.3,151.8,2034.4,0.0,116.5
2026-03-03 19:09:00,2365.3,147.2,2021.5,0.0,112.8
2026-03-03 19:10:00,2343.3,151.8,1998.1,0.0,107.8
2026-03-03 19:11:00,2378.8,145.1,2038.2,0.0,119.3
2026-03-03 19:12:00,2347.0,153.6,1995.7,0.0,120.4
2026-03-03 19:13:00,2273.9,146.6,1944.4,0.0,113.3
2026-03-03 19:14:00,2198.2,148.7,1967.1,0.0,0.0
2026-03-03 19:15:00,2203.4,153.9,1972.6,0.0,0.0
2026-03-03 19:16:00,2263.6,155.3,2024.2,0.0,0.0
2026-03-03 19:17:00,2227.9,147.3,1994.5,0.0,0.0
2026-03-03 19:18:00,2370.2,146.9,2013.7,0.0,123.4
2026-03-03 19:19:00,2378.3,154.9,2028.8,0.0,120.1
2026-03-03 19:20:00,2207.4,136.0,1993.3,0.0,0.0
2026-03-03 19:21:00,2335.8,156.6,1983.1,0.0,119.4
2026-03-03 19:22:00,2265.3,156.4,2026.3,0.0,0.0
2026-03-03 19:23:00,2213.8,144.8,1987.4,0.0,0.0
2026-03-03 19:24:00,2292.6,155.9,2051.3,0.0,0.0
2026-03-03 19:25:00,2364.3,151.8,2000.3,0.0,125.9
2026-03-03 19:26:00,2397.7,152.3,2054.5,0.0,116.0
2026-03-03 19:27:00,2365.6,138.7,2030.2,0.0,121.2
2026-03-03 19:28:00,2235.6,147.7,2013.8,0.0,0.0
2026-03-03 19:29:00,2369.8,149.1,2023.4,0.0,119.5
2026-03-03 19:30:00,2336.0,148.0,1987.6,0.0,115.3
2026-03-03 19:31:00,2383.3,148.2,2040.6,0.0,118.5
2026-03-03 19:32:00,2256.8,148.7,2026.6,0.0,0.0
2026-03-03 19:33:00,2137.1,136.0,1927.5,0.0,0.0
2026-03-03 19:34:00,2265.7,149.1,2037.4,0.0,0.0
2026-03-03 19:35:00,2123.9,0.0,2048.3,0.0,0.0
2026-03-03 19:36:00,2100.2,0.0,2013.1,0.0,0.0
2026-03-03 19:37:00,2240.4,0.0,2035.3,0.0,115.5
2026-03-03 19:38:00,2139.2,0.0,2058.1,0.0,0.0
2026-03-03 19:39:00,2132.7,0.0,2055.2,0.0,0.0
2026-03-03 19:40:00,2260.8,0.0,2052.6,0.0,115.4
2026-03-03 19:41:00,2141.3,0.0,2059.7,0.0,0.0
2026-03-03 19:42:00,2213.1,0.0,2017.8,0.0,116.2
2026-03-03 19:43:00,2220.9,0.0,2017.5,0.0,124.4
2026-03-03 19:44:00,2036.6,0.0,1954.4,0.0,0.0
2026-03-03 19:45:00,2053.9,0.0,1971.1,0.0,0.0
2026-03-03 19:46:00,2198.9,0.0,1996.6,0.0,122.7
2026-03-03 19:47:00,2094.4,0.0,2006.7,0.0,0.0
2026-03-03 19:48:00,2119.6,0.0,2035.9,0.0,0.0
2026-03-03 19:49:00,2228.8,0.0,2015.8,0.0,122.6
2026-03-03 19:50:00,2166.2,0.0,1962.7,0.0,117.8
2026-03-03 19:51:00,2182.8,0.0,1978.4,0.0,129.8
2026-03-03 19:52:00,2228.1,0.0,2038.1,0.0,117.5
2026-03-03 19:53:00,2263.9,0.0,2045.8,0.0,132.1
2026-03-03 19:54:00,2171.3,0.0,1973.7,0.0,121.0
2026-03-03 19:55:00,2171.3,0.0,1979.7,0.0,110.3
2026-03-03 19:56:00,2111.4,0.0,2026.6,0.0,0.0
2026-03-03 19:57:00,2107.4,0.0,2028.5,0.0,0.0
2026-03-03 19:58:00,2094.4,0.0,2009.2,0.0,0.0
2026-03-03 19:59:00,2240.2,0.0,2037.1,0.0,120.5
2026-03-03 20:00:00,2163.8,150.3,1939.0,0.0,0.0
2026-03-03 20:01:00,2211.7,144.5,1979.7,0.0,0.0
2026-03-03 20:02:00,2236.6,145.0,2004.5,0.0,0.0
2026-03-03 20:03:00,2335.0,148.4,1978.4,0.0,125.3
2026-03-03 20:04:00,2185.5,141.1,1974.2,0.0,0.0
2026-03-03 20:05:00,2325.6,156.8,1976.4,0.0,111.8
2026-03-03 20:06:00,2330.4,154.7,1969.4,0.0,124.4
2026-03-03 20:07:00,2188.4,144.6,1963.2,0.0,0.0
2026-03-03 20:08:00,2372.9,149.4,2022.7,0.0,118.2
2026-03-03 20:09:00,2350.3,158.3,2001.3,0.0,118.6
2026-03-03 20:10:00,2210.8,152.0,1973.2,0.0,0.0
2026-03-03 20:11:00,2192.6,145.0,1967.4,0.0,0.0
2026-03-03 20:12:00,2204.3,139.4,1999.0,0.0,0.0
2026-03-03 20:13:00,2385.6,142.0,2037.5,0.0,123.3
2026-03-03 20:14:00,2308.4,155.9,1960.9,0.0,114.3
2026-03-03 20:15:00,2222.1,151.6,1989.8,0.0,0.0
2026-03-03 20:16:00,2354.8,143.6,2015.5,0.0,119.4
2026-03-03 20:17:00,2368.4,153.5,2024.4,0.0,110.1
2026-03-03 20:18:00,2187.2,148.2,1950.2,0.0,0.0
2026-03-03 20:19:00,2292.1,146.7,1937.7,0.0,125.2
2026-03-03 20:20:00,2228.1,147.4,2009.2,0.0,0.0
2026-03-03 20:21:00,2214.0,147.7,1981.6,0.0,0.0
2026-03-03 20:22:00,2239.7,158.2,2001.2,0.0,0.0
2026-03-03 20:23:00,2335.0,145.3,1993.6,0.0,120.7
2026-03-03 20:24:00,2246.5,148.0,2021.3,0.0,0.0
2026-03-03 20:25:00,2202.9,156.6,1959.4,0.0,0.0
2026-03-03 20:26:00,2354.8,157.4,2004.5,0.0,119.1
2026-03-03 20:27:00,2265.4,145.2,2035.6,0.0,0.0
2026-03-03 20:28:00,2321.3,160.2,2078.1,0.0,0.0
2026-03-03 20:29:00,2362.2,155.4,2020.4,0.0,115.4
2026-03-03 20:30:00,2264.9,142.7,2052.6,0.0,0.0
2026-03-03 20:31:00,2403.8,158.9,2038.5,0.0,121.1
2026-03-03 20:32:00,2255.9,142.7,2039.2,0.0,0.0
2026-03-03 20:33:00,2222.6,153.4,1987.2,0.0,0.0
2026-03-03 20:34:00,2204.8,144.3,1981.9,0.0,0.0
2026-03-03 20:35:00,2109.1,0.0,2026.4,0.0,0.0
2026-03-03 20:36:00,2074.5,0.0,1992.5,0.0,0.0
2026-03-03 20:37:00,2189.0,0.0,1990.9,0.0,120.6
2026-03-03 20:38:00,2209.6,0.0,2004.1,0.0,122.0
2026-03-03 20:39:00,2216.2,0.0,2020.8,0.0,115.2
2026-03-03 20:40:00,2066.2,0.0,1982.1,0.0,0.0
2026-03-03 20:41:00,2169.3,0.0,1964.4,0.0,121.7
2026-03-03 20:42:00,2098.6,0.0,2018.8,0.0,0.0
2026-03-03 20:43:00,2046.5,0.0,1962.5,0.0,0.0
2026-03-03 20:44:00,2075.7,0.0,1999.1,0.0,0.0
2026-03-03 20:45:00,2249.3,0.0,2038.4,0.0,123.2
2026-03-03 20:46:00,2163.2,0.0,1962.6,0.0,118.9
2026-03-03 20:47:00,2164.7,0.0,1963.9,0.0,117.9
2026-03-03 20:48:00,2055.4,0.0,1976.3,0.0,0.0
2026-03-03 20:49:00,2179.6,0.0,1985.5,0.0,117.4
2026-03-03 20:50:00,2054.9,0.0,1979.8,0.0,0.0
2026-03-03 20:51:00,2192.8,0.0,2008.6,0.0,114.5
2026-03-03 20:52:00,2238.3,0.0,2039.3,0.0,118.7
2026-03-03 20:53:00,2168.1,0.0,1971.9,0.0,124.9
2026-03-03 20:54:00,2125.5,0.0,2046.3,0.0,0.0
2026-03-03 20:55:00,2027.5,0.0,1954.0,0.0,0.0
2026-03-03 20:56:00,2088.8,0.0,2009.3,0.0,0.0
2026-03-03 20:57:00,2182.4,0.0,1984.8,0.0,117.2
2026-03-03 20:58:00,2173.6,0.0,1981.1,0.0,122.4
2026-03-03 20:59:00,2092.8,0.0,2011.4,0.0,0.0
2026-03-03 21:00:00,2288.0,151.6,1942.1,0.0,115.2
2026-03-03 21:01:00,2298.5,163.6,2063.6,0.0,0.0
2026-03-03 21:02:00,2257.6,145.6,2034.0,0.0,0.0
2026-03-03 21:03:00,2261.6,154.8,2030.8,0.0,0.0
2026-03-03 21:04:00,2341.8,152.2,1984.3,0.0,124.2
2026-03-03 21:05:00,2240.1,143.5,2012.5,0.0,0.0
2026-03-03 21:06:00,2355.8,146.9,2008.4,0.0,118.8
2026-03-03 21:07:00,2263.3,154.1,2023.0,0.0,0.0
2026-03-03 21:08:00,2284.7,142.8,1944.5,0.0,118.0
2026-03-03 21:09:00,2352.1,149.1,2013.3,0.0,112.9
2026-03-03 21:10:00,2361.8,154.6,1995.2,0.0,124.3
2026-03-03 21:11:00,2208.6,148.8,1980.0,0.0,0.0
2026-03-03 21:12:00,2408.8,151.3,2058.2,0.0,119.1
2026-03-03 21:13:00,2398.0,146.7,2047.7,0.0,116.8
2026-03-03 21:14:00,2357.8,146.9,2014.5,0.0,114.4
2026-03-03 21:15:00,2356.0,147.0,2006.2,0.0,115.3
2026-03-03 21:16:00,2213.3,148.3,1991.4,0.0,0.0
2026-03-03 21:17:00,2355.7,153.1,1991.3,0.0,133.3
2026-03-03 21:18:00,2384.7,150.4,2032.7,0.0,118.5
2026-03-03 21:19:00,2266.9,159.8,2024.7,0.0,0.0
2026-03-03 21:20:00,2240.9,152.7,2016.8,0.0,0.0
2026-03-03 21:21:00,2411.2,151.4,2053.7,0.0,123.3
2026-03-03 21:22:00,2383.7,161.2,2029.9,0.0,121.5
2026-03-03 21:23:00,2253.3,149.5,2032.5,0.0,0.0
2026-03-03 21:24:00,2357.2,146.0,2024.8,0.0,113.2
2026-03-03 21:25:00,2324.9,150.8,1990.8,0.0,111.8
2026-03-03 21:26:00,2320.3,144.6,1982.8,0.0,115.5
2026-03-03 21:27:00,2363.6,152.6,2014.4,0.0,121.9
2026-03-03 21:28:00,2179.7,156.8,1931.3,0.0,0.0
2026-03-03 21:29:00,2330.8,153.2,1983.6,0.0,122.2
2026-03-03 21:30:00,2360.5,148.0,2003.6,0.0,122.7
2026-03-03 21:31:00,2256.1,149.3,2030.9,0.0,0.0
2026-03-03 21:32:00,2278.5,152.4,1922.8,0.0,128.3
2026-03-03 21:33:00,2400.3,155.9,2042.7,0.0,121.0
2026-03-03 21:34:00,2220.3,148.0,1984.4,0.0,0.0
2026-03-03 21:35:00,2094.4,0.0,2022.2,0.0,0.0
2026-03-03 21:36:00,2138.0,0.0,2058.8,0.0,0.0
2026-03-03 21:37:00,2058.4,0.0,1979.6,0.0,0.0
2026-03-03 21:38:00,2073.9,0.0,1993.9,0.0,0.0
2026-03-03 21:39:00,2043.2,0.0,1967.4,0.0,0.0
2026-03-03 21:40:00,2204.1,0.0,1998.2,0.0,125.4
2026-03-03 21:41:00,2211.0,0.0,2001.3,0.0,115.0
2026-03-03 21:42:00,2140.2,0.0,1946.1,0.0,114.1
2026-03-03 21:43:00,2161.2,0.0,1962.2,0.0,120.0
2026-03-03 21:44:00,2186.1,0.0,1985.7,0.0,120.1
2026-03-03 21:45:00,2097.8,0.0,2017.5,0.0,0.0
2026-03-03 21:46:00,2278.0,0.0,2090.2,0.0,111.2
2026-03-03 21:47:00,2107.6,0.0,2034.4,0.0,0.0
2026-03-03 21:48:00,2207.7,0.0,2019.9,0.0,121.4
2026-03-03 21:49:00,2042.8,0.0,1959.0,0.0,0.0
2026-03-03 21:50:00,2069.8,0.0,1984.3,0.0,0.0
2026-03-03 21:51:00,2240.6,0.0,2037.7,0.0,122.6
2026-03-03 21:52:00,2188.6,0.0,1981.4,0.0,129.0
2026-03-03 21:53:00,2112.3,0.0,2034.3,0.0,0.0
2026-03-03 21:54:00,2047.5,0.0,1977.1,0.0,0.0
2026-03-03 21:55:00,2064.6,0.0,1989.5,0.0,0.0
2026-03-03 21:56:00,2106.4,0.0,2020.5,0.0,0.0
2026-03-03 21:57:00,2171.3,0.0,1978.4,0.0,113.7
2026-03-03 21:58:00,2063.7,0.0,1972.5,0.0,0.0
2026-03-03 21:59:00,2215.4,0.0,2009.9,0.0,125.9
2026-03-03 22:00:00,2243.6,154.3,2004.2,0.0,0.0
2026-03-03 22:01:00,2298.1,150.0,1959.4,0.0,106.6
2026-03-03 22:02:00,2320.6,153.9,1974.9,0.0,120.0
2026-03-03 22:03:00,2230.1,143.4,2007.3,0.0,0.0
2026-03-03 22:04:00,2182.3,148.4,1952.9,0.0,0.0
2026-03-03 22:05:00,2357.2,135.9,2016.9,0.0,118.8
2026-03-03 22:06:00,2330.8,149.3,1988.4,0.0,110.2
2026-03-03 22:07:00,2188.3,153.9,1958.6,0.0,0.0
2026-03-03 22:08:00,2345.3,148.8,2013.0,0.0,116.9
2026-03-03 22:09:00,2270.3,161.7,2027.8,0.0,0.0
2026-03-03 22:10:00,2334.6,145.1,1993.1,0.0,113.8
2026-03-03 22:11:00,2319.1,148.4,1972.4,0.0,114.3
2026-03-03 22:12:00,2357.7,145.4,2014.1,0.0,121.7
2026-03-03 22:13:00,2351.7,147.5,2004.5,0.0,117.6
2026-03-03 22:14:00,2347.6,147.7,1992.9,0.0,122.8
2026-03-03 22:15:00,2222.6,142.7,1997.1,0.0,0.0
2026-03-03 22:16:00,2296.5,145.2,1959.4,0.0,114.4
2026-03-03 22:17:00,2240.5,160.1,2008.8,0.0,0.0
2026-03-03 22:18:00,2391.7,148.7,2034.9,0.0,122.7
2026-03-03 22:19:00,2223.1,154.6,1991.7,0.0,0.0
2026-03-03 22:20:00,2349.3,143.7,1999.9,0.0,123.4
2026-03-03 22:21:00,2238.6,149.5,2016.1,0.0,0.0
2026-03-03 22:22:00,2258.5,152.7,2020.7,0.0,0.0
2026-03-03 22:23:00,2274.3,149.2,2043.5,0.0,0.0
2026-03-03 22:24:00,2259.0,147.5,2030.4,0.0,0.0
2026-03-03 22:25:00,2314.4,149.1,1972.4,0.0,118.2
2026-03-03 22:26:00,2409.3,150.2,2064.7,0.0,118.7
2026-03-03 22:27:00,2333.1,154.2,1977.8,0.0,116.7
2026-03-03 22:28:00,2218.1,156.0,1988.0,0.0,0.0
2026-03-03 22:29:00,2259.4,143.5,2031.1,0.0,0.0
2026-03-03 22:30:00,2357.0,139.8,2013.5,0.0,121.2
2026-03-03 22:31:00,2232.1,149.1,2000.2,0.0,0.0
2026-03-03 22:32:00,2294.9,150.0,1936.2,0.0,119.5
2026-03-03 22:33:00,2364.1,153.6,2016.3,0.0,113.5
2026-03-03 22:34:00,2401.1,155.3,2035.5,0.0,120.2
2026-03-03 22:35:00,2053.1,0.0,1978.6,0.0,0.0
2026-03-03 22:36:00,2103.5,0.0,2035.7,0.0,0.0
2026-03-03 22:37:00,2189.9,0.0,1997.7,0.0,117.0
2026-03-03 22:38:00,2199.1,0.0,1997.7,0.0,118.4
2026-03-03 22:39:00,2179.5,0.0,1962.6,0.0,131.4
2026-03-03 22:40:00,2055.9,0.0,1983.5,0.0,0.0
2026-03-03 22:41:00,2211.1,0.0,2020.4,0.0,118.7
2026-03-03 22:42:00,2208.6,0.0,2002.2,0.0,122.3
2026-03-03 22:43:00,2234.3,0.0,2027.5,0.0,115.6
2026-03-03 22:44:00,2213.8,0.0,2008.8,0.0,126.6
2026-03-03 22:45:00,2176.8,0.0,1967.8,0.0,126.5
2026-03-03 22:46:00,2214.1,0.0,2023.0,0.0,115.9
2026-03-03 22:47:00,2194.7,0.0,1991.2,0.0,119.8
2026-03-03 22:48:00,2088.6,0.0,2008.1,0.0,0.0
2026-03-03 22:49:00,2172.9,0.0,1973.3,0.0,123.2
2026-03-03 22:50:00,2079.7,0.0,2003.0,0.0,0.0
2026-03-03 22:51:00,2168.2,0.0,1959.4,0.0,124.6
2026-03-03 22:52:00,2095.6,0.0,2017.7,0.0,0.0
2026-03-03 22:53:00,2216.8,0.0,2014.8,0.0,113.4
2026-03-03 22:54:00,2195.9,0.0,1998.9,0.0,116.6
2026-03-03 22:55:00,2072.4,0.0,1999.5,0.0,0.0
2026-03-03 22:56:00,2077.4,0.0,1995.7,0.0,0.0
2026-03-03 22:57:00,2197.6,0.0,1999.1,0.0,120.5
2026-03-03 22:58:00,2226.3,0.0,2015.0,0.0,123.4
2026-03-03 22:59:00,2227.6,0.0,2029.1,0.0,117.4
2026-03-03 23:00:00,2255.3,154.5,2020.8,0.0,0.0
2026-03-03 23:01:00,2215.3,142.4,1991.8,0.0,0.0
2026-03-03 23:02:00,2252.8,141.3,2027.2,0.0,0.0
2026-03-03 23:03:00,2275.8,151.3,2037.3,0.0,0.0
2026-03-03 23:04:00,2232.1,151.8,1996.3,0.0,0.0
2026-03-03 23:05:00,2197.2,148.7,1966.7,0.0,0.0
2026-03-03 23:06:00,2172.4,147.4,1956.0,0.0,0.0
2026-03-03 23:07:00,2190.1,142.1,1958.5,0.0,0.0
2026-03-03 23:08:00,2247.9,149.6,2020.3,0.0,0.0
2026-03-03 23:09:00,2250.1,146.3,2016.6,0.0,0.0
2026-03-03 23:10:00,2228.3,152.2,1996.9,0.0,0.0
2026-03-03 23:11:00,2246.3,154.7,2014.5,0.0,0.0
2026-03-03 23:12:00,2258.4,147.3,2029.4,0.0,0.0
2026-03-03 23:13:00,2212.0,152.1,1994.1,0.0,0.0
2026-03-03 23:14:00,2260.8,150.9,2020.2,0.0,0.0
2026-03-03 23:15:00,2243.6,153.5,2011.0,0.0,0.0
2026-03-03 23:16:00,2197.0,157.6,1958.7,0.0,0.0
2026-03-03 23:17:00,2234.8,153.3,2003.5,0.0,0.0
2026-03-03 23:18:00,2268.7,153.5,2030.6,0.0,0.0
2026-03-03 23:19:00,2232.3,154.0,2000.6,0.0,0.0
2026-03-03 23:20:00,2194.5,147.9,1966.4,0.0,0.0
2026-03-03 23:21:00,2268.6,150.0,2029.3,0.0,0.0
2026-03-03 23:22:00,2272.0,151.7,2036.1,0.0,0.0
2026-03-03 23:23:00,2227.9,156.2,1979.6,0.0,0.0
2026-03-03 23:24:00,2261.5,156.4,2022.2,0.0,0.0
2026-03-03 23:25:00,2278.7,161.3,2036.8,0.0,0.0
2026-03-03 23:26:00,2227.2,144.6,2001.1,0.0,0.0
2026-03-03 23:27:00,2233.4,149.8,2003.1,0.0,0.0
2026-03-03 23:28:00,2206.3,141.4,1987.6,0.0,0.0
2026-03-03 23:29:00,2230.2,147.3,2008.0,0.0,0.0
2026-03-03 23:30:00,2245.8,141.8,2017.2,0.0,0.0
2026-03-03 23:31:00,2231.3,155.8,1991.4,0.0,0.0
2026-03-03 23:32:00,2204.9,153.8,1966.9,0.0,0.0
2026-03-03 23:33:00,2218.5,144.7,1991.1,0.0,0.0
2026-03-03 23:34:00,2252.5,151.7,2025.5,0.0,0.0
2026-03-03 23:35:00,2111.5,0.0,2027.1,0.0,0.0
2026-03-03 23:36:00,2121.6,0.0,2044.0,0.0,0.0
2026-03-03 23:37:00,2071.5,0.0,1987.9,0.0,0.0
2026-03-03 23:38:00,2114.7,0.0,2036.3,0.0,0.0
2026-03-03 23:39:00,2048.4,0.0,1974.2,0.0,0.0
2026-03-03 23:40:00,2041.2,0.0,1961.8,0.0,0.0
2026-03-03 23:41:00,2126.0,0.0,2043.7,0.0,0.0
2026-03-03 23:42:00,2073.5,0.0,1992.2,0.0,0.0
2026-03-03 23:43:00,2076.4,0.0,2005.2,0.0,0.0
2026-03-03 23:44:00,2111.4,0.0,2029.4,0.0,0.0
2026-03-03 23:45:00,2044.8,0.0,1966.6,0.0,0.0
2026-03-03 23:46:00,2068.0,0.0,1983.7,0.0,0.0
2026-03-03 23:47:00,2098.8,0.0,2017.3,0.0,0.0
2026-03-03 23:48:00,2052.5,0.0,1977.8,0.0,0.0
2026-03-03 23:49:00,2071.7,0.0,1995.7,0.0,0.0
2026-03-03 23:50:00,2115.1,0.0,2037.7,0.0,0.0
2026-03-03 23:51:00,2076.7,0.0,1994.1,0.0,0.0
2026-03-03 23:52:00,2151.2,0.0,2066.0,0.0,0.0
2026-03-03 23:53:00,2155.1,0.0,2060.5,0.0,0.0
2026-03-03 23:54:00,2029.9,0.0,1953.4,0.0,0.0
2026-03-03 23:55:00,2008.4,0.0,1928.8,0.0,0.0
2026-03-03 23:56:00,2075.1,0.0,2001.4,0.0,0.0
2026-03-03 23:57:00,2138.6,0.0,2045.3,0.0,0.0
2026-03-03 23:58:00,2047.5,0.0,1973.0,0.0,0.0
2026-03-03 23:59:00,2019.3,0.0,1945.2,0.0,0.0
2026-03-04 00:00:00,2235.6,149.5,2002.9,0.0,0.0
2026-03-04 00:01:00,2202.2,151.3,1970.5,0.0,0.0
2026-03-04 00:02:00,2228.9,147.7,2000.4,0.0,0.0
2026-03-04 00:03:00,2167.5,151.8,1935.3,0.0,0.0
2026-03-04 00:04:00,2283.5,153.1,2056.3,0.0,0.0
2026-03-04 00:05:00,2223.9,149.5,1980.4,0.0,0.0
2026-03-04 00:06:00,2226.3,155.2,1987.0,0.0,0.0
2026-03-04 00:07:00,2205.1,147.1,1977.4,0.0,0.0
2026-03-04 00:08:00,2256.2,144.7,2028.6,0.0,0.0
2026-03-04 00:09:00,2226.1,151.0,1988.9,0.0,0.0
2026-03-04 00:10:00,2223.1,145.2,2009.0,0.0,0.0
2026-03-04 00:11:00,2205.5,151.9,1975.8,0.0,0.0
2026-03-04 00:12:00,2243.7,149.5,2016.6,0.0,0.0
2026-03-04 00:13:00,2231.9,147.7,2006.6,0.0,0.0
2026-03-04 00:14:00,2227.1,152.9,1986.0,0.0,0.0
2026-03-04 00:15:00,2202.8,152.7,1970.3,0.0,0.0
2026-03-04 00:16:00,2201.7,135.3,1992.2,0.0,0.0
2026-03-04 00:17:00,2253.3,148.4,2023.6,0.0,0.0
2026-03-04 00:18:00,2269.0,150.7,2035.9,0.0,0.0
2026-03-04 00:19:00,2241.2,152.4,2002.9,0.0,0.0
2026-03-04 00:20:00,2228.3,147.3,2000.6,0.0,0.0
2026-03-04 00:21:00,2253.4,144.3,2029.3,0.0,0.0
2026-03-04 00:22:00,2256.1,150.6,2023.4,0.0,0.0
2026-03-04 00:23:00,2192.4,153.4,1963.4,0.0,0.0
2026-03-04 00:24:00,2213.8,139.8,1989.9,0.0,0.0
2026-03-04 00:25:00,2150.2,142.5,1927.4,0.0,0.0
2026-03-04 00:26:00,2239.1,147.1,2006.1,0.0,0.0
2026-03-04 00:27:00,2201.4,137.1,1982.7,0.0,0.0
2026-03-04 00:28:00,2305.3,147.0,2066.5,0.0,0.0
2026-03-04 00:29:00,2259.8,154.1,2016.3,0.0,0.0
2026-03-04 00:30:00,2214.9,144.7,1983.2,0.0,0.0
2026-03-04 00:31:00,2158.3,150.7,1935.1,0.0,0.0
2026-03-04 00:32:00,2210.1,145.6,1978.0,0.0,0.0
2026-03-04 00:33:00,2237.0,152.1,2007.6,0.0,0.0
2026-03-04 00:34:00,2287.1,153.2,2049.3,0.0,0.0
2026-03-04 00:35:00,2059.1,0.0,1989.4,0.0,0.0
2026-03-04 00:36:00,2067.6,0.0,1987.4,0.0,0.0
2026-03-04 00:37:00,2096.3,0.0,2015.5,0.0,0.0
2026-03-04 00:38:00,2063.2,0.0,1976.4,0.0,0.0
2026-03-04 00:39:00,2055.3,0.0,1978.4,0.0,0.0
2026-03-04 00:40:00,2105.3,0.0,2013.9,0.0,0.0
2026-03-04 00:41:00,76.9,0.0,0.0,0.0,0.0
2026-03-04 00:42:00,78.1,0.0,0.0,0.0,0.0
2026-03-04 00:43:00,2025.4,0.0,1938.9,0.0,0.0
2026-03-04 00:44:00,2041.4,0.0,1966.6,0.0,0.0
2026-03-04 00:45:00,2056.4,0.0,1974.7,0.0,0.0
2026-03-04 00:46:00,2070.9,0.0,1991.9,0.0,0.0
2026-03-04 00:47:00,2093.8,0.0,2009.4,0.0,0.0
2026-03-04 00:48:00,2074.9,0.0,1982.7,0.0,0.0
2026-03-04 00:49:00,2117.8,0.0,2042.5,0.0,0.0
2026-03-04 00:50:00,2079.3,0.0,1988.2,0.0,0.0
2026-03-04 00:51:00,2071.6,0.0,1983.0,0.0,0.0
2026-03-04 00:52:00,2050.5,0.0,1977.5,0.0,0.0
2026-03-04 00:53:00,2065.9,0.0,1987.4,0.0,0.0
2026-03-04 00:54:00,2090.8,0.0,2003.1,0.0,0.0
2026-03-04 00:55:00,2099.0,0.0,2016.7,0.0,0.0
2026-03-04 00:56:00,2121.0,0.0,2038.4,0.0,0.0
2026-03-04 00:57:00,74.9,0.0,0.0,0.0,0.0
2026-03-04 00:58:00,2036.2,0.0,1960.8,0.0,0.0
2026-03-04 00:59:00,78.1,0.0,0.0,0.0,0.0
2026-03-04 01:00:00,2183.9,154.4,1944.5,0.0,0.0
2026-03-04 01:01:00,2250.3,148.3,2023.3,0.0,0.0
2026-03-04 01:02:00,2249.7,147.1,2020.6,0.0,0.0
2026-03-04 01:03:00,2202.1,144.4,1974.7,0.0,0.0
2026-03-04 01:04:00,225.5,146.8,0.0,0.0,0.0
2026-03-04 01:05:00,225.8,147.8,0.0,0.0,0.0
2026-03-04 01:06:00,2220.9,149.5,1980.1,0.0,0.0
2026-03-04 01:07:00,222.9,142.8,0.0,0.0,0.0
2026-03-04 01:08:00,225.7,149.6,0.0,0.0,0.0
2026-03-04 01:09:00,225.3,152.8,0.0,0.0,0.0
2026-03-04 01:10:00,232.3,151.7,0.0,0.0,0.0
2026-03-04 01:11:00,222.0,143.8,0.0,0.0,0.0
2026-03-04 01:12:00,236.7,154.1,0.0,0.0,0.0
2026-03-04 01:13:00,232.8,154.0,0.0,0.0,0.0
2026-03-04 01:14:00,224.4,151.5,0.0,0.0,0.0
2026-03-04 01:15:00,220.5,143.9,0.0,0.0,0.0
2026-03-04 01:16:00,233.3,142.6,0.0,0.0,0.0
2026-03-04 01:17:00,227.3,150.2,0.0,0.0,0.0
2026-03-04 01:18:00,226.1,144.9,0.0,0.0,0.0
2026-03-04 01:19:00,2246.8,143.3,2015.3,0.0,0.0
2026-03-04 01:20:00,229.1,154.4,0.0,0.0,0.0
2026-03-04 01:21:00,234.7,154.5,0.0,0.0,0.0
2026-03-04 01:22:00,234.1,153.2,0.0,0.0,0.0
2026-03-04 01:23:00,241.3,156.5,0.0,0.0,0.0
2026-03-04 01:24:00,231.6,154.5,0.0,0.0,0.0
2026-03-04 01:25:00,226.2,144.2,0.0,0.0,0.0
2026-03-04 01:26:00,242.4,155.7,0.0,0.0,0.0
2026-03-04 01:27:00,232.4,150.6,0.0,0.0,0.0
2026-03-04 01:28:00,235.3,152.2,0.0,0.0,0.0
2026-03-04 01:29:00,243.6,157.8,0.0,0.0,0.0
2026-03-04 01:30:00,237.4,152.2,0.0,0.0,0.0
2026-03-04 01:31:00,237.7,157.9,0.0,0.0,0.0
2026-03-04 01:32:00,227.5,150.3,0.0,0.0,0.0
2026-03-04 01:33:00,220.0,148.1,0.0,0.0,0.0
2026-03-04 01:34:00,227.0,146.5,0.0,0.0,0.0
2026-03-04 01:35:00,76.2,0.0,0.0,0.0,0.0
2026-03-04 01:36:00,79.5,0.0,0.0,0.0,0.0
2026-03-04 01:37:00,75.2,0.0,0.0,0.0,0.0
2026-03-04 01:38:00,75.4,0.0,0.0,0.0,0.0
2026-03-04 01:39:00,77.7,0.0,0.0,0.0,0.0
2026-03-04 01:40:00,82.3,0.0,0.0,0.0,0.0
2026-03-04 01:41:00,77.8,0.0,0.0,0.0,0.0
2026-03-04 01:42:00,81.0,0.0,0.0,0.0,0.0
2026-03-04 01:43:00,77.4,0.0,0.0,0.0,0.0
2026-03-04 01:44:00,86.2,0.0,0.0,0.0,0.0
2026-03-04 01:45:00,76.2,0.0,0.0,0.0,0.0
2026-03-04 01:46:00,79.7,0.0,0.0,0.0,0.0
2026-03-04 01:47:00,2101.3,0.0,2028.0,0.0,0.0
2026-03-04 01:48:00,82.7,0.0,0.0,0.0,0.0
2026-03-04 01:49:00,72.6,0.0,0.0,0.0,0.0
2026-03-04 01:50:00,91.6,0.0,0.0,0.0,0.0
2026-03-04 01:51:00,74.5,0.0,0.0,0.0,0.0
2026-03-04 01:52:00,71.0,0.0,0.0,0.0,0.0
2026-03-04 01:53:00,77.7,0.0,0.0,0.0,0.0
2026-03-04 01:54:00,83.0,0.0,0.0,0.0,0.0
2026-03-04 01:55:00,79.1,0.0,0.0,0.0,0.0
2026-03-04 01:56:00,81.1,0.0,0.0,0.0,0.0
2026-03-04 01:57:00,79.2,0.0,0.0,0.0,0.0
2026-03-04 01:58:00,87.6,0.0,0.0,0.0,0.0
2026-03-04 01:59:00,79.5,0.0,0.0,0.0,0.0
2026-03-04 02:00:00,225.1,155.6,0.0,0.0,0.0
2026-03-04 02:01:00,234.0,157.0,0.0,0.0,0.0
2026-03-04 02:02:00,236.5,144.7,0.0,0.0,0.0
2026-03-04 02:03:00,240.7,158.9,0.0,0.0,0.0
2026-03-04 02:04:00,239.6,158.4,0.0,0.0,0.0
2026-03-04 02:05:00,230.2,151.5,0.0,0.0,0.0
2026-03-04 02:06:00,244.2,158.5,0.0,0.0,0.0
2026-03-04 02:07:00,230.1,151.3,0.0,0.0,0.0
2026-03-04 02:08:00,233.6,155.8,0.0,0.0,0.0
2026-03-04 02:09:00,238.1,153.3,0.0,0.0,0.0
2026-03-04 02:10:00,230.1,145.7,0.0,0.0,0.0
2026-03-04 02:11:00,223.7,151.3,0.0,0.0,0.0
2026-03-04 02:12:00,230.1,149.2,0.0,0.0,0.0
2026-03-04 02:13:00,228.1,147.5,0.0,0.0,0.0
2026-03-04 02:14:00,215.3,144.2,0.0,0.0,0.0
2026-03-04 02:15:00,217.2,146.1,0.0,0.0,0.0
2026-03-04 02:16:00,214.3,143.8,0.0,0.0,0.0
2026-03-04 02:17:00,236.3,155.7,0.0,0.0,0.0
2026-03-04 02:18:00,222.8,140.2,0.0,0.0,0.0
2026-03-04 02:19:00,234.1,150.4,0.0,0.0,0.0
2026-03-04 02:20:00,231.1,146.9,0.0,0.0,0.0
2026-03-04 02:21:00,224.4,143.8,0.0,0.0,0.0
2026-03-04 02:22:00,231.3,153.6,0.0,0.0,0.0
2026-03-04 02:23:00,222.9,146.0,0.0,0.0,0.0
2026-03-04 02:24:00,239.9,156.0,0.0,0.0,0.0
2026-03-04 02:25:00,234.1,149.1,0.0,0.0,0.0
2026-03-04 02:26:00,221.2,151.7,0.0,0.0,0.0
2026-03-04 02:27:00,230.2,149.4,0.0,0.0,0.0
2026-03-04 02:28:00,238.3,153.3,0.0,0.0,0.0
2026-03-04 02:29:00,236.4,154.7,0.0,0.0,0.0
2026-03-04 02:30:00,233.2,147.8,0.0,0.0,0.0
2026-03-04 02:31:00,234.3,150.0,0.0,0.0,0.0
2026-03-04 02:32:00,239.3,158.8,0.0,0.0,0.0
2026-03-04 02:33:00,223.2,147.1,0.0,0.0,0.0
2026-03-04 02:34:00,234.9,159.1,0.0,0.0,0.0
2026-03-04 02:35:00,82.7,0.0,0.0,0.0,0.0
2026-03-04 02:36:00,82.9,0.0,0.0,0.0,0.0
2026-03-04 02:37:00,88.3,0.0,0.0,0.0,0.0
2026-03-04 02:38:00,85.6,0.0,0.0,0.0,0.0
2026-03-04 02:39:00,73.1,0.0,0.0,0.0,0.0
2026-03-04 02:40:00,86.1,0.0,0.0,0.0,0.0
2026-03-04 02:41:00,84.8,0.0,0.0,0.0,0.0
2026-03-04 02:42:00,73.4,0.0,0.0,0.0,0.0
2026-03-04 02:43:00,85.7,0.0,0.0,0.0,0.0
2026-03-04 02:44:00,88.1,0.0,0.0,0.0,0.0
2026-03-04 02:45:00,77.5,0.0,0.0,0.0,0.0
2026-03-04 02:46:00,90.2,0.0,0.0,0.0,0.0
2026-03-04 02:47:00,83.3,0.0,0.0,0.0,0.0
2026-03-04 02:48:00,77.2,0.0,0.0,0.0,0.0
2026-03-04 02:49:00,71.0,0.0,0.0,0.0,0.0
2026-03-04 02:50:00,68.2,0.0,0.0,0.0,0.0
2026-03-04 02:51:00,74.2,0.0,0.0,0.0,0.0
2026-03-04 02:52:00,69.4,0.0,0.0,0.0,0.0
2026-03-04 02:53:00,81.4,0.0,0.0,0.0,0.0
2026-03-04 02:54:00,81.0,0.0,0.0,0.0,0.0
2026-03-04 02:55:00,82.7,0.0,0.0,0.0,0.0
2026-03-04 02:56:00,70.8,0.0,0.0,0.0,0.0
2026-03-04 02:57:00,87.0,0.0,0.0,0.0,0.0
2026-03-04 02:58:00,74.4,0.0,0.0,0.0,0.0
2026-03-04 02:59:00,80.5,0.0,0.0,0.0,0.0
2026-03-04 03:00:00,220.6,141.9,0.0,0.0,0.0
2026-03-04 03:01:00,227.0,157.1,0.0,0.0,0.0
2026-03-04 03:02:00,234.4,155.3,0.0,0.0,0.0
2026-03-04 03:03:00,229.5,152.4,0.0,0.0,0.0
2026-03-04 03:04:00,237.5,157.4,0.0,0.0,0.0
2026-03-04 03:05:00,229.9,148.3,0.0,0.0,0.0
2026-03-04 03:06:00,230.9,151.4,0.0,0.0,0.0
2026-03-04 03:07:00,233.9,154.0,0.0,0.0,0.0
2026-03-04 03:08:00,230.6,148.4,0.0,0.0,0.0
2026-03-04 03:09:00,238.8,152.4,0.0,0.0,0.0
2026-03-04 03:10:00,231.3,148.8,0.0,0.0,0.0
2026-03-04 03:11:00,233.3,152.3,0.0,0.0,0.0
2026-03-04 03:12:00,215.4,150.8,0.0,0.0,0.0
2026-03-04 03:13:00,222.7,140.1,0.0,0.0,0.0
2026-03-04 03:14:00,228.0,150.4,0.0,0.0,0.0
2026-03-04 03:15:00,202.2,142.8,0.0,0.0,0.0
2026-03-04 03:16:00,229.4,145.7,0.0,0.0,0.0
2026-03-04 03:17:00,222.2,141.7,0.0,0.0,0.0
2026-03-04 03:18:00,238.4,154.1,0.0,0.0,0.0
2026-03-04 03:19:00,227.6,148.3,0.0,0.0,0.0
2026-03-04 03:20:00,225.5,148.1,0.0,0.0,0.0
2026-03-04 03:21:00,237.1,156.2,0.0,0.0,0.0
2026-03-04 03:22:00,237.3,153.5,0.0,0.0,0.0
2026-03-04 03:23:00,228.4,148.9,0.0,0.0,0.0
2026-03-04 03:24:00,218.0,139.6,0.0,0.0,0.0
2026-03-04 03:25:00,239.3,153.3,0.0,0.0,0.0
2026-03-04 03:26:00,235.3,148.7,0.0,0.0,0.0
2026-03-04 03:27:00,222.3,148.2,0.0,0.0,0.0
2026-03-04 03:28:00,226.1,153.7,0.0,0.0,0.0
2026-03-04 03:29:00,231.5,146.8,0.0,0.0,0.0
2026-03-04 03:30:00,232.5,149.6,0.0,0.0,0.0
2026-03-04 03:31:00,238.0,154.4,0.0,0.0,0.0
2026-03-04 03:32:00,237.0,152.8,0.0,0.0,0.0
2026-03-04 03:33:00,229.7,146.9,0.0,0.0,0.0
2026-03-04 03:34:00,233.6,157.3,0.0,0.0,0.0
2026-03-04 03:35:00,89.7,0.0,0.0,0.0,0.0
2026-03-04 03:36:00,83.6,0.0,0.0,0.0,0.0
2026-03-04 03:37:00,69.1,0.0,0.0,0.0,0.0
2026-03-04 03:38:00,85.4,0.0,0.0,0.0,0.0
2026-03-04 03:39:00,76.2,0.0,0.0,0.0,0.0
2026-03-04 03:40:00,76.7,0.0,0.0,0.0,0.0
2026-03-04 03:41:00,97.8,0.0,0.0,0.0,0.0
2026-03-04 03:42:00,84.2,0.0,0.0,0.0,0.0
2026-03-04 03:43:00,65.0,0.0,0.0,0.0,0.0
2026-03-04 03:44:00,71.2,0.0,0.0,0.0,0.0
2026-03-04 03:45:00,70.8,0.0,0.0,0.0,0.0
2026-03-04 03:46:00,77.9,0.0,0.0,0.0,0.0
2026-03-04 03:47:00,74.8,0.0,0.0,0.0,0.0
2026-03-04 03:48:00,73.7,0.0,0.0,0.0,0.0
2026-03-04 03:49:00,80.0,0.0,0.0,0.0,0.0
2026-03-04 03:50:00,79.7,0.0,0.0,0.0,0.0
2026-03-04 03:51:00,79.6,0.0,0.0,0.0,0.0
2026-03-04 03:52:00,79.5,0.0,0.0,0.0,0.0
2026-03-04 03:53:00,82.0,0.0,0.0,0.0,0.0
2026-03-04 03:54:00,90.8,0.0,0.0,0.0,0.0
2026-03-04 03:55:00,82.3,0.0,0.0,0.0,0.0
2026-03-04 03:56:00,71.8,0.0,0.0,0.0,0.0
2026-03-04 03:57:00,83.4,0.0,0.0,0.0,0.0
2026-03-04 03:58:00,79.3,0.0,0.0,0.0,0.0
2026-03-04 03:59:00,81.0,0.0,0.0,0.0,0.0
2026-03-04 04:00:00,240.2,155.9,0.0,0.0,0.0
2026-03-04 04:01:00,231.9,144.8,0.0,0.0,0.0
2026-03-04 04:02:00,232.9,149.3,0.0,0.0,0.0
2026-03-04 04:03:00,229.2,157.7,0.0,0.0,0.0
2026-03-04 04:04:00,241.6,155.4,0.0,0.0,0.0
2026-03-04 04:05:00,222.3,150.0,0.0,0.0,0.0
2026-03-04 04:06:00,236.7,150.0,0.0,0.0,0.0
2026-03-04 04:07:00,227.0,147.0,0.0,0.0,0.0
2026-03-04 04:08:00,225.7,147.5,0.0,0.0,0.0
2026-03-04 04:09:00,220.7,148.8,0.0,0.0,0.0
2026-03-04 04:10:00,245.3,156.7,0.0,0.0,0.0
2026-03-04 04:11:00,237.2,147.9,0.0,0.0,0.0
2026-03-04 04:12:00,232.9,152.9,0.0,0.0,0.0
2026-03-04 04:13:00,230.9,152.2,0.0,0.0,0.0
2026-03-04 04:14:00,225.3,152.1,0.0,0.0,0.0
2026-03-04 04:15:00,229.4,148.7,0.0,0.0,0.0
2026-03-04 04:16:00,235.3,153.7,0.0,0.0,0.0
2026-03-04 04:17:00,220.9,150.9,0.0,0.0,0.0
2026-03-04 04:18:00,244.5,150.6,0.0,0.0,0.0
2026-03-04 04:19:00,223.9,147.7,0.0,0.0,0.0
2026-03-04 04:20:00,227.2,139.4,0.0,0.0,0.0
2026-03-04 04:21:00,226.0,153.7,0.0,0.0,0.0
2026-03-04 04:22:00,242.7,153.8,0.0,0.0,0.0
2026-03-04 04:23:00,232.1,147.6,0.0,0.0,0.0
2026-03-04 04:24:00,240.3,149.2,0.0,0.0,0.0
2026-03-04 04:25:00,234.0,151.5,0.0,0.0,0.0
2026-03-04 04:26:00,224.9,145.3,0.0,0.0,0.0
2026-03-04 04:27:00,242.7,153.6,0.0,0.0,0.0
2026-03-04 04:28:00,230.8,153.7,0.0,0.0,0.0
2026-03-04 04:29:00,227.4,154.4,0.0,0.0,0.0
2026-03-04 04:30:00,228.2,154.7,0.0,0.0,0.0
2026-03-04 04:31:00,222.3,140.7,0.0,0.0,0.0
2026-03-04 04:32:00,242.8,152.7,0.0,0.0,0.0
2026-03-04 04:33:00,228.5,147.9,0.0,0.0,0.0
2026-03-04 04:34:00,236.4,155.7,0.0,0.0,0.0
2026-03-04 04:35:00,81.2,0.0,0.0,0.0,0.0
2026-03-04 04:36:00,75.3,0.0,0.0,0.0,0.0
2026-03-04 04:37:00,85.5,0.0,0.0,0.0,0.0
2026-03-04 04:38:00,86.8,0.0,0.0,0.0,0.0
2026-03-04 04:39:00,80.4,0.0,0.0,0.0,0.0
2026-03-04 04:40:00,86.3,0.0,0.0,0.0,0.0
2026-03-04 04:41:00,85.9,0.0,0.0,0.0,0.0
2026-03-04 04:42:00,77.7,0.0,0.0,0.0,0.0
2026-03-04 04:43:00,83.0,0.0,0.0,0.0,0.0
2026-03-04 04:44:00,82.3,0.0,0.0,0.0,0.0
2026-03-04 04:45:00,90.0,0.0,0.0,0.0,0.0
2026-03-04 04:46:00,72.8,0.0,0.0,0.0,0.0
2026-03-04 04:47:00,85.2,0.0,0.0,0.0,0.0
2026-03-04 04:48:00,82.6,0.0,0.0,0.0,0.0
2026-03-04 04:49:00,74.7,0.0,0.0,0.0,0.0
2026-03-04 04:50:00,79.1,0.0,0.0,0.0,0.0
2026-03-04 04:51:00,86.8,0.0,0.0,0.0,0.0
2026-03-04 04:52:00,72.4,0.0,0.0,0.0,0.0
2026-03-04 04:53:00,75.8,0.0,0.0,0.0,0.0
2026-03-04 04:54:00,89.2,0.0,0.0,0.0,0.0
2026-03-04 04:55:00,81.1,0.0,0.0,0.0,0.0
2026-03-04 04:56:00,77.4,0.0,0.0,0.0,0.0
2026-03-04 04:57:00,79.9,0.0,0.0,0.0,0.0
2026-03-04 04:58:00,73.7,0.0,0.0,0.0,0.0
2026-03-04 04:59:00,81.0,0.0,0.0,0.0,0.0
2026-03-04 05:00:00,241.8,160.2,0.0,0.0,0.0
2026-03-04 05:01:00,225.1,144.5,0.0,0.0,0.0
2026-03-04 05:02:00,237.5,145.9,0.0,0.0,0.0
2026-03-04 05:03:00,231.0,146.6,0.0,0.0,0.0
2026-03-04 05:04:00,232.7,154.6,0.0,0.0,0.0
2026-03-04 05:05:00,220.4,146.4,0.0,0.0,0.0
2026-03-04 05:06:00,226.1,152.9,0.0,0.0,0.0
2026-03-04 05:07:00,232.9,151.6,0.0,0.0,0.0
2026-03-04 05:08:00,229.8,144.5,0.0,0.0,0.0
2026-03-04 05:09:00,220.8,150.9,0.0,0.0,0.0
2026-03-04 05:10:00,212.1,144.1,0.0,0.0,0.0
2026-03-04 05:11:00,226.7,149.3,0.0,0.0,0.0
2026-03-04 05:12:00,235.4,153.8,0.0,0.0,0.0
2026-03-04 05:13:00,234.1,149.0,0.0,0.0,0.0
2026-03-04 05:14:00,235.0,145.6,0.0,0.0,0.0
2026-03-04 05:15:00,228.9,148.0,0.0,0.0,0.0
2026-03-04 05:16:00,230.3,149.2,0.0,0.0,0.0
2026-03-04 05:17:00,236.3,151.8,0.0,0.0,0.0
2026-03-04 05:18:00,226.8,138.7,0.0,0.0,0.0
2026-03-04 05:19:00,217.7,140.9,0.0,0.0,0.0
2026-03-04 05:20:00,240.5,152.5,0.0,0.0,0.0
2026-03-04 05:21:00,236.2,149.5,0.0,0.0,0.0
2026-03-04 05:22:00,220.0,150.1,0.0,0.0,0.0
2026-03-04 05:23:00,237.6,151.1,0.0,0.0,0.0
2026-03-04 05:24:00,227.3,149.2,0.0,0.0,0.0
2026-03-04 05:25:00,222.2,147.8,0.0,0.0,0.0
2026-03-04 05:26:00,224.0,150.5,0.0,0.0,0.0
2026-03-04 05:27:00,236.9,153.3,0.0,0.0,0.0
2026-03-04 05:28:00,227.9,151.7,0.0,0.0,0.0
2026-03-04 05:29:00,226.1,150.1,0.0,0.0,0.0
2026-03-04 05:30:00,213.1,144.8,0.0,0.0,0.0
2026-03-04 05:31:00,230.2,151.1,0.0,0.0,0.0
2026-03-04 05:32:00,221.7,144.3,0.0,0.0,0.0
2026-03-04 05:33:00,228.0,146.6,0.0,0.0,0.0
2026-03-04 05:34:00,234.5,150.7,0.0,0.0,0.0
2026-03-04 05:35:00,79.2,0.0,0.0,0.0,0.0
2026-03-04 05:36:00,83.5,0.0,0.0,0.0,0.0
2026-03-04 05:37:00,83.5,0.0,0.0,0.0,0.0
2026-03-04 05:38:00,75.6,0.0,0.0,0.0,0.0
2026-03-04 05:39:00,77.6,0.0,0.0,0.0,0.0
2026-03-04 05:40:00,85.8,0.0,0.0,0.0,0.0
2026-03-04 05:41:00,80.9,0.0,0.0,0.0,0.0
2026-03-04 05:42:00,81.1,0.0,0.0,0.0,0.0
2026-03-04 05:43:00,89.9,0.0,0.0,0.0,0.0
2026-03-04 05:44:00,86.6,0.0,0.0,0.0,0.0
2026-03-04 05:45:00,82.9,0.0,0.0,0.0,0.0
2026-03-04 05:46:00,79.2,0.0,0.0,0.0,0.0
2026-03-04 05:47:00,64.5,0.0,0.0,0.0,0.0
2026-03-04 05:48:00,80.5,0.0,0.0,0.0,0.0
2026-03-04 05:49:00,88.5,0.0,0.0,0.0,0.0
2026-03-04 05:50:00,83.7,0.0,0.0,0.0,0.0
2026-03-04 05:51:00,89.5,0.0,0.0,0.0,0.0
2026-03-04 05:52:00,76.9,0.0,0.0,0.0,0.0
2026-03-04 05:53:00,82.4,0.0,0.0,0.0,0.0
2026-03-04 05:54:00,82.3,0.0,0.0,0.0,0.0
2026-03-04 05:55:00,78.5,0.0,0.0,0.0,0.0
2026-03-04 05:56:00,81.8,0.0,0.0,0.0,0.0
2026-03-04 05:57:00,77.5,0.0,0.0,0.0,0.0
2026-03-04 05:58:00,79.6,0.0,0.0,0.0,0.0
2026-03-04 05:59:00,75.9,0.0,0.0,0.0,0.0
2026-03-04 06:00:00,228.5,150.9,0.0,0.0,0.0
2026-03-04 06:01:00,233.0,145.2,0.0,0.0,0.0
2026-03-04 06:02:00,225.6,144.1,0.0,0.0,0.0
2026-03-04 06:03:00,225.8,142.2,0.0,0.0,0.0
2026-03-04 06:04:00,218.4,141.8,0.0,0.0,0.0
2026-03-04 06:05:00,232.3,154.1,0.0,0.0,0.0
2026-03-04 06:06:00,233.4,154.3,0.0,0.0,0.0
2026-03-04 06:07:00,240.0,150.5,0.0,0.0,0.0
2026-03-04 06:08:00,233.0,155.1,0.0,0.0,0.0
2026-03-04 06:09:00,230.4,150.2,0.0,0.0,0.0
2026-03-04 06:10:00,235.1,147.6,0.0,0.0,0.0
2026-03-04 06:11:00,233.6,144.7,0.0,0.0,0.0
2026-03-04 06:12:00,240.8,153.8,0.0,0.0,0.0
2026-03-04 06:13:00,221.5,154.1,0.0,0.0,0.0
2026-03-04 06:14:00,229.6,156.3,0.0,0.0,0.0
2026-03-04 06:15:00,227.5,146.1,0.0,0.0,0.0
2026-03-04 06:16:00,231.4,148.7,0.0,0.0,0.0
2026-03-04 06:17:00,230.2,143.4,0.0,0.0,0.0
2026-03-04 06:18:00,238.9,155.7,0.0,0.0,0.0
2026-03-04 06:19:00,237.5,153.6,0.0,0.0,0.0
2026-03-04 06:20:00,235.8,152.6,0.0,0.0,0.0
2026-03-04 06:21:00,230.1,150.0,0.0,0.0,0.0
2026-03-04 06:22:00,235.0,149.3,0.0,0.0,0.0
2026-03-04 06:23:00,228.3,148.3,0.0,0.0,0.0
2026-03-04 06:24:00,232.1,155.5,0.0,0.0,0.0
2026-03-04 06:25:00,244.1,147.0,0.0,0.0,0.0
2026-03-04 06:26:00,238.7,154.5,0.0,0.0,0.0
2026-03-04 06:27:00,233.9,151.5,0.0,0.0,0.0
2026-03-04 06:28:00,219.1,145.1,0.0,0.0,0.0
2026-03-04 06:29:00,226.0,142.9,0.0,0.0,0.0
2026-03-04 06:30:00,232.6,146.2,0.0,0.0,0.0
2026-03-04 06:31:00,233.1,149.9,0.0,0.0,0.0
2026-03-04 06:32:00,219.2,143.7,0.0,0.0,0.0
2026-03-04 06:33:00,232.5,153.2,0.0,0.0,0.0
2026-03-04 06:34:00,236.5,155.7,0.0,0.0,0.0
2026-03-04 06:35:00,72.8,0.0,0.0,0.0,0.0
2026-03-04 06:36:00,83.8,0.0,0.0,0.0,0.0
2026-03-04 06:37:00,79.3,0.0,0.0,0.0,0.0
2026-03-04 06:38:00,81.8,0.0,0.0,0.0,0.0
2026-03-04 06:39:00,85.5,0.0,0.0,0.0,0.0
2026-03-04 06:40:00,86.2,0.0,0.0,0.0,0.0
2026-03-04 06:41:00,81.5,0.0,0.0,0.0,0.0
2026-03-04 06:42:00,78.0,0.0,0.0,0.0,0.0
2026-03-04 06:43:00,73.7,0.0,0.0,0.0,0.0
2026-03-04 06:44:00,74.9,0.0,0.0,0.0,0.0
2026-03-04 06:45:00,85.2,0.0,0.0,0.0,0.0
2026-03-04 06:46:00,81.0,0.0,0.0,0.0,0.0
2026-03-04 06:47:00,78.9,0.0,0.0,0.0,0.0
2026-03-04 06:48:00,79.5,0.0,0.0,0.0,0.0
2026-03-04 06:49:00,76.5,0.0,0.0,0.0,0.0
2026-03-04 06:50:00,82.9,0.0,0.0,0.0,0.0
2026-03-04 06:51:00,78.2,0.0,0.0,0.0,0.0
2026-03-04 06:52:00,82.8,0.0,0.0,0.0,0.0
2026-03-04 06:53:00,75.8,0.0,0.0,0.0,0.0
2026-03-04 06:54:00,84.0,0.0,0.0,0.0,0.0
2026-03-04 06:55:00,76.7,0.0,0.0,0.0,0.0
2026-03-04 06:56:00,88.2,0.0,0.0,0.0,0.0
2026-03-04 06:57:00,75.1,0.0,0.0,0.0,0.0
2026-03-04 06:58:00,90.3,0.0,0.0,0.0,0.0
2026-03-04 06:59:00,74.7,0.0,0.0,0.0,0.0
2026-03-04 07:00:00,239.0,157.0,0.0,0.0,0.0
2026-03-04 07:01:00,242.5,149.6,0.0,0.0,0.0
2026-03-04 07:02:00,231.6,154.4,0.0,0.0,0.0
2026-03-04 07:03:00,229.4,149.9,0.0,0.0,0.0
2026-03-04 07:04:00,218.7,144.6,0.0,0.0,0.0
2026-03-04 07:05:00,221.8,139.4,0.0,0.0,0.0
2026-03-04 07:06:00,237.3,159.0,0.0,0.0,0.0
2026-03-04 07:07:00,235.1,151.3,0.0,0.0,0.0
2026-03-04 07:08:00,229.4,144.4,0.0,0.0,0.0
2026-03-04 07:09:00,226.7,148.5,0.0,0.0,0.0
2026-03-04 07:10:00,232.1,155.0,0.0,0.0,0.0
2026-03-04 07:11:00,221.3,142.7,0.0,0.0,0.0
2026-03-04 07:12:00,247.9,161.4,0.0,0.0,0.0
2026-03-04 07:13:00,232.2,148.8,0.0,0.0,0.0
2026-03-04 07:14:00,234.3,148.3,0.0,0.0,0.0
2026-03-04 07:15:00,238.8,156.5,0.0,0.0,0.0
2026-03-04 07:16:00,230.0,151.1,0.0,0.0,0.0
2026-03-04 07:17:00,224.1,145.1,0.0,0.0,0.0
2026-03-04 07:18:00,244.5,154.6,0.0,0.0,0.0
2026-03-04 07:19:00,233.4,152.3,0.0,0.0,0.0
2026-03-04 07:20:00,231.0,155.7,0.0,0.0,0.0
2026-03-04 07:21:00,230.6,145.5,0.0,0.0,0.0
2026-03-04 07:22:00,228.0,144.5,0.0,0.0,0.0
2026-03-04 07:23:00,234.2,153.2,0.0,0.0,0.0
2026-03-04 07:24:00,227.5,147.9,0.0,0.0,0.0
2026-03-04 07:25:00,210.4,139.3,0.0,0.0,0.0
2026-03-04 07:26:00,224.1,147.1,0.0,0.0,0.0
2026-03-04 07:27:00,231.4,153.2,0.0,0.0,0.0
2026-03-04 07:28:00,224.0,146.4,0.0,0.0,0.0
2026-03-04 07:29:00,239.0,156.4,0.0,0.0,0.0
2026-03-04 07:30:00,241.3,147.5,0.0,0.0,0.0
2026-03-04 07:31:00,249.3,149.5,0.0,0.0,0.0
2026-03-04 07:32:00,226.1,141.9,0.0,0.0,0.0
2026-03-04 07:33:00,221.3,146.0,0.0,0.0,0.0
2026-03-04 07:34:00,225.2,149.1,0.0,0.0,0.0
2026-03-04 07:35:00,84.6,0.0,0.0,0.0,0.0
2026-03-04 07:36:00,82.5,0.0,0.0,0.0,0.0
2026-03-04 07:37:00,77.3,0.0,0.0,0.0,0.0
2026-03-04 07:38:00,77.0,0.0,0.0,0.0,0.0
2026-03-04 07:39:00,85.3,0.0,0.0,0.0,0.0
2026-03-04 07:40:00,77.2,0.0,0.0,0.0,0.0
2026-03-04 07:41:00,81.7,0.0,0.0,0.0,0.0
2026-03-04 07:42:00,77.9,0.0,0.0,0.0,0.0
2026-03-04 07:43:00,69.8,0.0,0.0,0.0,0.0
2026-03-04 07:44:00,83.6,0.0,0.0,0.0,0.0
2026-03-04 07:45:00,82.5,0.0,0.0,0.0,0.0
2026-03-04 07:46:00,82.1,0.0,0.0,0.0,0.0
2026-03-04 07:47:00,76.8,0.0,0.0,0.0,0.0
2026-03-04 07:48:00,72.9,0.0,0.0,0.0,0.0
2026-03-04 07:49:00,84.3,0.0,0.0,0.0,0.0
2026-03-04 07:50:00,83.1,0.0,0.0,0.0,0.0
2026-03-04 07:51:00,91.9,0.0,0.0,0.0,0.0
2026-03-04 07:52:00,72.3,0.0,0.0,0.0,0.0
2026-03-04 07:53:00,79.3,0.0,0.0,0.0,0.0
2026-03-04 07:54:00,73.9,0.0,0.0,0.0,0.0
2026-03-04 07:55:00,76.3,0.0,0.0,0.0,0.0
2026-03-04 07:56:00,89.0,0.0,0.0,0.0,0.0
2026-03-04 07:57:00,75.7,0.0,0.0,0.0,0.0
2026-03-04 07:58:00,81.1,0.0,0.0,0.0,0.0
2026-03-04 07:59:00,79.0,0.0,0.0,0.0,0.0
2026-03-04 08:00:00,222.7,145.1,0.0,0.0,0.0
2026-03-04 08:01:00,232.8,150.7,0.0,0.0,0.0
2026-03-04 08:02:00,227.6,143.3,0.0,0.0,0.0
2026-03-04 08:03:00,246.7,158.5,0.0,0.0,0.0
2026-03-04 08:04:00,239.3,150.2,0.0,0.0,0.0
2026-03-04 08:05:00,236.0,154.7,0.0,0.0,0.0
2026-03-04 08:06:00,230.2,144.0,0.0,0.0,0.0
2026-03-04 08:07:00,241.0,151.7,0.0,0.0,0.0
2026-03-04 08:08:00,223.6,149.3,0.0,0.0,0.0
2026-03-04 08:09:00,237.8,154.9,0.0,0.0,0.0
2026-03-04 08:10:00,240.3,154.4,0.0,0.0,0.0
2026-03-04 08:11:00,222.4,141.8,0.0,0.0,0.0
2026-03-04 08:12:00,233.0,155.8,0.0,0.0,0.0
2026-03-04 08:13:00,222.3,142.5,0.0,0.0,0.0
2026-03-04 08:14:00,239.7,156.7,0.0,0.0,0.0
2026-03-04 08:15:00,232.2,149.7,0.0,0.0,0.0
2026-03-04 08:16:00,226.2,144.0,0.0,0.0,0.0
2026-03-04 08:17:00,236.2,153.5,0.0,0.0,0.0
2026-03-04 08:18:00,223.6,150.2,0.0,0.0,0.0
2026-03-04 08:19:00,220.5,145.0,0.0,0.0,0.0
2026-03-04 08:20:00,234.4,146.3,0.0,0.0,0.0
2026-03-04 08:21:00,227.9,152.4,0.0,0.0,0.0
2026-03-04 08:22:00,218.5,143.1,0.0,0.0,0.0
2026-03-04 08:23:00,235.2,145.7,0.0,0.0,0.0
2026-03-04 08:24:00,238.3,159.3,0.0,0.0,0.0
2026-03-04 08:25:00,231.1,146.2,0.0,0.0,0.0
2026-03-04 08:26:00,231.6,151.9,0.0,0.0,0.0
2026-03-04 08:27:00,236.5,152.2,0.0,0.0,0.0
2026-03-04 08:28:00,237.0,154.8,0.0,0.0,0.0
2026-03-04 08:29:00,232.6,154.4,0.0,0.0,0.0
2026-03-04 08:30:00,220.1,137.3,0.0,0.0,0.0
2026-03-04 08:31:00,233.4,147.6,0.0,0.0,0.0
2026-03-04 08:32:00,249.0,155.9,0.0,0.0,0.0
2026-03-04 08:33:00,224.1,146.0,0.0,0.0,0.0
2026-03-04 08:34:00,242.8,159.2,0.0,0.0,0.0
2026-03-04 08:35:00,75.2,0.0,0.0,0.0,0.0
2026-03-04 08:36:00,82.2,0.0,0.0,0.0,0.0
2026-03-04 08:37:00,78.9,0.0,0.0,0.0,0.0
2026-03-04 08:38:00,76.9,0.0,0.0,0.0,0.0
2026-03-04 08:39:00,82.7,0.0,0.0,0.0,0.0
2026-03-04 08:40:00,76.3,0.0,0.0,0.0,0.0
2026-03-04 08:41:00,77.8,0.0,0.0,0.0,0.0
2026-03-04 08:42:00,91.2,0.0,0.0,0.0,0.0
2026-03-04 08:43:00,89.4,0.0,0.0,0.0,0.0
2026-03-04 08:44:00,78.4,0.0,0.0,0.0,0.0
2026-03-04 08:45:00,79.8,0.0,0.0,0.0,0.0
2026-03-04 08:46:00,68.5,0.0,0.0,0.0,0.0
2026-03-04 08:47:00,86.3,0.0,0.0,0.0,0.0
2026-03-04 08:48:00,84.2,0.0,0.0,0.0,0.0
2026-03-04 08:49:00,76.2,0.0,0.0,0.0,0.0
2026-03-04 08:50:00,77.8,0.0,0.0,0.0,0.0
2026-03-04 08:51:00,86.1,0.0,0.0,0.0,0.0
2026-03-04 08:52:00,77.1,0.0,0.0,0.0,0.0
2026-03-04 08:53:00,80.4,0.0,0.0,0.0,0.0
2026-03-04 08:54:00,77.0,0.0,0.0,0.0,0.0
2026-03-04 08:55:00,78.7,0.0,0.0,0.0,0.0
2026-03-04 08:56:00,69.3,0.0,0.0,0.0,0.0
2026-03-04 08:57:00,76.4,0.0,0.0,0.0,0.0
2026-03-04 08:58:00,82.2,0.0,0.0,0.0,0.0
2026-03-04 08:59:00,78.4,0.0,0.0,0.0,0.0
2026-03-04 09:00:00,221.8,143.6,0.0,0.0,0.0
2026-03-04 09:01:00,228.9,148.6,0.0,0.0,0.0
2026-03-04 09:02:00,215.7,147.8,0.0,0.0,0.0
2026-03-04 09:03:00,227.0,149.7,0.0,0.0,0.0
2026-03-04 09:04:00,231.7,146.5,0.0,0.0,0.0
2026-03-04 09:05:00,220.7,142.2,0.0,0.0,0.0
2026-03-04 09:06:00,218.6,147.8,0.0,0.0,0.0
2026-03-04 09:07:00,223.7,153.6,0.0,0.0,0.0
2026-03-04 09:08:00,219.6,154.0,0.0,0.0,0.0
2026-03-04 09:09:00,228.9,146.7,0.0,0.0,0.0
2026-03-04 09:10:00,230.8,152.7,0.0,0.0,0.0
2026-03-04 09:11:00,235.5,152.1,0.0,0.0,0.0
2026-03-04 09:12:00,219.2,147.5,0.0,0.0,0.0
2026-03-04 09:13:00,231.0,148.3,0.0,0.0,0.0
2026-03-04 09:14:00,219.0,150.3,0.0,0.0,0.0
2026-03-04 09:15:00,244.1,164.1,0.0,0.0,0.0
2026-03-04 09:16:00,222.3,150.9,0.0,0.0,0.0
2026-03-04 09:17:00,226.4,145.6,0.0,0.0,0.0
2026-03-04 09:18:00,227.2,149.2,0.0,0.0,0.0
2026-03-04 09:19:00,229.4,147.2,0.0,0.0,0.0
2026-03-04 09:20:00,238.6,155.8,0.0,0.0,0.0
2026-03-04 09:21:00,228.2,139.1,0.0,0.0,0.0
2026-03-04 09:22:00,223.0,144.5,0.0,0.0,0.0
2026-03-04 09:23:00,237.0,154.2,0.0,0.0,0.0
2026-03-04 09:24:00,224.9,152.2,0.0,0.0,0.0
2026-03-04 09:25:00,230.4,150.2,0.0,0.0,0.0
2026-03-04 09:26:00,233.8,153.7,0.0,0.0,0.0
2026-03-04 09:27:00,227.0,143.3,0.0,0.0,0.0
2026-03-04 09:28:00,238.6,151.9,0.0,0.0,0.0
2026-03-04 09:29:00,224.4,144.3,0.0,0.0,0.0
2026-03-04 09:30:00,221.9,143.6,0.0,0.0,0.0
2026-03-04 09:31:00,240.1,152.6,0.0,0.0,0.0
2026-03-04 09:32:00,236.3,146.0,0.0,0.0,0.0
2026-03-04 09:33:00,229.4,148.2,0.0,0.0,0.0
2026-03-04 09:34:00,225.1,153.2,0.0,0.0,0.0
2026-03-04 09:35:00,74.3,0.0,0.0,0.0,0.0
2026-03-04 09:36:00,82.0,0.0,0.0,0.0,0.0
2026-03-04 09:37:00,87.9,0.0,0.0,0.0,0.0
2026-03-04 09:38:00,79.6,0.0,0.0,0.0,0.0
2026-03-04 09:39:00,84.4,0.0,0.0,0.0,0.0
2026-03-04 09:40:00,83.0,0.0,0.0,0.0,0.0
2026-03-04 09:41:00,79.1,0.0,0.0,0.0,0.0
2026-03-04 09:42:00,67.7,0.0,0.0,0.0,0.0
2026-03-04 09:43:00,76.7,0.0,0.0,0.0,0.0
2026-03-04 09:44:00,77.4,0.0,0.0,0.0,0.0
2026-03-04 09:45:00,83.8,0.0,0.0,0.0,0.0
2026-03-04 09:46:00,78.2,0.0,0.0,0.0,0.0
2026-03-04 09:47:00,84.3,0.0,0.0,0.0,0.0
2026-03-04 09:48:00,80.5,0.0,0.0,0.0,0.0
2026-03-04 09:49:00,73.2,0.0,0.0,0.0,0.0
2026-03-04 09:50:00,74.5,0.0,0.0,0.0,0.0
2026-03-04 09:51:00,72.8,0.0,0.0,0.0,0.0
2026-03-04 09:52:00,83.7,0.0,0.0,0.0,0.0
2026-03-04 09:53:00,85.2,0.0,0.0,0.0,0.0
2026-03-04 09:54:00,71.4,0.0,0.0,0.0,0.0
2026-03-04 09:55:00,81.7,0.0,0.0,0.0,0.0
2026-03-04 09:56:00,72.9,0.0,0.0,0.0,0.0
2026-03-04 09:57:00,77.4,0.0,0.0,0.0,0.0
2026-03-04 09:58:00,86.9,0.0,0.0,0.0,0.0
2026-03-04 09:59:00,89.7,0.0,0.0,0.0,0.0
2026-03-04 10:00:00,219.7,145.3,0.0,0.0,0.0
2026-03-04 10:01:00,216.4,146.3,0.0,0.0,0.0
2026-03-04 10:02:00,234.1,149.9,0.0,0.0,0.0
2026-03-04 10:03:00,235.3,151.9,0.0,0.0,0.0
2026-03-04 10:04:00,234.4,154.5,0.0,0.0,0.0
2026-03-04 10:05:00,248.1,159.7,0.0,0.0,0.0
2026-03-04 10:06:00,237.6,158.3,0.0,0.0,0.0
2026-03-04 10:07:00,231.6,151.5,0.0,0.0,0.0
2026-03-04 10:08:00,235.4,148.2,0.0,0.0,0.0
2026-03-04 10:09:00,224.9,144.0,0.0,0.0,0.0
2026-03-04 10:10:00,239.7,154.3,0.0,0.0,0.0
2026-03-04 10:11:00,222.7,152.7,0.0,0.0,0.0
2026-03-04 10:12:00,220.2,148.7,0.0,0.0,0.0
2026-03-04 10:13:00,218.6,149.3,0.0,0.0,0.0
2026-03-04 10:14:00,227.1,149.5,0.0,0.0,0.0
2026-03-04 10:15:00,211.2,137.1,0.0,0.0,0.0
2026-03-04 10:16:00,217.6,149.8,0.0,0.0,0.0
2026-03-04 10:17:00,251.3,151.8,0.0,0.0,0.0
2026-03-04 10:18:00,220.0,149.5,0.0,0.0,0.0
2026-03-04 10:19:00,221.7,144.7,0.0,0.0,0.0
2026-03-04 10:20:00,226.0,150.4,0.0,0.0,0.0
2026-03-04 10:21:00,237.3,152.5,0.0,0.0,0.0
2026-03-04 10:22:00,236.1,159.2,0.0,0.0,0.0
2026-03-04 10:23:00,230.6,155.5,0.0,0.0,0.0
2026-03-04 10:24:00,226.7,153.1,0.0,0.0,0.0
2026-03-04 10:25:00,231.0,149.9,0.0,0.0,0.0
2026-03-04 10:26:00,220.8,143.3,0.0,0.0,0.0
2026-03-04 10:27:00,236.1,147.7,0.0,0.0,0.0
2026-03-04 10:28:00,233.3,143.2,0.0,0.0,0.0
2026-03-04 10:29:00,227.8,149.6,0.0,0.0,0.0
2026-03-04 10:30:00,232.7,155.5,0.0,0.0,0.0
2026-03-04 10:31:00,233.5,155.4,0.0,0.0,0.0
2026-03-04 10:32:00,238.4,154.7,0.0,0.0,0.0
2026-03-04 10:33:00,225.8,150.2,0.0,0.0,0.0
2026-03-04 10:34:00,238.1,155.1,0.0,0.0,0.0
2026-03-04 10:35:00,70.8,0.0,0.0,0.0,0.0
2026-03-04 10:36:00,79.4,0.0,0.0,0.0,0.0
2026-03-04 10:37:00,71.3,0.0,0.0,0.0,0.0
2026-03-04 10:38:00,80.0,0.0,0.0,0.0,0.0
2026-03-04 10:39:00,78.8,0.0,0.0,0.0,0.0
2026-03-04 10:40:00,85.6,0.0,0.0,0.0,0.0
2026-03-04 10:41:00,88.4,0.0,0.0,0.0,0.0
2026-03-04 10:42:00,67.0,0.0,0.0,0.0,0.0
2026-03-04 10:43:00,71.6,0.0,0.0,0.0,0.0
2026-03-04 10:44:00,86.7,0.0,0.0,0.0,0.0
2026-03-04 10:45:00,75.0,0.0,0.0,0.0,0.0
2026-03-04 10:46:00,75.5,0.0,0.0,0.0,0.0
2026-03-04 10:47:00,77.4,0.0,0.0,0.0,0.0
2026-03-04 10:48:00,80.8,0.0,0.0,0.0,0.0
2026-03-04 10:49:00,73.6,0.0,0.0,0.0,0.0
2026-03-04 10:50:00,77.5,0.0,0.0,0.0,0.0
2026-03-04 10:51:00,80.0,0.0,0.0,0.0,0.0
2026-03-04 10:52:00,87.6,0.0,0.0,0.0,0.0
2026-03-04 10:53:00,77.3,0.0,0.0,0.0,0.0
2026-03-04 10:54:00,79.2,0.0,0.0,0.0,0.0
2026-03-04 10:55:00,73.7,0.0,0.0,0.0,0.0
2026-03-04 10:56:00,77.9,0.0,0.0,0.0,0.0
2026-03-04 10:57:00,67.8,0.0,0.0,0.0,0.0
2026-03-04 10:58:00,83.8,0.0,0.0,0.0,0.0
2026-03-04 10:59:00,76.6,0.0,0.0,0.0,0.0
2026-03-04 11:00:00,227.6,142.8,0.0,0.0,0.0
2026-03-04 11:01:00,226.9,143.1,0.0,0.0,0.0
2026-03-04 11:02:00,219.2,148.2,0.0,0.0,0.0
2026-03-04 11:03:00,219.1,142.1,0.0,0.0,0.0
2026-03-04 11:04:00,239.1,149.5,0.0,0.0,0.0
2026-03-04 11:05:00,242.7,152.9,0.0,0.0,0.0
2026-03-04 11:06:00,246.0,157.9,0.0,0.0,0.0
2026-03-04 11:07:00,219.0,148.1,0.0,0.0,0.0
2026-03-04 11:08:00,243.6,158.3,0.0,0.0,0.0
2026-03-04 11:09:00,238.3,153.0,0.0,0.0,0.0
2026-03-04 11:10:00,233.4,149.0,0.0,0.0,0.0
2026-03-04 11:11:00,236.2,152.7,0.0,0.0,0.0
2026-03-04 11:12:00,228.7,157.8,0.0,0.0,0.0
2026-03-04 11:13:00,240.2,157.7,0.0,0.0,0.0
2026-03-04 11:14:00,239.0,153.9,0.0,0.0,0.0
2026-03-04 11:15:00,238.8,149.6,0.0,0.0,0.0
2026-03-04 11:16:00,237.3,154.3,0.0,0.0,0.0
2026-03-04 11:17:00,225.3,151.2,0.0,0.0,0.0
2026-03-04 11:18:00,226.6,151.0,0.0,0.0,0.0
2026-03-04 11:19:00,232.5,151.4,0.0,0.0,0.0
2026-03-04 11:20:00,246.6,159.3,0.0,0.0,0.0
2026-03-04 11:21:00,214.2,144.0,0.0,0.0,0.0
2026-03-04 11:22:00,228.0,149.7,0.0,0.0,0.0
2026-03-04 11:23:00,227.6,144.6,0.0,0.0,0.0
2026-03-04 11:24:00,230.3,154.5,0.0,0.0,0.0
2026-03-04 11:25:00,239.7,155.7,0.0,0.0,0.0
2026-03-04 11:26:00,228.9,157.0,0.0,0.0,0.0
2026-03-04 11:27:00,228.5,148.3,0.0,0.0,0.0
2026-03-04 11:28:00,228.0,150.4,0.0,0.0,0.0
2026-03-04 11:29:00,232.6,154.0,0.0,0.0,0.0
2026-03-04 11:30:00,229.7,151.1,0.0,0.0,0.0
2026-03-04 11:31:00,217.8,151.6,0.0,0.0,0.0
2026-03-04 11:32:00,230.1,151.1,0.0,0.0,0.0
2026-03-04 11:33:00,233.5,151.5,0.0,0.0,0.0
2026-03-04 11:34:00,229.4,149.6,0.0,0.0,0.0
2026-03-04 11:35:00,73.3,0.0,0.0,0.0,0.0
2026-03-04 11:36:00,82.4,0.0,0.0,0.0,0.0
2026-03-04 11:37:00,79.1,0.0,0.0,0.0,0.0
2026-03-04 11:38:00,86.7,0.0,0.0,0.0,0.0
2026-03-04 11:39:00,74.4,0.0,0.0,0.0,0.0
2026-03-04 11:40:00,78.7,0.0,0.0,0.0,0.0
2026-03-04 11:41:00,86.8,0.0,0.0,0.0,0.0
2026-03-04 11:42:00,73.6,0.0,0.0,0.0,0.0
2026-03-04 11:43:00,85.1,0.0,0.0,0.0,0.0
2026-03-04 11:44:00,75.9,0.0,0.0,0.0,0.0
2026-03-04 11:45:00,79.7,0.0,0.0,0.0,0.0
2026-03-04 11:46:00,74.3,0.0,0.0,0.0,0.0
2026-03-04 11:47:00,89.1,0.0,0.0,0.0,0.0
2026-03-04 11:48:00,85.7,0.0,0.0,0.0,0.0
2026-03-04 11:49:00,71.3,0.0,0.0,0.0,0.0
2026-03-04 11:50:00,73.6,0.0,0.0,0.0,0.0
2026-03-04 11:51:00,82.8,0.0,0.0,0.0,0.0
2026-03-04 11:52:00,74.9,0.0,0.0,0.0,0.0
2026-03-04 11:53:00,73.3,0.0,0.0,0.0,0.0
2026-03-04 11:54:00,88.6,0.0,0.0,0.0,0.0
2026-03-04 11:55:00,72.0,0.0,0.0,0.0,0.0
2026-03-04 11:56:00,76.3,0.0,0.0,0.0,0.0
2026-03-04 11:57:00,77.4,0.0,0.0,0.0,0.0
2026-03-04 11:58:00,86.9,0.0,0.0,0.0,0.0
2026-03-04 11:59:00,74.0,0.0,0.0,0.0,0.0
2026-03-04 12:00:00,218.8,142.9,0.0,0.0,0.0
2026-03-04 12:01:00,221.4,148.6,0.0,0.0,0.0
2026-03-04 12:02:00,221.6,151.9,0.0,0.0,0.0
2026-03-04 12:03:00,236.2,154.3,0.0,0.0,0.0
2026-03-04 12:04:00,221.9,151.4,0.0,0.0,0.0
2026-03-04 12:05:00,241.8,156.2,0.0,0.0,0.0
2026-03-04 12:06:00,218.5,147.1,0.0,0.0,0.0
2026-03-04 12:07:00,223.3,146.2,0.0,0.0,0.0
2026-03-04 12:08:00,233.4,155.6,0.0,0.0,0.0
2026-03-04 12:09:00,224.4,145.7,0.0,0.0,0.0
2026-03-04 12:10:00,219.8,149.3,0.0,0.0,0.0
2026-03-04 12:11:00,216.9,141.4,0.0,0.0,0.0
2026-03-04 12:12:00,246.8,155.8,0.0,0.0,0.0
2026-03-04 12:13:00,238.4,153.8,0.0,0.0,0.0
2026-03-04 12:14:00,235.5,146.3,0.0,0.0,0.0
2026-03-04 12:15:00,220.8,141.3,0.0,0.0,0.0
2026-03-04 12:16:00,245.7,151.4,0.0,0.0,0.0
2026-03-04 12:17:00,226.8,151.5,0.0,0.0,0.0
2026-03-04 12:18:00,242.5,156.0,0.0,0.0,0.0
2026-03-04 12:19:00,238.6,159.5,0.0,0.0,0.0
2026-03-04 12:20:00,240.0,151.3,0.0,0.0,0.0
2026-03-04 12:21:00,233.9,149.0,0.0,0.0,0.0
2026-03-04 12:22:00,232.2,148.9,0.0,0.0,0.0
2026-03-04 12:23:00,232.5,148.6,0.0,0.0,0.0
2026-03-04 12:24:00,232.7,143.2,0.0,0.0,0.0
2026-03-04 12:25:00,229.1,145.6,0.0,0.0,0.0
2026-03-04 12:26:00,240.8,149.7,0.0,0.0,0.0
2026-03-04 12:27:00,216.8,141.8,0.0,0.0,0.0
2026-03-04 12:28:00,217.1,143.5,0.0,0.0,0.0
2026-03-04 12:29:00,232.0,156.3,0.0,0.0,0.0
2026-03-04 12:30:00,227.1,146.7,0.0,0.0,0.0
2026-03-04 12:31:00,230.4,154.2,0.0,0.0,0.0
2026-03-04 12:32:00,240.6,155.7,0.0,0.0,0.0
2026-03-04 12:33:00,228.6,150.2,0.0,0.0,0.0
2026-03-04 12:34:00,235.6,154.3,0.0,0.0,0.0
2026-03-04 12:35:00,79.4,0.0,0.0,0.0,0.0
2026-03-04 12:36:00,69.9,0.0,0.0,0.0,0.0
2026-03-04 12:37:00,70.5,0.0,0.0,0.0,0.0
2026-03-04 12:38:00,84.9,0.0,0.0,0.0,0.0
2026-03-04 12:39:00,69.9,0.0,0.0,0.0,0.0
2026-03-04 12:40:00,84.6,0.0,0.0,0.0,0.0
2026-03-04 12:41:00,87.1,0.0,0.0,0.0,0.0
2026-03-04 12:42:00,85.8,0.0,0.0,0.0,0.0
2026-03-04 12:43:00,80.7,0.0,0.0,0.0,0.0
2026-03-04 12:44:00,93.1,0.0,0.0,0.0,0.0
2026-03-04 12:45:00,86.8,0.0,0.0,0.0,0.0
2026-03-04 12:46:00,80.0,0.0,0.0,0.0,0.0
2026-03-04 12:47:00,69.3,0.0,0.0,0.0,0.0
2026-03-04 12:48:00,82.4,0.0,0.0,0.0,0.0
2026-03-04 12:49:00,73.0,0.0,0.0,0.0,0.0
2026-03-04 12:50:00,84.0,0.0,0.0,0.0,0.0
2026-03-04 12:51:00,87.5,0.0,0.0,0.0,0.0
2026-03-04 12:52:00,74.0,0.0,0.0,0.0,0.0
2026-03-04 12:53:00,76.1,0.0,0.0,0.0,0.0
2026-03-04 12:54:00,71.9,0.0,0.0,0.0,0.0
2026-03-04 12:55:00,77.8,0.0,0.0,0.0,0.0
2026-03-04 12:56:00,84.3,0.0,0.0,0.0,0.0
2026-03-04 12:57:00,85.6,0.0,0.0,0.0,0.0
2026-03-04 12:58:00,79.0,0.0,0.0,0.0,0.0
2026-03-04 12:59:00,71.1,0.0,0.0,0.0,0.0
2026-03-04 13:00:00,225.0,146.4,0.0,0.0,0.0
2026-03-04 13:01:00,259.6,166.3,0.0,0.0,0.0
2026-03-04 13:02:00,221.7,149.2,0.0,0.0,0.0
2026-03-04 13:03:00,238.8,157.2,0.0,0.0,0.0
2026-03-04 13:04:00,222.5,144.3,0.0,0.0,0.0
2026-03-04 13:05:00,220.2,146.5,0.0,0.0,0.0
2026-03-04 13:06:00,232.3,156.4,0.0,0.0,0.0
2026-03-04 13:07:00,227.2,144.7,0.0,0.0,0.0
2026-03-04 13:08:00,219.3,144.8,0.0,0.0,0.0
2026-03-04 13:09:00,223.7,149.9,0.0,0.0,0.0
2026-03-04 13:10:00,226.9,146.5,0.0,0.0,0.0
2026-03-04 13:11:00,218.9,148.7,0.0,0.0,0.0
2026-03-04 13:12:00,220.0,151.0,0.0,0.0,0.0
2026-03-04 13:13:00,235.8,154.6,0.0,0.0,0.0
2026-03-04 13:14:00,232.7,151.1,0.0,0.0,0.0
2026-03-04 13:15:00,224.2,151.7,0.0,0.0,0.0
2026-03-04 13:16:00,236.2,156.9,0.0,0.0,0.0
2026-03-04 13:17:00,244.9,157.3,0.0,0.0,0.0
2026-03-04 13:18:00,238.5,148.4,0.0,0.0,0.0
2026-03-04 13:19:00,221.8,140.9,0.0,0.0,0.0
2026-03-04 13:20:00,224.8,145.1,0.0,0.0,0.0
2026-03-04 13:21:00,236.1,155.6,0.0,0.0,0.0
2026-03-04 13:22:00,230.8,147.8,0.0,0.0,0.0
2026-03-04 13:23:00,228.0,146.7,0.0,0.0,0.0
2026-03-04 13:24:00,237.5,147.9,0.0,0.0,0.0
2026-03-04 13:25:00,231.3,158.2,0.0,0.0,0.0
2026-03-04 13:26:00,227.1,150.5,0.0,0.0,0.0
2026-03-04 13:27:00,234.3,148.3,0.0,0.0,0.0
2026-03-04 13:28:00,228.0,146.7,0.0,0.0,0.0
2026-03-04 13:29:00,223.9,144.7,0.0,0.0,0.0
2026-03-04 13:30:00,246.8,164.4,0.0,0.0,0.0
2026-03-04 13:31:00,225.8,150.0,0.0,0.0,0.0
2026-03-04 13:32:00,231.2,151.0,0.0,0.0,0.0
2026-03-04 13:33:00,229.5,148.6,0.0,0.0,0.0
2026-03-04 13:34:00,239.9,155.6,0.0,0.0,0.0
2026-03-04 13:35:00,74.8,0.0,0.0,0.0,0.0
2026-03-04 13:36:00,78.3,0.0,0.0,0.0,0.0
2026-03-04 13:37:00,90.9,0.0,0.0,0.0,0.0
2026-03-04 13:38:00,82.6,0.0,0.0,0.0,0.0
2026-03-04 13:39:00,73.6,0.0,0.0,0.0,0.0
2026-03-04 13:40:00,83.1,0.0,0.0,0.0,0.0
2026-03-04 13:41:00,86.3,0.0,0.0,0.0,0.0
2026-03-04 13:42:00,78.7,0.0,0.0,0.0,0.0
2026-03-04 13:43:00,74.8,0.0,0.0,0.0,0.0
2026-03-04 13:44:00,81.5,0.0,0.0,0.0,0.0
2026-03-04 13:45:00,92.1,0.0,0.0,0.0,0.0
2026-03-04 13:46:00,73.1,0.0,0.0,0.0,0.0
2026-03-04 13:47:00,71.6,0.0,0.0,0.0,0.0
2026-03-04 13:48:00,83.6,0.0,0.0,0.0,0.0
2026-03-04 13:49:00,83.1,0.0,0.0,0.0,0.0
2026-03-04 13:50:00,84.2,0.0,0.0,0.0,0.0
2026-03-04 13:51:00,72.5,0.0,0.0,0.0,0.0
2026-03-04 13:52:00,94.8,0.0,0.0,0.0,0.0
2026-03-04 13:53:00,79.5,0.0,0.0,0.0,0.0
2026-03-04 13:54:00,84.3,0.0,0.0,0.0,0.0
2026-03-04 13:55:00,88.4,0.0,0.0,0.0,0.0
2026-03-04 13:56:00,91.5,0.0,0.0,0.0,0.0
2026-03-04 13:57:00,85.8,0.0,0.0,0.0,0.0
2026-03-04 13:58:00,89.8,0.0,0.0,0.0,0.0
2026-03-04 13:59:00,87.2,0.0,0.0,0.0,0.0
2026-03-04 14:00:00,241.8,157.9,0.0,0.0,0.0
2026-03-04 14:01:00,221.9,148.0,0.0,0.0,0.0
2026-03-04 14:02:00,226.1,144.7,0.0,0.0,0.0
2026-03-04 14:03:00,238.3,151.0,0.0,0.0,0.0
2026-03-04 14:04:00,236.0,156.4,0.0,0.0,0.0
2026-03-04 14:05:00,224.7,148.6,0.0,0.0,0.0
2026-03-04 14:06:00,239.8,162.5,0.0,0.0,0.0
2026-03-04 14:07:00,216.3,140.8,0.0,0.0,0.0
2026-03-04 14:08:00,241.4,157.8,0.0,0.0,0.0
2026-03-04 14:09:00,230.6,156.1,0.0,0.0,0.0
2026-03-04 14:10:00,229.5,155.9,0.0,0.0,0.0
2026-03-04 14:11:00,221.1,146.1,0.0,0.0,0.0
2026-03-04 14:12:00,239.2,157.1,0.0,0.0,0.0
2026-03-04 14:13:00,241.5,156.2,0.0,0.0,0.0
2026-03-04 14:14:00,249.2,156.6,0.0,0.0,0.0
2026-03-04 14:15:00,230.0,149.1,0.0,0.0,0.0
2026-03-04 14:16:00,227.2,149.1,0.0,0.0,0.0
2026-03-04 14:17:00,233.3,156.8,0.0,0.0,0.0
2026-03-04 14:18:00,235.9,152.0,0.0,0.0,0.0
2026-03-04 14:19:00,231.9,148.5,0.0,0.0,0.0
2026-03-04 14:20:00,226.0,146.1,0.0,0.0,0.0
2026-03-04 14:21:00,233.0,151.6,0.0,0.0,0.0
2026-03-04 14:22:00,220.9,143.5,0.0,0.0,0.0
2026-03-04 14:23:00,225.8,153.2,0.0,0.0,0.0
2026-03-04 14:24:00,228.2,151.1,0.0,0.0,0.0
2026-03-04 14:25:00,215.8,142.5,0.0,0.0,0.0
2026-03-04 14:26:00,235.3,152.6,0.0,0.0,0.0
2026-03-04 14:27:00,230.9,156.3,0.0,0.0,0.0
2026-03-04 14:28:00,242.3,151.5,0.0,0.0,0.0
2026-03-04 14:29:00,223.0,143.6,0.0,0.0,0.0
2026-03-04 14:30:00,232.6,147.2,0.0,0.0,0.0
2026-03-04 14:31:00,228.6,154.5,0.0,0.0,0.0
2026-03-04 14:32:00,229.8,143.7,0.0,0.0,0.0
2026-03-04 14:33:00,2266.5,148.4,2028.4,0.0,0.0
2026-03-04 14:34:00,2210.5,156.0,1965.7,0.0,0.0
2026-03-04 14:35:00,2049.7,0.0,1976.8,0.0,0.0
2026-03-04 14:36:00,70.4,0.0,0.0,0.0,0.0
2026-03-04 14:37:00,80.4,0.0,0.0,0.0,0.0
2026-03-04 14:38:00,88.3,0.0,0.0,0.0,0.0
2026-03-04 14:39:00,81.9,0.0,0.0,0.0,0.0
2026-03-04 14:40:00,84.8,0.0,0.0,0.0,0.0
2026-03-04 14:41:00,76.8,0.0,0.0,0.0,0.0
2026-03-04 14:42:00,2106.8,0.0,2028.3,0.0,0.0
2026-03-04 14:43:00,2090.0,0.0,2004.7,0.0,0.0
2026-03-04 14:44:00,90.7,0.0,0.0,0.0,0.0
2026-03-04 14:45:00,88.6,0.0,0.0,0.0,0.0
2026-03-04 14:46:00,80.0,0.0,0.0,0.0,0.0
2026-03-04 14:47:00,72.8,0.0,0.0,0.0,0.0
2026-03-04 14:48:00,82.9,0.0,0.0,0.0,0.0
2026-03-04 14:49:00,76.8,0.0,0.0,0.0,0.0
2026-03-04 14:50:00,91.6,0.0,0.0,0.0,0.0
2026-03-04 14:51:00,78.8,0.0,0.0,0.0,0.0
2026-03-04 14:52:00,2037.9,0.0,1956.0,0.0,0.0
2026-03-04 14:53:00,2089.0,0.0,2012.4,0.0,0.0
2026-03-04 14:54:00,2092.2,0.0,2015.7,0.0,0.0
2026-03-04 14:55:00,2115.9,0.0,2042.6,0.0,0.0
2026-03-04 14:56:00,2086.7,0.0,2006.5,0.0,0.0
2026-03-04 14:57:00,2077.5,0.0,1995.6,0.0,0.0
2026-03-04 14:58:00,2121.5,0.0,2046.9,0.0,0.0
2026-03-04 14:59:00,2052.8,0.0,1964.1,0.0,0.0
2026-03-04 15:00:00,227.6,152.6,0.0,0.0,0.0
2026-03-04 15:01:00,229.4,151.2,0.0,0.0,0.0
2026-03-04 15:02:00,239.3,158.3,0.0,0.0,0.0
2026-03-04 15:03:00,235.6,155.8,0.0,0.0,0.0
2026-03-04 15:04:00,230.8,155.4,0.0,0.0,0.0
2026-03-04 15:05:00,235.9,146.8,0.0,0.0,0.0
2026-03-04 15:06:00,2195.7,148.6,1966.9,0.0,0.0
2026-03-04 15:07:00,2263.7,143.7,2034.7,0.0,0.0
2026-03-04 15:08:00,2229.4,147.0,2006.4,0.0,0.0
2026-03-04 15:09:00,227.5,150.7,0.0,0.0,0.0
2026-03-04 15:10:00,236.0,144.1,0.0,0.0,0.0
2026-03-04 15:11:00,2212.8,147.0,1994.1,0.0,0.0
2026-03-04 15:12:00,2270.3,160.4,2037.7,0.0,0.0
2026-03-04 15:13:00,2175.8,149.3,1949.5,0.0,0.0
2026-03-04 15:14:00,2243.2,142.7,2021.7,0.0,0.0
2026-03-04 15:15:00,2229.8,143.9,1996.5,0.0,0.0
2026-03-04 15:16:00,2223.7,149.8,2000.6,0.0,0.0
2026-03-04 15:17:00,229.4,154.5,0.0,0.0,0.0
2026-03-04 15:18:00,230.9,149.8,0.0,0.0,0.0
2026-03-04 15:19:00,230.4,154.6,0.0,0.0,0.0
2026-03-04 15:20:00,234.3,151.8,0.0,0.0,0.0
2026-03-04 15:21:00,227.7,144.6,0.0,0.0,0.0
2026-03-04 15:22:00,241.7,155.4,0.0,0.0,0.0
2026-03-04 15:23:00,229.4,148.0,0.0,0.0,0.0
2026-03-04 15:24:00,2222.3,159.7,1987.4,0.0,0.0
2026-03-04 15:25:00,2176.6,147.3,1945.6,0.0,0.0
2026-03-04 15:26:00,2191.8,149.5,1974.2,0.0,0.0
2026-03-04 15:27:00,2227.7,147.5,2004.0,0.0,0.0
2026-03-04 15:28:00,2271.9,148.9,2035.5,0.0,0.0
2026-03-04 15:29:00,2280.3,152.6,2046.0,0.0,0.0
2026-03-04 15:30:00,2198.7,149.3,1965.5,0.0,0.0
2026-03-04 15:31:00,2224.4,156.2,1989.1,0.0,0.0
2026-03-04 15:32:00,2252.8,152.4,2024.0,0.0,0.0
2026-03-04 15:33:00,2232.0,158.2,1996.9,0.0,0.0
2026-03-04 15:34:00,2222.0,150.6,1988.8,0.0,0.0
2026-03-04 15:35:00,2024.5,0.0,1953.8,0.0,0.0
2026-03-04 15:36:00,2039.6,0.0,1946.8,0.0,0.0
2026-03-04 15:37:00,2092.4,0.0,2020.7,0.0,0.0
2026-03-04 15:38:00,2107.5,0.0,2020.0,0.0,0.0
2026-03-04 15:39:00,2142.6,0.0,2060.4,0.0,0.0
2026-03-04 15:40:00,2043.9,0.0,1963.7,0.0,0.0
2026-03-04 15:41:00,2117.4,0.0,2034.3,0.0,0.0
2026-03-04 15:42:00,2093.7,0.0,2018.0,0.0,0.0
2026-03-04 15:43:00,2093.0,0.0,2011.9,0.0,0.0
2026-03-04 15:44:00,2111.1,0.0,2032.0,0.0,0.0
2026-03-04 15:45:00,2084.7,0.0,2004.0,0.0,0.0
2026-03-04 15:46:00,2050.1,0.0,1982.6,0.0,0.0
2026-03-04 15:47:00,2083.9,0.0,1997.2,0.0,0.0
2026-03-04 15:48:00,2078.5,0.0,1993.2,0.0,0.0
2026-03-04 15:49:00,2129.8,0.0,2052.9,0.0,0.0
2026-03-04 15:50:00,2075.3,0.0,1990.0,0.0,0.0
2026-03-04 15:51:00,2032.6,0.0,1950.8,0.0,0.0
2026-03-04 15:52:00,2048.9,0.0,1965.2,0.0,0.0
2026-03-04 15:53:00,2099.0,0.0,2024.4,0.0,0.0
2026-03-04 15:54:00,2075.6,0.0,1998.5,0.0,0.0
2026-03-04 15:55:00,2056.2,0.0,1975.2,0.0,0.0
2026-03-04 15:56:00,2077.5,0.0,2007.4,0.0,0.0
2026-03-04 15:57:00,2099.7,0.0,2021.9,0.0,0.0
2026-03-04 15:58:00,2079.1,0.0,1998.3,0.0,0.0
2026-03-04 15:59:00,2114.8,0.0,2031.3,0.0,0.0
2026-03-04 16:00:00,2237.2,148.5,2001.3,0.0,0.0
2026-03-04 16:01:00,2204.2,150.4,1976.5,0.0,0.0
2026-03-04 16:02:00,2258.7,146.7,2034.2,0.0,0.0
2026-03-04 16:03:00,2257.9,147.0,2027.4,0.0,0.0
2026-03-04 16:04:00,2249.0,143.2,2022.5,0.0,0.0
2026-03-04 16:05:00,2271.6,156.0,2033.6,0.0,0.0
2026-03-04 16:06:00,2204.0,155.9,1978.1,0.0,0.0
2026-03-04 16:07:00,2235.5,149.8,1993.7,0.0,0.0
2026-03-04 16:08:00,2218.7,143.6,1992.6,0.0,0.0
2026-03-04 16:09:00,2254.6,149.2,2031.1,0.0,0.0
2026-03-04 16:10:00,2243.3,160.5,2004.1,0.0,0.0
2026-03-04 16:11:00,2210.5,143.7,1990.0,0.0,0.0
2026-03-04 16:12:00,2269.4,147.9,2045.8,0.0,0.0
2026-03-04 16:13:00,2211.2,148.0,1979.3,0.0,0.0
2026-03-04 16:14:00,2196.0,154.4,1960.7,0.0,0.0
2026-03-04 16:15:00,2216.8,144.0,1993.2,0.0,0.0
2026-03-04 16:16:00,2278.4,151.7,2045.6,0.0,0.0
2026-03-04 16:17:00,2248.0,146.3,2040.5,0.0,0.0
2026-03-04 16:18:00,2226.8,148.6,2003.3,0.0,0.0
2026-03-04 16:19:00,2166.1,144.3,1946.7,0.0,0.0
2026-03-04 16:20:00,2217.9,153.0,1987.4,0.0,0.0
2026-03-04 16:21:00,2211.1,147.9,1986.7,0.0,0.0
2026-03-04 16:22:00,2209.9,147.4,1983.9,0.0,0.0
2026-03-04 16:23:00,2250.0,155.9,2012.0,0.0,0.0
2026-03-04 16:24:00,2214.6,152.1,1977.1,0.0,0.0
2026-03-04 16:25:00,2258.3,162.3,2027.9,0.0,0.0
2026-03-04 16:26:00,2242.1,152.5,2016.0,0.0,0.0
2026-03-04 16:27:00,2236.4,150.8,2007.8,0.0,0.0
2026-03-04 16:28:00,2200.2,151.0,1966.9,0.0,0.0
2026-03-04 16:29:00,2211.1,164.3,1967.2,0.0,0.0
2026-03-04 16:30:00,2207.2,156.7,1976.5,0.0,0.0
2026-03-04 16:31:00,2223.4,149.0,1991.6,0.0,0.0
2026-03-04 16:32:00,2259.4,152.0,2028.8,0.0,0.0
2026-03-04 16:33:00,2231.9,147.8,2006.7,0.0,0.0
2026-03-04 16:34:00,2164.9,153.8,1939.6,0.0,0.0
2026-03-04 16:35:00,2026.8,0.0,1949.3,0.0,0.0
2026-03-04 16:36:00,2083.2,0.0,2016.3,0.0,0.0
2026-03-04 16:37:00,2092.6,0.0,2012.0,0.0,0.0
2026-03-04 16:38:00,2055.6,0.0,1973.8,0.0,0.0
2026-03-04 16:39:00,2093.6,0.0,2018.4,0.0,0.0
2026-03-04 16:40:00,2074.3,0.0,1991.8,0.0,0.0
2026-03-04 16:41:00,2099.8,0.0,2012.3,0.0,0.0
2026-03-04 16:42:00,2061.8,0.0,1979.8,0.0,0.0
2026-03-04 16:43:00,2059.7,0.0,1976.8,0.0,0.0
2026-03-04 16:44:00,2147.4,0.0,2070.0,0.0,0.0
2026-03-04 16:45:00,2072.8,0.0,1996.5,0.0,0.0
2026-03-04 16:46:00,2109.2,0.0,2018.8,0.0,0.0
2026-03-04 16:47:00,2102.8,0.0,2022.0,0.0,0.0
2026-03-04 16:48:00,2102.0,0.0,2023.7,0.0,0.0
2026-03-04 16:49:00,2045.5,0.0,1968.4,0.0,0.0
2026-03-04 16:50:00,2070.2,0.0,1997.3,0.0,0.0
2026-03-04 16:51:00,2106.9,0.0,2028.1,0.0,0.0
2026-03-04 16:52:00,2122.1,0.0,2040.8,0.0,0.0
2026-03-04 16:53:00,2017.8,0.0,1936.6,0.0,0.0
2026-03-04 16:54:00,2122.6,0.0,2039.0,0.0,0.0
2026-03-04 16:55:00,2042.5,0.0,1978.2,0.0,0.0
2026-03-04 16:56:00,2073.4,0.0,1995.6,0.0,0.0
2026-03-04 16:57:00,2062.5,0.0,1984.7,0.0,0.0
2026-03-04 16:58:00,2040.3,0.0,1963.7,0.0,0.0
2026-03-04 16:59:00,2073.9,0.0,1999.6,0.0,0.0
2026-03-04 17:00:00,2253.0,149.7,2018.4,0.0,0.0
2026-03-04 17:01:00,2197.9,147.2,1964.3,0.0,0.0
2026-03-04 17:02:00,2234.1,149.7,1995.2,0.0,0.0
2026-03-04 17:03:00,2244.1,150.4,2015.7,0.0,0.0
2026-03-04 17:04:00,2242.3,155.2,2021.2,0.0,0.0
2026-03-04 17:05:00,2167.4,145.5,1940.8,0.0,0.0
2026-03-04 17:06:00,2204.7,138.9,1994.8,0.0,0.0
2026-03-04 17:07:00,2224.5,164.2,1974.4,0.0,0.0
2026-03-04 17:08:00,2236.0,154.1,2013.7,0.0,0.0
2026-03-04 17:09:00,2185.6,150.5,1951.6,0.0,0.0
2026-03-04 17:10:00,2250.4,162.5,2006.8,0.0,0.0
2026-03-04 17:11:00,2170.4,144.5,1946.3,0.0,0.0
2026-03-04 17:12:00,2231.0,146.3,1999.1,0.0,0.0
2026-03-04 17:13:00,2209.2,148.0,1977.4,0.0,0.0
2026-03-04 17:14:00,2279.7,152.7,2049.0,0.0,0.0
2026-03-04 17:15:00,2207.0,147.9,1973.5,0.0,0.0
2026-03-04 17:16:00,2278.5,154.2,2035.3,0.0,0.0
2026-03-04 17:17:00,2290.5,148.5,2057.7,0.0,0.0
2026-03-04 17:18:00,2254.5,156.8,2016.6,0.0,0.0
2026-03-04 17:19:00,2248.6,152.6,2007.6,0.0,0.0
2026-03-04 17:20:00,2166.8,141.9,1940.4,0.0,0.0
2026-03-04 17:21:00,2226.7,150.1,1995.7,0.0,0.0
2026-03-04 17:22:00,2196.1,144.5,1977.1,0.0,0.0
2026-03-04 17:23:00,2284.3,149.5,2056.5,0.0,0.0
2026-03-04 17:24:00,2239.3,150.2,2009.5,0.0,0.0
2026-03-04 17:25:00,2271.0,161.6,2025.8,0.0,0.0
2026-03-04 17:26:00,2149.2,149.0,1915.9,0.0,0.0
2026-03-04 17:27:00,2171.5,142.0,1944.3,0.0,0.0
2026-03-04 17:28:00,2172.2,150.8,1938.5,0.0,0.0
2026-03-04 17:29:00,2242.4,144.3,2024.5,0.0,0.0
2026-03-04 17:30:00,2264.2,159.5,2022.9,0.0,0.0
2026-03-04 17:31:00,2233.1,153.8,2000.4,0.0,0.0
2026-03-04 17:32:00,2228.1,158.2,1996.4,0.0,0.0
2026-03-04 17:33:00,2180.3,148.2,1955.8,0.0,0.0
2026-03-04 17:34:00,2220.5,144.9,1986.3,0.0,0.0
2026-03-04 17:35:00,2040.7,0.0,1962.5,0.0,0.0
2026-03-04 17:36:00,2106.2,0.0,2027.4,0.0,0.0
2026-03-04 17:37:00,2088.3,0.0,2015.2,0.0,0.0
2026-03-04 17:38:00,2082.6,0.0,1999.3,0.0,0.0
2026-03-04 17:39:00,2118.9,0.0,2039.2,0.0,0.0
2026-03-04 17:40:00,2120.6,0.0,2047.0,0.0,0.0
2026-03-04 17:41:00,2075.3,0.0,2002.0,0.0,0.0
2026-03-04 17:42:00,2101.6,0.0,2020.7,0.0,0.0
2026-03-04 17:43:00,2093.3,0.0,2020.0,0.0,0.0
2026-03-04 17:44:00,2110.7,0.0,2025.2,0.0,0.0
2026-03-04 17:45:00,2089.9,0.0,2005.0,0.0,0.0
2026-03-04 17:46:00,2120.9,0.0,2041.9,0.0,0.0
2026-03-04 17:47:00,2136.0,0.0,2065.5,0.0,0.0
2026-03-04 17:48:00,2106.1,0.0,2017.1,0.0,0.0
2026-03-04 17:49:00,2061.5,0.0,1979.1,0.0,0.0
2026-03-04 17:50:00,2014.6,0.0,1937.1,0.0,0.0
2026-03-04 17:51:00,2094.6,0.0,2014.8,0.0,0.0
2026-03-04 17:52:00,2018.2,0.0,1933.2,0.0,0.0
2026-03-04 17:53:00,2105.5,0.0,2029.8,0.0,0.0
2026-03-04 17:54:00,2098.0,0.0,2016.7,0.0,0.0
2026-03-04 17:55:00,2138.6,0.0,2059.6,0.0,0.0
2026-03-04 17:56:00,1984.5,0.0,1895.9,0.0,0.0
2026-03-04 17:57:00,2106.7,0.0,2017.3,0.0,0.0
2026-03-04 17:58:00,2079.2,0.0,1997.7,0.0,0.0
2026-03-04 17:59:00,2121.6,0.0,2034.3,0.0,0.0
2026-03-04 18:00:00,2360.2,141.0,2027.4,0.0,115.6
2026-03-04 18:01:00,2311.6,149.1,2079.8,0.0,0.0
2026-03-04 18:02:00,2247.8,151.3,2018.4,0.0,0.0
2026-03-04 18:03:00,2214.9,149.0,1974.3,0.0,0.0
2026-03-04 18:04:00,2322.0,151.7,1972.0,0.0,121.3
2026-03-04 18:05:00,2368.0,152.8,2011.0,0.0,123.3
2026-03-04 18:06:00,2411.2,157.5,2055.7,0.0,118.6
2026-03-04 18:07:00,2212.3,151.5,1994.7,0.0,0.0
2026-03-04 18:08:00,2349.3,163.7,1984.2,0.0,119.3
2026-03-04 18:09:00,2294.8,151.4,2057.0,0.0,0.0
2026-03-04 18:10:00,2322.1,151.8,1980.4,0.0,109.9
2026-03-04 18:11:00,2327.3,154.3,1968.4,0.0,130.6
2026-03-04 18:12:00,2219.1,149.9,1981.5,0.0,0.0
2026-03-04 18:13:00,2349.3,148.7,1992.0,0.0,123.4
2026-03-04 18:14:00,2307.5,156.6,1945.8,0.0,117.6
2026-03-04 18:15:00,2321.2,139.4,1988.5,0.0,109.7
2026-03-04 18:16:00,2247.2,141.3,2026.9,0.0,0.0
2026-03-04 18:17:00,2268.7,160.9,2029.4,0.0,0.0
2026-03-04 18:18:00,2380.9,154.1,2014.6,0.0,127.4
2026-03-04 18:19:00,2337.7,153.1,1976.4,0.0,120.3
2026-03-04 18:20:00,2293.7,151.9,1947.7,0.0,115.7
2026-03-04 18:21:00,2222.8,151.8,1993.0,0.0,0.0
2026-03-04 18:22:00,2286.1,145.5,2062.3,0.0,0.0
2026-03-04 18:23:00,2330.8,148.9,1985.7,0.0,120.5
2026-03-04 18:24:00,2354.0,145.1,2014.8,0.0,120.8
2026-03-04 18:25:00,2337.8,156.2,1980.4,0.0,123.5
2026-03-04 18:26:00,2245.2,153.6,2010.2,0.0,0.0
2026-03-04 18:27:00,2212.6,151.6,1980.1,0.0,0.0
2026-03-04 18:28:00,2405.8,152.4,2046.0,0.0,126.4
2026-03-04 18:29:00,2260.1,149.7,2035.2,0.0,0.0
2026-03-04 18:30:00,2278.4,144.5,2051.9,0.0,0.0
2026-03-04 18:31:00,2355.9,159.1,1983.9,0.0,128.5
2026-03-04 18:32:00,2364.1,153.7,2017.2,0.0,117.1
2026-03-04 18:33:00,2312.0,149.5,1969.9,0.0,117.0
2026-03-04 18:34:00,2154.6,153.4,1929.6,0.0,0.0
2026-03-04 18:35:00,2025.7,0.0,1961.5,0.0,0.0
2026-03-04 18:36:00,2072.7,0.0,1990.2,0.0,0.0
2026-03-04 18:37:00,2086.2,0.0,2001.8,0.0,0.0
2026-03-04 18:38:00,2178.6,0.0,1982.4,0.0,118.6
2026-03-04 18:39:00,2081.8,0.0,2007.0,0.0,0.0
2026-03-04 18:40:00,2062.9,0.0,1975.9,0.0,0.0
2026-03-04 18:41:00,2144.5,0.0,2063.2,0.0,0.0
2026-03-04 18:42:00,2205.0,0.0,1993.8,0.0,127.1
2026-03-04 18:43:00,2172.1,0.0,1971.9,0.0,118.8
2026-03-04 18:44:00,2201.0,0.0,2002.6,0.0,123.1
2026-03-04 18:45:00,2075.8,0.0,1980.8,0.0,0.0
2026-03-04 18:46:00,2057.5,0.0,1975.9,0.0,0.0
2026-03-04 18:47:00,2177.5,0.0,1972.0,0.0,122.4
2026-03-04 18:48:00,2117.7,0.0,2032.6,0.0,0.0
2026-03-04 18:49:00,2214.4,0.0,2001.1,0.0,122.7
2026-03-04 18:50:00,2114.6,0.0,2034.9,0.0,0.0
2026-03-04 18:51:00,2072.2,0.0,1995.0,0.0,0.0
2026-03-04 18:52:00,2062.2,0.0,1980.9,0.0,0.0
2026-03-04 18:53:00,2185.3,0.0,1983.3,0.0,126.4
2026-03-04 18:54:00,2111.3,0.0,2022.7,0.0,0.0
2026-03-04 18:55:00,2111.4,0.0,2033.5,0.0,0.0
2026-03-04 18:56:00,2233.7,0.0,2029.6,0.0,118.9
2026-03-04 18:57:00,2055.6,0.0,1969.8,0.0,0.0
2026-03-04 18:58:00,2064.1,0.0,1987.6,0.0,0.0
2026-03-04 18:59:00,2047.2,0.0,1959.7,0.0,0.0
2026-03-04 19:00:00,2400.7,166.4,2039.2,0.0,116.6
2026-03-04 19:01:00,2239.3,148.4,2018.3,0.0,0.0
2026-03-04 19:02:00,2330.9,149.0,1970.7,0.0,120.5
2026-03-04 19:03:00,2202.2,140.2,1993.9,0.0,0.0
2026-03-04 19:04:00,2296.3,145.0,1948.2,0.0,120.2
2026-03-04 19:05:00,2233.0,149.4,2004.3,0.0,0.0
2026-03-04 19:06:00,2241.4,151.9,1897.5,0.0,114.5
2026-03-04 19:07:00,2223.1,154.2,1994.9,0.0,0.0
2026-03-04 19:08:00,2387.3,146.4,2033.4,0.0,121.2
2026-03-04 19:09:00,2342.4,152.7,1992.7,0.0,115.4
2026-03-04 19:10:00,2270.6,156.1,2037.4,0.0,0.0
2026-03-04 19:11:00,2354.1,147.6,1995.3,0.0,124.2
2026-03-04 19:12:00,2351.3,149.9,1995.1,0.0,119.5
2026-03-04 19:13:00,2380.7,141.0,2045.7,0.0,118.0
2026-03-04 19:14:00,2246.8,146.0,2012.4,0.0,0.0
2026-03-04 19:15:00,2367.3,143.1,2015.1,0.0,127.1
2026-03-04 19:16:00,2371.0,153.6,2011.7,0.0,119.7
2026-03-04 19:17:00,2323.2,149.3,1964.5,0.0,124.2
2026-03-04 19:18:00,2217.0,158.4,1981.1,0.0,0.0
2026-03-04 19:19:00,2196.3,151.2,1958.9,0.0,0.0
2026-03-04 19:20:00,2223.4,154.3,1993.8,0.0,0.0
2026-03-04 19:21:00,2228.4,152.9,1999.7,0.0,0.0
2026-03-04 19:22:00,2229.8,151.3,1999.9,0.0,0.0
2026-03-04 19:23:00,2384.3,144.7,2046.7,0.0,113.9
2026-03-04 19:24:00,2355.1,158.7,2004.4,0.0,120.7
2026-03-04 19:25:00,2215.3,149.8,1997.6,0.0,0.0
2026-03-04 19:26:00,2195.8,140.8,1969.4,0.0,0.0
2026-03-04 19:27:00,2382.0,147.3,2038.3,0.0,119.2
2026-03-04 19:28:00,2213.6,144.5,1984.7,0.0,0.0
2026-03-04 19:29:00,2206.1,156.3,1965.0,0.0,0.0
2026-03-04 19:30:00,2360.7,155.6,2014.0,0.0,116.9
2026-03-04 19:31:00,2382.2,158.1,2020.1,0.0,124.4
2026-03-04 19:32:00,2226.6,161.5,1984.7,0.0,0.0
2026-03-04 19:33:00,2352.8,146.9,2002.0,0.0,116.3
2026-03-04 19:34:00,2321.1,140.5,1975.7,0.0,122.5
2026-03-04 19:35:00,2053.9,0.0,1974.9,0.0,0.0
2026-03-04 19:36:00,2201.6,0.0,2001.2,0.0,114.1
2026-03-04 19:37:00,2228.0,0.0,2034.1,0.0,110.2
2026-03-04 19:38:00,2096.1,0.0,2021.8,0.0,0.0
2026-03-04 19:39:00,2188.4,0.0,1990.6,0.0,125.7
2026-03-04 19:40:00,2190.5,0.0,1991.3,0.0,115.5
2026-03-04 19:41:00,2216.5,0.0,2017.7,0.0,123.3
2026-03-04 19:42:00,2040.0,0.0,1960.2,0.0,0.0
2026-03-04 19:43:00,2050.0,0.0,1969.7,0.0,0.0
2026-03-04 19:44:00,2233.8,0.0,2022.2,0.0,128.1
2026-03-04 19:45:00,2222.8,0.0,2009.0,0.0,130.5
2026-03-04 19:46:00,2182.0,0.0,1991.0,0.0,111.5
2026-03-04 19:47:00,2207.3,0.0,2006.3,0.0,120.6
2026-03-04 19:48:00,2191.6,0.0,1996.9,0.0,116.9
2026-03-04 19:49:00,2180.0,0.0,1969.2,0.0,123.7
2026-03-04 19:50:00,2256.9,0.0,2044.1,0.0,127.3
2026-03-04 19:51:00,2183.1,0.0,1977.3,0.0,127.6
2026-03-04 19:52:00,2201.8,0.0,2006.2,0.0,119.9
2026-03-04 19:53:00,2177.0,0.0,1989.4,0.0,114.2
2026-03-04 19:54:00,2141.6,0.0,1943.8,0.0,117.3
2026-03-04 19:55:00,2213.2,0.0,2005.6,0.0,125.3
2026-03-04 19:56:00,2071.5,0.0,1983.3,0.0,0.0
2026-03-04 19:57:00,2070.6,0.0,1992.4,0.0,0.0
2026-03-04 19:58:00,2195.2,0.0,1991.2,0.0,126.6
2026-03-04 19:59:00,2066.1,0.0,1993.2,0.0,0.0
2026-03-04 20:00:00,2357.8,157.8,1992.0,0.0,122.4
2026-03-04 20:01:00,2211.5,157.2,1972.0,0.0,0.0
2026-03-04 20:02:00,2423.5,163.1,2062.9,0.0,122.1
2026-03-04 20:03:00,2354.0,146.6,2018.3,0.0,120.1
2026-03-04 20:04:00,2251.3,151.9,2029.2,0.0,0.0
2026-03-04 20:05:00,2385.8,154.8,2019.4,0.0,121.2
2026-03-04 20:06:00,2366.9,155.1,2007.7,0.0,123.0
2026-03-04 20:07:00,2329.9,148.8,1972.0,0.0,125.2
2026-03-04 20:08:00,2373.9,142.4,2039.5,0.0,116.0
2026-03-04 20:09:00,2289.6,149.4,1948.4,0.0,114.3
2026-03-04 20:10:00,2384.7,147.2,2016.5,0.0,126.3
2026-03-04 20:11:00,2385.6,150.2,2038.6,0.0,116.4
2026-03-04 20:12:00,2223.9,156.5,1976.7,0.0,0.0
2026-03-04 20:13:00,2299.7,154.4,1942.9,0.0,121.4
2026-03-04 20:14:00,2341.9,144.8,1994.3,0.0,124.0
2026-03-04 20:15:00,2225.4,146.8,2003.6,0.0,0.0
2026-03-04 20:16:00,2311.0,151.7,1964.6,0.0,110.2
2026-03-04 20:17:00,2359.8,156.6,2015.8,0.0,109.9
2026-03-04 20:18:00,2331.0,150.4,1984.9,0.0,116.3
2026-03-04 20:19:00,2360.3,151.8,2017.6,0.0,118.7
2026-03-04 20:20:00,2325.3,142.8,1975.6,0.0,118.6
2026-03-04 20:21:00,2353.3,148.1,2004.4,0.0,121.8
2026-03-04 20:22:00,2284.6,146.5,1946.7,0.0,116.7
2026-03-04 20:23:00,2362.0,151.6,2012.5,0.0,117.8
2026-03-04 20:24:00,2224.6,149.2,1987.9,0.0,0.0
2026-03-04 20:25:00,2235.9,146.0,2006.3,0.0,0.0
2026-03-04 20:26:00,2156.5,144.9,1929.8,0.0,0.0
2026-03-04 20:27:00,2349.4,151.6,1994.2,0.0,121.4
2026-03-04 20:28:00,2267.4,147.1,2028.9,0.0,0.0
2026-03-04 20:29:00,2321.2,156.3,1960.8,0.0,120.6
2026-03-04 20:30:00,2311.8,151.2,1979.3,0.0,112.8
2026-03-04 20:31:00,2228.2,149.0,1990.2,0.0,0.0
2026-03-04 20:32:00,2216.8,155.1,1983.3,0.0,0.0
2026-03-04 20:33:00,2267.6,144.2,2043.2,0.0,0.0
2026-03-04 20:34:00,2362.2,155.1,2001.7,0.0,127.1
2026-03-04 20:35:00,2188.8,0.0,1987.0,0.0,116.6
2026-03-04 20:36:00,2229.9,0.0,2027.4,0.0,122.3
2026-03-04 20:37:00,2149.2,0.0,2059.7,0.0,0.0
2026-03-04 20:38:00,2093.1,0.0,2015.4,0.0,0.0
2026-03-04 20:39:00,2226.9,0.0,2034.1,0.0,111.0
2026-03-04 20:40:00,2055.9,0.0,1975.1,0.0,0.0
2026-03-04 20:41:00,2096.2,0.0,2012.4,0.0,0.0
2026-03-04 20:42:00,2192.3,0.0,1995.6,0.0,116.5
2026-03-04 20:43:00,2112.9,0.0,2033.8,0.0,0.0
2026-03-04 20:44:00,2212.8,0.0,2014.3,0.0,120.1
2026-03-04 20:45:00,2103.7,0.0,2023.5,0.0,0.0
2026-03-04 20:46:00,2100.0,0.0,2012.3,0.0,0.0
2026-03-04 20:47:00,2206.2,0.0,2020.1,0.0,108.4
2026-03-04 20:48:00,2085.6,0.0,2005.6,0.0,0.0
2026-03-04 20:49:00,2026.2,0.0,1942.0,0.0,0.0
2026-03-04 20:50:00,2059.2,0.0,1974.0,0.0,0.0
2026-03-04 20:51:00,2142.0,0.0,1948.7,0.0,121.4
2026-03-04 20:52:00,2225.8,0.0,2023.7,0.0,115.2
2026-03-04 20:53:00,2165.5,0.0,1954.6,0.0,127.6
2026-03-04 20:54:00,2226.9,0.0,2023.9,0.0,114.3
2026-03-04 20:55:00,2172.2,0.0,1980.4,0.0,113.9
2026-03-04 20:56:00,2249.4,0.0,2046.9,0.0,129.6
2026-03-04 20:57:00,2240.7,0.0,2044.7,0.0,124.8
2026-03-04 20:58:00,2222.3,0.0,2024.5,0.0,115.4
2026-03-04 20:59:00,2059.7,0.0,1972.8,0.0,0.0
2026-03-04 21:00:00,2200.5,152.0,1963.7,0.0,0.0
2026-03-04 21:01:00,2365.1,154.4,2010.0,0.0,118.4
2026-03-04 21:02:00,2330.5,150.9,1984.1,0.0,113.8
2026-03-04 21:03:00,2198.7,149.1,1972.3,0.0,0.0
2026-03-04 21:04:00,2162.3,147.5,1939.1,0.0,0.0
2026-03-04 21:05:00,2265.4,153.9,2034.5,0.0,0.0
2026-03-04 21:06:00,2369.6,157.7,2016.4,0.0,123.4
2026-03-04 21:07:00,2256.4,149.4,2024.3,0.0,0.0
2026-03-04 21:08:00,2289.4,145.7,1949.5,0.0,119.2
2026-03-04 21:09:00,2252.8,162.9,2010.8,0.0,0.0
2026-03-04 21:10:00,2295.5,142.1,1959.8,0.0,114.3
2026-03-04 21:11:00,2377.6,151.5,2023.8,0.0,119.7
2026-03-04 21:12:00,2265.5,149.6,1920.6,0.0,121.0
2026-03-04 21:13:00,2351.0,156.9,1989.4,0.0,119.4
2026-03-04 21:14:00,2380.0,149.4,2018.4,0.0,124.8
2026-03-04 21:15:00,2377.6,141.6,2029.8,0.0,118.0
2026-03-04 21:16:00,2215.9,144.3,1992.7,0.0,0.0
2026-03-04 21:17:00,2179.5,150.7,1943.6,0.0,0.0
2026-03-04 21:18:00,2267.2,150.0,2041.2,0.0,0.0
2026-03-04 21:19:00,2348.4,146.7,2004.5,0.0,111.5
2026-03-04 21:20:00,2319.4,147.2,1971.7,0.0,116.2
2026-03-04 21:21:00,2312.3,142.1,1971.1,0.0,121.9
2026-03-04 21:22:00,2243.4,142.5,2013.8,0.0,0.0
2026-03-04 21:23:00,2402.4,146.9,2059.9,0.0,119.6
2026-03-04 21:24:00,2385.8,146.6,2038.0,0.0,118.9
2026-03-04 21:25:00,2220.4,149.4,1992.6,0.0,0.0
2026-03-04 21:26:00,2359.8,144.1,2029.0,0.0,113.0
2026-03-04 21:27:00,2408.8,158.2,2037.9,0.0,128.0
2026-03-04 21:28:00,2352.8,141.1,1998.5,0.0,122.1
2026-03-04 21:29:00,2273.2,154.6,2035.5,0.0,0.0
2026-03-04 21:30:00,2378.5,153.0,2026.7,0.0,112.9
2026-03-04 21:31:00,2344.5,158.4,1991.1,0.0,119.8
2026-03-04 21:32:00,2364.5,157.3,1999.9,0.0,122.1
2026-03-04 21:33:00,2339.6,143.4,1990.1,0.0,122.3
2026-03-04 21:34:00,2417.6,152.1,2060.4,0.0,125.1
2026-03-04 21:35:00,2147.0,0.0,1947.7,0.0,119.6
2026-03-04 21:36:00,2097.6,0.0,2017.8,0.0,0.0
2026-03-04 21:37:00,2146.5,0.0,1939.8,0.0,118.7
2026-03-04 21:38:00,2146.4,0.0,1951.8,0.0,114.6
2026-03-04 21:39:00,2212.0,0.0,2026.3,0.0,117.3
2026-03-04 21:40:00,2085.9,0.0,2004.7,0.0,0.0
2026-03-04 21:41:00,2218.2,0.0,2015.9,0.0,116.0
2026-03-04 21:42:00,2098.0,0.0,2021.4,0.0,0.0
2026-03-04 21:43:00,2220.3,0.0,2027.4,0.0,117.5
2026-03-04 21:44:00,2145.9,0.0,1951.5,0.0,115.0
2026-03-04 21:45:00,2041.1,0.0,1963.6,0.0,0.0
2026-03-04 21:46:00,2211.6,0.0,2001.2,0.0,114.1
2026-03-04 21:47:00,2204.2,0.0,1997.9,0.0,117.4
2026-03-04 21:48:00,2134.6,0.0,1937.4,0.0,115.1
2026-03-04 21:49:00,2221.9,0.0,2034.9,0.0,110.3
2026-03-04 21:50:00,2192.1,0.0,1996.3,0.0,120.8
2026-03-04 21:51:00,2125.0,0.0,2052.2,0.0,0.0
2026-03-04 21:52:00,2194.3,0.0,1993.5,0.0,116.3
2026-03-04 21:53:00,2042.5,0.0,1957.2,0.0,0.0
2026-03-04 21:54:00,2064.1,0.0,1989.3,0.0,0.0
2026-03-04 21:55:00,2095.9,0.0,2023.8,0.0,0.0
2026-03-04 21:56:00,2186.0,0.0,1982.4,0.0,115.6
2026-03-04 21:57:00,2177.4,0.0,1967.6,0.0,125.4
2026-03-04 21:58:00,2167.5,0.0,1960.2,0.0,123.8
2026-03-04 21:59:00,2181.9,0.0,1993.5,0.0,118.8
2026-03-04 22:00:00,2239.1,150.4,2006.6,0.0,0.0
2026-03-04 22:01:00,2224.8,154.9,2000.4,0.0,0.0
2026-03-04 22:02:00,2363.2,149.4,2012.7,0.0,117.5
2026-03-04 22:03:00,2229.9,157.0,1990.5,0.0,0.0
2026-03-04 22:04:00,2334.8,149.8,1986.3,0.0,118.4
2026-03-04 22:05:00,2396.4,156.9,2040.9,0.0,119.5
2026-03-04 22:06:00,2293.9,151.7,2055.9,0.0,0.0
2026-03-04 22:07:00,2321.4,150.2,1969.0,0.0,123.8
2026-03-04 22:08:00,2234.1,145.2,2008.5,0.0,0.0
2026-03-04 22:09:00,2254.2,153.6,2015.8,0.0,0.0
2026-03-04 22:10:00,2267.2,152.2,2035.3,0.0,0.0
2026-03-04 22:11:00,2302.8,150.6,1950.9,0.0,116.7
2026-03-04 22:12:00,2354.8,152.5,2000.6,0.0,118.2
2026-03-04 22:13:00,2366.2,151.1,2018.0,0.0,115.3
2026-03-04 22:14:00,2379.9,145.7,2046.4,0.0,115.2
2026-03-04 22:15:00,2345.3,144.3,2005.0,0.0,114.2
2026-03-04 22:16:00,2234.6,153.6,2001.7,0.0,0.0
2026-03-04 22:17:00,2211.1,151.3,1981.7,0.0,0.0
2026-03-04 22:18:00,2368.7,158.2,1994.7,0.0,132.0
2026-03-04 22:19:00,2229.4,160.7,1993.4,0.0,0.0
2026-03-04 22:20:00,2204.2,154.6,1968.5,0.0,0.0
2026-03-04 22:21:00,2329.7,153.7,1976.7,0.0,121.9
2026-03-04 22:22:00,2243.0,153.3,2003.1,0.0,0.0
2026-03-04 22:23:00,2358.2,150.9,2000.4,0.0,124.6
2026-03-04 22:24:00,2318.6,147.1,1984.1,0.0,109.4
2026-03-04 22:25:00,2181.2,136.9,1972.2,0.0,0.0
2026-03-04 22:26:00,2310.9,154.3,1968.9,0.0,113.3
2026-03-04 22:27:00,2235.8,153.4,2002.0,0.0,0.0
2026-03-04 22:28:00,2269.9,150.6,2043.1,0.0,0.0
2026-03-04 22:29:00,2255.2,151.1,2032.3,0.0,0.0
2026-03-04 22:30:00,2249.6,155.4,2021.4,0.0,0.0
2026-03-04 22:31:00,2301.0,155.1,1935.6,0.0,123.2
2026-03-04 22:32:00,2379.6,151.4,2013.0,0.0,129.1
2026-03-04 22:33:00,2255.0,149.1,2021.5,0.0,0.0
2026-03-04 22:34:00,2244.2,153.5,2007.3,0.0,0.0
2026-03-04 22:35:00,2024.2,0.0,1939.6,0.0,0.0
2026-03-04 22:36:00,2217.7,0.0,2022.7,0.0,117.8
2026-03-04 22:37:00,2093.7,0.0,2007.5,0.0,0.0
2026-03-04 22:38:00,2086.1,0.0,1994.6,0.0,0.0
2026-03-04 22:39:00,2243.7,0.0,2028.9,0.0,129.3
2026-03-04 22:40:00,2196.9,0.0,1993.9,0.0,114.1
2026-03-04 22:41:00,2100.5,0.0,2019.3,0.0,0.0
2026-03-04 22:42:00,2084.7,0.0,1995.6,0.0,0.0
2026-03-04 22:43:00,2048.9,0.0,1980.9,0.0,0.0
2026-03-04 22:44:00,2241.2,0.0,2033.4,0.0,120.9
2026-03-04 22:45:00,2059.7,0.0,1977.8,0.0,0.0
2026-03-04 22:46:00,2096.3,0.0,2010.7,0.0,0.0
2026-03-04 22:47:00,2172.9,0.0,1969.2,0.0,119.4
2026-03-04 22:48:00,2198.2,0.0,2007.0,0.0,114.3
2026-03-04 22:49:00,2200.6,0.0,1985.6,0.0,126.5
2026-03-04 22:50:00,2055.8,0.0,1977.8,0.0,0.0
2026-03-04 22:51:00,2049.2,0.0,1971.7,0.0,0.0
2026-03-04 22:52:00,2146.1,0.0,1948.7,0.0,118.3
2026-03-04 22:53:00,2197.6,0.0,1986.2,0.0,127.9
2026-03-04 22:54:00,2083.2,0.0,2003.7,0.0,0.0
2026-03-04 22:55:00,2243.7,0.0,2030.0,0.0,128.5
2026-03-04 22:56:00,2167.0,0.0,2088.7,0.0,0.0
2026-03-04 22:57:00,2264.6,0.0,2062.0,0.0,118.8
2026-03-04 22:58:00,2205.2,0.0,1999.7,0.0,123.6
2026-03-04 22:59:00,2130.8,0.0,1930.1,0.0,125.5
2026-03-04 23:00:00,2216.0,150.1,1980.8,0.0,0.0
2026-03-04 23:01:00,2249.9,156.1,2013.9,0.0,0.0
2026-03-04 23:02:00,2252.9,152.2,2014.0,0.0,0.0
2026-03-04 23:03:00,2234.5,149.6,1992.7,0.0,0.0
2026-03-04 23:04:00,2246.9,145.6,2021.2,0.0,0.0
2026-03-04 23:05:00,2292.1,150.8,2060.8,0.0,0.0
2026-03-04 23:06:00,2245.6,144.3,2009.4,0.0,0.0
2026-03-04 23:07:00,2257.3,154.2,2026.3,0.0,0.0
2026-03-04 23:08:00,2274.7,143.4,2043.3,0.0,0.0
2026-03-04 23:09:00,2217.0,143.1,1987.0,0.0,0.0
2026-03-04 23:10:00,2202.5,145.9,1979.1,0.0,0.0
2026-03-04 23:11:00,2243.6,141.6,2015.1,0.0,0.0
2026-03-04 23:12:00,2256.3,150.8,2025.7,0.0,0.0
2026-03-04 23:13:00,2251.5,146.3,2036.0,0.0,0.0
2026-03-04 23:14:00,2234.9,147.9,1997.8,0.0,0.0
2026-03-04 23:15:00,2271.4,153.4,2041.5,0.0,0.0
2026-03-04 23:16:00,2246.5,138.9,2025.2,0.0,0.0
2026-03-04 23:17:00,2197.8,148.9,1968.6,0.0,0.0
2026-03-04 23:18:00,2238.3,152.0,2002.1,0.0,0.0
2026-03-04 23:19:00,2263.1,155.5,2028.2,0.0,0.0
2026-03-04 23:20:00,2237.4,150.9,2020.9,0.0,0.0
2026-03-04 23:21:00,2257.1,146.8,2027.7,0.0,0.0
2026-03-04 23:22:00,2285.6,155.0,2048.9,0.0,0.0
2026-03-04 23:23:00,2320.1,155.0,2078.5,0.0,0.0
2026-03-04 23:24:00,2241.1,161.6,2000.5,0.0,0.0
2026-03-04 23:25:00,2253.8,161.3,2001.9,0.0,0.0
2026-03-04 23:26:00,2245.1,149.2,2016.2,0.0,0.0
2026-03-04 23:27:00,2306.6,157.3,2073.0,0.0,0.0
2026-03-04 23:28:00,2177.0,151.3,1949.1,0.0,0.0
2026-03-04 23:29:00,2233.0,145.0,2012.6,0.0,0.0
2026-03-04 23:30:00,2221.3,153.9,1991.7,0.0,0.0
2026-03-04 23:31:00,2286.1,156.9,2039.9,0.0,0.0
2026-03-04 23:32:00,2209.0,138.2,1999.3,0.0,0.0
2026-03-04 23:33:00,2161.3,157.1,1925.9,0.0,0.0
2026-03-04 23:34:00,2220.8,146.0,1989.8,0.0,0.0
2026-03-04 23:35:00,2067.5,0.0,1978.1,0.0,0.0
2026-03-04 23:36:00,2067.6,0.0,1988.9,0.0,0.0
2026-03-04 23:37:00,2056.6,0.0,1980.8,0.0,0.0
2026-03-04 23:38:00,2104.0,0.0,2016.1,0.0,0.0
2026-03-04 23:39:00,2077.4,0.0,1985.4,0.0,0.0
2026-03-04 23:40:00,2127.0,0.0,2037.4,0.0,0.0
2026-03-04 23:41:00,2048.0,0.0,1971.1,0.0,0.0
2026-03-04 23:42:00,2082.8,0.0,2000.7,0.0,0.0
2026-03-04 23:43:00,2041.3,0.0,1965.5,0.0,0.0
2026-03-04 23:44:00,2054.4,0.0,1983.1,0.0,0.0
2026-03-04 23:45:00,2071.1,0.0,1987.9,0.0,0.0
2026-03-04 23:46:00,2073.2,0.0,1996.8,0.0,0.0
2026-03-04 23:47:00,2119.9,0.0,2048.8,0.0,0.0
2026-03-04 23:48:00,2079.7,0.0,2000.8,0.0,0.0
2026-03-04 23:49:00,2090.1,0.0,2015.9,0.0,0.0
2026-03-04 23:50:00,2059.7,0.0,1984.7,0.0,0.0
2026-03-04 23:51:00,2031.5,0.0,1950.7,0.0,0.0
2026-03-04 23:52:00,2076.7,0.0,1995.3,0.0,0.0
2026-03-04 23:53:00,2060.9,0.0,1973.1,0.0,0.0
2026-03-04 23:54:00,2129.2,0.0,2046.0,0.0,0.0
2026-03-04 23:55:00,2071.5,0.0,1985.9,0.0,0.0
2026-03-04 23:56:00,2054.5,0.0,1972.7,0.0,0.0
2026-03-04 23:57:00,2023.6,0.0,1938.1,0.0,0.0
2026-03-04 23:58:00,2066.8,0.0,1990.4,0.0,0.0
2026-03-04 23:59:00,2123.7,0.0,2042.0,0.0,0.0
2026-03-05 00:00:00,2230.2,148.8,1998.2,0.0,0.0
2026-03-05 00:01:00,2234.6,144.8,2014.1,0.0,0.0
2026-03-05 00:02:00,2196.2,152.8,1969.0,0.0,0.0
2026-03-05 00:03:00,2231.0,138.6,2013.4,0.0,0.0
2026-03-05 00:04:00,2205.9,148.3,1967.2,0.0,0.0
2026-03-05 00:05:00,2230.2,155.3,1984.7,0.0,0.0
2026-03-05 00:06:00,2207.6,151.3,1974.1,0.0,0.0
2026-03-05 00:07:00,2220.7,156.0,1981.3,0.0,0.0
2026-03-05 00:08:00,2260.9,150.5,2028.5,0.0,0.0
2026-03-05 00:09:00,2261.0,152.9,2019.5,0.0,0.0
2026-03-05 00:10:00,2252.0,150.1,2018.5,0.0,0.0
2026-03-05 00:11:00,2262.2,147.7,2027.4,0.0,0.0
2026-03-05 00:12:00,2221.8,151.8,1988.1,0.0,0.0
2026-03-05 00:13:00,2275.1,154.9,2039.7,0.0,0.0
2026-03-05 00:14:00,2281.2,139.8,2066.8,0.0,0.0
2026-03-05 00:15:00,2263.1,145.7,2028.9,0.0,0.0
2026-03-05 00:16:00,2273.9,139.1,2058.3,0.0,0.0
2026-03-05 00:17:00,2230.8,145.0,2020.5,0.0,0.0
2026-03-05 00:18:00,2246.1,143.2,2035.3,0.0,0.0
2026-03-05 00:19:00,2193.8,147.3,1971.0,0.0,0.0
2026-03-05 00:20:00,2204.8,148.2,1977.1,0.0,0.0
2026-03-05 00:21:00,2250.1,154.6,2020.3,0.0,0.0
2026-03-05 00:22:00,2175.3,156.0,1949.7,0.0,0.0
2026-03-05 00:23:00,2168.3,145.6,1948.7,0.0,0.0
2026-03-05 00:24:00,2263.9,147.2,2035.8,0.0,0.0
2026-03-05 00:25:00,2230.8,152.9,2005.4,0.0,0.0
2026-03-05 00:26:00,2215.9,146.4,1992.7,0.0,0.0
2026-03-05 00:27:00,2258.9,147.6,2032.0,0.0,0.0
2026-03-05 00:28:00,2238.9,140.2,2018.4,0.0,0.0
2026-03-05 00:29:00,2244.5,153.4,2012.2,0.0,0.0
2026-03-05 00:30:00,2224.9,151.0,2005.2,0.0,0.0
2026-03-05 00:31:00,2195.7,144.7,1970.3,0.0,0.0
2026-03-05 00:32:00,2222.8,142.9,2000.3,0.0,0.0
2026-03-05 00:33:00,2218.7,144.2,2006.0,0.0,0.0
2026-03-05 00:34:00,2228.5,151.9,2000.7,0.0,0.0
2026-03-05 00:35:00,81.1,0.0,0.0,0.0,0.0
2026-03-05 00:36:00,87.6,0.0,0.0,0.0,0.0
2026-03-05 00:37:00,82.3,0.0,0.0,0.0,0.0
2026-03-05 00:38:00,2029.6,0.0,1950.6,0.0,0.0
2026-03-05 00:39:00,2136.6,0.0,2046.0,0.0,0.0
2026-03-05 00:40:00,2060.9,0.0,1980.8,0.0,0.0
2026-03-05 00:41:00,2036.8,0.0,1959.3,0.0,0.0
2026-03-05 00:42:00,2040.9,0.0,1964.7,0.0,0.0
2026-03-05 00:43:00,2087.1,0.0,2012.2,0.0,0.0
2026-03-05 00:44:00,2130.4,0.0,2048.8,0.0,0.0
2026-03-05 00:45:00,2088.6,0.0,1997.2,0.0,0.0
2026-03-05 00:46:00,2133.1,0.0,2035.8,0.0,0.0
2026-03-05 00:47:00,2109.2,0.0,2036.3,0.0,0.0
2026-03-05 00:48:00,2119.5,0.0,2037.9,0.0,0.0
2026-03-05 00:49:00,2067.7,0.0,1992.0,0.0,0.0
2026-03-05 00:50:00,90.5,0.0,0.0,0.0,0.0
2026-03-05 00:51:00,2090.0,0.0,2001.1,0.0,0.0
2026-03-05 00:52:00,1981.9,0.0,1906.1,0.0,0.0
2026-03-05 00:53:00,2066.5,0.0,1987.3,0.0,0.0
2026-03-05 00:54:00,2048.1,0.0,1974.4,0.0,0.0
2026-03-05 00:55:00,84.4,0.0,0.0,0.0,0.0
2026-03-05 00:56:00,81.5,0.0,0.0,0.0,0.0
2026-03-05 00:57:00,81.1,0.0,0.0,0.0,0.0
2026-03-05 00:58:00,2081.6,0.0,1998.5,0.0,0.0
2026-03-05 00:59:00,72.5,0.0,0.0,0.0,0.0
2026-03-05 01:00:00,227.9,148.7,0.0,0.0,0.0
2026-03-05 01:01:00,2219.4,153.2,1991.8,0.0,0.0
2026-03-05 01:02:00,2226.8,157.7,2002.8,0.0,0.0
2026-03-05 01:03:00,2258.2,154.7,2018.8,0.0,0.0
2026-03-05 01:04:00,2234.2,141.6,2013.4,0.0,0.0
2026-03-05 01:05:00,2207.7,142.0,1991.8,0.0,0.0
2026-03-05 01:06:00,229.2,145.4,0.0,0.0,0.0
2026-03-05 01:07:00,228.6,154.1,0.0,0.0,0.0
2026-03-05 01:08:00,230.0,153.5,0.0,0.0,0.0
2026-03-05 01:09:00,240.3,155.4,0.0,0.0,0.0
2026-03-05 01:10:00,234.5,153.3,0.0,0.0,0.0
2026-03-05 01:11:00,219.3,146.9,0.0,0.0,0.0
2026-03-05 01:12:00,231.1,147.9,0.0,0.0,0.0
2026-03-05 01:13:00,219.5,145.3,0.0,0.0,0.0
2026-03-05 01:14:00,236.9,154.1,0.0,0.0,0.0
2026-03-05 01:15:00,2213.8,143.4,1991.2,0.0,0.0
2026-03-05 01:16:00,224.3,150.1,0.0,0.0,0.0
2026-03-05 01:17:00,228.9,151.1,0.0,0.0,0.0
2026-03-05 01:18:00,230.6,156.1,0.0,0.0,0.0
2026-03-05 01:19:00,222.6,145.9,0.0,0.0,0.0
2026-03-05 01:20:00,2263.9,151.8,2037.6,0.0,0.0
2026-03-05 01:21:00,230.7,144.7,0.0,0.0,0.0
2026-03-05 01:22:00,2197.0,155.0,1963.3,0.0,0.0
2026-03-05 01:23:00,229.4,148.0,0.0,0.0,0.0
2026-03-05 01:24:00,220.0,148.2,0.0,0.0,0.0
2026-03-05 01:25:00,228.2,145.0,0.0,0.0,0.0
2026-03-05 01:26:00,229.1,146.7,0.0,0.0,0.0
2026-03-05 01:27:00,227.4,146.5,0.0,0.0,0.0
2026-03-05 01:28:00,228.1,146.7,0.0,0.0,0.0
2026-03-05 01:29:00,232.7,155.7,0.0,0.0,0.0
2026-03-05 01:30:00,227.1,144.8,0.0,0.0,0.0
2026-03-05 01:31:00,237.2,151.1,0.0,0.0,0.0
2026-03-05 01:32:00,227.3,154.1,0.0,0.0,0.0
2026-03-05 01:33:00,233.2,144.0,0.0,0.0,0.0
2026-03-05 01:34:00,211.8,138.9,0.0,0.0,0.0
2026-03-05 01:35:00,82.8,0.0,0.0,0.0,0.0
2026-03-05 01:36:00,78.7,0.0,0.0,0.0,0.0
2026-03-05 01:37:00,77.2,0.0,0.0,0.0,0.0
2026-03-05 01:38:00,83.8,0.0,0.0,0.0,0.0
2026-03-05 01:39:00,77.0,0.0,0.0,0.0,0.0
2026-03-05 01:40:00,78.2,0.0,0.0,0.0,0.0
2026-03-05 01:41:00,78.1,0.0,0.0,0.0,0.0
2026-03-05 01:42:00,82.6,0.0,0.0,0.0,0.0
2026-03-05 01:43:00,72.4,0.0,0.0,0.0,0.0
2026-03-05 01:44:00,81.9,0.0,0.0,0.0,0.0
2026-03-05 01:45:00,69.1,0.0,0.0,0.0,0.0
2026-03-05 01:46:00,84.5,0.0,0.0,0.0,0.0
2026-03-05 01:47:00,78.9,0.0,0.0,0.0,0.0
2026-03-05 01:48:00,84.8,0.0,0.0,0.0,0.0
2026-03-05 01:49:00,91.1,0.0,0.0,0.0,0.0
2026-03-05 01:50:00,66.0,0.0,0.0,0.0,0.0
2026-03-05 01:51:00,80.5,0.0,0.0,0.0,0.0
2026-03-05 01:52:00,81.9,0.0,0.0,0.0,0.0
2026-03-05 01:53:00,91.1,0.0,0.0,0.0,0.0
2026-03-05 01:54:00,78.6,0.0,0.0,0.0,0.0
2026-03-05 01:55:00,78.2,0.0,0.0,0.0,0.0
2026-03-05 01:56:00,72.8,0.0,0.0,0.0,0.0
2026-03-05 01:57:00,87.2,0.0,0.0,0.0,0.0
2026-03-05 01:58:00,71.4,0.0,0.0,0.0,0.0
2026-03-05 01:59:00,82.5,0.0,0.0,0.0,0.0
2026-03-05 02:00:00,231.1,148.2,0.0,0.0,0.0
2026-03-05 02:01:00,234.7,150.4,0.0,0.0,0.0
2026-03-05 02:02:00,219.4,147.3,0.0,0.0,0.0
2026-03-05 02:03:00,220.9,147.2,0.0,0.0,0.0
2026-03-05 02:04:00,231.7,155.9,0.0,0.0,0.0
2026-03-05 02:05:00,256.6,162.0,0.0,0.0,0.0
2026-03-05 02:06:00,231.8,155.1,0.0,0.0,0.0
2026-03-05 02:07:00,246.4,150.7,0.0,0.0,0.0
2026-03-05 02:08:00,235.7,146.7,0.0,0.0,0.0
2026-03-05 02:09:00,229.1,146.0,0.0,0.0,0.0
2026-03-05 02:10:00,218.7,156.0,0.0,0.0,0.0
2026-03-05 02:11:00,233.3,154.4,0.0,0.0,0.0
2026-03-05 02:12:00,240.9,156.5,0.0,0.0,0.0
2026-03-05 02:13:00,233.4,154.9,0.0,0.0,0.0
2026-03-05 02:14:00,233.3,156.6,0.0,0.0,0.0
2026-03-05 02:15:00,221.0,146.8,0.0,0.0,0.0
2026-03-05 02:16:00,242.9,145.9,0.0,0.0,0.0
2026-03-05 02:17:00,228.4,144.7,0.0,0.0,0.0
2026-03-05 02:18:00,230.2,149.7,0.0,0.0,0.0
2026-03-05 02:19:00,231.8,148.9,0.0,0.0,0.0
2026-03-05 02:20:00,239.2,150.4,0.0,0.0,0.0
2026-03-05 02:21:00,2259.2,143.7,2037.1,0.0,0.0
2026-03-05 02:22:00,230.1,150.7,0.0,0.0,0.0
2026-03-05 02:23:00,233.0,153.9,0.0,0.0,0.0
2026-03-05 02:24:00,238.9,150.2,0.0,0.0,0.0
2026-03-05 02:25:00,214.1,136.2,0.0,0.0,0.0
2026-03-05 02:26:00,235.0,149.7,0.0,0.0,0.0
2026-03-05 02:27:00,231.7,148.0,0.0,0.0,0.0
2026-03-05 02:28:00,238.6,154.5,0.0,0.0,0.0
2026-03-05 02:29:00,236.8,149.0,0.0,0.0,0.0
2026-03-05 02:30:00,237.0,153.0,0.0,0.0,0.0
2026-03-05 02:31:00,236.8,147.9,0.0,0.0,0.0
2026-03-05 02:32:00,232.2,151.5,0.0,0.0,0.0
2026-03-05 02:33:00,242.3,154.7,0.0,0.0,0.0
2026-03-05 02:34:00,231.8,148.5,0.0,0.0,0.0
2026-03-05 02:35:00,80.2,0.0,0.0,0.0,0.0
2026-03-05 02:36:00,84.8,0.0,0.0,0.0,0.0
2026-03-05 02:37:00,81.3,0.0,0.0,0.0,0.0
2026-03-05 02:38:00,75.7,0.0,0.0,0.0,0.0
2026-03-05 02:39:00,78.5,0.0,0.0,0.0,0.0
2026-03-05 02:40:00,78.2,0.0,0.0,0.0,0.0
2026-03-05 02:41:00,78.0,0.0,0.0,0.0,0.0
2026-03-05 02:42:00,89.1,0.0,0.0,0.0,0.0
2026-03-05 02:43:00,84.3,0.0,0.0,0.0,0.0
2026-03-05 02:44:00,78.8,0.0,0.0,0.0,0.0
2026-03-05 02:45:00,91.2,0.0,0.0,0.0,0.0
2026-03-05 02:46:00,76.5,0.0,0.0,0.0,0.0
2026-03-05 02:47:00,94.1,0.0,0.0,0.0,0.0
2026-03-05 02:48:00,81.8,0.0,0.0,0.0,0.0
2026-03-05 02:49:00,84.3,0.0,0.0,0.0,0.0
2026-03-05 02:50:00,77.3,0.0,0.0,0.0,0.0
2026-03-05 02:51:00,74.3,0.0,0.0,0.0,0.0
2026-03-05 02:52:00,79.9,0.0,0.0,0.0,0.0
2026-03-05 02:53:00,83.7,0.0,0.0,0.0,0.0
2026-03-05 02:54:00,86.2,0.0,0.0,0.0,0.0
2026-03-05 02:55:00,84.0,0.0,0.0,0.0,0.0
2026-03-05 02:56:00,85.0,0.0,0.0,0.0,0.0
2026-03-05 02:57:00,84.0,0.0,0.0,0.0,0.0
2026-03-05 02:58:00,78.9,0.0,0.0,0.0,0.0
2026-03-05 02:59:00,85.4,0.0,0.0,0.0,0.0
2026-03-05 03:00:00,233.9,149.5,0.0,0.0,0.0
2026-03-05 03:01:00,221.9,142.7,0.0,0.0,0.0
2026-03-05 03:02:00,231.9,148.7,0.0,0.0,0.0
2026-03-05 03:03:00,229.7,148.9,0.0,0.0,0.0
2026-03-05 03:04:00,232.8,148.7,0.0,0.0,0.0
2026-03-05 03:05:00,234.2,150.6,0.0,0.0,0.0
2026-03-05 03:06:00,219.2,144.0,0.0,0.0,0.0
2026-03-05 03:07:00,234.5,148.3,0.0,0.0,0.0
2026-03-05 03:08:00,226.4,152.0,0.0,0.0,0.0
2026-03-05 03:09:00,240.5,152.9,0.0,0.0,0.0
2026-03-05 03:10:00,222.7,150.2,0.0,0.0,0.0
2026-03-05 03:11:00,233.1,145.7,0.0,0.0,0.0
2026-03-05 03:12:00,221.6,139.9,0.0,0.0,0.0
2026-03-05 03:13:00,233.1,157.1,0.0,0.0,0.0
2026-03-05 03:14:00,230.6,144.1,0.0,0.0,0.0
2026-03-05 03:15:00,225.9,147.5,0.0,0.0,0.0
2026-03-05 03:16:00,226.4,149.8,0.0,0.0,0.0
2026-03-05 03:17:00,230.8,152.0,0.0,0.0,0.0
2026-03-05 03:18:00,231.4,149.6,0.0,0.0,0.0
2026-03-05 03:19:00,221.0,145.7,0.0,0.0,0.0
2026-03-05 03:20:00,220.3,149.6,0.0,0.0,0.0
2026-03-05 03:21:00,233.8,160.2,0.0,0.0,0.0
2026-03-05 03:22:00,249.5,162.3,0.0,0.0,0.0
2026-03-05 03:23:00,230.1,148.7,0.0,0.0,0.0
2026-03-05 03:24:00,239.6,153.0,0.0,0.0,0.0
2026-03-05 03:25:00,216.9,141.0,0.0,0.0,0.0
2026-03-05 03:26:00,235.2,150.8,0.0,0.0,0.0
2026-03-05 03:27:00,240.5,153.4,0.0,0.0,0.0
2026-03-05 03:28:00,226.5,148.3,0.0,0.0,0.0
2026-03-05 03:29:00,234.2,158.9,0.0,0.0,0.0
2026-03-05 03:30:00,238.8,154.2,0.0,0.0,0.0
2026-03-05 03:31:00,230.4,152.9,0.0,0.0,0.0
2026-03-05 03:32:00,215.5,136.7,0.0,0.0,0.0
2026-03-05 03:33:00,220.9,146.7,0.0,0.0,0.0
2026-03-05 03:34:00,228.5,153.4,0.0,0.0,0.0
2026-03-05 03:35:00,74.8,0.0,0.0,0.0,0.0
2026-03-05 03:36:00,83.8,0.0,0.0,0.0,0.0
2026-03-05 03:37:00,92.1,0.0,0.0,0.0,0.0
2026-03-05 03:38:00,69.9,0.0,0.0,0.0,0.0
2026-03-05 03:39:00,70.7,0.0,0.0,0.0,0.0
2026-03-05 03:40:00,81.0,0.0,0.0,0.0,0.0
2026-03-05 03:41:00,86.2,0.0,0.0,0.0,0.0
2026-03-05 03:42:00,87.1,0.0,0.0,0.0,0.0
2026-03-05 03:43:00,79.3,0.0,0.0,0.0,0.0
2026-03-05 03:44:00,85.0,0.0,0.0,0.0,0.0
2026-03-05 03:45:00,78.8,0.0,0.0,0.0,0.0
2026-03-05 03:46:00,81.0,0.0,0.0,0.0,0.0
2026-03-05 03:47:00,63.8,0.0,0.0,0.0,0.0
2026-03-05 03:48:00,78.2,0.0,0.0,0.0,0.0
2026-03-05 03:49:00,64.2,0.0,0.0,0.0,0.0
2026-03-05 03:50:00,73.4,0.0,0.0,0.0,0.0
2026-03-05 03:51:00,73.0,0.0,0.0,0.0,0.0
2026-03-05 03:52:00,80.8,0.0,0.0,0.0,0.0
2026-03-05 03:53:00,78.8,0.0,0.0,0.0,0.0
2026-03-05 03:54:00,79.5,0.0,0.0,0.0,0.0
2026-03-05 03:55:00,73.1,0.0,0.0,0.0,0.0
2026-03-05 03:56:00,81.7,0.0,0.0,0.0,0.0
2026-03-05 03:57:00,77.3,0.0,0.0,0.0,0.0
2026-03-05 03:58:00,70.5,0.0,0.0,0.0,0.0
2026-03-05 03:59:00,79.9,0.0,0.0,0.0,0.0
2026-03-05 04:00:00,245.4,162.3,0.0,0.0,0.0
2026-03-05 04:01:00,216.1,142.3,0.0,0.0,0.0
2026-03-05 04:02:00,239.9,149.1,0.0,0.0,0.0
2026-03-05 04:03:00,233.0,155.1,0.0,0.0,0.0
2026-03-05 04:04:00,233.2,155.0,0.0,0.0,0.0
2026-03-05 04:05:00,220.0,141.7,0.0,0.0,0.0
2026-03-05 04:06:00,220.7,145.1,0.0,0.0,0.0
2026-03-05 04:07:00,221.7,149.4,0.0,0.0,0.0
2026-03-05 04:08:00,227.0,145.9,0.0,0.0,0.0
2026-03-05 04:09:00,228.2,146.5,0.0,0.0,0.0
2026-03-05 04:10:00,236.8,148.6,0.0,0.0,0.0
2026-03-05 04:11:00,229.8,149.1,0.0,0.0,0.0
2026-03-05 04:12:00,229.6,155.4,0.0,0.0,0.0
2026-03-05 04:13:00,223.1,141.3,0.0,0.0,0.0
2026-03-05 04:14:00,238.5,155.2,0.0,0.0,0.0
2026-03-05 04:15:00,228.2,148.7,0.0,0.0,0.0
2026-03-05 04:16:00,233.9,152.8,0.0,0.0,0.0
2026-03-05 04:17:00,221.3,148.1,0.0,0.0,0.0
2026-03-05 04:18:00,238.2,161.7,0.0,0.0,0.0
2026-03-05 04:19:00,221.2,140.8,0.0,0.0,0.0
2026-03-05 04:20:00,235.3,155.8,0.0,0.0,0.0
2026-03-05 04:21:00,226.8,147.7,0.0,0.0,0.0
2026-03-05 04:22:00,224.7,148.7,0.0,0.0,0.0
2026-03-05 04:23:00,242.6,157.0,0.0,0.0,0.0
2026-03-05 04:24:00,236.2,148.9,0.0,0.0,0.0
2026-03-05 04:25:00,228.7,154.5,0.0,0.0,0.0
2026-03-05 04:26:00,247.7,157.2,0.0,0.0,0.0
2026-03-05 04:27:00,236.5,146.9,0.0,0.0,0.0
2026-03-05 04:28:00,231.0,160.1,0.0,0.0,0.0
2026-03-05 04:29:00,234.4,156.3,0.0,0.0,0.0
2026-03-05 04:30:00,228.0,148.8,0.0,0.0,0.0
2026-03-05 04:31:00,234.7,151.1,0.0,0.0,0.0
2026-03-05 04:32:00,225.3,146.4,0.0,0.0,0.0
2026-03-05 04:33:00,238.7,151.4,0.0,0.0,0.0
2026-03-05 04:34:00,245.1,154.3,0.0,0.0,0.0
2026-03-05 04:35:00,84.9,0.0,0.0,0.0,0.0
2026-03-05 04:36:00,84.7,0.0,0.0,0.0,0.0
2026-03-05 04:37:00,80.5,0.0,0.0,0.0,0.0
2026-03-05 04:38:00,78.0,0.0,0.0,0.0,0.0
2026-03-05 04:39:00,67.5,0.0,0.0,0.0,0.0
2026-03-05 04:40:00,80.4,0.0,0.0,0.0,0.0
2026-03-05 04:41:00,73.7,0.0,0.0,0.0,0.0
2026-03-05 04:42:00,82.5,0.0,0.0,0.0,0.0
2026-03-05 04:43:00,82.4,0.0,0.0,0.0,0.0
2026-03-05 04:44:00,87.7,0.0,0.0,0.0,0.0
2026-03-05 04:45:00,77.1,0.0,0.0,0.0,0.0
2026-03-05 04:46:00,86.0,0.0,0.0,0.0,0.0
2026-03-05 04:47:00,81.8,0.0,0.0,0.0,0.0
2026-03-05 04:48:00,73.2,0.0,0.0,0.0,0.0
2026-03-05 04:49:00,88.9,0.0,0.0,0.0,0.0
2026-03-05 04:50:00,74.5,0.0,0.0,0.0,0.0
2026-03-05 04:51:00,80.7,0.0,0.0,0.0,0.0
2026-03-05 04:52:00,88.3,0.0,0.0,0.0,0.0
2026-03-05 04:53:00,84.5,0.0,0.0,0.0,0.0
2026-03-05 04:54:00,92.9,0.0,0.0,0.0,0.0
2026-03-05 04:55:00,84.2,0.0,0.0,0.0,0.0
2026-03-05 04:56:00,77.2,0.0,0.0,0.0,0.0
2026-03-05 04:57:00,84.5,0.0,0.0,0.0,0.0
2026-03-05 04:58:00,70.9,0.0,0.0,0.0,0.0
2026-03-05 04:59:00,76.2,0.0,0.0,0.0,0.0
2026-03-05 05:00:00,236.4,158.5,0.0,0.0,0.0
2026-03-05 05:01:00,231.9,146.0,0.0,0.0,0.0
2026-03-05 05:02:00,223.0,149.9,0.0,0.0,0.0
2026-03-05 05:03:00,222.8,146.5,0.0,0.0,0.0
2026-03-05 05:04:00,222.4,143.9,0.0,0.0,0.0
2026-03-05 05:05:00,241.6,151.6,0.0,0.0,0.0
2026-03-05 05:06:00,242.0,155.6,0.0,0.0,0.0
2026-03-05 05:07:00,214.0,144.6,0.0,0.0,0.0
2026-03-05 05:08:00,231.5,154.9,0.0,0.0,0.0
2026-03-05 05:09:00,240.3,153.3,0.0,0.0,0.0
2026-03-05 05:10:00,234.7,152.3,0.0,0.0,0.0
2026-03-05 05:11:00,236.4,156.8,0.0,0.0,0.0
2026-03-05 05:12:00,221.1,146.6,0.0,0.0,0.0
2026-03-05 05:13:00,249.4,158.0,0.0,0.0,0.0
2026-03-05 05:14:00,225.2,148.1,0.0,0.0,0.0
2026-03-05 05:15:00,231.6,152.7,0.0,0.0,0.0
2026-03-05 05:16:00,221.6,142.2,0.0,0.0,0.0
2026-03-05 05:17:00,229.3,154.8,0.0,0.0,0.0
2026-03-05 05:18:00,236.4,150.1,0.0,0.0,0.0
2026-03-05 05:19:00,234.0,147.1,0.0,0.0,0.0
2026-03-05 05:20:00,222.7,144.8,0.0,0.0,0.0
2026-03-05 05:21:00,231.6,150.9,0.0,0.0,0.0
2026-03-05 05:22:00,235.6,156.6,0.0,0.0,0.0
2026-03-05 05:23:00,233.6,152.6,0.0,0.0,0.0
2026-03-05 05:24:00,216.6,148.2,0.0,0.0,0.0
2026-03-05 05:25:00,227.3,146.1,0.0,0.0,0.0
2026-03-05 05:26:00,233.8,144.7,0.0,0.0,0.0
2026-03-05 05:27:00,219.3,148.3,0.0,0.0,0.0
2026-03-05 05:28:00,217.9,141.9,0.0,0.0,0.0
2026-03-05 05:29:00,223.4,148.0,0.0,0.0,0.0
2026-03-05 05:30:00,246.0,155.4,0.0,0.0,0.0
2026-03-05 05:31:00,232.9,149.6,0.0,0.0,0.0
2026-03-05 05:32:00,228.0,149.1,0.0,0.0,0.0
2026-03-05 05:33:00,222.4,146.9,0.0,0.0,0.0
2026-03-05 05:34:00,233.1,153.5,0.0,0.0,0.0
2026-03-05 05:35:00,75.5,0.0,0.0,0.0,0.0
2026-03-05 05:36:00,82.8,0.0,0.0,0.0,0.0
2026-03-05 05:37:00,77.7,0.0,0.0,0.0,0.0
2026-03-05 05:38:00,78.2,0.0,0.0,0.0,0.0
2026-03-05 05:39:00,86.4,0.0,0.0,0.0,0.0
2026-03-05 05:40:00,68.0,0.0,0.0,0.0,0.0
2026-03-05 05:41:00,83.4,0.0,0.0,0.0,0.0
2026-03-05 05:42:00,97.2,0.0,0.0,0.0,0.0
2026-03-05 05:43:00,88.6,0.0,0.0,0.0,0.0
2026-03-05 05:44:00,84.5,0.0,0.0,0.0,0.0
2026-03-05 05:45:00,86.2,0.0,0.0,0.0,0.0
2026-03-05 05:46:00,78.2,0.0,0.0,0.0,0.0
2026-03-05 05:47:00,94.9,0.0,0.0,0.0,0.0
2026-03-05 05:48:00,79.5,0.0,0.0,0.0,0.0
2026-03-05 05:49:00,84.9,0.0,0.0,0.0,0.0
2026-03-05 05:50:00,82.2,0.0,0.0,0.0,0.0
2026-03-05 05:51:00,78.5,0.0,0.0,0.0,0.0
2026-03-05 05:52:00,83.4,0.0,0.0,0.0,0.0
2026-03-05 05:53:00,79.9,0.0,0.0,0.0,0.0
2026-03-05 05:54:00,77.3,0.0,0.0,0.0,0.0
2026-03-05 05:55:00,86.9,0.0,0.0,0.0,0.0
2026-03-05 05:56:00,75.8,0.0,0.0,0.0,0.0
2026-03-05 05:57:00,68.5,0.0,0.0,0.0,0.0
2026-03-05 05:58:00,79.5,0.0,0.0,0.0,0.0
2026-03-05 05:59:00,69.9,0.0,0.0,0.0,0.0
2026-03-05 06:00:00,240.7,148.7,0.0,0.0,0.0
2026-03-05 06:01:00,227.3,147.1,0.0,0.0,0.0
2026-03-05 06:02:00,237.1,154.2,0.0,0.0,0.0
2026-03-05 06:03:00,224.7,147.5,0.0,0.0,0.0
2026-03-05 06:04:00,236.3,152.2,0.0,0.0,0.0
2026-03-05 06:05:00,228.3,151.2,0.0,0.0,0.0
2026-03-05 06:06:00,216.7,140.6,0.0,0.0,0.0
2026-03-05 06:07:00,226.5,141.6,0.0,0.0,0.0
2026-03-05 06:08:00,217.0,134.0,0.0,0.0,0.0
2026-03-05 06:09:00,234.4,151.3,0.0,0.0,0.0
2026-03-05 06:10:00,228.0,151.1,0.0,0.0,0.0
2026-03-05 06:11:00,230.9,147.2,0.0,0.0,0.0
2026-03-05 06:12:00,226.7,147.2,0.0,0.0,0.0
2026-03-05 06:13:00,225.4,148.2,0.0,0.0,0.0
2026-03-05 06:14:00,225.5,146.7,0.0,0.0,0.0
2026-03-05 06:15:00,226.0,149.6,0.0,0.0,0.0
2026-03-05 06:16:00,220.8,149.6,0.0,0.0,0.0
2026-03-05 06:17:00,214.4,145.4,0.0,0.0,0.0
2026-03-05 06:18:00,233.9,156.9,0.0,0.0,0.0
2026-03-05 06:19:00,235.6,154.9,0.0,0.0,0.0
2026-03-05 06:20:00,223.5,147.8,0.0,0.0,0.0
2026-03-05 06:21:00,252.4,160.7,0.0,0.0,0.0
2026-03-05 06:22:00,241.4,162.1,0.0,0.0,0.0
2026-03-05 06:23:00,236.7,156.0,0.0,0.0,0.0
2026-03-05 06:24:00,240.0,155.8,0.0,0.0,0.0
2026-03-05 06:25:00,223.4,146.9,0.0,0.0,0.0
2026-03-05 06:26:00,219.0,148.3,0.0,0.0,0.0
2026-03-05 06:27:00,229.5,142.0,0.0,0.0,0.0
2026-03-05 06:28:00,228.9,147.8,0.0,0.0,0.0
2026-03-05 06:29:00,231.0,154.7,0.0,0.0,0.0
2026-03-05 06:30:00,233.0,147.8,0.0,0.0,0.0
2026-03-05 06:31:00,217.4,141.5,0.0,0.0,0.0
2026-03-05 06:32:00,238.0,157.9,0.0,0.0,0.0
2026-03-05 06:33:00,247.7,159.7,0.0,0.0,0.0
2026-03-05 06:34:00,244.4,157.4,0.0,0.0,0.0
2026-03-05 06:35:00,74.7,0.0,0.0,0.0,0.0
2026-03-05 06:36:00,88.3,0.0,0.0,0.0,0.0
2026-03-05 06:37:00,74.9,0.0,0.0,0.0,0.0
2026-03-05 06:38:00,73.5,0.0,0.0,0.0,0.0
2026-03-05 06:39:00,75.7,0.0,0.0,0.0,0.0
2026-03-05 06:40:00,96.2,0.0,0.0,0.0,0.0
2026-03-05 06:41:00,78.9,0.0,0.0,0.0,0.0
2026-03-05 06:42:00,86.1,0.0,0.0,0.0,0.0
2026-03-05 06:43:00,84.6,0.0,0.0,0.0,0.0
2026-03-05 06:44:00,77.5,0.0,0.0,0.0,0.0
2026-03-05 06:45:00,78.1,0.0,0.0,0.0,0.0
2026-03-05 06:46:00,77.4,0.0,0.0,0.0,0.0
2026-03-05 06:47:00,79.6,0.0,0.0,0.0,0.0
2026-03-05 06:48:00,75.3,0.0,0.0,0.0,0.0
2026-03-05 06:49:00,72.4,0.0,0.0,0.0,0.0
2026-03-05 06:50:00,82.6,0.0,0.0,0.0,0.0
2026-03-05 06:51:00,72.9,0.0,0.0,0.0,0.0
2026-03-05 06:52:00,80.4,0.0,0.0,0.0,0.0
2026-03-05 06:53:00,81.7,0.0,0.0,0.0,0.0
2026-03-05 06:54:00,72.4,0.0,0.0,0.0,0.0
2026-03-05 06:55:00,80.0,0.0,0.0,0.0,0.0
2026-03-05 06:56:00,77.1,0.0,0.0,0.0,0.0
2026-03-05 06:57:00,85.6,0.0,0.0,0.0,0.0
2026-03-05 06:58:00,75.3,0.0,0.0,0.0,0.0
2026-03-05 06:59:00,75.9,0.0,0.0,0.0,0.0
2026-03-05 07:00:00,228.2,152.5,0.0,0.0,0.0
2026-03-05 07:01:00,232.4,146.7,0.0,0.0,0.0
2026-03-05 07:02:00,233.4,154.9,0.0,0.0,0.0
2026-03-05 07:03:00,232.1,145.4,0.0,0.0,0.0
2026-03-05 07:04:00,233.5,146.4,0.0,0.0,0.0
2026-03-05 07:05:00,225.5,151.9,0.0,0.0,0.0
2026-03-05 07:06:00,236.9,148.6,0.0,0.0,0.0
2026-03-05 07:07:00,236.2,154.6,0.0,0.0,0.0
2026-03-05 07:08:00,233.9,148.0,0.0,0.0,0.0
2026-03-05 07:09:00,228.2,159.1,0.0,0.0,0.0
2026-03-05 07:10:00,227.4,144.8,0.0,0.0,0.0
2026-03-05 07:11:00,237.6,153.4,0.0,0.0,0.0
2026-03-05 07:12:00,227.9,147.6,0.0,0.0,0.0
2026-03-05 07:13:00,239.3,157.0,0.0,0.0,0.0
2026-03-05 07:14:00,228.0,147.0,0.0,0.0,0.0
2026-03-05 07:15:00,218.3,153.8,0.0,0.0,0.0
2026-03-05 07:16:00,205.3,134.0,0.0,0.0,0.0
2026-03-05 07:17:00,223.4,146.2,0.0,0.0,0.0
2026-03-05 07:18:00,247.8,158.2,0.0,0.0,0.0
2026-03-05 07:19:00,228.0,150.9,0.0,0.0,0.0
2026-03-05 07:20:00,224.6,150.4,0.0,0.0,0.0
2026-03-05 07:21:00,234.4,154.4,0.0,0.0,0.0
2026-03-05 07:22:00,237.3,162.0,0.0,0.0,0.0
2026-03-05 07:23:00,221.3,144.4,0.0,0.0,0.0
2026-03-05 07:24:00,229.5,149.6,0.0,0.0,0.0
2026-03-05 07:25:00,233.3,147.7,0.0,0.0,0.0
2026-03-05 07:26:00,230.6,153.5,0.0,0.0,0.0
2026-03-05 07:27:00,220.4,146.4,0.0,0.0,0.0
2026-03-05 07:28:00,226.8,142.1,0.0,0.0,0.0
2026-03-05 07:29:00,222.3,142.3,0.0,0.0,0.0
2026-03-05 07:30:00,226.2,153.3,0.0,0.0,0.0
2026-03-05 07:31:00,227.3,151.0,0.0,0.0,0.0
2026-03-05 07:32:00,231.4,154.3,0.0,0.0,0.0
2026-03-05 07:33:00,226.0,141.9,0.0,0.0,0.0
2026-03-05 07:34:00,228.8,145.4,0.0,0.0,0.0
2026-03-05 07:35:00,80.9,0.0,0.0,0.0,0.0
2026-03-05 07:36:00,70.6,0.0,0.0,0.0,0.0
2026-03-05 07:37:00,84.3,0.0,0.0,0.0,0.0
2026-03-05 07:38:00,88.2,0.0,0.0,0.0,0.0
2026-03-05 07:39:00,81.0,0.0,0.0,0.0,0.0
2026-03-05 07:40:00,78.6,0.0,0.0,0.0,0.0
2026-03-05 07:41:00,74.5,0.0,0.0,0.0,0.0
2026-03-05 07:42:00,78.4,0.0,0.0,0.0,0.0
2026-03-05 07:43:00,88.1,0.0,0.0,0.0,0.0
2026-03-05 07:44:00,89.4,0.0,0.0,0.0,0.0
2026-03-05 07:45:00,76.4,0.0,0.0,0.0,0.0
2026-03-05 07:46:00,75.1,0.0,0.0,0.0,0.0
2026-03-05 07:47:00,76.7,0.0,0.0,0.0,0.0
2026-03-05 07:48:00,76.8,0.0,0.0,0.0,0.0
2026-03-05 07:49:00,85.8,0.0,0.0,0.0,0.0
2026-03-05 07:50:00,81.9,0.0,0.0,0.0,0.0
2026-03-05 07:51:00,69.4,0.0,0.0,0.0,0.0
2026-03-05 07:52:00,83.3,0.0,0.0,0.0,0.0
2026-03-05 07:53:00,87.4,0.0,0.0,0.0,0.0
2026-03-05 07:54:00,78.0,0.0,0.0,0.0,0.0
2026-03-05 07:55:00,89.8,0.0,0.0,0.0,0.0
2026-03-05 07:56:00,84.7,0.0,0.0,0.0,0.0
2026-03-05 07:57:00,84.1,0.0,0.0,0.0,0.0
2026-03-05 07:58:00,81.6,0.0,0.0,0.0,0.0
2026-03-05 07:59:00,84.4,0.0,0.0,0.0,0.0
2026-03-05 08:00:00,227.7,145.2,0.0,0.0,0.0
2026-03-05 08:01:00,228.8,146.7,0.0,0.0,0.0
2026-03-05 08:02:00,228.0,150.7,0.0,0.0,0.0
2026-03-05 08:03:00,224.4,149.1,0.0,0.0,0.0
2026-03-05 08:04:00,231.1,160.0,0.0,0.0,0.0
2026-03-05 08:05:00,224.2,148.1,0.0,0.0,0.0
2026-03-05 08:06:00,222.1,148.8,0.0,0.0,0.0
2026-03-05 08:07:00,220.9,142.2,0.0,0.0,0.0
2026-03-05 08:08:00,227.2,159.2,0.0,0.0,0.0
2026-03-05 08:09:00,231.7,150.4,0.0,0.0,0.0
2026-03-05 08:10:00,224.1,149.5,0.0,0.0,0.0
2026-03-05 08:11:00,225.6,146.8,0.0,0.0,0.0
2026-03-05 08:12:00,224.3,150.5,0.0,0.0,0.0
2026-03-05 08:13:00,223.5,148.3,0.0,0.0,0.0
2026-03-05 08:14:00,239.4,156.1,0.0,0.0,0.0
2026-03-05 08:15:00,228.2,146.0,0.0,0.0,0.0
2026-03-05 08:16:00,230.1,147.9,0.0,0.0,0.0
2026-03-05 08:17:00,231.1,147.4,0.0,0.0,0.0
2026-03-05 08:18:00,225.0,153.0,0.0,0.0,0.0
2026-03-05 08:19:00,232.3,151.7,0.0,0.0,0.0
2026-03-05 08:20:00,230.0,155.0,0.0,0.0,0.0
2026-03-05 08:21:00,236.4,152.8,0.0,0.0,0.0
2026-03-05 08:22:00,228.2,152.9,0.0,0.0,0.0
2026-03-05 08:23:00,229.8,150.3,0.0,0.0,0.0
2026-03-05 08:24:00,238.4,154.6,0.0,0.0,0.0
2026-03-05 08:25:00,227.9,152.5,0.0,0.0,0.0
2026-03-05 08:26:00,233.6,151.7,0.0,0.0,0.0
2026-03-05 08:27:00,234.3,142.0,0.0,0.0,0.0
2026-03-05 08:28:00,224.8,147.7,0.0,0.0,0.0
2026-03-05 08:29:00,224.8,146.6,0.0,0.0,0.0
2026-03-05 08:30:00,220.4,140.9,0.0,0.0,0.0
2026-03-05 08:31:00,238.6,156.6,0.0,0.0,0.0
2026-03-05 08:32:00,244.7,157.3,0.0,0.0,0.0
2026-03-05 08:33:00,243.6,155.5,0.0,0.0,0.0
2026-03-05 08:34:00,224.6,152.9,0.0,0.0,0.0
2026-03-05 08:35:00,90.7,0.0,0.0,0.0,0.0
2026-03-05 08:36:00,86.0,0.0,0.0,0.0,0.0
2026-03-05 08:37:00,69.4,0.0,0.0,0.0,0.0
2026-03-05 08:38:00,76.8,0.0,0.0,0.0,0.0
2026-03-05 08:39:00,81.1,0.0,0.0,0.0,0.0
2026-03-05 08:40:00,66.3,0.0,0.0,0.0,0.0
2026-03-05 08:41:00,85.7,0.0,0.0,0.0,0.0
2026-03-05 08:42:00,86.4,0.0,0.0,0.0,0.0
2026-03-05 08:43:00,76.3,0.0,0.0,0.0,0.0
2026-03-05 08:44:00,68.7,0.0,0.0,0.0,0.0
2026-03-05 08:45:00,78.7,0.0,0.0,0.0,0.0
2026-03-05 08:46:00,75.9,0.0,0.0,0.0,0.0
2026-03-05 08:47:00,69.6,0.0,0.0,0.0,0.0
2026-03-05 08:48:00,86.1,0.0,0.0,0.0,0.0
2026-03-05 08:49:00,77.1,0.0,0.0,0.0,0.0
2026-03-05 08:50:00,86.7,0.0,0.0,0.0,0.0
2026-03-05 08:51:00,81.6,0.0,0.0,0.0,0.0
2026-03-05 08:52:00,84.2,0.0,0.0,0.0,0.0
2026-03-05 08:53:00,86.8,0.0,0.0,0.0,0.0
2026-03-05 08:54:00,88.0,0.0,0.0,0.0,0.0
2026-03-05 08:55:00,81.8,0.0,0.0,0.0,0.0
2026-03-05 08:56:00,78.1,0.0,0.0,0.0,0.0
2026-03-05 08:57:00,72.3,0.0,0.0,0.0,0.0
2026-03-05 08:58:00,76.0,0.0,0.0,0.0,0.0
2026-03-05 08:59:00,75.5,0.0,0.0,0.0,0.0
2026-03-05 09:00:00,214.8,142.3,0.0,0.0,0.0
2026-03-05 09:01:00,243.8,154.6,0.0,0.0,0.0
2026-03-05 09:02:00,216.6,155.8,0.0,0.0,0.0
2026-03-05 09:03:00,226.9,142.7,0.0,0.0,0.0
2026-03-05 09:04:00,242.3,157.8,0.0,0.0,0.0
2026-03-05 09:05:00,234.7,159.2,0.0,0.0,0.0
2026-03-05 09:06:00,217.7,143.0,0.0,0.0,0.0
2026-03-05 09:07:00,236.5,152.1,0.0,0.0,0.0
2026-03-05 09:08:00,229.2,148.6,0.0,0.0,0.0
2026-03-05 09:09:00,230.7,154.1,0.0,0.0,0.0
2026-03-05 09:10:00,212.5,135.2,0.0,0.0,0.0
2026-03-05 09:11:00,239.2,153.1,0.0,0.0,0.0
2026-03-05 09:12:00,229.5,148.1,0.0,0.0,0.0
2026-03-05 09:13:00,232.9,152.4,0.0,0.0,0.0
2026-03-05 09:14:00,237.7,154.4,0.0,0.0,0.0
2026-03-05 09:15:00,230.8,138.1,0.0,0.0,0.0
2026-03-05 09:16:00,230.6,149.7,0.0,0.0,0.0
2026-03-05 09:17:00,233.1,150.0,0.0,0.0,0.0
2026-03-05 09:18:00,242.9,153.0,0.0,0.0,0.0
2026-03-05 09:19:00,229.7,155.7,0.0,0.0,0.0
2026-03-05 09:20:00,227.5,153.8,0.0,0.0,0.0
2026-03-05 09:21:00,225.0,146.1,0.0,0.0,0.0
2026-03-05 09:22:00,235.2,153.5,0.0,0.0,0.0
2026-03-05 09:23:00,222.7,146.2,0.0,0.0,0.0
2026-03-05 09:24:00,241.1,153.8,0.0,0.0,0.0
2026-03-05 09:25:00,236.3,149.1,0.0,0.0,0.0
2026-03-05 09:26:00,227.7,149.1,0.0,0.0,0.0
2026-03-05 09:27:00,234.0,150.6,0.0,0.0,0.0
2026-03-05 09:28:00,232.7,142.0,0.0,0.0,0.0
2026-03-05 09:29:00,233.8,148.4,0.0,0.0,0.0
2026-03-05 09:30:00,217.1,144.0,0.0,0.0,0.0
2026-03-05 09:31:00,233.8,154.6,0.0,0.0,0.0
2026-03-05 09:32:00,245.2,156.3,0.0,0.0,0.0
2026-03-05 09:33:00,221.3,142.7,0.0,0.0,0.0
2026-03-05 09:34:00,218.0,138.7,0.0,0.0,0.0
2026-03-05 09:35:00,81.5,0.0,0.0,0.0,0.0
2026-03-05 09:36:00,83.6,0.0,0.0,0.0,0.0
2026-03-05 09:37:00,91.7,0.0,0.0,0.0,0.0
2026-03-05 09:38:00,70.4,0.0,0.0,0.0,0.0
2026-03-05 09:39:00,81.6,0.0,0.0,0.0,0.0
2026-03-05 09:40:00,95.6,0.0,0.0,0.0,0.0
2026-03-05 09:41:00,79.2,0.0,0.0,0.0,0.0
2026-03-05 09:42:00,75.1,0.0,0.0,0.0,0.0
2026-03-05 09:43:00,81.9,0.0,0.0,0.0,0.0
2026-03-05 09:44:00,68.7,0.0,0.0,0.0,0.0
2026-03-05 09:45:00,75.0,0.0,0.0,0.0,0.0
2026-03-05 09:46:00,78.7,0.0,0.0,0.0,0.0
2026-03-05 09:47:00,84.3,0.0,0.0,0.0,0.0
2026-03-05 09:48:00,77.5,0.0,0.0,0.0,0.0
2026-03-05 09:49:00,77.2,0.0,0.0,0.0,0.0
2026-03-05 09:50:00,80.1,0.0,0.0,0.0,0.0
2026-03-05 09:51:00,80.2,0.0,0.0,0.0,0.0
2026-03-05 09:52:00,68.9,0.0,0.0,0.0,0.0
2026-03-05 09:53:00,71.3,0.0,0.0,0.0,0.0
2026-03-05 09:54:00,78.3,0.0,0.0,0.0,0.0
2026-03-05 09:55:00,77.3,0.0,0.0,0.0,0.0
2026-03-05 09:56:00,87.9,0.0,0.0,0.0,0.0
2026-03-05 09:57:00,78.5,0.0,0.0,0.0,0.0
2026-03-05 09:58:00,83.5,0.0,0.0,0.0,0.0
2026-03-05 09:59:00,74.7,0.0,0.0,0.0,0.0
2026-03-05 10:00:00,232.1,150.7,0.0,0.0,0.0
2026-03-05 10:01:00,239.7,154.6,0.0,0.0,0.0
2026-03-05 10:02:00,227.0,148.4,0.0,0.0,0.0
2026-03-05 10:03:00,236.9,158.8,0.0,0.0,0.0
2026-03-05 10:04:00,241.0,156.3,0.0,0.0,0.0
2026-03-05 10:05:00,239.1,153.5,0.0,0.0,0.0
2026-03-05 10:06:00,222.4,145.1,0.0,0.0,0.0
2026-03-05 10:07:00,223.0,151.0,0.0,0.0,0.0
2026-03-05 10:08:00,215.1,135.3,0.0,0.0,0.0
2026-03-05 10:09:00,224.8,148.2,0.0,0.0,0.0
2026-03-05 10:10:00,227.7,150.9,0.0,0.0,0.0
2026-03-05 10:11:00,222.6,145.7,0.0,0.0,0.0
2026-03-05 10:12:00,225.2,150.8,0.0,0.0,0.0
2026-03-05 10:13:00,222.6,153.4,0.0,0.0,0.0
2026-03-05 10:14:00,236.2,159.1,0.0,0.0,0.0
2026-03-05 10:15:00,227.9,150.1,0.0,0.0,0.0
2026-03-05 10:16:00,224.8,142.2,0.0,0.0,0.0
2026-03-05 10:17:00,215.0,138.3,0.0,0.0,0.0
2026-03-05 10:18:00,231.1,149.2,0.0,0.0,0.0
2026-03-05 10:19:00,243.2,154.6,0.0,0.0,0.0
2026-03-05 10:20:00,233.5,155.7,0.0,0.0,0.0
2026-03-05 10:21:00,235.0,150.6,0.0,0.0,0.0
2026-03-05 10:22:00,229.1,146.8,0.0,0.0,0.0
2026-03-05 10:23:00,233.0,146.5,0.0,0.0,0.0
2026-03-05 10:24:00,233.7,149.4,0.0,0.0,0.0
2026-03-05 10:25:00,231.2,150.5,0.0,0.0,0.0
2026-03-05 10:26:00,238.4,153.1,0.0,0.0,0.0
2026-03-05 10:27:00,232.9,150.7,0.0,0.0,0.0
2026-03-05 10:28:00,243.1,160.1,0.0,0.0,0.0
2026-03-05 10:29:00,244.6,150.9,0.0,0.0,0.0
2026-03-05 10:30:00,246.6,152.6,0.0,0.0,0.0
2026-03-05 10:31:00,232.2,155.3,0.0,0.0,0.0
2026-03-05 10:32:00,243.4,154.8,0.0,0.0,0.0
2026-03-05 10:33:00,220.2,146.9,0.0,0.0,0.0
2026-03-05 10:34:00,221.0,142.0,0.0,0.0,0.0
2026-03-05 10:35:00,92.3,0.0,0.0,0.0,0.0
2026-03-05 10:36:00,79.7,0.0,0.0,0.0,0.0
2026-03-05 10:37:00,70.1,0.0,0.0,0.0,0.0
2026-03-05 10:38:00,83.4,0.0,0.0,0.0,0.0
2026-03-05 10:39:00,81.2,0.0,0.0,0.0,0.0
2026-03-05 10:40:00,84.8,0.0,0.0,0.0,0.0
2026-03-05 10:41:00,78.8,0.0,0.0,0.0,0.0
2026-03-05 10:42:00,77.9,0.0,0.0,0.0,0.0
2026-03-05 10:43:00,76.7,0.0,0.0,0.0,0.0
2026-03-05 10:44:00,85.7,0.0,0.0,0.0,0.0
2026-03-05 10:45:00,81.6,0.0,0.0,0.0,0.0
2026-03-05 10:46:00,86.8,0.0,0.0,0.0,0.0
2026-03-05 10:47:00,83.6,0.0,0.0,0.0,0.0
2026-03-05 10:48:00,884.4,0.0,0.0,809.5,0.0
2026-03-05 10:49:00,858.2,0.0,0.0,785.8,0.0
2026-03-05 10:50:00,869.5,0.0,0.0,791.3,0.0
2026-03-05 10:51:00,876.5,0.0,0.0,799.2,0.0
2026-03-05 10:52:00,888.3,0.0,0.0,810.4,0.0
2026-03-05 10:53:00,893.5,0.0,0.0,805.0,0.0
2026-03-05 10:54:00,891.7,0.0,0.0,808.6,0.0
2026-03-05 10:55:00,872.7,0.0,0.0,802.0,0.0
2026-03-05 10:56:00,882.6,0.0,0.0,798.0,0.0
2026-03-05 10:57:00,875.9,0.0,0.0,796.4,0.0
2026-03-05 10:58:00,859.5,0.0,0.0,795.6,0.0
2026-03-05 10:59:00,882.0,0.0,0.0,806.0,0.0
2026-03-05 11:00:00,1051.9,151.6,0.0,813.3,0.0
2026-03-05 11:01:00,1047.4,147.1,0.0,815.2,0.0
2026-03-05 11:02:00,1032.0,152.4,0.0,796.9,0.0
2026-03-05 11:03:00,1045.8,150.6,0.0,808.3,0.0
2026-03-05 11:04:00,1024.0,144.8,0.0,798.0,0.0
2026-03-05 11:05:00,1032.1,148.7,0.0,807.7,0.0
2026-03-05 11:06:00,1030.6,152.6,0.0,797.1,0.0
2026-03-05 11:07:00,1049.2,149.8,0.0,821.4,0.0
2026-03-05 11:08:00,1436.4,150.9,0.0,1203.5,0.0
2026-03-05 11:09:00,1418.7,152.0,0.0,1193.9,0.0
2026-03-05 11:10:00,1447.8,149.6,0.0,1213.8,0.0
2026-03-05 11:11:00,1443.9,156.9,0.0,1215.2,0.0
2026-03-05 11:12:00,1437.4,143.8,0.0,1217.0,0.0
2026-03-05 11:13:00,1027.8,152.5,0.0,798.4,0.0
2026-03-05 11:14:00,1015.1,147.6,0.0,795.6,0.0
2026-03-05 11:15:00,1030.6,152.2,0.0,795.4,0.0
2026-03-05 11:16:00,1031.3,154.4,0.0,802.1,0.0
2026-03-05 11:17:00,1023.8,153.4,0.0,785.7,0.0
2026-03-05 11:18:00,1041.7,153.6,0.0,810.5,0.0
2026-03-05 11:19:00,1040.7,154.0,0.0,805.8,0.0
2026-03-05 11:20:00,1021.0,152.8,0.0,788.6,0.0
2026-03-05 11:21:00,1023.3,149.0,0.0,804.3,0.0
2026-03-05 11:22:00,1015.5,153.9,0.0,787.1,0.0
2026-03-05 11:23:00,1043.8,155.1,0.0,813.0,0.0
2026-03-05 11:24:00,1026.4,154.5,0.0,794.6,0.0
2026-03-05 11:25:00,1026.5,151.6,0.0,796.3,0.0
2026-03-05 11:26:00,1039.7,151.6,0.0,802.7,0.0
2026-03-05 11:27:00,1031.3,140.2,0.0,803.4,0.0
2026-03-05 11:28:00,1040.5,146.1,0.0,815.6,0.0
2026-03-05 11:29:00,1024.6,149.2,0.0,791.1,0.0
2026-03-05 11:30:00,1027.5,155.2,0.0,791.2,0.0
2026-03-05 11:31:00,1017.0,156.2,0.0,787.8,0.0
2026-03-05 11:32:00,1025.6,150.9,0.0,796.0,0.0
2026-03-05 11:33:00,227.7,144.5,0.0,0.0,0.0
2026-03-05 11:34:00,237.0,152.6,0.0,0.0,0.0
2026-03-05 11:35:00,79.7,0.0,0.0,0.0,0.0
2026-03-05 11:36:00,77.1,0.0,0.0,0.0,0.0
2026-03-05 11:37:00,81.8,0.0,0.0,0.0,0.0
2026-03-05 11:38:00,81.9,0.0,0.0,0.0,0.0
2026-03-05 11:39:00,75.8,0.0,0.0,0.0,0.0
2026-03-05 11:40:00,84.5,0.0,0.0,0.0,0.0
2026-03-05 11:41:00,84.1,0.0,0.0,0.0,0.0
2026-03-05 11:42:00,79.0,0.0,0.0,0.0,0.0
2026-03-05 11:43:00,81.9,0.0,0.0,0.0,0.0
2026-03-05 11:44:00,81.2,0.0,0.0,0.0,0.0
2026-03-05 11:45:00,78.5,0.0,0.0,0.0,0.0
2026-03-05 11:46:00,80.2,0.0,0.0,0.0,0.0
2026-03-05 11:47:00,81.0,0.0,0.0,0.0,0.0
2026-03-05 11:48:00,76.0,0.0,0.0,0.0,0.0
2026-03-05 11:49:00,76.7,0.0,0.0,0.0,0.0
2026-03-05 11:50:00,84.2,0.0,0.0,0.0,0.0
2026-03-05 11:51:00,86.2,0.0,0.0,0.0,0.0
2026-03-05 11:52:00,81.0,0.0,0.0,0.0,0.0
2026-03-05 11:53:00,79.9,0.0,0.0,0.0,0.0
2026-03-05 11:54:00,73.0,0.0,0.0,0.0,0.0
2026-03-05 11:55:00,79.0,0.0,0.0,0.0,0.0
2026-03-05 11:56:00,80.8,0.0,0.0,0.0,0.0
2026-03-05 11:57:00,84.3,0.0,0.0,0.0,0.0
2026-03-05 11:58:00,82.5,0.0,0.0,0.0,0.0
2026-03-05 11:59:00,71.6,0.0,0.0,0.0,0.0
2026-03-05 12:00:00,231.0,155.4,0.0,0.0,0.0
2026-03-05 12:01:00,225.3,153.5,0.0,0.0,0.0
2026-03-05 12:02:00,233.2,146.4,0.0,0.0,0.0
2026-03-05 12:03:00,231.6,149.5,0.0,0.0,0.0
2026-03-05 12:04:00,236.3,150.2,0.0,0.0,0.0
2026-03-05 12:05:00,221.0,148.3,0.0,0.0,0.0
2026-03-05 12:06:00,239.1,153.9,0.0,0.0,0.0
2026-03-05 12:07:00,229.7,150.4,0.0,0.0,0.0
2026-03-05 12:08:00,214.7,141.3,0.0,0.0,0.0
2026-03-05 12:09:00,243.8,150.5,0.0,0.0,0.0
2026-03-05 12:10:00,223.4,144.3,0.0,0.0,0.0
2026-03-05 12:11:00,234.5,148.9,0.0,0.0,0.0
2026-03-05 12:12:00,225.6,151.2,0.0,0.0,0.0
2026-03-05 12:13:00,231.2,149.5,0.0,0.0,0.0
2026-03-05 12:14:00,243.1,155.2,0.0,0.0,0.0
2026-03-05 12:15:00,234.4,149.7,0.0,0.0,0.0
2026-03-05 12:16:00,225.5,147.4,0.0,0.0,0.0
2026-03-05 12:17:00,241.6,158.4,0.0,0.0,0.0
2026-03-05 12:18:00,239.1,153.7,0.0,0.0,0.0
2026-03-05 12:19:00,231.3,149.4,0.0,0.0,0.0
2026-03-05 12:20:00,216.0,150.1,0.0,0.0,0.0
2026-03-05 12:21:00,223.2,148.0,0.0,0.0,0.0
2026-03-05 12:22:00,230.6,150.5,0.0,0.0,0.0
2026-03-05 12:23:00,223.0,145.2,0.0,0.0,0.0
2026-03-05 12:24:00,240.5,158.9,0.0,0.0,0.0
2026-03-05 12:25:00,222.6,156.2,0.0,0.0,0.0
2026-03-05 12:26:00,217.5,138.7,0.0,0.0,0.0
2026-03-05 12:27:00,221.5,145.2,0.0,0.0,0.0
2026-03-05 12:28:00,235.3,149.8,0.0,0.0,0.0
2026-03-05 12:29:00,218.9,146.8,0.0,0.0,0.0
2026-03-05 12:30:00,229.8,139.3,0.0,0.0,0.0
2026-03-05 12:31:00,232.5,153.5,0.0,0.0,0.0
2026-03-05 12:32:00,232.1,144.0,0.0,0.0,0.0
2026-03-05 12:33:00,240.9,153.5,0.0,0.0,0.0
2026-03-05 12:34:00,232.7,152.3,0.0,0.0,0.0
2026-03-05 12:35:00,83.1,0.0,0.0,0.0,0.0
2026-03-05 12:36:00,80.9,0.0,0.0,0.0,0.0
2026-03-05 12:37:00,78.8,0.0,0.0,0.0,0.0
2026-03-05 12:38:00,84.3,0.0,0.0,0.0,0.0
2026-03-05 12:39:00,76.9,0.0,0.0,0.0,0.0
2026-03-05 12:40:00,80.9,0.0,0.0,0.0,0.0
2026-03-05 12:41:00,82.6,0.0,0.0,0.0,0.0
2026-03-05 12:42:00,81.8,0.0,0.0,0.0,0.0
2026-03-05 12:43:00,79.4,0.0,0.0,0.0,0.0
2026-03-05 12:44:00,91.3,0.0,0.0,0.0,0.0
2026-03-05 12:45:00,75.9,0.0,0.0,0.0,0.0
2026-03-05 12:46:00,89.3,0.0,0.0,0.0,0.0
2026-03-05 12:47:00,77.8,0.0,0.0,0.0,0.0
2026-03-05 12:48:00,80.7,0.0,0.0,0.0,0.0
2026-03-05 12:49:00,77.3,0.0,0.0,0.0,0.0
2026-03-05 12:50:00,77.3,0.0,0.0,0.0,0.0
2026-03-05 12:51:00,88.2,0.0,0.0,0.0,0.0
2026-03-05 12:52:00,76.5,0.0,0.0,0.0,0.0
2026-03-05 12:53:00,81.5,0.0,0.0,0.0,0.0
2026-03-05 12:54:00,88.0,0.0,0.0,0.0,0.0
2026-03-05 12:55:00,80.6,0.0,0.0,0.0,0.0
2026-03-05 12:56:00,81.6,0.0,0.0,0.0,0.0
2026-03-05 12:57:00,79.3,0.0,0.0,0.0,0.0
2026-03-05 12:58:00,77.2,0.0,0.0,0.0,0.0
2026-03-05 12:59:00,75.6,0.0,0.0,0.0,0.0
2026-03-05 13:00:00,229.6,145.6,0.0,0.0,0.0
2026-03-05 13:01:00,233.5,148.1,0.0,0.0,0.0
2026-03-05 13:02:00,234.5,153.5,0.0,0.0,0.0
2026-03-05 13:03:00,217.4,139.3,0.0,0.0,0.0
2026-03-05 13:04:00,236.5,148.0,0.0,0.0,0.0
2026-03-05 13:05:00,232.7,153.8,0.0,0.0,0.0
2026-03-05 13:06:00,228.5,152.5,0.0,0.0,0.0
2026-03-05 13:07:00,232.5,154.2,0.0,0.0,0.0
2026-03-05 13:08:00,240.4,160.1,0.0,0.0,0.0
2026-03-05 13:09:00,232.8,145.8,0.0,0.0,0.0
2026-03-05 13:10:00,217.6,147.1,0.0,0.0,0.0
2026-03-05 13:11:00,230.1,155.5,0.0,0.0,0.0
2026-03-05 13:12:00,241.8,158.3,0.0,0.0,0.0
2026-03-05 13:13:00,225.0,151.9,0.0,0.0,0.0
2026-03-05 13:14:00,227.3,148.6,0.0,0.0,0.0
2026-03-05 13:15:00,222.3,144.3,0.0,0.0,0.0
2026-03-05 13:16:00,241.6,153.3,0.0,0.0,0.0
2026-03-05 13:17:00,225.0,152.0,0.0,0.0,0.0
2026-03-05 13:18:00,223.5,144.8,0.0,0.0,0.0
2026-03-05 13:19:00,234.4,147.6,0.0,0.0,0.0
2026-03-05 13:20:00,220.5,145.3,0.0,0.0,0.0
2026-03-05 13:21:00,232.8,153.2,0.0,0.0,0.0
2026-03-05 13:22:00,229.8,149.5,0.0,0.0,0.0
2026-03-05 13:23:00,234.4,156.5,0.0,0.0,0.0
2026-03-05 13:24:00,238.1,157.1,0.0,0.0,0.0
2026-03-05 13:25:00,227.5,151.9,0.0,0.0,0.0
2026-03-05 13:26:00,236.0,156.3,0.0,0.0,0.0
2026-03-05 13:27:00,239.5,155.6,0.0,0.0,0.0
2026-03-05 13:28:00,234.2,157.9,0.0,0.0,0.0
2026-03-05 13:29:00,232.0,147.9,0.0,0.0,0.0
2026-03-05 13:30:00,242.2,153.5,0.0,0.0,0.0
2026-03-05 13:31:00,229.4,159.7,0.0,0.0,0.0
2026-03-05 13:32:00,240.5,153.7,0.0,0.0,0.0
2026-03-05 13:33:00,230.2,148.3,0.0,0.0,0.0
2026-03-05 13:34:00,225.4,151.6,0.0,0.0,0.0
2026-03-05 13:35:00,83.9,0.0,0.0,0.0,0.0
2026-03-05 13:36:00,81.4,0.0,0.0,0.0,0.0
2026-03-05 13:37:00,78.4,0.0,0.0,0.0,0.0
2026-03-05 13:38:00,89.4,0.0,0.0,0.0,0.0
2026-03-05 13:39:00,82.3,0.0,0.0,0.0,0.0
2026-03-05 13:40:00,90.5,0.0,0.0,0.0,0.0
2026-03-05 13:41:00,89.4,0.0,0.0,0.0,0.0
2026-03-05 13:42:00,78.5,0.0,0.0,0.0,0.0
2026-03-05 13:43:00,79.0,0.0,0.0,0.0,0.0
2026-03-05 13:44:00,83.0,0.0,0.0,0.0,0.0
2026-03-05 13:45:00,83.4,0.0,0.0,0.0,0.0
2026-03-05 13:46:00,80.3,0.0,0.0,0.0,0.0
2026-03-05 13:47:00,78.8,0.0,0.0,0.0,0.0
2026-03-05 13:48:00,76.4,0.0,0.0,0.0,0.0
2026-03-05 13:49:00,81.4,0.0,0.0,0.0,0.0
2026-03-05 13:50:00,65.8,0.0,0.0,0.0,0.0
2026-03-05 13:51:00,86.6,0.0,0.0,0.0,0.0
2026-03-05 13:52:00,79.2,0.0,0.0,0.0,0.0
2026-03-05 13:53:00,82.7,0.0,0.0,0.0,0.0
2026-03-05 13:54:00,89.0,0.0,0.0,0.0,0.0
2026-03-05 13:55:00,72.4,0.0,0.0,0.0,0.0
2026-03-05 13:56:00,93.3,0.0,0.0,0.0,0.0
2026-03-05 13:57:00,80.9,0.0,0.0,0.0,0.0
2026-03-05 13:58:00,77.6,0.0,0.0,0.0,0.0
2026-03-05 13:59:00,75.9,0.0,0.0,0.0,0.0
2026-03-05 14:00:00,231.4,149.8,0.0,0.0,0.0
2026-03-05 14:01:00,222.4,153.9,0.0,0.0,0.0
2026-03-05 14:02:00,216.1,146.9,0.0,0.0,0.0
2026-03-05 14:03:00,228.0,144.0,0.0,0.0,0.0
2026-03-05 14:04:00,228.8,150.1,0.0,0.0,0.0
2026-03-05 14:05:00,235.7,157.1,0.0,0.0,0.0
2026-03-05 14:06:00,234.7,150.3,0.0,0.0,0.0
2026-03-05 14:07:00,250.6,158.5,0.0,0.0,0.0
2026-03-05 14:08:00,221.2,148.9,0.0,0.0,0.0
2026-03-05 14:09:00,219.0,148.7,0.0,0.0,0.0
2026-03-05 14:10:00,215.7,148.7,0.0,0.0,0.0
2026-03-05 14:11:00,234.4,149.2,0.0,0.0,0.0
2026-03-05 14:12:00,226.0,147.0,0.0,0.0,0.0
2026-03-05 14:13:00,231.8,149.3,0.0,0.0,0.0
2026-03-05 14:14:00,217.9,146.4,0.0,0.0,0.0
2026-03-05 14:15:00,236.4,145.3,0.0,0.0,0.0
2026-03-05 14:16:00,225.8,158.2,0.0,0.0,0.0
2026-03-05 14:17:00,244.4,155.0,0.0,0.0,0.0
2026-03-05 14:18:00,226.0,149.0,0.0,0.0,0.0
2026-03-05 14:19:00,230.5,147.5,0.0,0.0,0.0
2026-03-05 14:20:00,223.2,142.6,0.0,0.0,0.0
2026-03-05 14:21:00,231.1,153.5,0.0,0.0,0.0
2026-03-05 14:22:00,226.7,147.1,0.0,0.0,0.0
2026-03-05 14:23:00,227.3,160.3,0.0,0.0,0.0
2026-03-05 14:24:00,219.4,141.7,0.0,0.0,0.0
2026-03-05 14:25:00,234.2,152.3,0.0,0.0,0.0
2026-03-05 14:26:00,231.8,156.7,0.0,0.0,0.0
2026-03-05 14:27:00,216.6,147.8,0.0,0.0,0.0
2026-03-05 14:28:00,234.4,160.9,0.0,0.0,0.0
2026-03-05 14:29:00,250.6,155.7,0.0,0.0,0.0
2026-03-05 14:30:00,231.7,155.6,0.0,0.0,0.0
2026-03-05 14:31:00,221.6,146.2,0.0,0.0,0.0
2026-03-05 14:32:00,232.8,155.8,0.0,0.0,0.0
2026-03-05 14:33:00,237.0,155.7,0.0,0.0,0.0
2026-03-05 14:34:00,239.1,151.3,0.0,0.0,0.0
2026-03-05 14:35:00,81.5,0.0,0.0,0.0,0.0
2026-03-05 14:36:00,93.8,0.0,0.0,0.0,0.0
2026-03-05 14:37:00,86.2,0.0,0.0,0.0,0.0
2026-03-05 14:38:00,2124.1,0.0,2048.2,0.0,0.0
2026-03-05 14:39:00,93.7,0.0,0.0,0.0,0.0
2026-03-05 14:40:00,78.1,0.0,0.0,0.0,0.0
2026-03-05 14:41:00,79.4,0.0,0.0,0.0,0.0
2026-03-05 14:42:00,76.2,0.0,0.0,0.0,0.0
2026-03-05 14:43:00,2078.2,0.0,1997.2,0.0,0.0
2026-03-05 14:44:00,82.0,0.0,0.0,0.0,0.0
2026-03-05 14:45:00,2076.1,0.0,1997.1,0.0,0.0
2026-03-05 14:46:00,84.4,0.0,0.0,0.0,0.0
2026-03-05 14:47:00,82.8,0.0,0.0,0.0,0.0
2026-03-05 14:48:00,87.2,0.0,0.0,0.0,0.0
2026-03-05 14:49:00,77.9,0.0,0.0,0.0,0.0
2026-03-05 14:50:00,71.1,0.0,0.0,0.0,0.0
2026-03-05 14:51:00,71.7,0.0,0.0,0.0,0.0
2026-03-05 14:52:00,78.1,0.0,0.0,0.0,0.0
2026-03-05 14:53:00,77.8,0.0,0.0,0.0,0.0
2026-03-05 14:54:00,83.5,0.0,0.0,0.0,0.0
2026-03-05 14:55:00,2057.5,0.0,1985.7,0.0,0.0
2026-03-05 14:56:00,2100.9,0.0,2010.1,0.0,0.0
2026-03-05 14:57:00,2051.7,0.0,1977.7,0.0,0.0
2026-03-05 14:58:00,88.4,0.0,0.0,0.0,0.0
2026-03-05 14:59:00,92.2,0.0,0.0,0.0,0.0
2026-03-05 15:00:00,239.4,149.1,0.0,0.0,0.0
2026-03-05 15:01:00,2249.7,140.3,2032.3,0.0,0.0
2026-03-05 15:02:00,2221.3,153.4,1994.4,0.0,0.0
2026-03-05 15:03:00,230.4,151.9,0.0,0.0,0.0
2026-03-05 15:04:00,2248.5,147.4,2028.2,0.0,0.0
2026-03-05 15:05:00,225.5,152.9,0.0,0.0,0.0
2026-03-05 15:06:00,229.7,148.3,0.0,0.0,0.0
2026-03-05 15:07:00,211.5,148.1,0.0,0.0,0.0
2026-03-05 15:08:00,235.7,154.2,0.0,0.0,0.0
2026-03-05 15:09:00,2212.2,143.2,1988.4,0.0,0.0
2026-03-05 15:10:00,2230.0,141.9,2004.5,0.0,0.0
2026-03-05 15:11:00,2177.1,149.3,1944.2,0.0,0.0
2026-03-05 15:12:00,2212.4,143.4,1982.4,0.0,0.0
2026-03-05 15:13:00,2208.4,154.5,1983.8,0.0,0.0
2026-03-05 15:14:00,2238.8,146.3,2020.2,0.0,0.0
2026-03-05 15:15:00,2245.8,141.3,2025.2,0.0,0.0
2026-03-05 15:16:00,3011.7,148.0,1985.6,799.5,0.0
2026-03-05 15:17:00,2999.4,138.7,1987.2,799.4,0.0
2026-03-05 15:18:00,3043.2,157.0,2005.0,805.2,0.0
2026-03-05 15:19:00,3050.3,149.9,2023.6,793.2,0.0
2026-03-05 15:20:00,3055.8,153.5,2020.4,795.9,0.0
2026-03-05 15:21:00,3017.2,152.7,1976.9,799.8,0.0
2026-03-05 15:22:00,3029.7,151.1,1991.8,797.7,0.0
2026-03-05 15:23:00,2996.6,144.8,1977.8,796.5,0.0
2026-03-05 15:24:00,3088.5,154.1,2038.5,808.2,0.0
2026-03-05 15:25:00,2976.2,148.4,1940.6,804.8,0.0
2026-03-05 15:26:00,3047.2,146.2,2017.4,814.2,0.0
2026-03-05 15:27:00,3044.2,139.7,2024.7,799.4,0.0
2026-03-05 15:28:00,3076.2,156.6,2018.2,815.7,0.0
2026-03-05 15:29:00,3010.8,148.9,1964.4,812.0,0.0
2026-03-05 15:30:00,3044.4,148.0,2014.3,799.1,0.0
2026-03-05 15:31:00,3016.0,140.4,1994.9,790.6,0.0
2026-03-05 15:32:00,3055.3,154.8,2021.8,799.0,0.0
2026-03-05 15:33:00,3037.5,149.5,2024.2,785.6,0.0
2026-03-05 15:34:00,3094.5,155.2,2056.7,801.6,0.0
2026-03-05 15:35:00,2885.0,0.0,1998.5,812.4,0.0
2026-03-05 15:36:00,3284.1,0.0,2001.8,1209.6,0.0
2026-03-05 15:37:00,3262.1,0.0,1988.9,1183.7,0.0
2026-03-05 15:38:00,3238.5,0.0,1964.3,1191.4,0.0
2026-03-05 15:39:00,3288.6,0.0,2007.3,1203.4,0.0
2026-03-05 15:40:00,3300.4,0.0,2034.2,1194.8,0.0
2026-03-05 15:41:00,2860.5,0.0,1974.8,801.7,0.0
2026-03-05 15:42:00,2894.6,0.0,2004.7,807.0,0.0
2026-03-05 15:43:00,2813.5,0.0,1934.7,800.6,0.0
2026-03-05 15:44:00,2889.8,0.0,2004.9,805.0,0.0
2026-03-05 15:45:00,2887.9,0.0,2013.2,791.5,0.0
2026-03-05 15:46:00,2846.9,0.0,1979.0,798.8,0.0
2026-03-05 15:47:00,871.0,0.0,0.0,790.7,0.0
2026-03-05 15:48:00,2875.7,0.0,1983.9,808.1,0.0
2026-03-05 15:49:00,2882.1,0.0,2010.9,789.8,0.0
2026-03-05 15:50:00,2906.5,0.0,2026.4,800.9,0.0
2026-03-05 15:51:00,2881.6,0.0,2001.4,811.2,0.0
2026-03-05 15:52:00,2888.6,0.0,2011.6,803.1,0.0
2026-03-05 15:53:00,2874.7,0.0,2004.7,784.8,0.0
2026-03-05 15:54:00,2803.1,0.0,1923.5,795.8,0.0
2026-03-05 15:55:00,2906.7,0.0,2025.2,790.5,0.0
2026-03-05 15:56:00,2883.0,0.0,2010.4,789.4,0.0
2026-03-05 15:57:00,2862.5,0.0,1987.0,798.2,0.0
2026-03-05 15:58:00,2881.5,0.0,2005.0,802.7,0.0
2026-03-05 15:59:00,2913.2,0.0,2039.9,797.1,0.0
2026-03-05 16:00:00,3026.1,155.8,1987.0,791.4,0.0
2026-03-05 16:01:00,2224.7,157.2,1994.5,0.0,0.0
2026-03-05 16:02:00,2229.7,156.1,1996.7,0.0,0.0
2026-03-05 16:03:00,2212.3,151.9,1984.2,0.0,0.0
2026-03-05 16:04:00,2254.6,151.1,2037.0,0.0,0.0
2026-03-05 16:05:00,2228.6,148.9,2010.5,0.0,0.0
2026-03-05 16:06:00,2247.6,153.0,2005.1,0.0,0.0
2026-03-05 16:07:00,2197.6,149.1,1968.4,0.0,0.0
2026-03-05 16:08:00,2236.1,144.9,2012.5,0.0,0.0
2026-03-05 16:09:00,2198.7,155.1,1962.4,0.0,0.0
2026-03-05 16:10:00,2218.9,154.6,1980.8,0.0,0.0
2026-03-05 16:11:00,2205.6,152.7,1974.5,0.0,0.0
2026-03-05 16:12:00,2235.8,149.7,2010.1,0.0,0.0
2026-03-05 16:13:00,2211.4,148.1,1977.2,0.0,0.0
2026-03-05 16:14:00,2229.0,150.5,2005.7,0.0,0.0
2026-03-05 16:15:00,2238.7,151.1,2011.9,0.0,0.0
2026-03-05 16:16:00,2232.4,144.1,2010.5,0.0,0.0
2026-03-05 16:17:00,2209.7,147.7,1988.4,0.0,0.0
2026-03-05 16:18:00,2151.0,144.7,1941.3,0.0,0.0
2026-03-05 16:19:00,2234.2,155.6,1985.9,0.0,0.0
2026-03-05 16:20:00,2201.5,143.2,1977.3,0.0,0.0
2026-03-05 16:21:00,2224.2,143.9,2003.1,0.0,0.0
2026-03-05 16:22:00,2223.3,145.6,1995.8,0.0,0.0
2026-03-05 16:23:00,2255.6,150.8,2023.3,0.0,0.0
2026-03-05 16:24:00,2231.5,145.3,2006.3,0.0,0.0
2026-03-05 16:25:00,2259.9,158.8,2015.5,0.0,0.0
2026-03-05 16:26:00,2241.4,153.7,2013.3,0.0,0.0
2026-03-05 16:27:00,2192.5,137.9,1984.8,0.0,0.0
2026-03-05 16:28:00,2242.4,151.1,2017.3,0.0,0.0
2026-03-05 16:29:00,2199.1,151.7,1964.7,0.0,0.0
2026-03-05 16:30:00,2201.5,143.6,1983.4,0.0,0.0
2026-03-05 16:31:00,2224.6,149.5,1990.5,0.0,0.0
2026-03-05 16:32:00,2196.5,150.4,1970.2,0.0,0.0
2026-03-05 16:33:00,2217.6,146.7,1985.1,0.0,0.0
2026-03-05 16:34:00,2251.0,149.4,2022.2,0.0,0.0
2026-03-05 16:35:00,2100.1,0.0,2015.8,0.0,0.0
2026-03-05 16:36:00,2111.2,0.0,2025.4,0.0,0.0
2026-03-05 16:37:00,2065.0,0.0,1981.5,0.0,0.0
2026-03-05 16:38:00,2053.6,0.0,1983.3,0.0,0.0
2026-03-05 16:39:00,2092.3,0.0,2013.4,0.0,0.0
2026-03-05 16:40:00,2053.8,0.0,1972.7,0.0,0.0
2026-03-05 16:41:00,2092.3,0.0,2021.0,0.0,0.0
2026-03-05 16:42:00,2081.9,0.0,1996.8,0.0,0.0
2026-03-05 16:43:00,2082.3,0.0,1999.8,0.0,0.0
2026-03-05 16:44:00,2063.5,0.0,1996.9,0.0,0.0
2026-03-05 16:45:00,2039.4,0.0,1965.1,0.0,0.0
2026-03-05 16:46:00,2100.3,0.0,2017.4,0.0,0.0
2026-03-05 16:47:00,1997.9,0.0,1916.2,0.0,0.0
2026-03-05 16:48:00,2077.6,0.0,1992.1,0.0,0.0
2026-03-05 16:49:00,2049.9,0.0,1975.2,0.0,0.0
2026-03-05 16:50:00,2069.2,0.0,1975.9,0.0,0.0
2026-03-05 16:51:00,2064.0,0.0,1990.8,0.0,0.0
2026-03-05 16:52:00,2095.2,0.0,2019.3,0.0,0.0
2026-03-05 16:53:00,2085.0,0.0,1994.7,0.0,0.0
2026-03-05 16:54:00,2036.9,0.0,1949.1,0.0,0.0
2026-03-05 16:55:00,2106.1,0.0,2033.4,0.0,0.0
2026-03-05 16:56:00,2133.0,0.0,2057.1,0.0,0.0
2026-03-05 16:57:00,2046.4,0.0,1965.7,0.0,0.0
2026-03-05 16:58:00,2083.0,0.0,1998.1,0.0,0.0
2026-03-05 16:59:00,2063.8,0.0,1988.8,0.0,0.0
2026-03-05 17:00:00,2220.1,159.3,1976.4,0.0,0.0
2026-03-05 17:01:00,2214.5,150.6,1984.5,0.0,0.0
2026-03-05 17:02:00,2182.2,148.6,1953.0,0.0,0.0
2026-03-05 17:03:00,2240.1,148.8,2004.2,0.0,0.0
2026-03-05 17:04:00,2220.6,156.3,1974.1,0.0,0.0
2026-03-05 17:05:00,2199.0,147.5,1977.8,0.0,0.0
2026-03-05 17:06:00,2211.6,147.5,1981.7,0.0,0.0
2026-03-05 17:07:00,2239.0,155.4,2007.5,0.0,0.0
2026-03-05 17:08:00,2216.4,155.8,1980.1,0.0,0.0
2026-03-05 17:09:00,2273.1,157.0,2037.7,0.0,0.0
2026-03-05 17:10:00,2190.9,145.6,1962.6,0.0,0.0
2026-03-05 17:11:00,2244.0,152.2,2009.0,0.0,0.0
2026-03-05 17:12:00,2201.6,147.1,1970.4,0.0,0.0
2026-03-05 17:13:00,2222.9,152.1,1979.9,0.0,0.0
2026-03-05 17:14:00,2204.0,142.0,1980.9,0.0,0.0
2026-03-05 17:15:00,2222.1,149.0,1980.2,0.0,0.0
2026-03-05 17:16:00,2262.0,155.4,2021.6,0.0,0.0
2026-03-05 17:17:00,2239.9,151.0,2006.1,0.0,0.0
2026-03-05 17:18:00,2238.9,137.9,2012.0,0.0,0.0
2026-03-05 17:19:00,2210.0,155.0,1984.7,0.0,0.0
2026-03-05 17:20:00,2193.0,151.8,1956.6,0.0,0.0
2026-03-05 17:21:00,2206.5,148.6,1971.6,0.0,0.0
2026-03-05 17:22:00,2317.6,150.0,2089.6,0.0,0.0
2026-03-05 17:23:00,2212.3,148.4,1985.1,0.0,0.0
2026-03-05 17:24:00,2219.2,155.8,1988.8,0.0,0.0
2026-03-05 17:25:00,2205.7,149.8,1966.0,0.0,0.0
2026-03-05 17:26:00,2197.6,141.9,1974.5,0.0,0.0
2026-03-05 17:27:00,2218.4,145.7,1977.0,0.0,0.0
2026-03-05 17:28:00,2260.7,158.2,2032.1,0.0,0.0
2026-03-05 17:29:00,2212.6,155.7,1980.3,0.0,0.0
2026-03-05 17:30:00,2248.2,154.0,2016.4,0.0,0.0
2026-03-05 17:31:00,2255.8,146.0,2026.5,0.0,0.0
2026-03-05 17:32:00,2266.5,152.7,2035.5,0.0,0.0
2026-03-05 17:33:00,2210.3,155.2,1968.1,0.0,0.0
2026-03-05 17:34:00,2219.9,150.5,1995.2,0.0,0.0
2026-03-05 17:35:00,2099.7,0.0,2025.2,0.0,0.0
2026-03-05 17:36:00,2049.8,0.0,1967.5,0.0,0.0
2026-03-05 17:37:00,2127.9,0.0,2041.0,0.0,0.0
2026-03-05 17:38:00,2072.1,0.0,1989.8,0.0,0.0
2026-03-05 17:39:00,2070.6,0.0,1986.8,0.0,0.0
2026-03-05 17:40:00,2077.9,0.0,1990.6,0.0,0.0
2026-03-05 17:41:00,2095.0,0.0,2009.4,0.0,0.0
2026-03-05 17:42:00,2088.9,0.0,2014.2,0.0,0.0
2026-03-05 17:43:00,2097.0,0.0,2014.3,0.0,0.0
2026-03-05 17:44:00,2094.4,0.0,2028.5,0.0,0.0
2026-03-05 17:45:00,2065.4,0.0,1984.0,0.0,0.0
2026-03-05 17:46:00,2107.9,0.0,2024.0,0.0,0.0
2026-03-05 17:47:00,2103.8,0.0,2014.9,0.0,0.0
2026-03-05 17:48:00,2114.0,0.0,2036.9,0.0,0.0
2026-03-05 17:49:00,2038.4,0.0,1968.4,0.0,0.0
2026-03-05 17:50:00,2052.9,0.0,1974.9,0.0,0.0
2026-03-05 17:51:00,2061.9,0.0,1981.8,0.0,0.0
2026-03-05 17:52:00,2039.0,0.0,1949.7,0.0,0.0
2026-03-05 17:53:00,2061.1,0.0,1981.4,0.0,0.0
2026-03-05 17:54:00,2057.7,0.0,1982.3,0.0,0.0
2026-03-05 17:55:00,2086.2,0.0,1998.6,0.0,0.0
2026-03-05 17:56:00,2067.1,0.0,1981.5,0.0,0.0
2026-03-05 17:57:00,2122.0,0.0,2039.4,0.0,0.0
2026-03-05 17:58:00,2049.0,0.0,1967.2,0.0,0.0
2026-03-05 17:59:00,2110.7,0.0,2042.7,0.0,0.0
2026-03-05 18:00:00,2251.1,154.8,2026.4,0.0,0.0
2026-03-05 18:01:00,2393.7,151.1,2042.9,0.0,117.2
2026-03-05 18:02:00,2225.1,160.7,1982.4,0.0,0.0
2026-03-05 18:03:00,2356.9,141.7,2019.4,0.0,119.4
2026-03-05 18:04:00,2244.2,140.9,2018.7,0.0,0.0
2026-03-05 18:05:00,2252.8,153.7,2025.0,0.0,0.0
2026-03-05 18:06:00,2399.7,154.6,2057.1,0.0,118.3
2026-03-05 18:07:00,2253.2,141.1,2036.0,0.0,0.0
2026-03-05 18:08:00,2302.3,152.8,2068.5,0.0,0.0
2026-03-05 18:09:00,2351.0,154.8,1992.4,0.0,122.0
2026-03-05 18:10:00,2300.5,157.2,2064.5,0.0,0.0
2026-03-05 18:11:00,2362.3,150.8,2018.5,0.0,114.6
2026-03-05 18:12:00,2245.1,142.3,2029.8,0.0,0.0
2026-03-05 18:13:00,2257.1,140.4,2042.7,0.0,0.0
2026-03-05 18:14:00,2223.1,160.6,1987.0,0.0,0.0
2026-03-05 18:15:00,2206.2,152.2,1975.3,0.0,0.0
2026-03-05 18:16:00,2319.6,155.0,1957.2,0.0,121.3
2026-03-05 18:17:00,2345.7,148.5,1996.0,0.0,116.7
2026-03-05 18:18:00,2255.5,148.9,2015.1,0.0,0.0
2026-03-05 18:19:00,2307.4,149.1,1959.2,0.0,119.6
2026-03-05 18:20:00,2303.7,145.4,1970.7,0.0,109.7
2026-03-05 18:21:00,2294.4,148.6,1968.8,0.0,114.5
2026-03-05 18:22:00,2245.1,144.5,2015.0,0.0,0.0
2026-03-05 18:23:00,2204.9,148.0,1979.9,0.0,0.0
2026-03-05 18:24:00,2359.6,155.7,1999.0,0.0,121.3
2026-03-05 18:25:00,2184.1,150.2,1956.3,0.0,0.0
2026-03-05 18:26:00,2233.4,146.7,2012.6,0.0,0.0
2026-03-05 18:27:00,2217.5,158.8,1983.5,0.0,0.0
2026-03-05 18:28:00,2229.6,156.7,1998.8,0.0,0.0
2026-03-05 18:29:00,2380.4,150.3,2036.0,0.0,122.1
2026-03-05 18:30:00,2307.5,141.3,1972.4,0.0,123.0
2026-03-05 18:31:00,2351.8,156.6,2009.2,0.0,112.0
2026-03-05 18:32:00,2367.4,156.7,2015.9,0.0,116.0
2026-03-05 18:33:00,2218.0,147.2,1995.0,0.0,0.0
2026-03-05 18:34:00,2242.5,157.3,2009.8,0.0,0.0
2026-03-05 18:35:00,2001.6,0.0,1928.4,0.0,0.0
2026-03-05 18:36:00,2218.8,0.0,2022.2,0.0,120.5
2026-03-05 18:37:00,2229.8,0.0,2045.1,0.0,112.3
2026-03-05 18:38:00,2221.8,0.0,2036.1,0.0,112.8
2026-03-05 18:39:00,2197.0,0.0,1999.6,0.0,122.0
2026-03-05 18:40:00,2102.1,0.0,2019.1,0.0,0.0
2026-03-05 18:41:00,2214.1,0.0,2014.0,0.0,124.9
2026-03-05 18:42:00,2217.5,0.0,2016.9,0.0,119.7
2026-03-05 18:43:00,2058.9,0.0,1981.2,0.0,0.0
2026-03-05 18:44:00,2109.1,0.0,2019.1,0.0,0.0
2026-03-05 18:45:00,2201.2,0.0,2018.0,0.0,119.6
2026-03-05 18:46:00,2201.1,0.0,1997.1,0.0,135.0
2026-03-05 18:47:00,2228.0,0.0,2033.6,0.0,109.7
2026-03-05 18:48:00,2224.5,0.0,2013.3,0.0,128.8
2026-03-05 18:49:00,2165.8,0.0,1961.3,0.0,121.9
2026-03-05 18:50:00,2154.5,0.0,1951.8,0.0,117.1
2026-03-05 18:51:00,2239.5,0.0,2040.4,0.0,117.5
2026-03-05 18:52:00,2063.0,0.0,1989.0,0.0,0.0
2026-03-05 18:53:00,2244.4,0.0,2060.0,0.0,116.4
2026-03-05 18:54:00,2078.0,0.0,2003.4,0.0,0.0
2026-03-05 18:55:00,2066.6,0.0,1982.1,0.0,0.0
2026-03-05 18:56:00,2130.1,0.0,2051.8,0.0,0.0
2026-03-05 18:57:00,2261.8,0.0,2066.5,0.0,113.9
2026-03-05 18:58:00,2247.0,0.0,2035.6,0.0,125.2
2026-03-05 18:59:00,2109.7,0.0,2030.2,0.0,0.0
2026-03-05 19:00:00,2343.4,146.3,2001.4,0.0,117.8
2026-03-05 19:01:00,2367.9,155.4,2002.6,0.0,120.4
2026-03-05 19:02:00,2423.4,161.9,2054.6,0.0,128.2
2026-03-05 19:03:00,2328.3,136.7,1989.0,0.0,124.9
2026-03-05 19:04:00,2200.8,152.1,1960.6,0.0,0.0
2026-03-05 19:05:00,2358.6,150.4,1990.8,0.0,131.9
2026-03-05 19:06:00,2195.7,151.1,1960.4,0.0,0.0
2026-03-05 19:07:00,2348.2,148.7,1993.4,0.0,126.9
2026-03-05 19:08:00,2360.9,142.6,2014.4,0.0,121.3
2026-03-05 19:09:00,2196.1,149.7,1972.5,0.0,0.0
2026-03-05 19:10:00,2222.2,148.1,1999.1,0.0,0.0
2026-03-05 19:11:00,2231.9,149.4,2001.9,0.0,0.0
2026-03-05 19:12:00,2315.6,149.9,1976.0,0.0,109.0
2026-03-05 19:13:00,2262.9,147.6,2038.7,0.0,0.0
2026-03-05 19:14:00,2416.4,161.6,2047.6,0.0,119.4
2026-03-05 19:15:00,2271.3,143.8,2040.8,0.0,0.0
2026-03-05 19:16:00,2353.6,148.1,2015.0,0.0,112.4
2026-03-05 19:17:00,2315.9,143.7,1971.2,0.0,118.2
2026-03-05 19:18:00,2301.1,149.3,1958.6,0.0,116.2
2026-03-05 19:19:00,2236.0,157.9,2002.4,0.0,0.0
2026-03-05 19:20:00,2369.5,149.9,2023.0,0.0,114.8
2026-03-05 19:21:00,2367.3,145.9,2013.4,0.0,125.2
2026-03-05 19:22:00,2326.6,143.4,1992.9,0.0,113.4
2026-03-05 19:23:00,2403.3,152.8,2047.5,0.0,123.5
2026-03-05 19:24:00,2331.6,146.5,1979.3,0.0,120.1
2026-03-05 19:25:00,2386.0,153.2,2028.2,0.0,121.9
2026-03-05 19:26:00,2355.4,146.6,2017.3,0.0,116.2
2026-03-05 19:27:00,2206.1,147.4,1965.6,0.0,0.0
2026-03-05 19:28:00,2369.4,149.8,2027.9,0.0,118.7
2026-03-05 19:29:00,2408.2,141.9,2055.0,0.0,122.4
2026-03-05 19:30:00,2258.6,156.1,2015.6,0.0,0.0
2026-03-05 19:31:00,2216.2,144.3,1984.3,0.0,0.0
2026-03-05 19:32:00,2357.1,150.8,2010.2,0.0,113.7
2026-03-05 19:33:00,2303.4,152.3,1958.1,0.0,123.1
2026-03-05 19:34:00,2208.3,161.9,1978.4,0.0,0.0
2026-03-05 19:35:00,2246.1,0.0,2050.0,0.0,122.3
2026-03-05 19:36:00,2054.8,0.0,1984.4,0.0,0.0
2026-03-05 19:37:00,2098.9,0.0,2017.5,0.0,0.0
2026-03-05 19:38:00,2194.9,0.0,1999.4,0.0,119.2
2026-03-05 19:39:00,2186.1,0.0,1993.3,0.0,114.2
2026-03-05 19:40:00,2206.6,0.0,2020.1,0.0,111.0
2026-03-05 19:41:00,2068.1,0.0,1997.3,0.0,0.0
2026-03-05 19:42:00,2132.9,0.0,1939.3,0.0,122.5
2026-03-05 19:43:00,2220.0,0.0,2020.3,0.0,124.6
2026-03-05 19:44:00,2048.2,0.0,1962.1,0.0,0.0
2026-03-05 19:45:00,2053.5,0.0,1981.2,0.0,0.0
2026-03-05 19:46:00,2098.3,0.0,2013.3,0.0,0.0
2026-03-05 19:47:00,2069.4,0.0,1975.5,0.0,0.0
2026-03-05 19:48:00,2094.4,0.0,2018.7,0.0,0.0
2026-03-05 19:49:00,2074.0,0.0,2001.7,0.0,0.0
2026-03-05 19:50:00,2184.2,0.0,1984.4,0.0,115.9
2026-03-05 19:51:00,2217.8,0.0,2024.3,0.0,113.3
2026-03-05 19:52:00,2066.5,0.0,1990.4,0.0,0.0
2026-03-05 19:53:00,2175.5,0.0,1982.5,0.0,113.3
2026-03-05 19:54:00,2176.5,0.0,1980.1,0.0,114.8
2026-03-05 19:55:00,2204.4,0.0,2003.9,0.0,119.3
2026-03-05 19:56:00,2164.4,0.0,1966.5,0.0,109.7
2026-03-05 19:57:00,2240.3,0.0,2032.5,0.0,123.3
2026-03-05 19:58:00,2074.1,0.0,1996.2,0.0,0.0
2026-03-05 19:59:00,2070.0,0.0,1999.4,0.0,0.0
2026-03-05 20:00:00,2260.6,157.0,2019.8,0.0,0.0
2026-03-05 20:01:00,2195.6,150.4,1973.1,0.0,0.0
2026-03-05 20:02:00,2388.1,149.7,2038.0,0.0,118.9
2026-03-05 20:03:00,2336.5,163.1,1970.9,0.0,121.8
2026-03-05 20:04:00,2350.3,155.3,2007.3,0.0,111.2
2026-03-05 20:05:00,2352.9,152.4,1995.6,0.0,117.7
2026-03-05 20:06:00,2346.8,146.9,1994.7,0.0,128.6
2026-03-05 20:07:00,2214.5,152.1,1984.0,0.0,0.0
2026-03-05 20:08:00,2353.4,151.4,2008.5,0.0,116.5
2026-03-05 20:09:00,2241.5,149.0,2014.1,0.0,0.0
2026-03-05 20:10:00,2390.2,157.4,2031.8,0.0,119.2
2026-03-05 20:11:00,2238.5,154.1,2018.4,0.0,0.0
2026-03-05 20:12:00,2237.0,153.1,2003.7,0.0,0.0
2026-03-05 20:13:00,2240.6,146.2,2003.8,0.0,0.0
2026-03-05 20:14:00,2332.2,146.8,1990.0,0.0,119.9
2026-03-05 20:15:00,2230.1,155.9,1989.6,0.0,0.0
2026-03-05 20:16:00,2374.9,151.5,2022.7,0.0,124.0
2026-03-05 20:17:00,2398.7,147.6,2045.6,0.0,111.0
2026-03-05 20:18:00,2340.5,151.9,1990.8,0.0,119.6
2026-03-05 20:19:00,2430.7,150.5,2067.9,0.0,124.4
2026-03-05 20:20:00,2344.3,148.2,2005.5,0.0,121.6
2026-03-05 20:21:00,2327.5,149.5,1990.7,0.0,116.9
2026-03-05 20:22:00,2232.0,154.2,1992.5,0.0,0.0
2026-03-05 20:23:00,2253.2,152.0,2015.4,0.0,0.0
2026-03-05 20:24:00,2260.5,146.1,2035.0,0.0,0.0
2026-03-05 20:25:00,2138.8,146.7,1918.5,0.0,0.0
2026-03-05 20:26:00,2197.3,151.8,1963.0,0.0,0.0
2026-03-05 20:27:00,2194.4,145.1,1966.8,0.0,0.0
2026-03-05 20:28:00,2318.7,151.0,1963.8,0.0,128.5
2026-03-05 20:29:00,2178.5,149.7,1952.7,0.0,0.0
2026-03-05 20:30:00,2208.5,143.8,1986.8,0.0,0.0
2026-03-05 20:31:00,2349.2,138.3,2010.4,0.0,115.6
2026-03-05 20:32:00,2373.2,146.1,2020.6,0.0,123.9
2026-03-05 20:33:00,2300.9,150.2,1951.2,0.0,113.7
2026-03-05 20:34:00,2369.8,150.3,2031.5,0.0,122.2
2026-03-05 20:35:00,2083.3,0.0,2000.7,0.0,0.0
2026-03-05 20:36:00,2074.0,0.0,2001.4,0.0,0.0
2026-03-05 20:37:00,2199.0,0.0,1999.5,0.0,124.4
2026-03-05 20:38:00,2074.3,0.0,1989.4,0.0,0.0
2026-03-05 20:39:00,2242.7,0.0,2039.2,0.0,114.3
2026-03-05 20:40:00,2234.3,0.0,2025.3,0.0,116.8
2026-03-05 20:41:00,2170.7,0.0,1979.3,0.0,113.0
2026-03-05 20:42:00,2195.0,0.0,1993.2,0.0,117.6
2026-03-05 20:43:00,2213.6,0.0,2010.9,0.0,122.1
2026-03-05 20:44:00,2098.8,0.0,2010.7,0.0,0.0
2026-03-05 20:45:00,2138.2,0.0,1949.0,0.0,109.5
2026-03-05 20:46:00,2208.8,0.0,2007.5,0.0,122.3
2026-03-05 20:47:00,2021.9,0.0,1937.5,0.0,0.0
2026-03-05 20:48:00,2170.1,0.0,1977.2,0.0,122.4
2026-03-05 20:49:00,2092.5,0.0,2015.0,0.0,0.0
2026-03-05 20:50:00,2199.8,0.0,2000.1,0.0,117.6
2026-03-05 20:51:00,2097.1,0.0,2015.6,0.0,0.0
2026-03-05 20:52:00,2037.9,0.0,1954.9,0.0,0.0
2026-03-05 20:53:00,2100.8,0.0,2021.6,0.0,0.0
2026-03-05 20:54:00,2206.6,0.0,1994.4,0.0,123.5
2026-03-05 20:55:00,2172.3,0.0,1986.0,0.0,112.9
2026-03-05 20:56:00,2083.1,0.0,2006.3,0.0,0.0
2026-03-05 20:57:00,2256.6,0.0,2050.9,0.0,124.0
2026-03-05 20:58:00,2054.0,0.0,1968.9,0.0,0.0
2026-03-05 20:59:00,2217.7,0.0,2021.8,0.0,116.0
2026-03-05 21:00:00,2269.1,159.6,2033.5,0.0,0.0
2026-03-05 21:01:00,2377.2,151.3,2014.9,0.0,125.3
2026-03-05 21:02:00,2265.9,151.8,2040.8,0.0,0.0
2026-03-05 21:03:00,2369.2,146.2,2019.4,0.0,125.4
2026-03-05 21:04:00,2284.2,149.8,1942.0,0.0,114.5
2026-03-05 21:05:00,2261.1,154.5,2035.0,0.0,0.0
2026-03-05 21:06:00,2234.2,145.1,2010.2,0.0,0.0
2026-03-05 21:07:00,2227.3,146.6,1994.1,0.0,0.0
2026-03-05 21:08:00,2325.8,145.9,1978.5,0.0,122.4
2026-03-05 21:09:00,2339.9,143.5,1986.1,0.0,121.1
2026-03-05 21:10:00,2247.5,153.2,2014.4,0.0,0.0
2026-03-05 21:11:00,2314.8,146.0,1969.2,0.0,116.9
2026-03-05 21:12:00,2239.0,158.3,2005.8,0.0,0.0
2026-03-05 21:13:00,2370.6,143.8,2020.9,0.0,119.2
2026-03-05 21:14:00,2364.5,148.3,2012.7,0.0,128.4
2026-03-05 21:15:00,2338.3,150.3,1993.6,0.0,120.5
2026-03-05 21:16:00,2318.0,145.1,1970.3,0.0,113.9
2026-03-05 21:17:00,2167.3,139.3,1942.9,0.0,0.0
2026-03-05 21:18:00,2327.2,146.8,1974.9,0.0,120.4
2026-03-05 21:19:00,2325.7,149.9,1972.4,0.0,121.4
2026-03-05 21:20:00,2184.3,145.3,1966.3,0.0,0.0
2026-03-05 21:21:00,2367.6,151.4,2023.5,0.0,116.5
2026-03-05 21:22:00,2320.8,140.7,1979.6,0.0,120.5
2026-03-05 21:23:00,2357.9,151.5,2000.0,0.0,115.2
2026-03-05 21:24:00,2358.1,160.5,1994.1,0.0,110.2
2026-03-05 21:25:00,2257.1,154.8,2016.1,0.0,0.0
2026-03-05 21:26:00,2200.1,155.0,1961.0,0.0,0.0
2026-03-05 21:27:00,2236.8,148.2,2010.9,0.0,0.0
2026-03-05 21:28:00,2371.2,147.9,2019.9,0.0,123.8
2026-03-05 21:29:00,2400.1,155.7,2045.3,0.0,118.5
2026-03-05 21:30:00,2339.6,148.4,1984.1,0.0,126.5
2026-03-05 21:31:00,2301.5,153.2,1949.1,0.0,112.0
2026-03-05 21:32:00,2351.1,145.1,1999.6,0.0,120.0
2026-03-05 21:33:00,2275.4,151.9,2038.5,0.0,0.0
2026-03-05 21:34:00,2198.1,150.9,1970.5,0.0,0.0
2026-03-05 21:35:00,2243.3,0.0,2046.9,0.0,113.8
2026-03-05 21:36:00,2193.4,0.0,1979.0,0.0,127.5
2026-03-05 21:37:00,2167.7,0.0,1968.6,0.0,121.7
2026-03-05 21:38:00,2160.5,0.0,1971.3,0.0,110.7
2026-03-05 21:39:00,2061.3,0.0,1984.7,0.0,0.0
2026-03-05 21:40:00,2220.8,0.0,2015.0,0.0,125.2
2026-03-05 21:41:00,2249.5,0.0,2049.0,0.0,116.3
2026-03-05 21:42:00,2042.3,0.0,1963.6,0.0,0.0
2026-03-05 21:43:00,2225.7,0.0,2025.5,0.0,125.1
2026-03-05 21:44:00,2124.7,0.0,1924.3,0.0,118.7
2026-03-05 21:45:00,2201.1,0.0,1999.5,0.0,116.1
2026-03-05 21:46:00,2143.8,0.0,1935.2,0.0,124.4
2026-03-05 21:47:00,2158.2,0.0,1963.2,0.0,117.4
2026-03-05 21:48:00,2207.3,0.0,2017.5,0.0,122.3
2026-03-05 21:49:00,2050.2,0.0,1972.7,0.0,0.0
2026-03-05 21:50:00,2187.7,0.0,1979.5,0.0,126.3
2026-03-05 21:51:00,2213.8,0.0,2005.7,0.0,125.4
2026-03-05 21:52:00,2202.9,0.0,2010.8,0.0,113.7
2026-03-05 21:53:00,2185.2,0.0,1996.3,0.0,117.8
2026-03-05 21:54:00,2065.5,0.0,1992.6,0.0,0.0
2026-03-05 21:55:00,2158.0,0.0,1966.5,0.0,112.3
2026-03-05 21:56:00,2116.9,0.0,2029.8,0.0,0.0
2026-03-05 21:57:00,2228.9,0.0,2029.4,0.0,124.7
2026-03-05 21:58:00,2239.7,0.0,2035.3,0.0,122.3
2026-03-05 21:59:00,2082.8,0.0,1998.0,0.0,0.0
2026-03-05 22:00:00,2366.3,152.5,2013.5,0.0,121.8
2026-03-05 22:01:00,2381.3,155.0,2019.3,0.0,122.4
2026-03-05 22:02:00,2341.1,150.9,2003.5,0.0,114.5
2026-03-05 22:03:00,2398.0,147.8,2056.6,0.0,118.8
2026-03-05 22:04:00,2189.0,150.6,1958.4,0.0,0.0
2026-03-05 22:05:00,2306.7,142.9,1963.4,0.0,117.0
2026-03-05 22:06:00,2310.1,157.9,1963.1,0.0,107.6
2026-03-05 22:07:00,2365.1,161.9,2010.2,0.0,117.4
2026-03-05 22:08:00,2240.2,150.1,2005.9,0.0,0.0
2026-03-05 22:09:00,2360.4,139.7,2016.5,0.0,122.4
2026-03-05 22:10:00,2203.2,146.6,1970.2,0.0,0.0
2026-03-05 22:11:00,2387.3,142.8,2035.1,0.0,124.5
2026-03-05 22:12:00,2246.7,140.6,2024.2,0.0,0.0
2026-03-05 22:13:00,2296.5,149.3,2061.8,0.0,0.0
2026-03-05 22:14:00,2312.2,149.2,1972.0,0.0,113.7
2026-03-05 22:15:00,2340.1,146.8,1994.3,0.0,115.6
2026-03-05 22:16:00,2330.3,155.5,1973.6,0.0,123.1
2026-03-05 22:17:00,2230.4,150.2,2001.6,0.0,0.0
2026-03-05 22:18:00,2346.7,145.1,2001.3,0.0,115.8
2026-03-05 22:19:00,2194.9,152.1,1958.4,0.0,0.0
2026-03-05 22:20:00,2220.3,143.7,1993.0,0.0,0.0
2026-03-05 22:21:00,2376.9,148.2,2018.1,0.0,127.1
2026-03-05 22:22:00,2243.3,145.8,2015.6,0.0,0.0
2026-03-05 22:23:00,2408.5,151.5,2057.5,0.0,112.7
2026-03-05 22:24:00,2337.3,148.6,1989.1,0.0,121.6
2026-03-05 22:25:00,2367.6,147.1,2019.8,0.0,125.1
2026-03-05 22:26:00,2381.0,151.3,2023.3,0.0,124.3
2026-03-05 22:27:00,2212.2,152.4,1983.4,0.0,0.0
2026-03-05 22:28:00,2344.5,151.2,1995.4,0.0,121.2
2026-03-05 22:29:00,2183.1,155.6,1953.5,0.0,0.0
2026-03-05 22:30:00,2198.1,144.8,1969.1,0.0,0.0
2026-03-05 22:31:00,2181.5,152.0,1953.1,0.0,0.0
2026-03-05 22:32:00,2432.5,158.4,2064.8,0.0,124.1
2026-03-05 22:33:00,2344.5,150.1,1993.9,0.0,120.4
2026-03-05 22:34:00,2331.6,138.9,1999.4,0.0,122.6
2026-03-05 22:35:00,2184.7,0.0,1980.1,0.0,122.8
2026-03-05 22:36:00,2123.6,0.0,1925.0,0.0,114.9
2026-03-05 22:37:00,2165.8,0.0,1973.2,0.0,117.8
2026-03-05 22:38:00,2202.9,0.0,2011.9,0.0,113.9
2026-03-05 22:39:00,2179.0,0.0,1983.3,0.0,119.0
2026-03-05 22:40:00,2098.8,0.0,2009.4,0.0,0.0
2026-03-05 22:41:00,2247.2,0.0,2058.2,0.0,111.3
2026-03-05 22:42:00,2092.0,0.0,2014.6,0.0,0.0
2026-03-05 22:43:00,2175.0,0.0,1983.9,0.0,107.6
2026-03-05 22:44:00,2100.1,0.0,2029.4,0.0,0.0
2026-03-05 22:45:00,2163.8,0.0,1967.4,0.0,115.9
2026-03-05 22:46:00,2166.2,0.0,1970.4,0.0,118.5
2026-03-05 22:47:00,2071.4,0.0,2001.2,0.0,0.0
2026-03-05 22:48:00,2126.6,0.0,2050.3,0.0,0.0
2026-03-05 22:49:00,2070.4,0.0,1987.5,0.0,0.0
2026-03-05 22:50:00,2138.9,0.0,2063.6,0.0,0.0
2026-03-05 22:51:00,2208.2,0.0,1995.8,0.0,118.5
2026-03-05 22:52:00,2023.8,0.0,1952.8,0.0,0.0
2026-03-05 22:53:00,2044.2,0.0,1960.3,0.0,0.0
2026-03-05 22:54:00,2202.7,0.0,1997.8,0.0,121.2
2026-03-05 22:55:00,2264.0,0.0,2064.2,0.0,120.9
2026-03-05 22:56:00,2073.3,0.0,1996.2,0.0,0.0
2026-03-05 22:57:00,2048.7,0.0,1966.0,0.0,0.0
2026-03-05 22:58:00,2209.5,0.0,2024.9,0.0,117.6
2026-03-05 22:59:00,2067.2,0.0,1991.6,0.0,0.0
2026-03-05 23:00:00,2218.0,149.4,1996.4,0.0,0.0
2026-03-05 23:01:00,2295.2,144.8,2066.3,0.0,0.0
2026-03-05 23:02:00,2210.8,151.1,1971.4,0.0,0.0
2026-03-05 23:03:00,2278.3,151.0,2031.9,0.0,0.0
2026-03-05 23:04:00,2183.5,150.9,1947.3,0.0,0.0
2026-03-05 23:05:00,2243.5,153.1,2017.6,0.0,0.0
2026-03-05 23:06:00,2234.0,146.8,2011.3,0.0,0.0
2026-03-05 23:07:00,2217.9,142.7,1997.9,0.0,0.0
2026-03-05 23:08:00,2239.0,143.8,2007.1,0.0,0.0
2026-03-05 23:09:00,2214.9,155.0,1977.6,0.0,0.0
2026-03-05 23:10:00,2216.2,144.8,1988.6,0.0,0.0
2026-03-05 23:11:00,2183.3,148.2,1963.1,0.0,0.0
2026-03-05 23:12:00,2171.1,151.8,1951.0,0.0,0.0
2026-03-05 23:13:00,2254.7,149.2,2026.0,0.0,0.0
2026-03-05 23:14:00,2250.2,145.0,2023.3,0.0,0.0
2026-03-05 23:15:00,2226.1,139.4,2005.4,0.0,0.0
2026-03-05 23:16:00,2203.8,154.7,1964.4,0.0,0.0
2026-03-05 23:17:00,2248.9,147.1,2029.8,0.0,0.0
2026-03-05 23:18:00,2185.6,141.8,1962.9,0.0,0.0
2026-03-05 23:19:00,2224.9,146.7,2007.9,0.0,0.0
2026-03-05 23:20:00,2196.7,150.2,1968.8,0.0,0.0
2026-03-05 23:21:00,2184.4,140.1,1964.0,0.0,0.0
2026-03-05 23:22:00,2246.0,150.7,2009.5,0.0,0.0
2026-03-05 23:23:00,2231.4,150.0,2006.6,0.0,0.0
2026-03-05 23:24:00,2197.6,152.2,1959.8,0.0,0.0
2026-03-05 23:25:00,2284.1,150.0,2043.8,0.0,0.0
2026-03-05 23:26:00,2226.2,145.0,2006.2,0.0,0.0
2026-03-05 23:27:00,2214.1,141.8,1989.4,0.0,0.0
2026-03-05 23:28:00,2230.5,149.0,2003.1,0.0,0.0
2026-03-05 23:29:00,2239.2,147.3,2004.9,0.0,0.0
2026-03-05 23:30:00,2254.9,157.6,2025.6,0.0,0.0
2026-03-05 23:31:00,2255.9,148.5,2018.0,0.0,0.0
2026-03-05 23:32:00,2212.8,152.0,1981.3,0.0,0.0
2026-03-05 23:33:00,2204.5,150.2,1983.5,0.0,0.0
2026-03-05 23:34:00,2178.6,141.1,1954.8,0.0,0.0
2026-03-05 23:35:00,2096.6,0.0,2014.4,0.0,0.0
2026-03-05 23:36:00,2105.3,0.0,2027.3,0.0,0.0
2026-03-05 23:37:00,2100.3,0.0,2035.0,0.0,0.0
2026-03-05 23:38:00,2055.7,0.0,1975.1,0.0,0.0
2026-03-05 23:39:00,2011.5,0.0,1935.2,0.0,0.0
2026-03-05 23:40:00,2094.7,0.0,2018.0,0.0,0.0
2026-03-05 23:41:00,2072.2,0.0,1983.8,0.0,0.0
2026-03-05 23:42:00,2057.8,0.0,1979.8,0.0,0.0
2026-03-05 23:43:00,2036.5,0.0,1954.5,0.0,0.0
2026-03-05 23:44:00,2048.1,0.0,1969.6,0.0,0.0
2026-03-05 23:45:00,79.7,0.0,0.0,0.0,0.0
2026-03-05 23:46:00,2087.6,0.0,2008.4,0.0,0.0
2026-03-05 23:47:00,2069.3,0.0,1980.7,0.0,0.0
2026-03-05 23:48:00,2053.9,0.0,1971.8,0.0,0.0
2026-03-05 23:49:00,2069.3,0.0,2001.5,0.0,0.0
2026-03-05 23:50:00,2091.4,0.0,2009.4,0.0,0.0
2026-03-05 23:51:00,2049.4,0.0,1969.7,0.0,0.0
2026-03-05 23:52:00,2054.9,0.0,1982.3,0.0,0.0
2026-03-05 23:53:00,2076.1,0.0,1998.8,0.0,0.0
2026-03-05 23:54:00,2105.6,0.0,2021.9,0.0,0.0
2026-03-05 23:55:00,2111.6,0.0,2031.0,0.0,0.0
2026-03-05 23:56:00,2148.1,0.0,2068.8,0.0,0.0
2026-03-05 23:57:00,2035.7,0.0,1952.3,0.0,0.0
2026-03-05 23:58:00,2120.6,0.0,2038.2,0.0,0.0
2026-03-05 23:59:00,2090.3,0.0,2007.0,0.0,0.0
2026-03-06 00:00:00,2230.4,150.1,1999.9,0.0,0.0
2026-03-06 00:01:00,2268.6,156.6,2035.9,0.0,0.0
2026-03-06 00:02:00,2280.6,154.2,2052.2,0.0,0.0
2026-03-06 00:03:00,2197.1,154.0,1964.3,0.0,0.0
2026-03-06 00:04:00,2216.6,146.5,1987.6,0.0,0.0
2026-03-06 00:05:00,2258.7,146.6,2028.6,0.0,0.0
2026-03-06 00:06:00,2248.9,146.5,2020.5,0.0,0.0
2026-03-06 00:07:00,2222.4,155.6,1991.7,0.0,0.0
2026-03-06 00:08:00,2252.7,156.1,2014.3,0.0,0.0
2026-03-06 00:09:00,2170.5,144.7,1951.6,0.0,0.0
2026-03-06 00:10:00,2215.1,143.5,1992.3,0.0,0.0
2026-03-06 00:11:00,2199.6,150.5,1975.9,0.0,0.0
2026-03-06 00:12:00,2297.0,156.4,2055.7,0.0,0.0
2026-03-06 00:13:00,2244.5,151.2,2009.4,0.0,0.0
2026-03-06 00:14:00,2234.5,153.0,2009.6,0.0,0.0
2026-03-06 00:15:00,2253.2,152.3,2027.9,0.0,0.0
2026-03-06 00:16:00,2221.3,152.7,1990.6,0.0,0.0
2026-03-06 00:17:00,2261.3,149.2,2022.6,0.0,0.0
2026-03-06 00:18:00,2238.0,152.3,2001.4,0.0,0.0
2026-03-06 00:19:00,2281.1,153.3,2052.1,0.0,0.0
2026-03-06 00:20:00,2204.9,149.3,1974.4,0.0,0.0
2026-03-06 00:21:00,2282.0,158.2,2047.0,0.0,0.0
2026-03-06 00:22:00,2191.7,144.6,1964.5,0.0,0.0
2026-03-06 00:23:00,2161.1,147.9,1942.7,0.0,0.0
2026-03-06 00:24:00,2176.6,145.7,1955.4,0.0,0.0
2026-03-06 00:25:00,2214.1,155.2,1978.0,0.0,0.0
2026-03-06 00:26:00,2234.1,155.3,1992.8,0.0,0.0
2026-03-06 00:27:00,2225.4,146.1,1996.2,0.0,0.0
2026-03-06 00:28:00,2193.5,150.2,1961.6,0.0,0.0
2026-03-06 00:29:00,2268.6,147.6,2037.7,0.0,0.0
2026-03-06 00:30:00,2183.6,143.1,1965.8,0.0,0.0
2026-03-06 00:31:00,2188.4,145.8,1963.9,0.0,0.0
2026-03-06 00:32:00,2279.3,151.5,2035.3,0.0,0.0
2026-03-06 00:33:00,2259.3,152.7,2013.0,0.0,0.0
2026-03-06 00:34:00,2279.6,146.2,2042.9,0.0,0.0
2026-03-06 00:35:00,2023.6,0.0,1945.7,0.0,0.0
2026-03-06 00:36:00,2044.5,0.0,1972.0,0.0,0.0
2026-03-06 00:37:00,2062.3,0.0,1978.4,0.0,0.0
2026-03-06 00:38:00,2075.5,0.0,1993.8,0.0,0.0
2026-03-06 00:39:00,2084.3,0.0,2006.9,0.0,0.0
2026-03-06 00:40:00,2085.4,0.0,2006.8,0.0,0.0
2026-03-06 00:41:00,1997.9,0.0,1924.0,0.0,0.0
2026-03-06 00:42:00,2084.4,0.0,2011.5,0.0,0.0
2026-03-06 00:43:00,2102.6,0.0,2025.2,0.0,0.0
2026-03-06 00:44:00,2100.2,0.0,2034.4,0.0,0.0
2026-03-06 00:45:00,2078.3,0.0,1993.3,0.0,0.0
2026-03-06 00:46:00,2065.9,0.0,1982.9,0.0,0.0
2026-03-06 00:47:00,2061.6,0.0,1990.4,0.0,0.0
2026-03-06 00:48:00,2132.0,0.0,2042.1,0.0,0.0
2026-03-06 00:49:00,2111.9,0.0,2028.1,0.0,0.0
2026-03-06 00:50:00,2101.1,0.0,2018.7,0.0,0.0
2026-03-06 00:51:00,2048.3,0.0,1966.5,0.0,0.0
2026-03-06 00:52:00,2069.6,0.0,1988.8,0.0,0.0
2026-03-06 00:53:00,2060.5,0.0,1978.9,0.0,0.0
2026-03-06 00:54:00,74.1,0.0,0.0,0.0,0.0
2026-03-06 00:55:00,2047.3,0.0,1963.8,0.0,0.0
2026-03-06 00:56:00,2043.1,0.0,1957.5,0.0,0.0
2026-03-06 00:57:00,2010.5,0.0,1933.1,0.0,0.0
2026-03-06 00:58:00,2111.2,0.0,2031.2,0.0,0.0
2026-03-06 00:59:00,87.1,0.0,0.0,0.0,0.0
2026-03-06 01:00:00,2194.3,150.4,1965.1,0.0,0.0
2026-03-06 01:01:00,2248.0,150.3,2016.5,0.0,0.0
2026-03-06 01:02:00,2163.3,148.9,1942.1,0.0,0.0
2026-03-06 01:03:00,245.0,157.4,0.0,0.0,0.0
2026-03-06 01:04:00,2212.8,149.1,1983.8,0.0,0.0
2026-03-06 01:05:00,2174.3,145.7,1954.1,0.0,0.0
2026-03-06 01:06:00,2206.8,143.1,1980.2,0.0,0.0
2026-03-06 01:07:00,2209.2,146.6,1982.0,0.0,0.0
2026-03-06 01:08:00,2249.5,150.9,2022.6,0.0,0.0
2026-03-06 01:09:00,228.7,150.8,0.0,0.0,0.0
2026-03-06 01:10:00,227.6,151.4,0.0,0.0,0.0
2026-03-06 01:11:00,230.0,147.9,0.0,0.0,0.0
2026-03-06 01:12:00,237.8,152.1,0.0,0.0,0.0
2026-03-06 01:13:00,232.5,152.2,0.0,0.0,0.0
2026-03-06 01:14:00,211.0,144.0,0.0,0.0,0.0
2026-03-06 01:15:00,221.1,151.9,0.0,0.0,0.0
2026-03-06 01:16:00,233.0,152.0,0.0,0.0,0.0
2026-03-06 01:17:00,2224.6,148.6,1997.0,0.0,0.0
2026-03-06 01:18:00,236.4,155.4,0.0,0.0,0.0
2026-03-06 01:19:00,2242.9,150.2,2015.4,0.0,0.0
2026-03-06 01:20:00,2228.1,146.2,2006.0,0.0,0.0
2026-03-06 01:21:00,227.0,154.6,0.0,0.0,0.0
2026-03-06 01:22:00,2254.3,158.7,2008.2,0.0,0.0
2026-03-06 01:23:00,2218.0,144.3,1986.5,0.0,0.0
2026-03-06 01:24:00,2272.1,149.6,2043.8,0.0,0.0
2026-03-06 01:25:00,235.3,154.3,0.0,0.0,0.0
2026-03-06 01:26:00,232.2,153.0,0.0,0.0,0.0
2026-03-06 01:27:00,229.1,155.0,0.0,0.0,0.0
2026-03-06 01:28:00,229.6,156.5,0.0,0.0,0.0
2026-03-06 01:29:00,224.0,141.1,0.0,0.0,0.0
2026-03-06 01:30:00,232.4,153.4,0.0,0.0,0.0
2026-03-06 01:31:00,214.7,141.9,0.0,0.0,0.0
2026-03-06 01:32:00,225.9,145.3,0.0,0.0,0.0
2026-03-06 01:33:00,2246.3,144.6,2023.3,0.0,0.0
2026-03-06 01:34:00,225.3,152.3,0.0,0.0,0.0
2026-03-06 01:35:00,76.5,0.0,0.0,0.0,0.0
2026-03-06 01:36:00,84.8,0.0,0.0,0.0,0.0
2026-03-06 01:37:00,72.1,0.0,0.0,0.0,0.0
2026-03-06 01:38:00,81.3,0.0,0.0,0.0,0.0
2026-03-06 01:39:00,84.6,0.0,0.0,0.0,0.0
2026-03-06 01:40:00,77.2,0.0,0.0,0.0,0.0
2026-03-06 01:41:00,81.1,0.0,0.0,0.0,0.0
2026-03-06 01:42:00,71.7,0.0,0.0,0.0,0.0
2026-03-06 01:43:00,79.1,0.0,0.0,0.0,0.0
2026-03-06 01:44:00,74.1,0.0,0.0,0.0,0.0
2026-03-06 01:45:00,80.8,0.0,0.0,0.0,0.0
2026-03-06 01:46:00,76.8,0.0,0.0,0.0,0.0
2026-03-06 01:47:00,82.0,0.0,0.0,0.0,0.0
2026-03-06 01:48:00,82.5,0.0,0.0,0.0,0.0
2026-03-06 01:49:00,82.7,0.0,0.0,0.0,0.0
2026-03-06 01:50:00,78.4,0.0,0.0,0.0,0.0
2026-03-06 01:51:00,77.7,0.0,0.0,0.0,0.0
2026-03-06 01:52:00,78.0,0.0,0.0,0.0,0.0
2026-03-06 01:53:00,85.1,0.0,0.0,0.0,0.0
2026-03-06 01:54:00,80.7,0.0,0.0,0.0,0.0
2026-03-06 01:55:00,68.1,0.0,0.0,0.0,0.0
2026-03-06 01:56:00,88.9,0.0,0.0,0.0,0.0
2026-03-06 01:57:00,86.3,0.0,0.0,0.0,0.0
2026-03-06 01:58:00,83.1,0.0,0.0,0.0,0.0
2026-03-06 01:59:00,84.3,0.0,0.0,0.0,0.0
2026-03-06 02:00:00,228.7,147.7,0.0,0.0,0.0
2026-03-06 02:01:00,231.4,148.2,0.0,0.0,0.0
2026-03-06 02:02:00,230.3,153.2,0.0,0.0,0.0
2026-03-06 02:03:00,230.9,153.3,0.0,0.0,0.0
2026-03-06 02:04:00,236.6,156.6,0.0,0.0,0.0
2026-03-06 02:05:00,222.9,140.5,0.0,0.0,0.0
2026-03-06 02:06:00,227.4,151.4,0.0,0.0,0.0
2026-03-06 02:07:00,236.1,148.9,0.0,0.0,0.0
2026-03-06 02:08:00,221.3,144.7,0.0,0.0,0.0
2026-03-06 02:09:00,235.4,154.1,0.0,0.0,0.0
2026-03-06 02:10:00,215.0,143.3,0.0,0.0,0.0
2026-03-06 02:11:00,228.3,143.0,0.0,0.0,0.0
2026-03-06 02:12:00,241.7,158.0,0.0,0.0,0.0
2026-03-06 02:13:00,241.0,152.0,0.0,0.0,0.0
2026-03-06 02:14:00,226.2,154.1,0.0,0.0,0.0
2026-03-06 02:15:00,235.5,156.5,0.0,0.0,0.0
2026-03-06 02:16:00,227.3,143.6,0.0,0.0,0.0
2026-03-06 02:17:00,243.0,156.8,0.0,0.0,0.0
2026-03-06 02:18:00,228.1,150.5,0.0,0.0,0.0
2026-03-06 02:19:00,229.6,152.7,0.0,0.0,0.0
2026-03-06 02:20:00,235.9,154.0,0.0,0.0,0.0
2026-03-06 02:21:00,230.0,153.2,0.0,0.0,0.0
2026-03-06 02:22:00,229.0,148.1,0.0,0.0,0.0
2026-03-06 02:23:00,223.0,149.9,0.0,0.0,0.0
2026-03-06 02:24:00,236.5,150.8,0.0,0.0,0.0
2026-03-06 02:25:00,230.7,155.3,0.0,0.0,0.0
2026-03-06 02:26:00,212.0,139.0,0.0,0.0,0.0
2026-03-06 02:27:00,230.3,157.1,0.0,0.0,0.0
2026-03-06 02:28:00,222.7,145.4,0.0,0.0,0.0
2026-03-06 02:29:00,239.2,160.9,0.0,0.0,0.0
2026-03-06 02:30:00,237.9,152.4,0.0,0.0,0.0
2026-03-06 02:31:00,241.4,158.8,0.0,0.0,0.0
2026-03-06 02:32:00,221.5,148.9,0.0,0.0,0.0
2026-03-06 02:33:00,230.1,158.7,0.0,0.0,0.0
2026-03-06 02:34:00,228.4,152.1,0.0,0.0,0.0
2026-03-06 02:35:00,80.6,0.0,0.0,0.0,0.0
2026-03-06 02:36:00,83.5,0.0,0.0,0.0,0.0
2026-03-06 02:37:00,81.0,0.0,0.0,0.0,0.0
2026-03-06 02:38:00,72.8,0.0,0.0,0.0,0.0
2026-03-06 02:39:00,84.8,0.0,0.0,0.0,0.0
2026-03-06 02:40:00,83.1,0.0,0.0,0.0,0.0
2026-03-06 02:41:00,85.8,0.0,0.0,0.0,0.0
2026-03-06 02:42:00,78.9,0.0,0.0,0.0,0.0
2026-03-06 02:43:00,78.5,0.0,0.0,0.0,0.0
2026-03-06 02:44:00,71.7,0.0,0.0,0.0,0.0
2026-03-06 02:45:00,92.9,0.0,0.0,0.0,0.0
2026-03-06 02:46:00,90.1,0.0,0.0,0.0,0.0
2026-03-06 02:47:00,77.2,0.0,0.0,0.0,0.0
2026-03-06 02:48:00,72.2,0.0,0.0,0.0,0.0
2026-03-06 02:49:00,81.1,0.0,0.0,0.0,0.0
2026-03-06 02:50:00,76.0,0.0,0.0,0.0,0.0
2026-03-06 02:51:00,82.0,0.0,0.0,0.0,0.0
2026-03-06 02:52:00,82.9,0.0,0.0,0.0,0.0
2026-03-06 02:53:00,88.3,0.0,0.0,0.0,0.0
2026-03-06 02:54:00,80.5,0.0,0.0,0.0,0.0
2026-03-06 02:55:00,69.9,0.0,0.0,0.0,0.0
2026-03-06 02:56:00,83.9,0.0,0.0,0.0,0.0
2026-03-06 02:57:00,68.1,0.0,0.0,0.0,0.0
2026-03-06 02:58:00,86.5,0.0,0.0,0.0,0.0
2026-03-06 02:59:00,75.9,0.0,0.0,0.0,0.0
2026-03-06 03:00:00,222.2,142.5,0.0,0.0,0.0
2026-03-06 03:01:00,225.1,155.2,0.0,0.0,0.0
2026-03-06 03:02:00,228.8,145.3,0.0,0.0,0.0
2026-03-06 03:03:00,228.7,152.5,0.0,0.0,0.0
2026-03-06 03:04:00,230.2,147.6,0.0,0.0,0.0
2026-03-06 03:05:00,215.0,145.8,0.0,0.0,0.0
2026-03-06 03:06:00,242.9,166.1,0.0,0.0,0.0
2026-03-06 03:07:00,228.8,146.8,0.0,0.0,0.0
2026-03-06 03:08:00,233.5,142.2,0.0,0.0,0.0
2026-03-06 03:09:00,226.1,147.2,0.0,0.0,0.0
2026-03-06 03:10:00,221.4,144.8,0.0,0.0,0.0
2026-03-06 03:11:00,232.7,155.3,0.0,0.0,0.0
2026-03-06 03:12:00,231.4,152.0,0.0,0.0,0.0
2026-03-06 03:13:00,219.5,143.8,0.0,0.0,0.0
2026-03-06 03:14:00,236.2,158.7,0.0,0.0,0.0
2026-03-06 03:15:00,224.4,148.6,0.0,0.0,0.0
2026-03-06 03:16:00,224.9,143.2,0.0,0.0,0.0
2026-03-06 03:17:00,235.3,155.3,0.0,0.0,0.0
2026-03-06 03:18:00,240.2,153.1,0.0,0.0,0.0
2026-03-06 03:19:00,223.4,144.6,0.0,0.0,0.0
2026-03-06 03:20:00,209.7,144.1,0.0,0.0,0.0
2026-03-06 03:21:00,236.0,149.0,0.0,0.0,0.0
2026-03-06 03:22:00,225.7,146.4,0.0,0.0,0.0
2026-03-06 03:23:00,244.4,152.5,0.0,0.0,0.0
2026-03-06 03:24:00,225.9,151.2,0.0,0.0,0.0
2026-03-06 03:25:00,221.4,143.7,0.0,0.0,0.0
2026-03-06 03:26:00,217.0,144.3,0.0,0.0,0.0
2026-03-06 03:27:00,224.6,148.5,0.0,0.0,0.0
2026-03-06 03:28:00,239.3,156.3,0.0,0.0,0.0
2026-03-06 03:29:00,222.9,146.5,0.0,0.0,0.0
2026-03-06 03:30:00,236.7,152.8,0.0,0.0,0.0
2026-03-06 03:31:00,229.0,146.5,0.0,0.0,0.0
2026-03-06 03:32:00,233.1,151.9,0.0,0.0,0.0
2026-03-06 03:33:00,236.7,146.8,0.0,0.0,0.0
2026-03-06 03:34:00,231.9,151.9,0.0,0.0,0.0
2026-03-06 03:35:00,77.0,0.0,0.0,0.0,0.0
2026-03-06 03:36:00,81.3,0.0,0.0,0.0,0.0
2026-03-06 03:37:00,77.2,0.0,0.0,0.0,0.0
2026-03-06 03:38:00,73.9,0.0,0.0,0.0,0.0
2026-03-06 03:39:00,86.8,0.0,0.0,0.0,0.0
2026-03-06 03:40:00,67.0,0.0,0.0,0.0,0.0
2026-03-06 03:41:00,87.4,0.0,0.0,0.0,0.0
2026-03-06 03:42:00,90.1,0.0,0.0,0.0,0.0
2026-03-06 03:43:00,90.4,0.0,0.0,0.0,0.0
2026-03-06 03:44:00,73.6,0.0,0.0,0.0,0.0
2026-03-06 03:45:00,86.6,0.0,0.0,0.0,0.0
2026-03-06 03:46:00,88.9,0.0,0.0,0.0,0.0
2026-03-06 03:47:00,84.7,0.0,0.0,0.0,0.0
2026-03-06 03:48:00,82.8,0.0,0.0,0.0,0.0
2026-03-06 03:49:00,75.6,0.0,0.0,0.0,0.0
2026-03-06 03:50:00,86.1,0.0,0.0,0.0,0.0
2026-03-06 03:51:00,77.0,0.0,0.0,0.0,0.0
2026-03-06 03:52:00,86.4,0.0,0.0,0.0,0.0
2026-03-06 03:53:00,71.5,0.0,0.0,0.0,0.0
2026-03-06 03:54:00,83.0,0.0,0.0,0.0,0.0
2026-03-06 03:55:00,80.4,0.0,0.0,0.0,0.0
2026-03-06 03:56:00,91.2,0.0,0.0,0.0,0.0
2026-03-06 03:57:00,86.0,0.0,0.0,0.0,0.0
2026-03-06 03:58:00,81.4,0.0,0.0,0.0,0.0
2026-03-06 03:59:00,82.5,0.0,0.0,0.0,0.0
2026-03-06 04:00:00,221.8,153.4,0.0,0.0,0.0
2026-03-06 04:01:00,226.7,144.7,0.0,0.0,0.0
2026-03-06 04:02:00,222.6,145.6,0.0,0.0,0.0
2026-03-06 04:03:00,236.2,153.7,0.0,0.0,0.0
2026-03-06 04:04:00,246.5,155.8,0.0,0.0,0.0
2026-03-06 04:05:00,238.9,152.8,0.0,0.0,0.0
2026-03-06 04:06:00,242.1,152.5,0.0,0.0,0.0
2026-03-06 04:07:00,231.6,147.9,0.0,0.0,0.0
2026-03-06 04:08:00,244.9,160.4,0.0,0.0,0.0
2026-03-06 04:09:00,226.5,148.5,0.0,0.0,0.0
2026-03-06 04:10:00,234.5,151.1,0.0,0.0,0.0
2026-03-06 04:11:00,234.3,151.9,0.0,0.0,0.0
2026-03-06 04:12:00,219.6,148.5,0.0,0.0,0.0
2026-03-06 04:13:00,236.0,153.9,0.0,0.0,0.0
2026-03-06 04:14:00,235.7,157.8,0.0,0.0,0.0
2026-03-06 04:15:00,218.5,138.7,0.0,0.0,0.0
2026-03-06 04:16:00,227.1,148.9,0.0,0.0,0.0
2026-03-06 04:17:00,243.4,156.4,0.0,0.0,0.0
2026-03-06 04:18:00,232.2,157.1,0.0,0.0,0.0
2026-03-06 04:19:00,222.6,147.6,0.0,0.0,0.0
2026-03-06 04:20:00,244.1,153.4,0.0,0.0,0.0
2026-03-06 04:21:00,224.7,151.0,0.0,0.0,0.0
2026-03-06 04:22:00,228.3,150.8,0.0,0.0,0.0
2026-03-06 04:23:00,233.9,146.8,0.0,0.0,0.0
2026-03-06 04:24:00,234.2,155.1,0.0,0.0,0.0
2026-03-06 04:25:00,235.5,156.1,0.0,0.0,0.0
2026-03-06 04:26:00,235.8,158.1,0.0,0.0,0.0
2026-03-06 04:27:00,234.4,151.4,0.0,0.0,0.0
2026-03-06 04:28:00,232.6,150.8,0.0,0.0,0.0
2026-03-06 04:29:00,226.7,155.8,0.0,0.0,0.0
2026-03-06 04:30:00,247.4,166.9,0.0,0.0,0.0
2026-03-06 04:31:00,226.6,148.9,0.0,0.0,0.0
2026-03-06 04:32:00,234.5,149.7,0.0,0.0,0.0
2026-03-06 04:33:00,243.5,159.0,0.0,0.0,0.0
2026-03-06 04:34:00,217.1,144.4,0.0,0.0,0.0
2026-03-06 04:35:00,76.0,0.0,0.0,0.0,0.0
2026-03-06 04:36:00,86.4,0.0,0.0,0.0,0.0
2026-03-06 04:37:00,80.0,0.0,0.0,0.0,0.0
2026-03-06 04:38:00,84.2,0.0,0.0,0.0,0.0
2026-03-06 04:39:00,78.1,0.0,0.0,0.0,0.0
2026-03-06 04:40:00,84.4,0.0,0.0,0.0,0.0
2026-03-06 04:41:00,72.2,0.0,0.0,0.0,0.0
2026-03-06 04:42:00,75.4,0.0,0.0,0.0,0.0
2026-03-06 04:43:00,87.6,0.0,0.0,0.0,0.0
2026-03-06 04:44:00,73.7,0.0,0.0,0.0,0.0
2026-03-06 04:45:00,77.9,0.0,0.0,0.0,0.0
2026-03-06 04:46:00,79.9,0.0,0.0,0.0,0.0
2026-03-06 04:47:00,81.7,0.0,0.0,0.0,0.0
2026-03-06 04:48:00,73.1,0.0,0.0,0.0,0.0
2026-03-06 04:49:00,81.1,0.0,0.0,0.0,0.0
2026-03-06 04:50:00,70.5,0.0,0.0,0.0,0.0
2026-03-06 04:51:00,78.6,0.0,0.0,0.0,0.0
2026-03-06 04:52:00,78.8,0.0,0.0,0.0,0.0
2026-03-06 04:53:00,82.5,0.0,0.0,0.0,0.0
2026-03-06 04:54:00,79.4,0.0,0.0,0.0,0.0
2026-03-06 04:55:00,84.1,0.0,0.0,0.0,0.0
2026-03-06 04:56:00,82.3,0.0,0.0,0.0,0.0
2026-03-06 04:57:00,86.4,0.0,0.0,0.0,0.0
2026-03-06 04:58:00,79.7,0.0,0.0,0.0,0.0
2026-03-06 04:59:00,87.1,0.0,0.0,0.0,0.0
2026-03-06 05:00:00,235.9,150.0,0.0,0.0,0.0
2026-03-06 05:01:00,225.7,151.0,0.0,0.0,0.0
2026-03-06 05:02:00,218.3,145.5,0.0,0.0,0.0
2026-03-06 05:03:00,226.0,151.3,0.0,0.0,0.0
2026-03-06 05:04:00,237.3,155.1,0.0,0.0,0.0
2026-03-06 05:05:00,207.8,146.8,0.0,0.0,0.0
2026-03-06 05:06:00,235.0,156.8,0.0,0.0,0.0
2026-03-06 05:07:00,225.3,147.5,0.0,0.0,0.0
2026-03-06 05:08:00,246.5,155.5,0.0,0.0,0.0
2026-03-06 05:09:00,237.9,158.6,0.0,0.0,0.0
2026-03-06 05:10:00,237.4,151.2,0.0,0.0,0.0
2026-03-06 05:11:00,217.4,148.1,0.0,0.0,0.0
2026-03-06 05:12:00,230.7,152.4,0.0,0.0,0.0
2026-03-06 05:13:00,237.2,148.1,0.0,0.0,0.0
2026-03-06 05:14:00,224.4,145.5,0.0,0.0,0.0
2026-03-06 05:15:00,236.3,155.4,0.0,0.0,0.0
2026-03-06 05:16:00,215.0,140.4,0.0,0.0,0.0
2026-03-06 05:17:00,223.8,154.7,0.0,0.0,0.0
2026-03-06 05:18:00,226.7,146.1,0.0,0.0,0.0
2026-03-06 05:19:00,232.5,154.8,0.0,0.0,0.0
2026-03-06 05:20:00,237.0,147.5,0.0,0.0,0.0
2026-03-06 05:21:00,241.4,159.3,0.0,0.0,0.0
2026-03-06 05:22:00,228.0,147.5,0.0,0.0,0.0
2026-03-06 05:23:00,220.5,138.7,0.0,0.0,0.0
2026-03-06 05:24:00,254.0,164.9,0.0,0.0,0.0
2026-03-06 05:25:00,226.3,150.2,0.0,0.0,0.0
2026-03-06 05:26:00,230.0,149.4,0.0,0.0,0.0
2026-03-06 05:27:00,230.8,150.0,0.0,0.0,0.0
2026-03-06 05:28:00,218.7,148.4,0.0,0.0,0.0
2026-03-06 05:29:00,228.8,151.6,0.0,0.0,0.0
2026-03-06 05:30:00,220.5,146.2,0.0,0.0,0.0
2026-03-06 05:31:00,235.6,161.1,0.0,0.0,0.0
2026-03-06 05:32:00,227.4,146.5,0.0,0.0,0.0
2026-03-06 05:33:00,225.6,153.3,0.0,0.0,0.0
2026-03-06 05:34:00,240.3,156.8,0.0,0.0,0.0
2026-03-06 05:35:00,84.1,0.0,0.0,0.0,0.0
2026-03-06 05:36:00,78.1,0.0,0.0,0.0,0.0
2026-03-06 05:37:00,80.3,0.0,0.0,0.0,0.0
2026-03-06 05:38:00,81.6,0.0,0.0,0.0,0.0
2026-03-06 05:39:00,89.3,0.0,0.0,0.0,0.0
2026-03-06 05:40:00,68.6,0.0,0.0,0.0,0.0
2026-03-06 05:41:00,79.3,0.0,0.0,0.0,0.0
2026-03-06 05:42:00,82.2,0.0,0.0,0.0,0.0
2026-03-06 05:43:00,83.0,0.0,0.0,0.0,0.0
2026-03-06 05:44:00,89.6,0.0,0.0,0.0,0.0
2026-03-06 05:45:00,74.3,0.0,0.0,0.0,0.0
2026-03-06 05:46:00,84.1,0.0,0.0,0.0,0.0
2026-03-06 05:47:00,80.3,0.0,0.0,0.0,0.0
2026-03-06 05:48:00,82.3,0.0,0.0,0.0,0.0
2026-03-06 05:49:00,81.2,0.0,0.0,0.0,0.0
2026-03-06 05:50:00,75.2,0.0,0.0,0.0,0.0
2026-03-06 05:51:00,79.7,0.0,0.0,0.0,0.0
2026-03-06 05:52:00,84.6,0.0,0.0,0.0,0.0
2026-03-06 05:53:00,79.0,0.0,0.0,0.0,0.0
2026-03-06 05:54:00,83.9,0.0,0.0,0.0,0.0
2026-03-06 05:55:00,77.9,0.0,0.0,0.0,0.0
2026-03-06 05:56:00,85.8,0.0,0.0,0.0,0.0
2026-03-06 05:57:00,86.8,0.0,0.0,0.0,0.0
2026-03-06 05:58:00,82.2,0.0,0.0,0.0,0.0
2026-03-06 05:59:00,82.9,0.0,0.0,0.0,0.0
2026-03-06 06:00:00,237.4,152.0,0.0,0.0,0.0
2026-03-06 06:01:00,232.1,154.0,0.0,0.0,0.0
2026-03-06 06:02:00,239.3,152.1,0.0,0.0,0.0
2026-03-06 06:03:00,231.9,151.4,0.0,0.0,0.0
2026-03-06 06:04:00,224.2,148.5,0.0,0.0,0.0
2026-03-06 06:05:00,234.2,154.7,0.0,0.0,0.0
2026-03-06 06:06:00,234.2,155.9,0.0,0.0,0.0
2026-03-06 06:07:00,242.1,147.4,0.0,0.0,0.0
2026-03-06 06:08:00,225.7,147.7,0.0,0.0,0.0
2026-03-06 06:09:00,225.5,144.9,0.0,0.0,0.0
2026-03-06 06:10:00,230.6,148.4,0.0,0.0,0.0
2026-03-06 06:11:00,231.8,147.7,0.0,0.0,0.0
2026-03-06 06:12:00,237.0,159.8,0.0,0.0,0.0
2026-03-06 06:13:00,231.7,156.8,0.0,0.0,0.0
2026-03-06 06:14:00,228.5,143.0,0.0,0.0,0.0
2026-03-06 06:15:00,243.7,153.8,0.0,0.0,0.0
2026-03-06 06:16:00,214.0,148.7,0.0,0.0,0.0
2026-03-06 06:17:00,224.8,141.1,0.0,0.0,0.0
2026-03-06 06:18:00,229.4,151.2,0.0,0.0,0.0
2026-03-06 06:19:00,225.8,146.5,0.0,0.0,0.0
2026-03-06 06:20:00,238.3,151.5,0.0,0.0,0.0
2026-03-06 06:21:00,230.8,152.5,0.0,0.0,0.0
2026-03-06 06:22:00,226.3,146.6,0.0,0.0,0.0
2026-03-06 06:23:00,232.2,157.5,0.0,0.0,0.0
2026-03-06 06:24:00,235.2,150.6,0.0,0.0,0.0
2026-03-06 06:25:00,221.3,145.9,0.0,0.0,0.0
2026-03-06 06:26:00,225.1,141.6,0.0,0.0,0.0
2026-03-06 06:27:00,241.8,161.2,0.0,0.0,0.0
2026-03-06 06:28:00,226.5,145.8,0.0,0.0,0.0
2026-03-06 06:29:00,214.8,150.2,0.0,0.0,0.0
2026-03-06 06:30:00,231.9,151.3,0.0,0.0,0.0
2026-03-06 06:31:00,228.9,154.4,0.0,0.0,0.0
2026-03-06 06:32:00,222.1,143.0,0.0,0.0,0.0
2026-03-06 06:33:00,222.5,137.5,0.0,0.0,0.0
2026-03-06 06:34:00,239.0,150.4,0.0,0.0,0.0
2026-03-06 06:35:00,79.5,0.0,0.0,0.0,0.0
2026-03-06 06:36:00,75.0,0.0,0.0,0.0,0.0
2026-03-06 06:37:00,81.2,0.0,0.0,0.0,0.0
2026-03-06 06:38:00,82.2,0.0,0.0,0.0,0.0
2026-03-06 06:39:00,74.2,0.0,0.0,0.0,0.0
2026-03-06 06:40:00,81.3,0.0,0.0,0.0,0.0
2026-03-06 06:41:00,86.1,0.0,0.0,0.0,0.0
2026-03-06 06:42:00,73.9,0.0,0.0,0.0,0.0
2026-03-06 06:43:00,83.5,0.0,0.0,0.0,0.0
2026-03-06 06:44:00,78.5,0.0,0.0,0.0,0.0
2026-03-06 06:45:00,73.7,0.0,0.0,0.0,0.0
2026-03-06 06:46:00,75.5,0.0,0.0,0.0,0.0
2026-03-06 06:47:00,83.0,0.0,0.0,0.0,0.0
2026-03-06 06:48:00,75.1,0.0,0.0,0.0,0.0
2026-03-06 06:49:00,80.1,0.0,0.0,0.0,0.0
2026-03-06 06:50:00,78.0,0.0,0.0,0.0,0.0
2026-03-06 06:51:00,71.1,0.0,0.0,0.0,0.0
2026-03-06 06:52:00,81.7,0.0,0.0,0.0,0.0
2026-03-06 06:53:00,91.6,0.0,0.0,0.0,0.0
2026-03-06 06:54:00,81.7,0.0,0.0,0.0,0.0
2026-03-06 06:55:00,83.5,0.0,0.0,0.0,0.0
2026-03-06 06:56:00,85.9,0.0,0.0,0.0,0.0
2026-03-06 06:57:00,73.5,0.0,0.0,0.0,0.0
2026-03-06 06:58:00,78.7,0.0,0.0,0.0,0.0
2026-03-06 06:59:00,77.0,0.0,0.0,0.0,0.0
2026-03-06 07:00:00,229.9,146.4,0.0,0.0,0.0
2026-03-06 07:01:00,218.0,139.5,0.0,0.0,0.0
2026-03-06 07:02:00,223.7,146.7,0.0,0.0,0.0
2026-03-06 07:03:00,234.2,154.0,0.0,0.0,0.0
2026-03-06 07:04:00,238.2,156.0,0.0,0.0,0.0
2026-03-06 07:05:00,231.3,155.0,0.0,0.0,0.0
2026-03-06 07:06:00,221.5,146.7,0.0,0.0,0.0
2026-03-06 07:07:00,228.2,147.8,0.0,0.0,0.0
2026-03-06 07:08:00,222.7,143.6,0.0,0.0,0.0
2026-03-06 07:09:00,230.1,150.8,0.0,0.0,0.0
2026-03-06 07:10:00,236.7,153.6,0.0,0.0,0.0
2026-03-06 07:11:00,228.4,150.6,0.0,0.0,0.0
2026-03-06 07:12:00,226.8,145.6,0.0,0.0,0.0
2026-03-06 07:13:00,226.3,151.5,0.0,0.0,0.0
2026-03-06 07:14:00,220.9,149.9,0.0,0.0,0.0
2026-03-06 07:15:00,223.4,151.9,0.0,0.0,0.0
2026-03-06 07:16:00,234.2,148.5,0.0,0.0,0.0
2026-03-06 07:17:00,227.9,150.5,0.0,0.0,0.0
2026-03-06 07:18:00,222.5,145.8,0.0,0.0,0.0
2026-03-06 07:19:00,236.3,145.2,0.0,0.0,0.0
2026-03-06 07:20:00,216.5,136.6,0.0,0.0,0.0
2026-03-06 07:21:00,220.8,150.5,0.0,0.0,0.0
2026-03-06 07:22:00,230.4,150.3,0.0,0.0,0.0
2026-03-06 07:23:00,224.8,144.6,0.0,0.0,0.0
2026-03-06 07:24:00,236.8,157.3,0.0,0.0,0.0
2026-03-06 07:25:00,230.4,155.7,0.0,0.0,0.0
2026-03-06 07:26:00,239.3,158.3,0.0,0.0,0.0
2026-03-06 07:27:00,229.2,149.0,0.0,0.0,0.0
2026-03-06 07:28:00,221.2,148.3,0.0,0.0,0.0
2026-03-06 07:29:00,223.2,151.3,0.0,0.0,0.0
2026-03-06 07:30:00,234.4,154.3,0.0,0.0,0.0
2026-03-06 07:31:00,241.3,157.3,0.0,0.0,0.0
2026-03-06 07:32:00,222.6,144.8,0.0,0.0,0.0
2026-03-06 07:33:00,231.1,148.8,0.0,0.0,0.0
2026-03-06 07:34:00,211.0,139.3,0.0,0.0,0.0
2026-03-06 07:35:00,72.7,0.0,0.0,0.0,0.0
2026-03-06 07:36:00,78.2,0.0,0.0,0.0,0.0
2026-03-06 07:37:00,82.5,0.0,0.0,0.0,0.0
2026-03-06 07:38:00,80.6,0.0,0.0,0.0,0.0
2026-03-06 07:39:00,73.5,0.0,0.0,0.0,0.0
2026-03-06 07:40:00,75.8,0.0,0.0,0.0,0.0
2026-03-06 07:41:00,78.9,0.0,0.0,0.0,0.0
2026-03-06 07:42:00,96.7,0.0,0.0,0.0,0.0
2026-03-06 07:43:00,66.7,0.0,0.0,0.0,0.0
2026-03-06 07:44:00,75.7,0.0,0.0,0.0,0.0
2026-03-06 07:45:00,78.3,0.0,0.0,0.0,0.0
2026-03-06 07:46:00,76.2,0.0,0.0,0.0,0.0
2026-03-06 07:47:00,84.8,0.0,0.0,0.0,0.0
2026-03-06 07:48:00,82.9,0.0,0.0,0.0,0.0
2026-03-06 07:49:00,79.8,0.0,0.0,0.0,0.0
2026-03-06 07:50:00,78.6,0.0,0.0,0.0,0.0
2026-03-06 07:51:00,80.2,0.0,0.0,0.0,0.0
2026-03-06 07:52:00,79.0,0.0,0.0,0.0,0.0
2026-03-06 07:53:00,92.3,0.0,0.0,0.0,0.0
2026-03-06 07:54:00,79.4,0.0,0.0,0.0,0.0
2026-03-06 07:55:00,72.2,0.0,0.0,0.0,0.0
2026-03-06 07:56:00,82.1,0.0,0.0,0.0,0.0
2026-03-06 07:57:00,82.9,0.0,0.0,0.0,0.0
2026-03-06 07:58:00,84.2,0.0,0.0,0.0,0.0
2026-03-06 07:59:00,71.0,0.0,0.0,0.0,0.0
2026-03-06 08:00:00,222.2,151.3,0.0,0.0,0.0
2026-03-06 08:01:00,237.9,150.4,0.0,0.0,0.0
2026-03-06 08:02:00,210.9,140.6,0.0,0.0,0.0
2026-03-06 08:03:00,217.3,146.4,0.0,0.0,0.0
2026-03-06 08:04:00,234.6,151.9,0.0,0.0,0.0
2026-03-06 08:05:00,217.0,143.4,0.0,0.0,0.0
2026-03-06 08:06:00,218.5,147.2,0.0,0.0,0.0
2026-03-06 08:07:00,220.4,147.5,0.0,0.0,0.0
2026-03-06 08:08:00,233.7,152.2,0.0,0.0,0.0
2026-03-06 08:09:00,219.5,145.2,0.0,0.0,0.0
2026-03-06 08:10:00,226.0,141.2,0.0,0.0,0.0
2026-03-06 08:11:00,225.8,147.8,0.0,0.0,0.0
2026-03-06 08:12:00,229.9,148.2,0.0,0.0,0.0
2026-03-06 08:13:00,238.0,153.9,0.0,0.0,0.0
2026-03-06 08:14:00,233.2,146.6,0.0,0.0,0.0
2026-03-06 08:15:00,219.3,148.5,0.0,0.0,0.0
2026-03-06 08:16:00,225.4,147.1,0.0,0.0,0.0
2026-03-06 08:17:00,236.6,147.2,0.0,0.0,0.0
2026-03-06 08:18:00,247.4,160.3,0.0,0.0,0.0
2026-03-06 08:19:00,206.4,136.8,0.0,0.0,0.0
2026-03-06 08:20:00,240.0,152.7,0.0,0.0,0.0
2026-03-06 08:21:00,228.5,145.6,0.0,0.0,0.0
2026-03-06 08:22:00,227.3,150.1,0.0,0.0,0.0
2026-03-06 08:23:00,216.9,141.8,0.0,0.0,0.0
2026-03-06 08:24:00,233.3,150.7,0.0,0.0,0.0
2026-03-06 08:25:00,222.3,145.6,0.0,0.0,0.0
2026-03-06 08:26:00,236.3,152.5,0.0,0.0,0.0
2026-03-06 08:27:00,241.7,156.6,0.0,0.0,0.0
2026-03-06 08:28:00,226.2,143.3,0.0,0.0,0.0
2026-03-06 08:29:00,222.0,141.5,0.0,0.0,0.0
2026-03-06 08:30:00,234.5,155.5,0.0,0.0,0.0
2026-03-06 08:31:00,236.5,159.6,0.0,0.0,0.0
2026-03-06 08:32:00,239.9,149.7,0.0,0.0,0.0
2026-03-06 08:33:00,215.3,139.1,0.0,0.0,0.0
2026-03-06 08:34:00,226.3,141.7,0.0,0.0,0.0
2026-03-06 08:35:00,83.4,0.0,0.0,0.0,0.0
2026-03-06 08:36:00,93.5,0.0,0.0,0.0,0.0
2026-03-06 08:37:00,74.0,0.0,0.0,0.0,0.0
2026-03-06 08:38:00,71.3,0.0,0.0,0.0,0.0
2026-03-06 08:39:00,80.9,0.0,0.0,0.0,0.0
2026-03-06 08:40:00,88.9,0.0,0.0,0.0,0.0
2026-03-06 08:41:00,78.1,0.0,0.0,0.0,0.0
2026-03-06 08:42:00,72.2,0.0,0.0,0.0,0.0
2026-03-06 08:43:00,87.8,0.0,0.0,0.0,0.0
2026-03-06 08:44:00,77.1,0.0,0.0,0.0,0.0
2026-03-06 08:45:00,77.3,0.0,0.0,0.0,0.0
2026-03-06 08:46:00,84.3,0.0,0.0,0.0,0.0
2026-03-06 08:47:00,81.1,0.0,0.0,0.0,0.0
2026-03-06 08:48:00,84.6,0.0,0.0,0.0,0.0
2026-03-06 08:49:00,80.5,0.0,0.0,0.0,0.0
2026-03-06 08:50:00,75.9,0.0,0.0,0.0,0.0
2026-03-06 08:51:00,80.4,0.0,0.0,0.0,0.0
2026-03-06 08:52:00,96.4,0.0,0.0,0.0,0.0
2026-03-06 08:53:00,97.2,0.0,0.0,0.0,0.0
2026-03-06 08:54:00,76.8,0.0,0.0,0.0,0.0
2026-03-06 08:55:00,86.2,0.0,0.0,0.0,0.0
2026-03-06 08:56:00,74.9,0.0,0.0,0.0,0.0
2026-03-06 08:57:00,72.1,0.0,0.0,0.0,0.0
2026-03-06 08:58:00,73.8,0.0,0.0,0.0,0.0
2026-03-06 08:59:00,66.8,0.0,0.0,0.0,0.0
2026-03-06 09:00:00,235.5,150.4,0.0,0.0,0.0
2026-03-06 09:01:00,235.3,150.0,0.0,0.0,0.0
2026-03-06 09:02:00,242.4,153.0,0.0,0.0,0.0
2026-03-06 09:03:00,239.7,152.6,0.0,0.0,0.0
2026-03-06 09:04:00,229.2,152.7,0.0,0.0,0.0
2026-03-06 09:05:00,233.6,150.8,0.0,0.0,0.0
2026-03-06 09:06:00,230.6,148.3,0.0,0.0,0.0
2026-03-06 09:07:00,235.7,157.8,0.0,0.0,0.0
2026-03-06 09:08:00,217.4,143.7,0.0,0.0,0.0
2026-03-06 09:09:00,236.2,155.5,0.0,0.0,0.0
2026-03-06 09:10:00,227.2,145.4,0.0,0.0,0.0
2026-03-06 09:11:00,232.3,152.2,0.0,0.0,0.0
2026-03-06 09:12:00,224.5,144.9,0.0,0.0,0.0
2026-03-06 09:13:00,227.6,141.9,0.0,0.0,0.0
2026-03-06 09:14:00,227.4,144.5,0.0,0.0,0.0
2026-03-06 09:15:00,222.0,144.8,0.0,0.0,0.0
2026-03-06 09:16:00,228.5,156.5,0.0,0.0,0.0
2026-03-06 09:17:00,224.6,146.7,0.0,0.0,0.0
2026-03-06 09:18:00,224.9,146.2,0.0,0.0,0.0
2026-03-06 09:19:00,228.5,144.7,0.0,0.0,0.0
2026-03-06 09:20:00,231.9,149.6,0.0,0.0,0.0
2026-03-06 09:21:00,232.1,149.6,0.0,0.0,0.0
2026-03-06 09:22:00,228.1,152.6,0.0,0.0,0.0
2026-03-06 09:23:00,223.5,146.2,0.0,0.0,0.0
2026-03-06 09:24:00,220.5,143.6,0.0,0.0,0.0
2026-03-06 09:25:00,235.6,149.4,0.0,0.0,0.0
2026-03-06 09:26:00,239.0,154.1,0.0,0.0,0.0
2026-03-06 09:27:00,228.1,153.5,0.0,0.0,0.0
2026-03-06 09:28:00,235.1,144.7,0.0,0.0,0.0
2026-03-06 09:29:00,233.6,147.2,0.0,0.0,0.0
2026-03-06 09:30:00,240.0,151.4,0.0,0.0,0.0
2026-03-06 09:31:00,233.3,146.7,0.0,0.0,0.0
2026-03-06 09:32:00,222.1,142.6,0.0,0.0,0.0
2026-03-06 09:33:00,230.1,150.7,0.0,0.0,0.0
2026-03-06 09:34:00,223.7,147.9,0.0,0.0,0.0
2026-03-06 09:35:00,79.8,0.0,0.0,0.0,0.0
2026-03-06 09:36:00,73.8,0.0,0.0,0.0,0.0
2026-03-06 09:37:00,68.9,0.0,0.0,0.0,0.0
2026-03-06 09:38:00,75.4,0.0,0.0,0.0,0.0
2026-03-06 09:39:00,77.6,0.0,0.0,0.0,0.0
2026-03-06 09:40:00,88.2,0.0,0.0,0.0,0.0
2026-03-06 09:41:00,92.0,0.0,0.0,0.0,0.0
2026-03-06 09:42:00,74.3,0.0,0.0,0.0,0.0
2026-03-06 09:43:00,79.2,0.0,0.0,0.0,0.0
2026-03-06 09:44:00,69.7,0.0,0.0,0.0,0.0
2026-03-06 09:45:00,64.9,0.0,0.0,0.0,0.0
2026-03-06 09:46:00,80.1,0.0,0.0,0.0,0.0
2026-03-06 09:47:00,86.6,0.0,0.0,0.0,0.0
2026-03-06 09:48:00,81.0,0.0,0.0,0.0,0.0
2026-03-06 09:49:00,63.3,0.0,0.0,0.0,0.0
2026-03-06 09:50:00,89.4,0.0,0.0,0.0,0.0
2026-03-06 09:51:00,81.1,0.0,0.0,0.0,0.0
2026-03-06 09:52:00,74.6,0.0,0.0,0.0,0.0
2026-03-06 09:53:00,69.7,0.0,0.0,0.0,0.0
2026-03-06 09:54:00,79.2,0.0,0.0,0.0,0.0
2026-03-06 09:55:00,83.1,0.0,0.0,0.0,0.0
2026-03-06 09:56:00,72.3,0.0,0.0,0.0,0.0
2026-03-06 09:57:00,87.1,0.0,0.0,0.0,0.0
2026-03-06 09:58:00,76.0,0.0,0.0,0.0,0.0
2026-03-06 09:59:00,90.1,0.0,0.0,0.0,0.0
2026-03-06 10:00:00,231.5,154.3,0.0,0.0,0.0
2026-03-06 10:01:00,225.9,159.0,0.0,0.0,0.0
2026-03-06 10:02:00,234.8,154.0,0.0,0.0,0.0
2026-03-06 10:03:00,208.1,135.6,0.0,0.0,0.0
2026-03-06 10:04:00,229.1,152.7,0.0,0.0,0.0
2026-03-06 10:05:00,236.2,145.9,0.0,0.0,0.0
2026-03-06 10:06:00,220.7,145.1,0.0,0.0,0.0
2026-03-06 10:07:00,216.9,141.1,0.0,0.0,0.0
2026-03-06 10:08:00,211.2,143.3,0.0,0.0,0.0
2026-03-06 10:09:00,238.7,147.9,0.0,0.0,0.0
2026-03-06 10:10:00,248.5,155.3,0.0,0.0,0.0
2026-03-06 10:11:00,228.4,155.5,0.0,0.0,0.0
2026-03-06 10:12:00,235.5,153.1,0.0,0.0,0.0
2026-03-06 10:13:00,223.8,156.0,0.0,0.0,0.0
2026-03-06 10:14:00,229.8,147.7,0.0,0.0,0.0
2026-03-06 10:15:00,215.9,145.5,0.0,0.0,0.0
2026-03-06 10:16:00,240.5,159.4,0.0,0.0,0.0
2026-03-06 10:17:00,246.6,152.1,0.0,0.0,0.0
2026-03-06 10:18:00,221.9,148.0,0.0,0.0,0.0
2026-03-06 10:19:00,224.9,153.6,0.0,0.0,0.0
2026-03-06 10:20:00,220.1,146.0,0.0,0.0,0.0
2026-03-06 10:21:00,232.5,157.8,0.0,0.0,0.0
2026-03-06 10:22:00,218.3,143.1,0.0,0.0,0.0
2026-03-06 10:23:00,228.6,147.0,0.0,0.0,0.0
2026-03-06 10:24:00,230.4,148.8,0.0,0.0,0.0
2026-03-06 10:25:00,227.6,148.8,0.0,0.0,0.0
2026-03-06 10:26:00,226.7,143.4,0.0,0.0,0.0
2026-03-06 10:27:00,245.5,154.1,0.0,0.0,0.0
2026-03-06 10:28:00,230.9,152.9,0.0,0.0,0.0
2026-03-06 10:29:00,236.2,150.1,0.0,0.0,0.0
2026-03-06 10:30:00,229.8,152.7,0.0,0.0,0.0
2026-03-06 10:31:00,226.2,147.4,0.0,0.0,0.0
2026-03-06 10:32:00,236.0,154.7,0.0,0.0,0.0
2026-03-06 10:33:00,225.6,146.9,0.0,0.0,0.0
2026-03-06 10:34:00,234.4,144.4,0.0,0.0,0.0
2026-03-06 10:35:00,75.9,0.0,0.0,0.0,0.0
2026-03-06 10:36:00,82.7,0.0,0.0,0.0,0.0
2026-03-06 10:37:00,80.6,0.0,0.0,0.0,0.0
2026-03-06 10:38:00,77.1,0.0,0.0,0.0,0.0
2026-03-06 10:39:00,72.0,0.0,0.0,0.0,0.0
2026-03-06 10:40:00,80.8,0.0,0.0,0.0,0.0
2026-03-06 10:41:00,86.1,0.0,0.0,0.0,0.0
2026-03-06 10:42:00,84.6,0.0,0.0,0.0,0.0
2026-03-06 10:43:00,73.3,0.0,0.0,0.0,0.0
2026-03-06 10:44:00,77.5,0.0,0.0,0.0,0.0
2026-03-06 10:45:00,84.0,0.0,0.0,0.0,0.0
2026-03-06 10:46:00,71.6,0.0,0.0,0.0,0.0
2026-03-06 10:47:00,87.0,0.0,0.0,0.0,0.0
2026-03-06 10:48:00,87.1,0.0,0.0,0.0,0.0
2026-03-06 10:49:00,85.0,0.0,0.0,0.0,0.0
2026-03-06 10:50:00,82.5,0.0,0.0,0.0,0.0
2026-03-06 10:51:00,86.1,0.0,0.0,0.0,0.0
2026-03-06 10:52:00,81.2,0.0,0.0,0.0,0.0
2026-03-06 10:53:00,80.1,0.0,0.0,0.0,0.0
2026-03-06 10:54:00,75.6,0.0,0.0,0.0,0.0
2026-03-06 10:55:00,82.4,0.0,0.0,0.0,0.0
2026-03-06 10:56:00,78.8,0.0,0.0,0.0,0.0
2026-03-06 10:57:00,73.6,0.0,0.0,0.0,0.0
2026-03-06 10:58:00,86.8,0.0,0.0,0.0,0.0
2026-03-06 10:59:00,80.9,0.0,0.0,0.0,0.0
2026-03-06 11:00:00,230.0,146.2,0.0,0.0,0.0
2026-03-06 11:01:00,219.4,142.9,0.0,0.0,0.0
2026-03-06 11:02:00,219.5,139.2,0.0,0.0,0.0
2026-03-06 11:03:00,229.2,147.1,0.0,0.0,0.0
2026-03-06 11:04:00,234.3,150.9,0.0,0.0,0.0
2026-03-06 11:05:00,234.6,151.2,0.0,0.0,0.0
2026-03-06 11:06:00,223.1,142.7,0.0,0.0,0.0
2026-03-06 11:07:00,238.8,153.4,0.0,0.0,0.0
2026-03-06 11:08:00,230.5,147.2,0.0,0.0,0.0
2026-03-06 11:09:00,243.0,155.8,0.0,0.0,0.0
2026-03-06 11:10:00,222.8,148.8,0.0,0.0,0.0
2026-03-06 11:11:00,233.3,150.3,0.0,0.0,0.0
2026-03-06 11:12:00,218.2,146.4,0.0,0.0,0.0
2026-03-06 11:13:00,219.8,146.6,0.0,0.0,0.0
2026-03-06 11:14:00,231.3,150.3,0.0,0.0,0.0
2026-03-06 11:15:00,230.6,153.0,0.0,0.0,0.0
2026-03-06 11:16:00,242.0,153.7,0.0,0.0,0.0
2026-03-06 11:17:00,227.6,146.5,0.0,0.0,0.0
2026-03-06 11:18:00,220.4,143.9,0.0,0.0,0.0
2026-03-06 11:19:00,238.4,152.3,0.0,0.0,0.0
2026-03-06 11:20:00,240.6,156.6,0.0,0.0,0.0
2026-03-06 11:21:00,229.7,147.6,0.0,0.0,0.0
2026-03-06 11:22:00,224.1,148.0,0.0,0.0,0.0
2026-03-06 11:23:00,228.6,147.9,0.0,0.0,0.0
2026-03-06 11:24:00,232.4,151.8,0.0,0.0,0.0
2026-03-06 11:25:00,232.3,154.9,0.0,0.0,0.0
2026-03-06 11:26:00,228.4,145.4,0.0,0.0,0.0
2026-03-06 11:27:00,226.7,152.3,0.0,0.0,0.0
2026-03-06 11:28:00,237.1,157.4,0.0,0.0,0.0
2026-03-06 11:29:00,224.7,153.1,0.0,0.0,0.0
2026-03-06 11:30:00,243.0,146.3,0.0,0.0,0.0
2026-03-06 11:31:00,218.1,142.9,0.0,0.0,0.0
2026-03-06 11:32:00,229.3,150.4,0.0,0.0,0.0
2026-03-06 11:33:00,240.8,157.0,0.0,0.0,0.0
2026-03-06 11:34:00,225.4,154.2,0.0,0.0,0.0
2026-03-06 11:35:00,78.6,0.0,0.0,0.0,0.0
2026-03-06 11:36:00,81.9,0.0,0.0,0.0,0.0
2026-03-06 11:37:00,84.0,0.0,0.0,0.0,0.0
2026-03-06 11:38:00,80.8,0.0,0.0,0.0,0.0
2026-03-06 11:39:00,70.3,0.0,0.0,0.0,0.0
2026-03-06 11:40:00,89.3,0.0,0.0,0.0,0.0
2026-03-06 11:41:00,81.3,0.0,0.0,0.0,0.0
2026-03-06 11:42:00,70.9,0.0,0.0,0.0,0.0
2026-03-06 11:43:00,83.5,0.0,0.0,0.0,0.0
2026-03-06 11:44:00,88.0,0.0,0.0,0.0,0.0
2026-03-06 11:45:00,81.9,0.0,0.0,0.0,0.0
2026-03-06 11:46:00,80.3,0.0,0.0,0.0,0.0
2026-03-06 11:47:00,68.8,0.0,0.0,0.0,0.0
2026-03-06 11:48:00,69.0,0.0,0.0,0.0,0.0
2026-03-06 11:49:00,84.8,0.0,0.0,0.0,0.0
2026-03-06 11:50:00,84.7,0.0,0.0,0.0,0.0
2026-03-06 11:51:00,73.0,0.0,0.0,0.0,0.0
2026-03-06 11:52:00,77.6,0.0,0.0,0.0,0.0
2026-03-06 11:53:00,90.8,0.0,0.0,0.0,0.0
2026-03-06 11:54:00,79.5,0.0,0.0,0.0,0.0
2026-03-06 11:55:00,78.4,0.0,0.0,0.0,0.0
2026-03-06 11:56:00,76.6,0.0,0.0,0.0,0.0
2026-03-06 11:57:00,85.9,0.0,0.0,0.0,0.0
2026-03-06 11:58:00,72.4,0.0,0.0,0.0,0.0
2026-03-06 11:59:00,87.1,0.0,0.0,0.0,0.0
2026-03-06 12:00:00,227.4,149.2,0.0,0.0,0.0
2026-03-06 12:01:00,245.1,156.6,0.0,0.0,0.0
2026-03-06 12:02:00,230.1,154.7,0.0,0.0,0.0
2026-03-06 12:03:00,222.3,156.4,0.0,0.0,0.0
2026-03-06 12:04:00,246.3,157.8,0.0,0.0,0.0
2026-03-06 12:05:00,223.4,144.3,0.0,0.0,0.0
2026-03-06 12:06:00,225.0,154.5,0.0,0.0,0.0
2026-03-06 12:07:00,229.3,149.7,0.0,0.0,0.0
2026-03-06 12:08:00,236.0,154.3,0.0,0.0,0.0
2026-03-06 12:09:00,235.6,149.1,0.0,0.0,0.0
2026-03-06 12:10:00,241.5,160.8,0.0,0.0,0.0
2026-03-06 12:11:00,234.7,158.8,0.0,0.0,0.0
2026-03-06 12:12:00,230.6,150.4,0.0,0.0,0.0
2026-03-06 12:13:00,239.4,152.7,0.0,0.0,0.0
2026-03-06 12:14:00,221.2,151.7,0.0,0.0,0.0
2026-03-06 12:15:00,229.5,151.8,0.0,0.0,0.0
2026-03-06 12:16:00,242.2,155.2,0.0,0.0,0.0
2026-03-06 12:17:00,229.8,145.7,0.0,0.0,0.0
2026-03-06 12:18:00,208.1,143.4,0.0,0.0,0.0
2026-03-06 12:19:00,231.9,156.1,0.0,0.0,0.0
2026-03-06 12:20:00,230.6,152.2,0.0,0.0,0.0
2026-03-06 12:21:00,225.7,148.3,0.0,0.0,0.0
2026-03-06 12:22:00,233.9,147.1,0.0,0.0,0.0
2026-03-06 12:23:00,226.0,143.1,0.0,0.0,0.0
2026-03-06 12:24:00,235.6,149.1,0.0,0.0,0.0
2026-03-06 12:25:00,221.2,141.9,0.0,0.0,0.0
2026-03-06 12:26:00,228.0,151.2,0.0,0.0,0.0
2026-03-06 12:27:00,234.3,151.9,0.0,0.0,0.0
2026-03-06 12:28:00,224.7,147.1,0.0,0.0,0.0
2026-03-06 12:29:00,229.2,155.5,0.0,0.0,0.0
2026-03-06 12:30:00,235.6,154.2,0.0,0.0,0.0
2026-03-06 12:31:00,234.8,151.4,0.0,0.0,0.0
2026-03-06 12:32:00,241.1,146.7,0.0,0.0,0.0
2026-03-06 12:33:00,222.0,147.1,0.0,0.0,0.0
2026-03-06 12:34:00,220.1,145.6,0.0,0.0,0.0
2026-03-06 12:35:00,77.1,0.0,0.0,0.0,0.0
2026-03-06 12:36:00,85.3,0.0,0.0,0.0,0.0
2026-03-06 12:37:00,77.3,0.0,0.0,0.0,0.0
2026-03-06 12:38:00,85.1,0.0,0.0,0.0,0.0
2026-03-06 12:39:00,72.5,0.0,0.0,0.0,0.0
2026-03-06 12:40:00,86.6,0.0,0.0,0.0,0.0
2026-03-06 12:41:00,74.8,0.0,0.0,0.0,0.0
2026-03-06 12:42:00,78.6,0.0,0.0,0.0,0.0
2026-03-06 12:43:00,79.0,0.0,0.0,0.0,0.0
2026-03-06 12:44:00,81.1,0.0,0.0,0.0,0.0
2026-03-06 12:45:00,74.0,0.0,0.0,0.0,0.0
2026-03-06 12:46:00,82.4,0.0,0.0,0.0,0.0
2026-03-06 12:47:00,77.9,0.0,0.0,0.0,0.0
2026-03-06 12:48:00,75.9,0.0,0.0,0.0,0.0
2026-03-06 12:49:00,82.5,0.0,0.0,0.0,0.0
2026-03-06 12:50:00,90.6,0.0,0.0,0.0,0.0
2026-03-06 12:51:00,84.1,0.0,0.0,0.0,0.0
2026-03-06 12:52:00,69.3,0.0,0.0,0.0,0.0
2026-03-06 12:53:00,73.9,0.0,0.0,0.0,0.0
2026-03-06 12:54:00,78.0,0.0,0.0,0.0,0.0
2026-03-06 12:55:00,89.0,0.0,0.0,0.0,0.0
2026-03-06 12:56:00,70.9,0.0,0.0,0.0,0.0
2026-03-06 12:57:00,91.8,0.0,0.0,0.0,0.0
2026-03-06 12:58:00,78.8,0.0,0.0,0.0,0.0
2026-03-06 12:59:00,77.6,0.0,0.0,0.0,0.0
2026-03-06 13:00:00,223.1,144.8,0.0,0.0,0.0
2026-03-06 13:01:00,221.6,150.3,0.0,0.0,0.0
2026-03-06 13:02:00,234.7,160.9,0.0,0.0,0.0
2026-03-06 13:03:00,225.2,144.0,0.0,0.0,0.0
2026-03-06 13:04:00,236.0,151.6,0.0,0.0,0.0
2026-03-06 13:05:00,224.1,142.6,0.0,0.0,0.0
2026-03-06 13:06:00,211.8,142.0,0.0,0.0,0.0
2026-03-06 13:07:00,223.1,148.2,0.0,0.0,0.0
2026-03-06 13:08:00,235.6,154.7,0.0,0.0,0.0
2026-03-06 13:09:00,236.0,151.4,0.0,0.0,0.0
2026-03-06 13:10:00,216.0,151.5,0.0,0.0,0.0
2026-03-06 13:11:00,241.4,156.2,0.0,0.0,0.0
2026-03-06 13:12:00,222.2,152.5,0.0,0.0,0.0
2026-03-06 13:13:00,218.8,147.1,0.0,0.0,0.0
2026-03-06 13:14:00,217.7,145.2,0.0,0.0,0.0
2026-03-06 13:15:00,230.5,148.5,0.0,0.0,0.0
2026-03-06 13:16:00,236.1,151.8,0.0,0.0,0.0
2026-03-06 13:17:00,237.2,148.4,0.0,0.0,0.0
2026-03-06 13:18:00,225.3,148.8,0.0,0.0,0.0
2026-03-06 13:19:00,237.5,147.2,0.0,0.0,0.0
2026-03-06 13:20:00,222.8,146.0,0.0,0.0,0.0
2026-03-06 13:21:00,218.5,144.0,0.0,0.0,0.0
2026-03-06 13:22:00,224.0,146.0,0.0,0.0,0.0
2026-03-06 13:23:00,236.8,159.0,0.0,0.0,0.0
2026-03-06 13:24:00,236.0,155.4,0.0,0.0,0.0
2026-03-06 13:25:00,239.6,157.0,0.0,0.0,0.0
2026-03-06 13:26:00,226.4,150.6,0.0,0.0,0.0
2026-03-06 13:27:00,227.5,149.4,0.0,0.0,0.0
2026-03-06 13:28:00,230.1,154.1,0.0,0.0,0.0
2026-03-06 13:29:00,218.4,148.1,0.0,0.0,0.0
2026-03-06 13:30:00,231.2,155.8,0.0,0.0,0.0
2026-03-06 13:31:00,227.7,150.7,0.0,0.0,0.0
2026-03-06 13:32:00,233.8,154.0,0.0,0.0,0.0
2026-03-06 13:33:00,228.6,146.1,0.0,0.0,0.0
2026-03-06 13:34:00,233.4,159.2,0.0,0.0,0.0
2026-03-06 13:35:00,84.3,0.0,0.0,0.0,0.0
2026-03-06 13:36:00,76.7,0.0,0.0,0.0,0.0
2026-03-06 13:37:00,79.5,0.0,0.0,0.0,0.0
2026-03-06 13:38:00,82.3,0.0,0.0,0.0,0.0
2026-03-06 13:39:00,81.4,0.0,0.0,0.0,0.0
2026-03-06 13:40:00,71.6,0.0,0.0,0.0,0.0
2026-03-06 13:41:00,85.4,0.0,0.0,0.0,0.0
2026-03-06 13:42:00,87.1,0.0,0.0,0.0,0.0
2026-03-06 13:43:00,72.2,0.0,0.0,0.0,0.0
2026-03-06 13:44:00,77.7,0.0,0.0,0.0,0.0
2026-03-06 13:45:00,89.4,0.0,0.0,0.0,0.0
2026-03-06 13:46:00,79.2,0.0,0.0,0.0,0.0
2026-03-06 13:47:00,78.7,0.0,0.0,0.0,0.0
2026-03-06 13:48:00,85.5,0.0,0.0,0.0,0.0
2026-03-06 13:49:00,81.4,0.0,0.0,0.0,0.0
2026-03-06 13:50:00,88.3,0.0,0.0,0.0,0.0
2026-03-06 13:51:00,80.3,0.0,0.0,0.0,0.0
2026-03-06 13:52:00,85.4,0.0,0.0,0.0,0.0
2026-03-06 13:53:00,83.9,0.0,0.0,0.0,0.0
2026-03-06 13:54:00,74.4,0.0,0.0,0.0,0.0
2026-03-06 13:55:00,73.4,0.0,0.0,0.0,0.0
2026-03-06 13:56:00,75.0,0.0,0.0,0.0,0.0
2026-03-06 13:57:00,79.7,0.0,0.0,0.0,0.0
2026-03-06 13:58:00,84.1,0.0,0.0,0.0,0.0
2026-03-06 13:59:00,81.0,0.0,0.0,0.0,0.0
2026-03-06 14:00:00,229.9,149.7,0.0,0.0,0.0
2026-03-06 14:01:00,226.1,145.3,0.0,0.0,0.0
2026-03-06 14:02:00,224.3,148.1,0.0,0.0,0.0
2026-03-06 14:03:00,222.3,144.7,0.0,0.0,0.0
2026-03-06 14:04:00,232.6,152.8,0.0,0.0,0.0
2026-03-06 14:05:00,219.8,145.3,0.0,0.0,0.0
2026-03-06 14:06:00,237.3,157.1,0.0,0.0,0.0
2026-03-06 14:07:00,214.3,140.2,0.0,0.0,0.0
2026-03-06 14:08:00,236.8,152.9,0.0,0.0,0.0
2026-03-06 14:09:00,245.7,153.1,0.0,0.0,0.0
2026-03-06 14:10:00,227.5,146.7,0.0,0.0,0.0
2026-03-06 14:11:00,218.9,141.5,0.0,0.0,0.0
2026-03-06 14:12:00,224.6,150.9,0.0,0.0,0.0
2026-03-06 14:13:00,231.7,143.8,0.0,0.0,0.0
2026-03-06 14:14:00,232.8,155.5,0.0,0.0,0.0
2026-03-06 14:15:00,238.6,150.5,0.0,0.0,0.0
2026-03-06 14:16:00,224.2,149.9,0.0,0.0,0.0
2026-03-06 14:17:00,222.8,150.5,0.0,0.0,0.0
2026-03-06 14:18:00,228.1,153.7,0.0,0.0,0.0
2026-03-06 14:19:00,222.4,149.9,0.0,0.0,0.0
2026-03-06 14:20:00,227.8,152.7,0.0,0.0,0.0
2026-03-06 14:21:00,231.6,151.8,0.0,0.0,0.0
2026-03-06 14:22:00,220.3,147.4,0.0,0.0,0.0
2026-03-06 14:23:00,232.5,155.5,0.0,0.0,0.0
2026-03-06 14:24:00,240.5,158.0,0.0,0.0,0.0
2026-03-06 14:25:00,234.6,155.5,0.0,0.0,0.0
2026-03-06 14:26:00,244.2,150.6,0.0,0.0,0.0
2026-03-06 14:27:00,226.7,153.4,0.0,0.0,0.0
2026-03-06 14:28:00,228.4,144.6,0.0,0.0,0.0
2026-03-06 14:29:00,227.1,145.8,0.0,0.0,0.0
2026-03-06 14:30:00,233.2,145.5,0.0,0.0,0.0
2026-03-06 14:31:00,223.3,147.0,0.0,0.0,0.0
2026-03-06 14:32:00,224.4,154.1,0.0,0.0,0.0
2026-03-06 14:33:00,233.8,145.8,0.0,0.0,0.0
2026-03-06 14:34:00,229.0,146.7,0.0,0.0,0.0
2026-03-06 14:35:00,78.5,0.0,0.0,0.0,0.0
2026-03-06 14:36:00,90.9,0.0,0.0,0.0,0.0
2026-03-06 14:37:00,77.1,0.0,0.0,0.0,0.0
2026-03-06 14:38:00,89.1,0.0,0.0,0.0,0.0
2026-03-06 14:39:00,76.0,0.0,0.0,0.0,0.0
2026-03-06 14:40:00,87.3,0.0,0.0,0.0,0.0
2026-03-06 14:41:00,87.6,0.0,0.0,0.0,0.0
2026-03-06 14:42:00,77.7,0.0,0.0,0.0,0.0
2026-03-06 14:43:00,72.5,0.0,0.0,0.0,0.0
2026-03-06 14:44:00,77.1,0.0,0.0,0.0,0.0
2026-03-06 14:45:00,81.3,0.0,0.0,0.0,0.0
2026-03-06 14:46:00,82.1,0.0,0.0,0.0,0.0
2026-03-06 14:47:00,2058.2,0.0,1980.8,0.0,0.0
2026-03-06 14:48:00,2092.9,0.0,2015.4,0.0,0.0
2026-03-06 14:49:00,83.8,0.0,0.0,0.0,0.0
2026-03-06 14:50:00,76.8,0.0,0.0,0.0,0.0
2026-03-06 14:51:00,91.1,0.0,0.0,0.0,0.0
2026-03-06 14:52:00,85.2,0.0,0.0,0.0,0.0
2026-03-06 14:53:00,71.3,0.0,0.0,0.0,0.0
2026-03-06 14:54:00,78.9,0.0,0.0,0.0,0.0
2026-03-06 14:55:00,68.6,0.0,0.0,0.0,0.0
2026-03-06 14:56:00,75.4,0.0,0.0,0.0,0.0
2026-03-06 14:57:00,82.5,0.0,0.0,0.0,0.0
2026-03-06 14:58:00,74.5,0.0,0.0,0.0,0.0
2026-03-06 14:59:00,80.5,0.0,0.0,0.0,0.0
2026-03-06 15:00:00,235.9,156.5,0.0,0.0,0.0
2026-03-06 15:01:00,241.4,156.1,0.0,0.0,0.0
2026-03-06 15:02:00,2174.8,146.9,1962.0,0.0,0.0
2026-03-06 15:03:00,2210.6,152.0,1985.3,0.0,0.0
2026-03-06 15:04:00,2212.1,155.3,1971.9,0.0,0.0
2026-03-06 15:05:00,2225.7,162.3,1978.2,0.0,0.0
2026-03-06 15:06:00,2261.4,155.9,2017.3,0.0,0.0
2026-03-06 15:07:00,2232.2,152.7,2007.7,0.0,0.0
2026-03-06 15:08:00,240.6,148.9,0.0,0.0,0.0
2026-03-06 15:09:00,225.7,147.7,0.0,0.0,0.0
2026-03-06 15:10:00,2246.4,149.7,2020.8,0.0,0.0
2026-03-06 15:11:00,226.6,146.7,0.0,0.0,0.0
2026-03-06 15:12:00,239.9,153.1,0.0,0.0,0.0
2026-03-06 15:13:00,2243.3,150.7,2009.9,0.0,0.0
2026-03-06 15:14:00,2189.8,148.8,1965.6,0.0,0.0
2026-03-06 15:15:00,2217.7,145.0,1997.7,0.0,0.0
2026-03-06 15:16:00,231.6,150.6,0.0,0.0,0.0
2026-03-06 15:17:00,223.9,148.4,0.0,0.0,0.0
2026-03-06 15:18:00,2228.4,152.0,1994.1,0.0,0.0
2026-03-06 15:19:00,2282.1,145.3,2053.3,0.0,0.0
2026-03-06 15:20:00,2266.9,153.4,2040.5,0.0,0.0
2026-03-06 15:21:00,2259.1,149.5,2037.0,0.0,0.0
2026-03-06 15:22:00,2208.2,159.6,1972.8,0.0,0.0
2026-03-06 15:23:00,2218.6,146.3,1987.0,0.0,0.0
2026-03-06 15:24:00,236.6,159.9,0.0,0.0,0.0
2026-03-06 15:25:00,250.4,164.5,0.0,0.0,0.0
2026-03-06 15:26:00,2205.6,150.0,1979.7,0.0,0.0
2026-03-06 15:27:00,2289.4,160.3,2045.5,0.0,0.0
2026-03-06 15:28:00,2248.7,155.9,2004.4,0.0,0.0
2026-03-06 15:29:00,2246.5,144.2,2019.0,0.0,0.0
2026-03-06 15:30:00,2210.3,147.5,1981.8,0.0,0.0
2026-03-06 15:31:00,2217.3,155.3,1988.8,0.0,0.0
2026-03-06 15:32:00,2255.0,151.9,2027.8,0.0,0.0
2026-03-06 15:33:00,239.6,154.7,0.0,0.0,0.0
2026-03-06 15:34:00,228.3,152.5,0.0,0.0,0.0
2026-03-06 15:35:00,77.6,0.0,0.0,0.0,0.0
2026-03-06 15:36:00,81.1,0.0,0.0,0.0,0.0
2026-03-06 15:37:00,2113.6,0.0,2025.4,0.0,0.0
2026-03-06 15:38:00,2072.6,0.0,1992.7,0.0,0.0
2026-03-06 15:39:00,2039.1,0.0,1962.4,0.0,0.0
2026-03-06 15:40:00,2073.2,0.0,1989.0,0.0,0.0
2026-03-06 15:41:00,2089.2,0.0,2009.4,0.0,0.0
2026-03-06 15:42:00,2139.4,0.0,2057.9,0.0,0.0
2026-03-06 15:43:00,2061.5,0.0,1996.0,0.0,0.0
2026-03-06 15:44:00,2046.3,0.0,1974.3,0.0,0.0
2026-03-06 15:45:00,2068.3,0.0,1981.9,0.0,0.0
2026-03-06 15:46:00,2099.0,0.0,2010.7,0.0,0.0
2026-03-06 15:47:00,2089.5,0.0,2007.6,0.0,0.0
2026-03-06 15:48:00,2012.3,0.0,1936.8,0.0,0.0
2026-03-06 15:49:00,2154.0,0.0,2082.4,0.0,0.0
2026-03-06 15:50:00,2078.7,0.0,2000.2,0.0,0.0
2026-03-06 15:51:00,2090.6,0.0,2013.6,0.0,0.0
2026-03-06 15:52:00,2101.9,0.0,2011.0,0.0,0.0
2026-03-06 15:53:00,2090.0,0.0,2010.9,0.0,0.0
2026-03-06 15:54:00,2111.8,0.0,2031.8,0.0,0.0
2026-03-06 15:55:00,2019.2,0.0,1939.0,0.0,0.0
2026-03-06 15:56:00,2073.0,0.0,1998.1,0.0,0.0
2026-03-06 15:57:00,2071.6,0.0,1997.6,0.0,0.0
2026-03-06 15:58:00,2083.9,0.0,2006.4,0.0,0.0
2026-03-06 15:59:00,2021.7,0.0,1951.2,0.0,0.0
2026-03-06 16:00:00,2229.1,153.5,2001.9,0.0,0.0
2026-03-06 16:01:00,2240.2,149.9,2015.4,0.0,0.0
2026-03-06 16:02:00,2244.5,153.6,2011.0,0.0,0.0
2026-03-06 16:03:00,2252.5,149.6,2018.6,0.0,0.0
2026-03-06 16:04:00,2210.0,156.8,1979.1,0.0,0.0
2026-03-06 16:05:00,2234.3,153.0,2002.5,0.0,0.0
2026-03-06 16:06:00,2204.5,148.7,1982.4,0.0,0.0
2026-03-06 16:07:00,2239.5,162.4,1997.0,0.0,0.0
2026-03-06 16:08:00,2243.7,147.5,2008.5,0.0,0.0
2026-03-06 16:09:00,2216.5,139.5,1998.2,0.0,0.0
2026-03-06 16:10:00,2190.4,151.0,1961.7,0.0,0.0
2026-03-06 16:11:00,2233.4,152.8,2003.0,0.0,0.0
2026-03-06 16:12:00,2239.1,153.3,2014.0,0.0,0.0
2026-03-06 16:13:00,2213.9,147.8,1993.0,0.0,0.0
2026-03-06 16:14:00,2229.4,150.4,1994.1,0.0,0.0
2026-03-06 16:15:00,2163.6,146.3,1933.8,0.0,0.0
2026-03-06 16:16:00,2223.8,148.4,1992.5,0.0,0.0
2026-03-06 16:17:00,2216.7,153.8,1984.6,0.0,0.0
2026-03-06 16:18:00,2975.0,147.9,1960.1,789.2,0.0
2026-03-06 16:19:00,3065.4,154.0,2049.9,785.6,0.0
2026-03-06 16:20:00,2992.7,149.2,1962.8,797.7,0.0
2026-03-06 16:21:00,3026.0,150.9,2003.6,794.9,0.0
2026-03-06 16:22:00,3023.5,148.8,2028.2,770.5,0.0
2026-03-06 16:23:00,3016.0,156.1,1961.4,822.2,0.0
2026-03-06 16:24:00,3061.1,151.0,2023.3,801.4,0.0
2026-03-06 16:25:00,3059.8,146.5,2023.3,810.6,0.0
2026-03-06 16:26:00,3014.6,151.0,1987.3,805.2,0.0
2026-03-06 16:27:00,3020.5,156.3,1978.9,806.8,0.0
2026-03-06 16:28:00,3099.5,151.7,2059.0,800.5,0.0
2026-03-06 16:29:00,3037.5,145.2,2009.3,802.6,0.0
2026-03-06 16:30:00,3060.7,146.6,2048.6,792.2,0.0
2026-03-06 16:31:00,2998.1,145.3,1969.2,802.1,0.0
2026-03-06 16:32:00,3045.6,157.1,1997.9,807.8,0.0
2026-03-06 16:33:00,3022.0,151.3,1998.8,795.6,0.0
2026-03-06 16:34:00,3064.6,154.7,2034.2,803.6,0.0
2026-03-06 16:35:00,2924.9,0.0,2040.2,810.5,0.0
2026-03-06 16:36:00,2843.6,0.0,1944.2,812.2,0.0
2026-03-06 16:37:00,2864.1,0.0,1981.7,800.1,0.0
2026-03-06 16:38:00,3263.7,0.0,1978.2,1202.2,0.0
2026-03-06 16:39:00,3288.8,0.0,2023.4,1195.7,0.0
2026-03-06 16:40:00,3220.4,0.0,1952.5,1178.5,0.0
2026-03-06 16:41:00,3297.6,0.0,2019.9,1201.6,0.0
2026-03-06 16:42:00,3301.4,0.0,2024.9,1197.0,0.0
2026-03-06 16:43:00,2888.3,0.0,2014.3,805.0,0.0
2026-03-06 16:44:00,2927.5,0.0,2022.4,821.2,0.0
2026-03-06 16:45:00,2916.9,0.0,2028.5,799.9,0.0
2026-03-06 16:46:00,2863.1,0.0,1992.6,793.8,0.0
2026-03-06 16:47:00,2806.6,0.0,1932.9,802.2,0.0
2026-03-06 16:48:00,2859.2,0.0,1991.2,789.7,0.0
2026-03-06 16:49:00,2940.5,0.0,2036.5,814.2,0.0
2026-03-06 16:50:00,2892.6,0.0,2009.1,805.3,0.0
2026-03-06 16:51:00,2851.9,0.0,1970.3,797.5,0.0
2026-03-06 16:52:00,2858.8,0.0,1992.7,796.6,0.0
2026-03-06 16:53:00,2894.2,0.0,2020.5,793.0,0.0
2026-03-06 16:54:00,2934.7,0.0,2040.4,810.1,0.0
2026-03-06 16:55:00,2890.3,0.0,2007.6,809.3,0.0
2026-03-06 16:56:00,2872.1,0.0,2005.7,796.3,0.0
2026-03-06 16:57:00,2931.6,0.0,2057.0,801.9,0.0
2026-03-06 16:58:00,2862.0,0.0,1977.7,802.8,0.0
2026-03-06 16:59:00,2921.0,0.0,2024.9,806.2,0.0
2026-03-06 17:00:00,3025.9,150.5,2006.4,791.0,0.0
2026-03-06 17:01:00,3059.0,149.7,2038.5,795.2,0.0
2026-03-06 17:02:00,2988.7,153.2,1976.9,779.0,0.0
2026-03-06 17:03:00,2289.8,152.9,2048.9,0.0,0.0
2026-03-06 17:04:00,2299.7,149.2,2066.4,0.0,0.0
2026-03-06 17:05:00,2198.7,146.3,1982.6,0.0,0.0
2026-03-06 17:06:00,2259.8,158.0,2026.2,0.0,0.0
2026-03-06 17:07:00,2197.2,147.8,1975.6,0.0,0.0
2026-03-06 17:08:00,2220.2,146.3,1993.0,0.0,0.0
2026-03-06 17:09:00,2181.9,161.5,1943.2,0.0,0.0
2026-03-06 17:10:00,2209.7,150.5,1967.3,0.0,0.0
2026-03-06 17:11:00,2250.5,149.3,2030.4,0.0,0.0
2026-03-06 17:12:00,2223.9,143.3,1994.6,0.0,0.0
2026-03-06 17:13:00,2232.0,144.9,2008.2,0.0,0.0
2026-03-06 17:14:00,2218.6,156.9,1989.4,0.0,0.0
2026-03-06 17:15:00,2240.4,148.5,2010.2,0.0,0.0
2026-03-06 17:16:00,2246.9,155.8,2005.8,0.0,0.0
2026-03-06 17:17:00,2244.0,144.7,2022.7,0.0,0.0
2026-03-06 17:18:00,2230.5,154.2,1983.7,0.0,0.0
2026-03-06 17:19:00,2201.6,150.9,1980.1,0.0,0.0
2026-03-06 17:20:00,2218.0,148.2,1989.9,0.0,0.0
2026-03-06 17:21:00,2266.8,141.4,2042.1,0.0,0.0
2026-03-06 17:22:00,2268.7,157.0,2030.1,0.0,0.0
2026-03-06 17:23:00,2264.8,151.0,2035.1,0.0,0.0
2026-03-06 17:24:00,2192.9,150.2,1962.8,0.0,0.0
2026-03-06 17:25:00,2265.6,154.8,2032.3,0.0,0.0
2026-03-06 17:26:00,2252.7,145.4,2034.7,0.0,0.0
2026-03-06 17:27:00,2214.1,157.5,1978.1,0.0,0.0
2026-03-06 17:28:00,2246.4,154.5,2013.2,0.0,0.0
2026-03-06 17:29:00,2223.0,153.3,1981.0,0.0,0.0
2026-03-06 17:30:00,2245.1,153.5,2008.1,0.0,0.0
2026-03-06 17:31:00,2250.3,147.2,2024.3,0.0,0.0
2026-03-06 17:32:00,2290.1,149.7,2056.5,0.0,0.0
2026-03-06 17:33:00,2209.0,152.7,1969.6,0.0,0.0
2026-03-06 17:34:00,2200.2,148.0,1977.4,0.0,0.0
2026-03-06 17:35:00,2071.9,0.0,1994.1,0.0,0.0
2026-03-06 17:36:00,2126.1,0.0,2040.7,0.0,0.0
2026-03-06 17:37:00,2086.3,0.0,1997.3,0.0,0.0
2026-03-06 17:38:00,2074.8,0.0,1989.2,0.0,0.0
2026-03-06 17:39:00,2038.5,0.0,1960.7,0.0,0.0
2026-03-06 17:40:00,2096.5,0.0,2013.9,0.0,0.0
2026-03-06 17:41:00,2076.9,0.0,1992.9,0.0,0.0
2026-03-06 17:42:00,2110.2,0.0,2022.7,0.0,0.0
2026-03-06 17:43:00,2093.3,0.0,2010.7,0.0,0.0
2026-03-06 17:44:00,2069.4,0.0,1984.4,0.0,0.0
2026-03-06 17:45:00,2104.9,0.0,2021.0,0.0,0.0
2026-03-06 17:46:00,2106.1,0.0,2033.2,0.0,0.0
2026-03-06 17:47:00,2065.0,0.0,1980.5,0.0,0.0
2026-03-06 17:48:00,2009.9,0.0,1936.5,0.0,0.0
2026-03-06 17:49:00,2022.7,0.0,1939.0,0.0,0.0
2026-03-06 17:50:00,2117.3,0.0,2039.8,0.0,0.0
2026-03-06 17:51:00,2069.0,0.0,1988.6,0.0,0.0
2026-03-06 17:52:00,2098.9,0.0,2016.8,0.0,0.0
2026-03-06 17:53:00,2079.9,0.0,1996.3,0.0,0.0
2026-03-06 17:54:00,2102.8,0.0,2025.0,0.0,0.0
2026-03-06 17:55:00,2069.9,0.0,1988.8,0.0,0.0
2026-03-06 17:56:00,2056.6,0.0,1983.2,0.0,0.0
2026-03-06 17:57:00,2043.9,0.0,1974.6,0.0,0.0
2026-03-06 17:58:00,2081.1,0.0,2000.0,0.0,0.0
2026-03-06 17:59:00,2111.3,0.0,2021.5,0.0,0.0
2026-03-06 18:00:00,2382.2,148.7,2031.3,0.0,126.6
2026-03-06 18:01:00,2378.5,150.5,2027.6,0.0,120.8
2026-03-06 18:02:00,2388.9,159.9,2023.5,0.0,121.2
2026-03-06 18:03:00,2217.7,152.1,1982.8,0.0,0.0
2026-03-06 18:04:00,2346.3,155.0,2004.7,0.0,111.7
2026-03-06 18:05:00,2189.7,152.7,1950.9,0.0,0.0
2026-03-06 18:06:00,2372.0,153.2,2007.6,0.0,127.4
2026-03-06 18:07:00,2266.9,156.0,2024.7,0.0,0.0
2026-03-06 18:08:00,2403.1,149.3,2050.0,0.0,123.1
2026-03-06 18:09:00,2407.7,154.1,2045.9,0.0,121.7
2026-03-06 18:10:00,2338.3,148.0,1991.6,0.0,117.4
2026-03-06 18:11:00,2211.1,148.3,1978.1,0.0,0.0
2026-03-06 18:12:00,2211.5,153.4,1992.9,0.0,0.0
2026-03-06 18:13:00,2405.7,147.3,2054.5,0.0,126.7
2026-03-06 18:14:00,2242.1,137.3,2024.9,0.0,0.0
2026-03-06 18:15:00,2371.5,149.1,2021.7,0.0,121.1
2026-03-06 18:16:00,2393.4,156.7,2022.9,0.0,127.9
2026-03-06 18:17:00,2238.1,145.2,2010.2,0.0,0.0
2026-03-06 18:18:00,2351.8,153.1,2001.3,0.0,123.7
2026-03-06 18:19:00,2276.3,148.4,1931.0,0.0,116.0
2026-03-06 18:20:00,2223.6,142.7,2015.1,0.0,0.0
2026-03-06 18:21:00,2245.0,148.6,2017.5,0.0,0.0
2026-03-06 18:22:00,2384.3,138.8,2029.5,0.0,128.6
2026-03-06 18:23:00,2355.5,156.0,2001.4,0.0,119.2
2026-03-06 18:24:00,2222.6,148.2,1990.2,0.0,0.0
2026-03-06 18:25:00,2345.0,152.0,1998.4,0.0,117.6
2026-03-06 18:26:00,2338.4,150.0,1989.1,0.0,115.6
2026-03-06 18:27:00,2367.3,142.7,2033.3,0.0,115.9
2026-03-06 18:28:00,2323.0,148.1,1987.5,0.0,119.3
2026-03-06 18:29:00,2363.8,155.9,1999.7,0.0,127.0
2026-03-06 18:30:00,2256.6,154.0,2024.3,0.0,0.0
2026-03-06 18:31:00,2240.1,148.1,2011.4,0.0,0.0
2026-03-06 18:32:00,2376.0,146.4,2031.4,0.0,120.0
2026-03-06 18:33:00,2215.2,149.6,1980.4,0.0,0.0
2026-03-06 18:34:00,2343.2,143.5,1996.1,0.0,120.3
2026-03-06 18:35:00,2229.9,0.0,2038.4,0.0,112.2
2026-03-06 18:36:00,2181.4,0.0,1983.7,0.0,111.9
2026-03-06 18:37:00,2222.3,0.0,2011.5,0.0,122.6
2026-03-06 18:38:00,2049.8,0.0,1976.2,0.0,0.0
2026-03-06 18:39:00,2072.3,0.0,2001.6,0.0,0.0
2026-03-06 18:40:00,2190.5,0.0,1989.8,0.0,118.6
2026-03-06 18:41:00,2233.6,0.0,2028.9,0.0,125.6
2026-03-06 18:42:00,2074.6,0.0,1995.3,0.0,0.0
2026-03-06 18:43:00,2134.2,0.0,2056.2,0.0,0.0
2026-03-06 18:44:00,2152.0,0.0,2057.8,0.0,0.0
2026-03-06 18:45:00,2145.3,0.0,1947.2,0.0,113.8
2026-03-06 18:46:00,2190.9,0.0,1986.1,0.0,117.4
2026-03-06 18:47:00,2075.0,0.0,1988.3,0.0,0.0
2026-03-06 18:48:00,2120.3,0.0,2045.9,0.0,0.0
2026-03-06 18:49:00,2189.1,0.0,1980.9,0.0,124.9
2026-03-06 18:50:00,2055.9,0.0,1979.8,0.0,0.0
2026-03-06 18:51:00,2244.1,0.0,2048.2,0.0,117.7
2026-03-06 18:52:00,2174.0,0.0,1975.0,0.0,122.4
2026-03-06 18:53:00,2071.3,0.0,1992.6,0.0,0.0
2026-03-06 18:54:00,2070.2,0.0,1981.8,0.0,0.0
2026-03-06 18:55:00,2026.9,0.0,1949.7,0.0,0.0
2026-03-06 18:56:00,2085.5,0.0,1991.9,0.0,0.0
2026-03-06 18:57:00,2194.1,0.0,1987.3,0.0,121.4
2026-03-06 18:58:00,2096.9,0.0,2015.6,0.0,0.0
2026-03-06 18:59:00,2244.7,0.0,2029.1,0.0,129.0
2026-03-06 19:00:00,2171.9,145.8,1941.7,0.0,0.0
2026-03-06 19:01:00,2202.0,146.3,1973.0,0.0,0.0
2026-03-06 19:02:00,2310.8,150.8,1960.1,0.0,120.3
2026-03-06 19:03:00,2218.5,142.9,1998.7,0.0,0.0
2026-03-06 19:04:00,2350.0,153.7,1994.3,0.0,115.2
2026-03-06 19:05:00,2331.9,143.5,1996.5,0.0,116.4
2026-03-06 19:06:00,2408.3,161.1,2053.8,0.0,111.1
2026-03-06 19:07:00,2228.3,149.3,1994.6,0.0,0.0
2026-03-06 19:08:00,2251.1,150.4,2008.2,0.0,0.0
2026-03-06 19:09:00,2310.0,141.8,1965.9,0.0,121.1
2026-03-06 19:10:00,2337.0,151.4,1988.6,0.0,114.4
2026-03-06 19:11:00,2427.6,140.6,2077.0,0.0,125.6
2026-03-06 19:12:00,2356.4,154.1,2005.4,0.0,114.5
2026-03-06 19:13:00,2302.9,146.8,1957.4,0.0,122.4
2026-03-06 19:14:00,2347.3,151.2,2000.2,0.0,122.0
2026-03-06 19:15:00,2223.3,152.5,1989.7,0.0,0.0
2026-03-06 19:16:00,2421.3,154.6,2058.8,0.0,124.5
2026-03-06 19:17:00,2385.0,156.6,2019.8,0.0,120.3
2026-03-06 19:18:00,2389.4,155.5,2043.3,0.0,122.5
2026-03-06 19:19:00,2326.2,153.6,1962.4,0.0,125.7
2026-03-06 19:20:00,2218.2,147.0,1997.5,0.0,0.0
2026-03-06 19:21:00,2234.7,144.4,2012.3,0.0,0.0
2026-03-06 19:22:00,2229.6,153.7,1990.6,0.0,0.0
2026-03-06 19:23:00,2345.5,151.6,1997.8,0.0,114.0
2026-03-06 19:24:00,2197.0,147.4,1956.8,0.0,0.0
2026-03-06 19:25:00,2342.4,149.7,1993.4,0.0,120.6
2026-03-06 19:26:00,2336.5,154.6,1972.3,0.0,129.0
2026-03-06 19:27:00,2320.9,154.4,1979.2,0.0,113.4
2026-03-06 19:28:00,2261.0,147.0,2034.0,0.0,0.0
2026-03-06 19:29:00,2235.7,143.5,2013.3,0.0,0.0
2026-03-06 19:30:00,2369.4,140.5,2034.7,0.0,114.5
2026-03-06 19:31:00,2317.4,147.7,1972.1,0.0,112.6
2026-03-06 19:32:00,2367.2,148.4,2021.3,0.0,124.2
2026-03-06 19:33:00,2188.1,143.5,1969.4,0.0,0.0
2026-03-06 19:34:00,2328.2,155.2,1968.9,0.0,122.2
2026-03-06 19:35:00,2213.6,0.0,2030.0,0.0,110.8
2026-03-06 19:36:00,2075.6,0.0,2001.9,0.0,0.0
2026-03-06 19:37:00,2140.1,0.0,2054.9,0.0,0.0
2026-03-06 19:38:00,2178.0,0.0,1985.5,0.0,119.4
2026-03-06 19:39:00,2087.6,0.0,2010.3,0.0,0.0
2026-03-06 19:40:00,2210.5,0.0,2015.1,0.0,116.5
2026-03-06 19:41:00,2257.0,0.0,2053.1,0.0,120.0
2026-03-06 19:42:00,2212.4,0.0,2022.2,0.0,116.6
2026-03-06 19:43:00,2194.1,0.0,1994.9,0.0,113.6
2026-03-06 19:44:00,2212.7,0.0,2007.6,0.0,117.4
2026-03-06 19:45:00,2200.2,0.0,1999.4,0.0,119.4
2026-03-06 19:46:00,2059.7,0.0,1977.0,0.0,0.0
2026-03-06 19:47:00,2151.8,0.0,1950.2,0.0,113.4
2026-03-06 19:48:00,2100.5,0.0,2006.4,0.0,0.0
2026-03-06 19:49:00,2218.7,0.0,1992.3,0.0,131.9
2026-03-06 19:50:00,2076.6,0.0,1999.3,0.0,0.0
2026-03-06 19:51:00,2189.8,0.0,1989.9,0.0,120.7
2026-03-06 19:52:00,2022.4,0.0,1938.2,0.0,0.0
2026-03-06 19:53:00,2114.8,0.0,2019.2,0.0,0.0
2026-03-06 19:54:00,2179.7,0.0,1975.4,0.0,122.0
2026-03-06 19:55:00,2164.0,0.0,1957.6,0.0,130.1
2026-03-06 19:56:00,2199.1,0.0,1984.4,0.0,130.7
2026-03-06 19:57:00,2130.6,0.0,2057.6,0.0,0.0
2026-03-06 19:58:00,2213.8,0.0,2012.1,0.0,123.1
2026-03-06 19:59:00,2067.6,0.0,1982.1,0.0,0.0
2026-03-06 20:00:00,2188.8,154.8,1959.4,0.0,0.0
2026-03-06 20:01:00,2363.5,147.0,2014.1,0.0,119.8
2026-03-06 20:02:00,2420.7,144.3,2066.4,0.0,124.8
2026-03-06 20:03:00,2360.5,151.3,2011.9,0.0,121.5
2026-03-06 20:04:00,2208.5,146.9,1985.0,0.0,0.0
2026-03-06 20:05:00,2332.5,150.2,1971.7,0.0,128.5
2026-03-06 20:06:00,2314.0,151.3,1967.1,0.0,118.4
2026-03-06 20:07:00,2263.7,162.0,2025.9,0.0,0.0
2026-03-06 20:08:00,2313.7,154.6,1955.6,0.0,125.5
2026-03-06 20:09:00,2269.8,151.3,1918.3,0.0,122.3
2026-03-06 20:10:00,2368.7,150.5,2012.0,0.0,121.9
2026-03-06 20:11:00,2329.9,151.7,1974.2,0.0,124.5
2026-03-06 20:12:00,2331.3,152.4,1987.0,0.0,122.4
2026-03-06 20:13:00,2274.6,147.0,2046.1,0.0,0.0
2026-03-06 20:14:00,2331.8,152.6,1983.4,0.0,123.6
2026-03-06 20:15:00,2352.4,146.6,1998.5,0.0,125.7
2026-03-06 20:16:00,2235.7,147.2,2007.9,0.0,0.0
2026-03-06 20:17:00,2214.9,149.6,1988.0,0.0,0.0
2026-03-06 20:18:00,2204.1,155.0,1970.0,0.0,0.0
2026-03-06 20:19:00,2243.3,154.1,2018.6,0.0,0.0
2026-03-06 20:20:00,2179.9,135.5,1969.0,0.0,0.0
2026-03-06 20:21:00,2385.2,156.0,2017.8,0.0,128.4
2026-03-06 20:22:00,2336.7,150.3,1997.5,0.0,115.1
2026-03-06 20:23:00,2283.1,150.4,2058.1,0.0,0.0
2026-03-06 20:24:00,2358.2,157.2,1997.1,0.0,126.0
2026-03-06 20:25:00,2211.7,146.5,1986.4,0.0,0.0
2026-03-06 20:26:00,2244.4,144.9,2023.7,0.0,0.0
2026-03-06 20:27:00,2319.9,140.3,1982.1,0.0,115.8
2026-03-06 20:28:00,2343.6,144.2,2001.4,0.0,111.6
2026-03-06 20:29:00,2343.4,154.0,1991.2,0.0,122.8
2026-03-06 20:30:00,2180.4,146.0,1947.4,0.0,0.0
2026-03-06 20:31:00,2254.3,144.9,2018.4,0.0,0.0
2026-03-06 20:32:00,2328.5,151.9,1976.8,0.0,113.4
2026-03-06 20:33:00,2355.0,145.0,2023.7,0.0,114.2
2026-03-06 20:34:00,2370.5,146.2,2005.5,0.0,129.4
2026-03-06 20:35:00,2148.5,0.0,1960.4,0.0,113.8
2026-03-06 20:36:00,2117.7,0.0,2029.4,0.0,0.0
2026-03-06 20:37:00,2144.8,0.0,2066.4,0.0,0.0
2026-03-06 20:38:00,2258.0,0.0,2055.0,0.0,121.7
2026-03-06 20:39:00,2169.8,0.0,1979.6,0.0,110.1
2026-03-06 20:40:00,2144.1,0.0,2069.5,0.0,0.0
2026-03-06 20:41:00,2184.0,0.0,1982.0,0.0,121.9
2026-03-06 20:42:00,2104.3,0.0,2029.8,0.0,0.0
2026-03-06 20:43:00,2208.7,0.0,1999.4,0.0,119.2
2026-03-06 20:44:00,2038.6,0.0,1954.1,0.0,0.0
2026-03-06 20:45:00,2066.2,0.0,1981.8,0.0,0.0
2026-03-06 20:46:00,2179.1,0.0,1990.2,0.0,114.4
2026-03-06 20:47:00,2220.7,0.0,2026.7,0.0,116.0
2026-03-06 20:48:00,2089.6,0.0,2004.9,0.0,0.0
2026-03-06 20:49:00,2045.0,0.0,1965.5,0.0,0.0
2026-03-06 20:50:00,2185.1,0.0,1982.1,0.0,125.1
2026-03-06 20:51:00,2039.2,0.0,1960.7,0.0,0.0
2026-03-06 20:52:00,2191.5,0.0,1983.8,0.0,121.1
2026-03-06 20:53:00,2205.7,0.0,2007.4,0.0,120.6
2026-03-06 20:54:00,2210.1,0.0,2011.2,0.0,122.9
2026-03-06 20:55:00,2181.3,0.0,1987.1,0.0,119.8
2026-03-06 20:56:00,2113.0,0.0,2038.8,0.0,0.0
2026-03-06 20:57:00,2243.8,0.0,2055.2,0.0,110.1
2026-03-06 20:58:00,2150.8,0.0,1957.2,0.0,118.6
2026-03-06 20:59:00,2157.9,0.0,1959.3,0.0,112.2
2026-03-06 21:00:00,2303.7,139.4,1963.3,0.0,122.5
2026-03-06 21:01:00,2367.8,146.6,2019.5,0.0,122.3
2026-03-06 21:02:00,2263.3,153.0,2039.2,0.0,0.0
2026-03-06 21:03:00,2360.0,154.8,2006.6,0.0,121.1
2026-03-06 21:04:00,2377.5,151.3,2036.4,0.0,117.7
2026-03-06 21:05:00,2242.4,147.0,2018.5,0.0,0.0
2026-03-06 21:06:00,2336.6,149.5,1989.2,0.0,114.7
2026-03-06 21:07:00,2315.9,143.4,1970.5,0.0,122.2
2026-03-06 21:08:00,2234.1,144.9,2008.0,0.0,0.0
2026-03-06 21:09:00,2350.2,150.9,1991.6,0.0,125.3
2026-03-06 21:10:00,2231.5,149.8,2007.2,0.0,0.0
2026-03-06 21:11:00,2279.0,153.3,2037.8,0.0,0.0
2026-03-06 21:12:00,2333.5,150.7,1983.9,0.0,117.1
2026-03-06 21:13:00,2203.8,152.7,1963.5,0.0,0.0
2026-03-06 21:14:00,2245.1,149.3,2018.0,0.0,0.0
2026-03-06 21:15:00,2384.3,152.8,2034.7,0.0,123.0
2026-03-06 21:16:00,2264.0,161.9,2028.2,0.0,0.0
2026-03-06 21:17:00,2341.2,145.0,1993.9,0.0,125.5
2026-03-06 21:18:00,2411.4,150.5,2065.1,0.0,111.6
2026-03-06 21:19:00,2349.4,147.6,1999.1,0.0,117.7
2026-03-06 21:20:00,2311.7,152.3,1960.9,0.0,119.3
2026-03-06 21:21:00,2335.6,152.1,1999.0,0.0,110.8
2026-03-06 21:22:00,2388.0,145.9,2035.7,0.0,120.1
2026-03-06 21:23:00,2393.2,150.7,2041.8,0.0,122.3
2026-03-06 21:24:00,2445.7,150.9,2096.3,0.0,108.5
2026-03-06 21:25:00,2332.4,149.4,1987.0,0.0,108.6
2026-03-06 21:26:00,2294.8,151.5,2061.3,0.0,0.0
2026-03-06 21:27:00,2341.9,156.7,1982.2,0.0,131.0
2026-03-06 21:28:00,2249.9,152.9,2012.1,0.0,0.0
2026-03-06 21:29:00,2330.7,148.7,1990.1,0.0,114.8
2026-03-06 21:30:00,2296.0,151.2,1954.2,0.0,116.8
2026-03-06 21:31:00,2273.3,159.8,2040.6,0.0,0.0
2026-03-06 21:32:00,2392.1,147.0,2040.7,0.0,116.0
2026-03-06 21:33:00,2233.8,155.5,1987.9,0.0,0.0
2026-03-06 21:34:00,2353.3,146.7,2004.5,0.0,118.8
2026-03-06 21:35:00,2253.6,0.0,2064.4,0.0,120.8
2026-03-06 21:36:00,2080.2,0.0,1994.7,0.0,0.0
2026-03-06 21:37:00,2174.2,0.0,1974.5,0.0,121.1
2026-03-06 21:38:00,2189.5,0.0,1991.5,0.0,115.3
2026-03-06 21:39:00,2078.9,0.0,1994.4,0.0,0.0
2026-03-06 21:40:00,2151.1,0.0,1955.9,0.0,116.4
2026-03-06 21:41:00,2180.4,0.0,1983.0,0.0,118.2
2026-03-06 21:42:00,2203.8,0.0,2022.7,0.0,112.5
2026-03-06 21:43:00,2074.6,0.0,1985.3,0.0,0.0
2026-03-06 21:44:00,2101.3,0.0,2019.0,0.0,0.0
2026-03-06 21:45:00,2209.9,0.0,2013.6,0.0,121.3
2026-03-06 21:46:00,2162.0,0.0,1970.1,0.0,122.5
2026-03-06 21:47:00,2200.2,0.0,1993.0,0.0,127.8
2026-03-06 21:48:00,2197.8,0.0,1985.3,0.0,131.2
2026-03-06 21:49:00,2173.2,0.0,1966.1,0.0,120.2
2026-03-06 21:50:00,2137.9,0.0,1951.3,0.0,117.5
2026-03-06 21:51:00,2205.7,0.0,2008.6,0.0,113.3
2026-03-06 21:52:00,2057.3,0.0,1979.9,0.0,0.0
2026-03-06 21:53:00,2077.1,0.0,2000.0,0.0,0.0
2026-03-06 21:54:00,2142.4,0.0,1942.7,0.0,116.1
2026-03-06 21:55:00,2153.5,0.0,1957.1,0.0,124.5
2026-03-06 21:56:00,2083.8,0.0,2002.5,0.0,0.0
2026-03-06 21:57:00,2113.1,0.0,2035.9,0.0,0.0
2026-03-06 21:58:00,2210.9,0.0,2023.5,0.0,113.6
2026-03-06 21:59:00,2227.7,0.0,2037.0,0.0,116.6
2026-03-06 22:00:00,2373.1,154.4,2004.2,0.0,126.0
2026-03-06 22:01:00,2212.6,147.3,1980.4,0.0,0.0
2026-03-06 22:02:00,2339.8,145.4,2012.4,0.0,119.1
2026-03-06 22:03:00,2257.5,148.6,2016.8,0.0,0.0
2026-03-06 22:04:00,2297.3,144.8,1955.3,0.0,111.5
2026-03-06 22:05:00,2340.0,139.3,2001.0,0.0,114.3
2026-03-06 22:06:00,2309.7,151.7,1965.4,0.0,113.7
2026-03-06 22:07:00,2259.0,152.0,2027.0,0.0,0.0
2026-03-06 22:08:00,2255.6,153.1,2021.7,0.0,0.0
2026-03-06 22:09:00,2184.9,145.7,1957.4,0.0,0.0
2026-03-06 22:10:00,2226.4,149.7,2000.4,0.0,0.0
2026-03-06 22:11:00,2272.4,143.9,2048.9,0.0,0.0
2026-03-06 22:12:00,2320.6,142.6,1975.2,0.0,125.7
2026-03-06 22:13:00,2369.2,152.1,2025.8,0.0,119.2
2026-03-06 22:14:00,2289.6,140.9,1961.9,0.0,118.6
2026-03-06 22:15:00,2183.4,148.1,1951.4,0.0,0.0
2026-03-06 22:16:00,2255.6,161.4,2021.2,0.0,0.0
2026-03-06 22:17:00,2367.3,155.8,2016.7,0.0,113.9
2026-03-06 22:18:00,2349.0,153.1,1996.9,0.0,120.6
2026-03-06 22:19:00,2190.5,152.8,1955.6,0.0,0.0
2026-03-06 22:20:00,2336.7,148.8,1986.2,0.0,113.5
2026-03-06 22:21:00,2334.4,146.9,1990.6,0.0,122.5
2026-03-06 22:22:00,2222.5,159.7,1990.8,0.0,0.0
2026-03-06 22:23:00,2354.1,148.9,2014.3,0.0,117.3
2026-03-06 22:24:00,2392.9,146.9,2030.3,0.0,127.6
2026-03-06 22:25:00,2333.8,153.1,1992.8,0.0,119.3
2026-03-06 22:26:00,2409.3,149.6,2045.7,0.0,113.0
2026-03-06 22:27:00,2252.0,156.3,2018.1,0.0,0.0
2026-03-06 22:28:00,2237.3,146.8,2009.3,0.0,0.0
2026-03-06 22:29:00,2213.6,145.8,1994.6,0.0,0.0
2026-03-06 22:30:00,2253.2,147.9,2025.1,0.0,0.0
2026-03-06 22:31:00,2341.2,157.8,1991.0,0.0,116.7
2026-03-06 22:32:00,2369.9,154.5,2016.4,0.0,120.5
2026-03-06 22:33:00,2254.1,151.2,2020.7,0.0,0.0
2026-03-06 22:34:00,2366.9,150.4,2022.8,0.0,116.7
2026-03-06 22:35:00,2045.0,0.0,1969.7,0.0,0.0
2026-03-06 22:36:00,2182.7,0.0,1977.5,0.0,115.9
2026-03-06 22:37:00,2150.4,0.0,1951.5,0.0,121.1
2026-03-06 22:38:00,2067.1,0.0,1984.2,0.0,0.0
2026-03-06 22:39:00,2216.5,0.0,2020.1,0.0,121.7
2026-03-06 22:40:00,2077.6,0.0,1999.6,0.0,0.0
2026-03-06 22:41:00,2187.3,0.0,1980.3,0.0,119.3
2026-03-06 22:42:00,2088.0,0.0,2003.4,0.0,0.0
2026-03-06 22:43:00,2071.7,0.0,1986.0,0.0,0.0
2026-03-06 22:44:00,2169.7,0.0,1969.5,0.0,124.0
2026-03-06 22:45:00,2226.5,0.0,2023.4,0.0,119.1
2026-03-06 22:46:00,2046.6,0.0,1974.1,0.0,0.0
2026-03-06 22:47:00,2208.1,0.0,1999.2,0.0,124.8
2026-03-06 22:48:00,2098.6,0.0,2011.2,0.0,0.0
2026-03-06 22:49:00,2222.6,0.0,2028.7,0.0,114.6
2026-03-06 22:50:00,2188.1,0.0,1993.6,0.0,114.5
2026-03-06 22:51:00,2114.1,0.0,2033.6,0.0,0.0
2026-03-06 22:52:00,2095.4,0.0,2010.8,0.0,0.0
2026-03-06 22:53:00,2036.5,0.0,1961.9,0.0,0.0
2026-03-06 22:54:00,2202.6,0.0,2013.7,0.0,117.1
2026-03-06 22:55:00,2171.7,0.0,1961.9,0.0,121.7
2026-03-06 22:56:00,2218.2,0.0,2004.4,0.0,130.9
2026-03-06 22:57:00,2080.3,0.0,1994.5,0.0,0.0
2026-03-06 22:58:00,2088.7,0.0,2008.3,0.0,0.0
2026-03-06 22:59:00,2194.4,0.0,1991.7,0.0,116.8
2026-03-06 23:00:00,2253.4,146.9,2028.0,0.0,0.0
2026-03-06 23:01:00,2218.2,144.6,1994.9,0.0,0.0
2026-03-06 23:02:00,2173.6,153.7,1942.3,0.0,0.0
2026-03-06 23:03:00,2238.6,147.5,2003.4,0.0,0.0
2026-03-06 23:04:00,2165.5,148.2,1936.1,0.0,0.0
2026-03-06 23:05:00,2200.1,148.9,1960.3,0.0,0.0
2026-03-06 23:06:00,2199.3,146.8,1977.9,0.0,0.0
2026-03-06 23:07:00,2220.8,148.0,1991.0,0.0,0.0
2026-03-06 23:08:00,2212.4,139.3,1984.2,0.0,0.0
2026-03-06 23:09:00,2241.0,149.6,2007.8,0.0,0.0
2026-03-06 23:10:00,2236.9,153.2,2000.6,0.0,0.0
2026-03-06 23:11:00,2270.3,159.3,2033.0,0.0,0.0
2026-03-06 23:12:00,2259.9,150.4,2026.4,0.0,0.0
2026-03-06 23:13:00,2235.2,154.2,2001.7,0.0,0.0
2026-03-06 23:14:00,2264.4,146.6,2041.1,0.0,0.0
2026-03-06 23:15:00,2270.9,157.3,2025.0,0.0,0.0
2026-03-06 23:16:00,2225.4,161.1,1985.7,0.0,0.0
2026-03-06 23:17:00,2218.3,151.8,1997.6,0.0,0.0
2026-03-06 23:18:00,2276.9,148.5,2051.8,0.0,0.0
2026-03-06 23:19:00,2225.2,150.4,1987.5,0.0,0.0
2026-03-06 23:20:00,2177.4,157.8,1946.3,0.0,0.0
2026-03-06 23:21:00,2224.7,144.1,1989.8,0.0,0.0
2026-03-06 23:22:00,2253.2,156.5,2021.2,0.0,0.0
2026-03-06 23:23:00,2244.2,145.3,2019.1,0.0,0.0
2026-03-06 23:24:00,2228.6,146.1,2002.0,0.0,0.0
2026-03-06 23:25:00,2214.7,151.5,1988.1,0.0,0.0
2026-03-06 23:26:00,2199.8,153.4,1962.5,0.0,0.0
2026-03-06 23:27:00,2249.1,154.9,2018.7,0.0,0.0
2026-03-06 23:28:00,2260.3,157.2,2027.5,0.0,0.0
2026-03-06 23:29:00,2190.7,144.6,1959.7,0.0,0.0
2026-03-06 23:30:00,2193.9,150.6,1965.8,0.0,0.0
2026-03-06 23:31:00,2239.9,154.0,1994.8,0.0,0.0
2026-03-06 23:32:00,2239.1,151.5,2007.4,0.0,0.0
2026-03-06 23:33:00,2235.6,155.7,2000.8,0.0,0.0
2026-03-06 23:34:00,2220.3,150.4,1980.8,0.0,0.0
2026-03-06 23:35:00,2079.9,0.0,1985.2,0.0,0.0
2026-03-06 23:36:00,2035.2,0.0,1954.8,0.0,0.0
2026-03-06 23:37:00,2026.2,0.0,1946.7,0.0,0.0
2026-03-06 23:38:00,2065.4,0.0,1987.4,0.0,0.0
2026-03-06 23:39:00,2035.5,0.0,1955.3,0.0,0.0
2026-03-06 23:40:00,2064.3,0.0,1981.3,0.0,0.0
2026-03-06 23:41:00,2066.1,0.0,1988.4,0.0,0.0
2026-03-06 23:42:00,2090.0,0.0,2007.7,0.0,0.0
2026-03-06 23:43:00,2108.2,0.0,2036.0,0.0,0.0
2026-03-06 23:44:00,2081.4,0.0,2010.5,0.0,0.0
2026-03-06 23:45:00,2143.7,0.0,2059.9,0.0,0.0
2026-03-06 23:46:00,2037.9,0.0,1961.1,0.0,0.0
2026-03-06 23:47:00,2027.4,0.0,1950.0,0.0,0.0
2026-03-06 23:48:00,2069.5,0.0,1988.3,0.0,0.0
2026-03-06 23:49:00,2044.9,0.0,1961.7,0.0,0.0
2026-03-06 23:50:00,2045.2,0.0,1959.5,0.0,0.0
2026-03-06 23:51:00,2103.8,0.0,2023.3,0.0,0.0
2026-03-06 23:52:00,2144.5,0.0,2063.8,0.0,0.0
2026-03-06 23:53:00,2113.8,0.0,2040.6,0.0,0.0
2026-03-06 23:54:00,2060.7,0.0,1981.0,0.0,0.0
2026-03-06 23:55:00,2051.2,0.0,1985.2,0.0,0.0
2026-03-06 23:56:00,2069.0,0.0,1994.8,0.0,0.0
2026-03-06 23:57:00,2077.0,0.0,1992.6,0.0,0.0
2026-03-06 23:58:00,2090.5,0.0,2007.1,0.0,0.0
2026-03-06 23:59:00,2062.8,0.0,1980.6,0.0,0.0
2026-03-07 00:00:00,2240.0,153.5,1999.2,0.0,0.0
2026-03-07 00:01:00,2241.2,149.6,2004.9,0.0,0.0
2026-03-07 00:02:00,2190.9,154.0,1956.4,0.0,0.0
2026-03-07 00:03:00,2181.4,144.2,1960.3,0.0,0.0
2026-03-07 00:04:00,2279.1,144.2,2052.8,0.0,0.0
2026-03-07 00:05:00,2192.2,159.6,1952.4,0.0,0.0
2026-03-07 00:06:00,2226.4,153.3,1996.3,0.0,0.0
2026-03-07 00:07:00,2241.4,144.9,2014.5,0.0,0.0
2026-03-07 00:08:00,2310.7,142.2,2090.6,0.0,0.0
2026-03-07 00:09:00,2265.9,149.6,2038.1,0.0,0.0
2026-03-07 00:10:00,2224.5,145.0,1996.0,0.0,0.0
2026-03-07 00:11:00,2189.7,156.6,1954.6,0.0,0.0
2026-03-07 00:12:00,2239.9,140.6,2015.2,0.0,0.0
2026-03-07 00:13:00,2269.3,156.1,2029.5,0.0,0.0
2026-03-07 00:14:00,2197.8,145.0,1971.1,0.0,0.0
2026-03-07 00:15:00,2236.1,143.9,2011.7,0.0,0.0
2026-03-07 00:16:00,2213.3,150.3,1981.4,0.0,0.0
2026-03-07 00:17:00,2214.5,143.8,1994.7,0.0,0.0
2026-03-07 00:18:00,2177.3,147.1,1954.1,0.0,0.0
2026-03-07 00:19:00,2247.4,147.3,2017.4,0.0,0.0
2026-03-07 00:20:00,2171.9,138.0,1945.4,0.0,0.0
2026-03-07 00:21:00,2272.3,144.1,2043.4,0.0,0.0
2026-03-07 00:22:00,2237.7,151.7,2005.3,0.0,0.0
2026-03-07 00:23:00,2190.5,139.7,1976.9,0.0,0.0
2026-03-07 00:24:00,2239.0,143.2,2025.5,0.0,0.0
2026-03-07 00:25:00,2219.5,145.4,1999.1,0.0,0.0
2026-03-07 00:26:00,2186.3,154.5,1947.8,0.0,0.0
2026-03-07 00:27:00,2219.7,154.5,1987.4,0.0,0.0
2026-03-07 00:28:00,2261.1,157.4,2010.8,0.0,0.0
2026-03-07 00:29:00,2210.7,145.2,1982.0,0.0,0.0
2026-03-07 00:30:00,2196.8,154.0,1960.5,0.0,0.0
2026-03-07 00:31:00,2261.4,151.1,2040.9,0.0,0.0
2026-03-07 00:32:00,2211.6,143.5,1970.8,0.0,0.0
2026-03-07 00:33:00,2221.9,152.5,1996.7,0.0,0.0
2026-03-07 00:34:00,2180.8,149.9,1945.8,0.0,0.0
2026-03-07 00:35:00,2124.8,0.0,2042.3,0.0,0.0
2026-03-07 00:36:00,2020.6,0.0,1940.4,0.0,0.0
2026-03-07 00:37:00,2047.1,0.0,1972.3,0.0,0.0
2026-03-07 00:38:00,2117.9,0.0,2044.4,0.0,0.0
2026-03-07 00:39:00,2036.2,0.0,1948.2,0.0,0.0
2026-03-07 00:40:00,2103.1,0.0,2022.4,0.0,0.0
2026-03-07 00:41:00,75.8,0.0,0.0,0.0,0.0
2026-03-07 00:42:00,2085.4,0.0,2000.5,0.0,0.0
2026-03-07 00:43:00,2100.6,0.0,2025.8,0.0,0.0
2026-03-07 00:44:00,2074.5,0.0,2004.6,0.0,0.0
2026-03-07 00:45:00,2088.1,0.0,2003.2,0.0,0.0
2026-03-07 00:46:00,81.0,0.0,0.0,0.0,0.0
2026-03-07 00:47:00,64.8,0.0,0.0,0.0,0.0
2026-03-07 00:48:00,80.2,0.0,0.0,0.0,0.0
2026-03-07 00:49:00,80.9,0.0,0.0,0.0,0.0
2026-03-07 00:50:00,75.1,0.0,0.0,0.0,0.0
2026-03-07 00:51:00,85.6,0.0,0.0,0.0,0.0
2026-03-07 00:52:00,2038.5,0.0,1964.8,0.0,0.0
2026-03-07 00:53:00,2125.5,0.0,2038.2,0.0,0.0
2026-03-07 00:54:00,2051.7,0.0,1978.6,0.0,0.0
2026-03-07 00:55:00,2083.4,0.0,2014.2,0.0,0.0
2026-03-07 00:56:00,79.1,0.0,0.0,0.0,0.0
2026-03-07 00:57:00,87.2,0.0,0.0,0.0,0.0
2026-03-07 00:58:00,2055.0,0.0,1978.2,0.0,0.0
2026-03-07 00:59:00,2114.3,0.0,2038.2,0.0,0.0
2026-03-07 01:00:00,2217.2,145.9,1991.6,0.0,0.0
2026-03-07 01:01:00,2250.6,150.6,2010.5,0.0,0.0
2026-03-07 01:02:00,2237.8,152.7,2003.8,0.0,0.0
2026-03-07 01:03:00,2239.2,161.6,2000.3,0.0,0.0
2026-03-07 01:04:00,239.0,155.9,0.0,0.0,0.0
2026-03-07 01:05:00,230.2,146.6,0.0,0.0,0.0
2026-03-07 01:06:00,222.5,151.0,0.0,0.0,0.0
2026-03-07 01:07:00,229.0,150.5,0.0,0.0,0.0
2026-03-07 01:08:00,225.7,146.6,0.0,0.0,0.0
2026-03-07 01:09:00,2247.2,152.9,2004.2,0.0,0.0
2026-03-07 01:10:00,229.6,151.3,0.0,0.0,0.0
2026-03-07 01:11:00,227.7,147.7,0.0,0.0,0.0
2026-03-07 01:12:00,233.4,146.5,0.0,0.0,0.0
2026-03-07 01:13:00,229.9,153.5,0.0,0.0,0.0
2026-03-07 01:14:00,225.8,149.4,0.0,0.0,0.0
2026-03-07 01:15:00,2177.8,155.9,1940.8,0.0,0.0
2026-03-07 01:16:00,239.8,154.3,0.0,0.0,0.0
2026-03-07 01:17:00,227.5,143.9,0.0,0.0,0.0
2026-03-07 01:18:00,221.0,139.5,0.0,0.0,0.0
2026-03-07 01:19:00,225.8,150.2,0.0,0.0,0.0
2026-03-07 01:20:00,226.3,146.6,0.0,0.0,0.0
2026-03-07 01:21:00,224.9,144.8,0.0,0.0,0.0
2026-03-07 01:22:00,226.3,146.4,0.0,0.0,0.0
2026-03-07 01:23:00,239.9,157.2,0.0,0.0,0.0
2026-03-07 01:24:00,2237.7,148.9,2001.3,0.0,0.0
2026-03-07 01:25:00,244.8,159.5,0.0,0.0,0.0
2026-03-07 01:26:00,220.8,153.9,0.0,0.0,0.0
2026-03-07 01:27:00,220.7,141.3,0.0,0.0,0.0
2026-03-07 01:28:00,237.8,152.2,0.0,0.0,0.0
2026-03-07 01:29:00,229.5,157.4,0.0,0.0,0.0
2026-03-07 01:30:00,225.8,141.1,0.0,0.0,0.0
2026-03-07 01:31:00,223.0,143.6,0.0,0.0,0.0
2026-03-07 01:32:00,235.2,149.4,0.0,0.0,0.0
2026-03-07 01:33:00,231.8,147.2,0.0,0.0,0.0
2026-03-07 01:34:00,247.9,158.5,0.0,0.0,0.0
2026-03-07 01:35:00,83.4,0.0,0.0,0.0,0.0
2026-03-07 01:36:00,87.4,0.0,0.0,0.0,0.0
2026-03-07 01:37:00,87.0,0.0,0.0,0.0,0.0
2026-03-07 01:38:00,74.0,0.0,0.0,0.0,0.0
2026-03-07 01:39:00,78.1,0.0,0.0,0.0,0.0
2026-03-07 01:40:00,73.0,0.0,0.0,0.0,0.0
2026-03-07 01:41:00,82.4,0.0,0.0,0.0,0.0
2026-03-07 01:42:00,88.3,0.0,0.0,0.0,0.0
2026-03-07 01:43:00,84.8,0.0,0.0,0.0,0.0
2026-03-07 01:44:00,70.0,0.0,0.0,0.0,0.0
2026-03-07 01:45:00,83.0,0.0,0.0,0.0,0.0
2026-03-07 01:46:00,76.5,0.0,0.0,0.0,0.0
2026-03-07 01:47:00,76.2,0.0,0.0,0.0,0.0
2026-03-07 01:48:00,74.3,0.0,0.0,0.0,0.0
2026-03-07 01:49:00,77.0,0.0,0.0,0.0,0.0
2026-03-07 01:50:00,68.8,0.0,0.0,0.0,0.0
2026-03-07 01:51:00,88.3,0.0,0.0,0.0,0.0
2026-03-07 01:52:00,81.7,0.0,0.0,0.0,0.0
2026-03-07 01:53:00,84.0,0.0,0.0,0.0,0.0
2026-03-07 01:54:00,69.7,0.0,0.0,0.0,0.0
2026-03-07 01:55:00,75.1,0.0,0.0,0.0,0.0
2026-03-07 01:56:00,80.5,0.0,0.0,0.0,0.0
2026-03-07 01:57:00,76.4,0.0,0.0,0.0,0.0
2026-03-07 01:58:00,72.9,0.0,0.0,0.0,0.0
2026-03-07 01:59:00,79.8,0.0,0.0,0.0,0.0
2026-03-07 02:00:00,230.3,154.6,0.0,0.0,0.0
2026-03-07 02:01:00,226.8,139.5,0.0,0.0,0.0
2026-03-07 02:02:00,201.2,139.4,0.0,0.0,0.0
2026-03-07 02:03:00,238.3,154.2,0.0,0.0,0.0
2026-03-07 02:04:00,236.9,152.0,0.0,0.0,0.0
2026-03-07 02:05:00,218.0,142.1,0.0,0.0,0.0
2026-03-07 02:06:00,230.4,149.9,0.0,0.0,0.0
2026-03-07 02:07:00,223.3,143.8,0.0,0.0,0.0
2026-03-07 02:08:00,235.7,154.1,0.0,0.0,0.0
2026-03-07 02:09:00,223.0,143.4,0.0,0.0,0.0
2026-03-07 02:10:00,230.6,146.9,0.0,0.0,0.0
2026-03-07 02:11:00,228.3,152.4,0.0,0.0,0.0
2026-03-07 02:12:00,230.0,150.3,0.0,0.0,0.0
2026-03-07 02:13:00,241.8,155.3,0.0,0.0,0.0
2026-03-07 02:14:00,232.9,152.2,0.0,0.0,0.0
2026-03-07 02:15:00,225.5,142.5,0.0,0.0,0.0
2026-03-07 02:16:00,223.7,151.2,0.0,0.0,0.0
2026-03-07 02:17:00,219.9,144.4,0.0,0.0,0.0
2026-03-07 02:18:00,229.6,157.3,0.0,0.0,0.0
2026-03-07 02:19:00,234.5,158.0,0.0,0.0,0.0
2026-03-07 02:20:00,225.4,155.8,0.0,0.0,0.0
2026-03-07 02:21:00,237.2,161.1,0.0,0.0,0.0
2026-03-07 02:22:00,226.3,154.1,0.0,0.0,0.0
2026-03-07 02:23:00,226.9,157.5,0.0,0.0,0.0
2026-03-07 02:24:00,234.7,154.8,0.0,0.0,0.0
2026-03-07 02:25:00,236.9,154.5,0.0,0.0,0.0
2026-03-07 02:26:00,232.4,154.4,0.0,0.0,0.0
2026-03-07 02:27:00,236.4,151.5,0.0,0.0,0.0
2026-03-07 02:28:00,243.0,159.1,0.0,0.0,0.0
2026-03-07 02:29:00,221.4,144.6,0.0,0.0,0.0
2026-03-07 02:30:00,224.1,142.2,0.0,0.0,0.0
2026-03-07 02:31:00,233.9,146.2,0.0,0.0,0.0
2026-03-07 02:32:00,244.3,158.0,0.0,0.0,0.0
2026-03-07 02:33:00,235.9,148.7,0.0,0.0,0.0
2026-03-07 02:34:00,221.2,146.0,0.0,0.0,0.0
2026-03-07 02:35:00,77.3,0.0,0.0,0.0,0.0
2026-03-07 02:36:00,80.5,0.0,0.0,0.0,0.0
2026-03-07 02:37:00,79.6,0.0,0.0,0.0,0.0
2026-03-07 02:38:00,73.8,0.0,0.0,0.0,0.0
2026-03-07 02:39:00,81.6,0.0,0.0,0.0,0.0
2026-03-07 02:40:00,77.1,0.0,0.0,0.0,0.0
2026-03-07 02:41:00,87.3,0.0,0.0,0.0,0.0
2026-03-07 02:42:00,81.3,0.0,0.0,0.0,0.0
2026-03-07 02:43:00,76.2,0.0,0.0,0.0,0.0
2026-03-07 02:44:00,78.1,0.0,0.0,0.0,0.0
2026-03-07 02:45:00,88.4,0.0,0.0,0.0,0.0
2026-03-07 02:46:00,69.1,0.0,0.0,0.0,0.0
2026-03-07 02:47:00,76.5,0.0,0.0,0.0,0.0
2026-03-07 02:48:00,75.3,0.0,0.0,0.0,0.0
2026-03-07 02:49:00,86.5,0.0,0.0,0.0,0.0
2026-03-07 02:50:00,78.4,0.0,0.0,0.0,0.0
2026-03-07 02:51:00,74.7,0.0,0.0,0.0,0.0
2026-03-07 02:52:00,77.6,0.0,0.0,0.0,0.0
2026-03-07 02:53:00,85.0,0.0,0.0,0.0,0.0
2026-03-07 02:54:00,78.7,0.0,0.0,0.0,0.0
2026-03-07 02:55:00,83.2,0.0,0.0,0.0,0.0
2026-03-07 02:56:00,76.3,0.0,0.0,0.0,0.0
2026-03-07 02:57:00,78.7,0.0,0.0,0.0,0.0
2026-03-07 02:58:00,78.7,0.0,0.0,0.0,0.0
2026-03-07 02:59:00,80.2,0.0,0.0,0.0,0.0
2026-03-07 03:00:00,228.7,154.2,0.0,0.0,0.0
2026-03-07 03:01:00,233.6,149.3,0.0,0.0,0.0
2026-03-07 03:02:00,226.2,149.0,0.0,0.0,0.0
2026-03-07 03:03:00,232.7,152.6,0.0,0.0,0.0
2026-03-07 03:04:00,235.5,158.5,0.0,0.0,0.0
2026-03-07 03:05:00,224.9,149.6,0.0,0.0,0.0
2026-03-07 03:06:00,223.2,147.2,0.0,0.0,0.0
2026-03-07 03:07:00,226.9,152.4,0.0,0.0,0.0
2026-03-07 03:08:00,215.2,137.7,0.0,0.0,0.0
2026-03-07 03:09:00,236.0,145.8,0.0,0.0,0.0
2026-03-07 03:10:00,220.5,145.1,0.0,0.0,0.0
2026-03-07 03:11:00,228.8,148.3,0.0,0.0,0.0
2026-03-07 03:12:00,226.6,143.2,0.0,0.0,0.0
2026-03-07 03:13:00,230.4,154.3,0.0,0.0,0.0
2026-03-07 03:14:00,219.5,148.5,0.0,0.0,0.0
2026-03-07 03:15:00,228.7,150.8,0.0,0.0,0.0
2026-03-07 03:16:00,226.3,150.1,0.0,0.0,0.0
2026-03-07 03:17:00,217.8,148.5,0.0,0.0,0.0
2026-03-07 03:18:00,234.8,146.8,0.0,0.0,0.0
2026-03-07 03:19:00,231.5,156.5,0.0,0.0,0.0
2026-03-07 03:20:00,225.0,154.2,0.0,0.0,0.0
2026-03-07 03:21:00,237.7,157.6,0.0,0.0,0.0
2026-03-07 03:22:00,224.5,149.3,0.0,0.0,0.0
2026-03-07 03:23:00,228.7,151.5,0.0,0.0,0.0
2026-03-07 03:24:00,238.9,151.9,0.0,0.0,0.0
2026-03-07 03:25:00,226.8,148.4,0.0,0.0,0.0
2026-03-07 03:26:00,230.0,149.9,0.0,0.0,0.0
2026-03-07 03:27:00,233.0,141.9,0.0,0.0,0.0
2026-03-07 03:28:00,225.4,144.1,0.0,0.0,0.0
2026-03-07 03:29:00,216.5,145.4,0.0,0.0,0.0
2026-03-07 03:30:00,227.4,144.3,0.0,0.0,0.0
2026-03-07 03:31:00,236.2,152.2,0.0,0.0,0.0
2026-03-07 03:32:00,234.1,151.9,0.0,0.0,0.0
2026-03-07 03:33:00,237.2,152.1,0.0,0.0,0.0
2026-03-07 03:34:00,215.1,148.8,0.0,0.0,0.0
2026-03-07 03:35:00,89.7,0.0,0.0,0.0,0.0
2026-03-07 03:36:00,70.3,0.0,0.0,0.0,0.0
2026-03-07 03:37:00,76.0,0.0,0.0,0.0,0.0
2026-03-07 03:38:00,82.3,0.0,0.0,0.0,0.0
2026-03-07 03:39:00,73.8,0.0,0.0,0.0,0.0
2026-03-07 03:40:00,78.6,0.0,0.0,0.0,0.0
2026-03-07 03:41:00,75.5,0.0,0.0,0.0,0.0
2026-03-07 03:42:00,72.5,0.0,0.0,0.0,0.0
2026-03-07 03:43:00,85.7,0.0,0.0,0.0,0.0
2026-03-07 03:44:00,81.2,0.0,0.0,0.0,0.0
2026-03-07 03:45:00,73.7,0.0,0.0,0.0,0.0
2026-03-07 03:46:00,86.1,0.0,0.0,0.0,0.0
2026-03-07 03:47:00,86.7,0.0,0.0,0.0,0.0
2026-03-07 03:48:00,73.0,0.0,0.0,0.0,0.0
2026-03-07 03:49:00,82.0,0.0,0.0,0.0,0.0
2026-03-07 03:50:00,83.5,0.0,0.0,0.0,0.0
2026-03-07 03:51:00,87.8,0.0,0.0,0.0,0.0
2026-03-07 03:52:00,81.8,0.0,0.0,0.0,0.0
2026-03-07 03:53:00,78.8,0.0,0.0,0.0,0.0
2026-03-07 03:54:00,82.5,0.0,0.0,0.0,0.0
2026-03-07 03:55:00,90.7,0.0,0.0,0.0,0.0
2026-03-07 03:56:00,75.9,0.0,0.0,0.0,0.0
2026-03-07 03:57:00,82.6,0.0,0.0,0.0,0.0
2026-03-07 03:58:00,81.3,0.0,0.0,0.0,0.0
2026-03-07 03:59:00,82.2,0.0,0.0,0.0,0.0
2026-03-07 04:00:00,222.3,144.6,0.0,0.0,0.0
2026-03-07 04:01:00,235.2,150.2,0.0,0.0,0.0
2026-03-07 04:02:00,233.6,150.9,0.0,0.0,0.0
2026-03-07 04:03:00,225.7,146.6,0.0,0.0,0.0
2026-03-07 04:04:00,231.8,149.5,0.0,0.0,0.0
2026-03-07 04:05:00,232.7,154.7,0.0,0.0,0.0
2026-03-07 04:06:00,234.4,156.3,0.0,0.0,0.0
2026-03-07 04:07:00,227.0,150.4,0.0,0.0,0.0
2026-03-07 04:08:00,230.2,138.7,0.0,0.0,0.0
2026-03-07 04:09:00,238.8,153.9,0.0,0.0,0.0
2026-03-07 04:10:00,247.8,159.3,0.0,0.0,0.0
2026-03-07 04:11:00,228.3,148.9,0.0,0.0,0.0
2026-03-07 04:12:00,232.8,145.8,0.0,0.0,0.0
2026-03-07 04:13:00,230.9,151.6,0.0,0.0,0.0
2026-03-07 04:14:00,238.0,151.2,0.0,0.0,0.0
2026-03-07 04:15:00,237.4,154.5,0.0,0.0,0.0
2026-03-07 04:16:00,228.6,147.0,0.0,0.0,0.0
2026-03-07 04:17:00,224.6,158.9,0.0,0.0,0.0
2026-03-07 04:18:00,233.0,154.7,0.0,0.0,0.0
2026-03-07 04:19:00,218.6,145.0,0.0,0.0,0.0
2026-03-07 04:20:00,235.4,155.3,0.0,0.0,0.0
2026-03-07 04:21:00,236.7,149.5,0.0,0.0,0.0
2026-03-07 04:22:00,229.7,153.6,0.0,0.0,0.0
2026-03-07 04:23:00,227.1,151.9,0.0,0.0,0.0
2026-03-07 04:24:00,223.3,150.4,0.0,0.0,0.0
2026-03-07 04:25:00,226.7,151.7,0.0,0.0,0.0
2026-03-07 04:26:00,238.1,148.0,0.0,0.0,0.0
2026-03-07 04:27:00,226.0,146.4,0.0,0.0,0.0
2026-03-07 04:28:00,227.7,148.9,0.0,0.0,0.0
2026-03-07 04:29:00,233.8,148.7,0.0,0.0,0.0
2026-03-07 04:30:00,226.4,152.1,0.0,0.0,0.0
2026-03-07 04:31:00,230.3,151.1,0.0,0.0,0.0
2026-03-07 04:32:00,221.7,142.0,0.0,0.0,0.0
2026-03-07 04:33:00,228.5,154.3,0.0,0.0,0.0
2026-03-07 04:34:00,220.9,149.9,0.0,0.0,0.0
2026-03-07 04:35:00,87.7,0.0,0.0,0.0,0.0
2026-03-07 04:36:00,82.7,0.0,0.0,0.0,0.0
2026-03-07 04:37:00,76.3,0.0,0.0,0.0,0.0
2026-03-07 04:38:00,73.6,0.0,0.0,0.0,0.0
2026-03-07 04:39:00,76.8,0.0,0.0,0.0,0.0
2026-03-07 04:40:00,79.3,0.0,0.0,0.0,0.0
2026-03-07 04:41:00,76.7,0.0,0.0,0.0,0.0
2026-03-07 04:42:00,65.4,0.0,0.0,0.0,0.0
2026-03-07 04:43:00,70.5,0.0,0.0,0.0,0.0
2026-03-07 04:44:00,82.6,0.0,0.0,0.0,0.0
2026-03-07 04:45:00,83.2,0.0,0.0,0.0,0.0
2026-03-07 04:46:00,85.8,0.0,0.0,0.0,0.0
2026-03-07 04:47:00,79.7,0.0,0.0,0.0,0.0
2026-03-07 04:48:00,84.7,0.0,0.0,0.0,0.0
2026-03-07 04:49:00,81.3,0.0,0.0,0.0,0.0
2026-03-07 04:50:00,86.8,0.0,0.0,0.0,0.0
2026-03-07 04:51:00,78.9,0.0,0.0,0.0,0.0
2026-03-07 04:52:00,78.5,0.0,0.0,0.0,0.0
2026-03-07 04:53:00,77.0,0.0,0.0,0.0,0.0
2026-03-07 04:54:00,72.8,0.0,0.0,0.0,0.0
2026-03-07 04:55:00,69.1,0.0,0.0,0.0,0.0
2026-03-07 04:56:00,76.4,0.0,0.0,0.0,0.0
2026-03-07 04:57:00,73.7,0.0,0.0,0.0,0.0
2026-03-07 04:58:00,79.1,0.0,0.0,0.0,0.0
2026-03-07 04:59:00,82.5,0.0,0.0,0.0,0.0
2026-03-07 05:00:00,239.5,147.6,0.0,0.0,0.0
2026-03-07 05:01:00,214.5,149.0,0.0,0.0,0.0
2026-03-07 05:02:00,244.5,155.9,0.0,0.0,0.0
2026-03-07 05:03:00,226.5,152.1,0.0,0.0,0.0
2026-03-07 05:04:00,222.6,146.3,0.0,0.0,0.0
2026-03-07 05:05:00,232.3,156.1,0.0,0.0,0.0
2026-03-07 05:06:00,213.7,142.9,0.0,0.0,0.0
2026-03-07 05:07:00,222.9,139.5,0.0,0.0,0.0
2026-03-07 05:08:00,233.7,145.3,0.0,0.0,0.0
2026-03-07 05:09:00,219.1,140.7,0.0,0.0,0.0
2026-03-07 05:10:00,233.3,149.2,0.0,0.0,0.0
2026-03-07 05:11:00,233.5,150.4,0.0,0.0,0.0
2026-03-07 05:12:00,227.7,148.8,0.0,0.0,0.0
2026-03-07 05:13:00,228.2,147.3,0.0,0.0,0.0
2026-03-07 05:14:00,232.5,144.9,0.0,0.0,0.0
2026-03-07 05:15:00,236.4,154.8,0.0,0.0,0.0
2026-03-07 05:16:00,215.2,140.4,0.0,0.0,0.0
2026-03-07 05:17:00,237.7,153.8,0.0,0.0,0.0
2026-03-07 05:18:00,236.4,151.5,0.0,0.0,0.0
2026-03-07 05:19:00,222.4,149.8,0.0,0.0,0.0
2026-03-07 05:20:00,230.5,152.4,0.0,0.0,0.0
2026-03-07 05:21:00,229.6,142.4,0.0,0.0,0.0
2026-03-07 05:22:00,230.2,155.1,0.0,0.0,0.0
2026-03-07 05:23:00,224.6,152.7,0.0,0.0,0.0
2026-03-07 05:24:00,238.4,155.7,0.0,0.0,0.0
2026-03-07 05:25:00,224.4,139.9,0.0,0.0,0.0
2026-03-07 05:26:00,232.5,151.4,0.0,0.0,0.0
2026-03-07 05:27:00,228.5,149.5,0.0,0.0,0.0
2026-03-07 05:28:00,228.1,138.6,0.0,0.0,0.0
2026-03-07 05:29:00,234.0,148.5,0.0,0.0,0.0
2026-03-07 05:30:00,236.2,150.4,0.0,0.0,0.0
2026-03-07 05:31:00,223.2,146.2,0.0,0.0,0.0
2026-03-07 05:32:00,234.0,152.0,0.0,0.0,0.0
2026-03-07 05:33:00,222.8,153.0,0.0,0.0,0.0
2026-03-07 05:34:00,234.0,147.9,0.0,0.0,0.0
2026-03-07 05:35:00,79.3,0.0,0.0,0.0,0.0
2026-03-07 05:36:00,75.7,0.0,0.0,0.0,0.0
2026-03-07 05:37:00,72.5,0.0,0.0,0.0,0.0
2026-03-07 05:38:00,72.5,0.0,0.0,0.0,0.0
2026-03-07 05:39:00,82.0,0.0,0.0,0.0,0.0
2026-03-07 05:40:00,83.4,0.0,0.0,0.0,0.0
2026-03-07 05:41:00,84.0,0.0,0.0,0.0,0.0
2026-03-07 05:42:00,83.0,0.0,0.0,0.0,0.0
2026-03-07 05:43:00,78.3,0.0,0.0,0.0,0.0
2026-03-07 05:44:00,74.9,0.0,0.0,0.0,0.0
2026-03-07 05:45:00,85.3,0.0,0.0,0.0,0.0
2026-03-07 05:46:00,66.6,0.0,0.0,0.0,0.0
2026-03-07 05:47:00,81.8,0.0,0.0,0.0,0.0
2026-03-07 05:48:00,83.7,0.0,0.0,0.0,0.0
2026-03-07 05:49:00,84.7,0.0,0.0,0.0,0.0
2026-03-07 05:50:00,85.2,0.0,0.0,0.0,0.0
2026-03-07 05:51:00,79.8,0.0,0.0,0.0,0.0
2026-03-07 05:52:00,82.3,0.0,0.0,0.0,0.0
2026-03-07 05:53:00,89.0,0.0,0.0,0.0,0.0
2026-03-07 05:54:00,84.4,0.0,0.0,0.0,0.0
2026-03-07 05:55:00,71.5,0.0,0.0,0.0,0.0
2026-03-07 05:56:00,77.1,0.0,0.0,0.0,0.0
2026-03-07 05:57:00,81.0,0.0,0.0,0.0,0.0
2026-03-07 05:58:00,85.4,0.0,0.0,0.0,0.0
2026-03-07 05:59:00,79.9,0.0,0.0,0.0,0.0
2026-03-07 06:00:00,228.3,152.5,0.0,0.0,0.0
2026-03-07 06:01:00,221.4,150.0,0.0,0.0,0.0
2026-03-07 06:02:00,240.4,155.6,0.0,0.0,0.0
2026-03-07 06:03:00,234.4,151.0,0.0,0.0,0.0
2026-03-07 06:04:00,221.5,146.6,0.0,0.0,0.0
2026-03-07 06:05:00,232.1,144.2,0.0,0.0,0.0
2026-03-07 06:06:00,222.7,150.0,0.0,0.0,0.0
2026-03-07 06:07:00,241.2,158.2,0.0,0.0,0.0
2026-03-07 06:08:00,238.7,160.0,0.0,0.0,0.0
2026-03-07 06:09:00,225.4,146.4,0.0,0.0,0.0
2026-03-07 06:10:00,225.2,152.6,0.0,0.0,0.0
2026-03-07 06:11:00,219.3,146.4,0.0,0.0,0.0
2026-03-07 06:12:00,220.9,151.4,0.0,0.0,0.0
2026-03-07 06:13:00,221.1,135.9,0.0,0.0,0.0
2026-03-07 06:14:00,226.0,146.9,0.0,0.0,0.0
2026-03-07 06:15:00,225.8,141.0,0.0,0.0,0.0
2026-03-07 06:16:00,239.0,157.3,0.0,0.0,0.0
2026-03-07 06:17:00,235.0,148.1,0.0,0.0,0.0
2026-03-07 06:18:00,246.3,152.4,0.0,0.0,0.0
2026-03-07 06:19:00,224.7,150.2,0.0,0.0,0.0
2026-03-07 06:20:00,224.5,143.4,0.0,0.0,0.0
2026-03-07 06:21:00,227.5,153.1,0.0,0.0,0.0
2026-03-07 06:22:00,246.4,155.4,0.0,0.0,0.0
2026-03-07 06:23:00,229.5,151.2,0.0,0.0,0.0
2026-03-07 06:24:00,233.9,152.8,0.0,0.0,0.0
2026-03-07 06:25:00,236.9,155.6,0.0,0.0,0.0
2026-03-07 06:26:00,241.0,152.9,0.0,0.0,0.0
2026-03-07 06:27:00,234.1,149.5,0.0,0.0,0.0
2026-03-07 06:28:00,225.4,141.9,0.0,0.0,0.0
2026-03-07 06:29:00,224.8,145.8,0.0,0.0,0.0
2026-03-07 06:30:00,222.2,146.2,0.0,0.0,0.0
2026-03-07 06:31:00,231.4,153.8,0.0,0.0,0.0
2026-03-07 06:32:00,233.8,156.8,0.0,0.0,0.0
2026-03-07 06:33:00,224.3,150.2,0.0,0.0,0.0
2026-03-07 06:34:00,243.2,155.1,0.0,0.0,0.0
2026-03-07 06:35:00,82.5,0.0,0.0,0.0,0.0
2026-03-07 06:36:00,88.8,0.0,0.0,0.0,0.0
2026-03-07 06:37:00,72.3,0.0,0.0,0.0,0.0
2026-03-07 06:38:00,83.2,0.0,0.0,0.0,0.0
2026-03-07 06:39:00,79.0,0.0,0.0,0.0,0.0
2026-03-07 06:40:00,74.9,0.0,0.0,0.0,0.0
2026-03-07 06:41:00,79.9,0.0,0.0,0.0,0.0
2026-03-07 06:42:00,75.1,0.0,0.0,0.0,0.0
2026-03-07 06:43:00,83.1,0.0,0.0,0.0,0.0
2026-03-07 06:44:00,72.7,0.0,0.0,0.0,0.0
2026-03-07 06:45:00,79.6,0.0,0.0,0.0,0.0
2026-03-07 06:46:00,81.0,0.0,0.0,0.0,0.0
2026-03-07 06:47:00,85.1,0.0,0.0,0.0,0.0
2026-03-07 06:48:00,94.0,0.0,0.0,0.0,0.0
2026-03-07 06:49:00,79.4,0.0,0.0,0.0,0.0
2026-03-07 06:50:00,79.3,0.0,0.0,0.0,0.0
2026-03-07 06:51:00,84.4,0.0,0.0,0.0,0.0
2026-03-07 06:52:00,88.5,0.0,0.0,0.0,0.0
2026-03-07 06:53:00,82.0,0.0,0.0,0.0,0.0
2026-03-07 06:54:00,82.5,0.0,0.0,0.0,0.0
2026-03-07 06:55:00,75.1,0.0,0.0,0.0,0.0
2026-03-07 06:56:00,83.7,0.0,0.0,0.0,0.0
2026-03-07 06:57:00,82.5,0.0,0.0,0.0,0.0
2026-03-07 06:58:00,73.5,0.0,0.0,0.0,0.0
2026-03-07 06:59:00,81.0,0.0,0.0,0.0,0.0
2026-03-07 07:00:00,222.9,146.8,0.0,0.0,0.0
2026-03-07 07:01:00,224.5,148.6,0.0,0.0,0.0
2026-03-07 07:02:00,215.6,140.9,0.0,0.0,0.0
2026-03-07 07:03:00,232.5,150.0,0.0,0.0,0.0
2026-03-07 07:04:00,234.2,158.4,0.0,0.0,0.0
2026-03-07 07:05:00,228.6,144.4,0.0,0.0,0.0
2026-03-07 07:06:00,227.2,148.4,0.0,0.0,0.0
2026-03-07 07:07:00,226.9,146.6,0.0,0.0,0.0
2026-03-07 07:08:00,214.6,148.9,0.0,0.0,0.0
2026-03-07 07:09:00,235.6,146.4,0.0,0.0,0.0
2026-03-07 07:10:00,219.6,148.5,0.0,0.0,0.0
2026-03-07 07:11:00,218.8,144.7,0.0,0.0,0.0
2026-03-07 07:12:00,228.7,151.3,0.0,0.0,0.0
2026-03-07 07:13:00,231.3,155.1,0.0,0.0,0.0
2026-03-07 07:14:00,235.6,154.0,0.0,0.0,0.0
2026-03-07 07:15:00,218.9,140.9,0.0,0.0,0.0
2026-03-07 07:16:00,246.1,156.8,0.0,0.0,0.0
2026-03-07 07:17:00,235.0,153.8,0.0,0.0,0.0
2026-03-07 07:18:00,233.8,155.9,0.0,0.0,0.0
2026-03-07 07:19:00,221.4,145.8,0.0,0.0,0.0
2026-03-07 07:20:00,231.7,147.2,0.0,0.0,0.0
2026-03-07 07:21:00,246.2,153.6,0.0,0.0,0.0
2026-03-07 07:22:00,231.1,158.9,0.0,0.0,0.0
2026-03-07 07:23:00,221.0,145.5,0.0,0.0,0.0
2026-03-07 07:24:00,228.5,151.6,0.0,0.0,0.0
2026-03-07 07:25:00,223.4,152.4,0.0,0.0,0.0
2026-03-07 07:26:00,231.5,148.5,0.0,0.0,0.0
2026-03-07 07:27:00,230.6,152.0,0.0,0.0,0.0
2026-03-07 07:28:00,228.2,147.7,0.0,0.0,0.0
2026-03-07 07:29:00,225.3,156.6,0.0,0.0,0.0
2026-03-07 07:30:00,223.6,142.2,0.0,0.0,0.0
2026-03-07 07:31:00,236.5,151.8,0.0,0.0,0.0
2026-03-07 07:32:00,250.8,147.7,0.0,0.0,0.0
2026-03-07 07:33:00,219.2,149.9,0.0,0.0,0.0
2026-03-07 07:34:00,220.4,145.7,0.0,0.0,0.0
2026-03-07 07:35:00,77.7,0.0,0.0,0.0,0.0
2026-03-07 07:36:00,83.8,0.0,0.0,0.0,0.0
2026-03-07 07:37:00,81.3,0.0,0.0,0.0,0.0
2026-03-07 07:38:00,78.1,0.0,0.0,0.0,0.0
2026-03-07 07:39:00,77.6,0.0,0.0,0.0,0.0
2026-03-07 07:40:00,87.4,0.0,0.0,0.0,0.0
2026-03-07 07:41:00,78.2,0.0,0.0,0.0,0.0
2026-03-07 07:42:00,73.3,0.0,0.0,0.0,0.0
2026-03-07 07:43:00,75.2,0.0,0.0,0.0,0.0
2026-03-07 07:44:00,87.1,0.0,0.0,0.0,0.0
2026-03-07 07:45:00,71.9,0.0,0.0,0.0,0.0
2026-03-07 07:46:00,76.7,0.0,0.0,0.0,0.0
2026-03-07 07:47:00,81.9,0.0,0.0,0.0,0.0
2026-03-07 07:48:00,84.1,0.0,0.0,0.0,0.0
2026-03-07 07:49:00,87.3,0.0,0.0,0.0,0.0
2026-03-07 07:50:00,81.9,0.0,0.0,0.0,0.0
2026-03-07 07:51:00,79.2,0.0,0.0,0.0,0.0
2026-03-07 07:52:00,77.0,0.0,0.0,0.0,0.0
2026-03-07 07:53:00,80.8,0.0,0.0,0.0,0.0
2026-03-07 07:54:00,87.9,0.0,0.0,0.0,0.0
2026-03-07 07:55:00,80.6,0.0,0.0,0.0,0.0
2026-03-07 07:56:00,89.8,0.0,0.0,0.0,0.0
2026-03-07 07:57:00,79.6,0.0,0.0,0.0,0.0
2026-03-07 07:58:00,59.2,0.0,0.0,0.0,0.0
2026-03-07 07:59:00,80.9,0.0,0.0,0.0,0.0
2026-03-07 08:00:00,226.8,147.5,0.0,0.0,0.0
2026-03-07 08:01:00,237.6,151.4,0.0,0.0,0.0
2026-03-07 08:02:00,223.8,149.8,0.0,0.0,0.0
2026-03-07 08:03:00,233.5,154.2,0.0,0.0,0.0
2026-03-07 08:04:00,235.9,158.5,0.0,0.0,0.0
2026-03-07 08:05:00,233.5,148.7,0.0,0.0,0.0
2026-03-07 08:06:00,230.8,151.8,0.0,0.0,0.0
2026-03-07 08:07:00,228.1,152.5,0.0,0.0,0.0
2026-03-07 08:08:00,232.2,151.1,0.0,0.0,0.0
2026-03-07 08:09:00,229.0,150.3,0.0,0.0,0.0
2026-03-07 08:10:00,223.2,139.6,0.0,0.0,0.0
2026-03-07 08:11:00,235.0,150.7,0.0,0.0,0.0
2026-03-07 08:12:00,234.4,144.9,0.0,0.0,0.0
2026-03-07 08:13:00,231.6,148.1,0.0,0.0,0.0
2026-03-07 08:14:00,215.5,152.4,0.0,0.0,0.0
2026-03-07 08:15:00,233.6,153.0,0.0,0.0,0.0
2026-03-07 08:16:00,228.0,148.0,0.0,0.0,0.0
2026-03-07 08:17:00,223.3,147.9,0.0,0.0,0.0
2026-03-07 08:18:00,222.9,148.8,0.0,0.0,0.0
2026-03-07 08:19:00,223.8,144.9,0.0,0.0,0.0
2026-03-07 08:20:00,239.4,157.8,0.0,0.0,0.0
2026-03-07 08:21:00,246.7,158.8,0.0,0.0,0.0
2026-03-07 08:22:00,225.9,149.2,0.0,0.0,0.0
2026-03-07 08:23:00,237.2,158.1,0.0,0.0,0.0
2026-03-07 08:24:00,241.6,154.0,0.0,0.0,0.0
2026-03-07 08:25:00,222.6,144.8,0.0,0.0,0.0
2026-03-07 08:26:00,232.0,154.7,0.0,0.0,0.0
2026-03-07 08:27:00,224.7,153.5,0.0,0.0,0.0
2026-03-07 08:28:00,231.9,150.9,0.0,0.0,0.0
2026-03-07 08:29:00,220.0,142.9,0.0,0.0,0.0
2026-03-07 08:30:00,221.4,147.2,0.0,0.0,0.0
2026-03-07 08:31:00,213.7,138.7,0.0,0.0,0.0
2026-03-07 08:32:00,227.5,150.0,0.0,0.0,0.0
2026-03-07 08:33:00,216.1,148.7,0.0,0.0,0.0
2026-03-07 08:34:00,216.3,144.6,0.0,0.0,0.0
2026-03-07 08:35:00,87.5,0.0,0.0,0.0,0.0
2026-03-07 08:36:00,88.4,0.0,0.0,0.0,0.0
2026-03-07 08:37:00,84.4,0.0,0.0,0.0,0.0
2026-03-07 08:38:00,95.4,0.0,0.0,0.0,0.0
2026-03-07 08:39:00,76.2,0.0,0.0,0.0,0.0
2026-03-07 08:40:00,74.6,0.0,0.0,0.0,0.0
2026-03-07 08:41:00,83.1,0.0,0.0,0.0,0.0
2026-03-07 08:42:00,82.1,0.0,0.0,0.0,0.0
2026-03-07 08:43:00,88.1,0.0,0.0,0.0,0.0
2026-03-07 08:44:00,81.6,0.0,0.0,0.0,0.0
2026-03-07 08:45:00,77.3,0.0,0.0,0.0,0.0
2026-03-07 08:46:00,80.0,0.0,0.0,0.0,0.0
2026-03-07 08:47:00,87.6,0.0,0.0,0.0,0.0
2026-03-07 08:48:00,72.8,0.0,0.0,0.0,0.0
2026-03-07 08:49:00,80.9,0.0,0.0,0.0,0.0
2026-03-07 08:50:00,78.4,0.0,0.0,0.0,0.0
2026-03-07 08:51:00,86.2,0.0,0.0,0.0,0.0
2026-03-07 08:52:00,78.3,0.0,0.0,0.0,0.0
2026-03-07 08:53:00,71.1,0.0,0.0,0.0,0.0
2026-03-07 08:54:00,83.1,0.0,0.0,0.0,0.0
2026-03-07 08:55:00,81.1,0.0,0.0,0.0,0.0
2026-03-07 08:56:00,85.8,0.0,0.0,0.0,0.0
2026-03-07 08:57:00,77.0,0.0,0.0,0.0,0.0
2026-03-07 08:58:00,74.6,0.0,0.0,0.0,0.0
2026-03-07 08:59:00,77.8,0.0,0.0,0.0,0.0
2026-03-07 09:00:00,228.2,149.5,0.0,0.0,0.0
2026-03-07 09:01:00,234.6,155.8,0.0,0.0,0.0
2026-03-07 09:02:00,245.3,157.7,0.0,0.0,0.0
2026-03-07 09:03:00,232.3,155.0,0.0,0.0,0.0
2026-03-07 09:04:00,228.4,149.9,0.0,0.0,0.0
2026-03-07 09:05:00,225.7,151.7,0.0,0.0,0.0
2026-03-07 09:06:00,229.0,150.3,0.0,0.0,0.0
2026-03-07 09:07:00,226.9,150.5,0.0,0.0,0.0
2026-03-07 09:08:00,237.7,153.8,0.0,0.0,0.0
2026-03-07 09:09:00,234.1,155.6,0.0,0.0,0.0
2026-03-07 09:10:00,225.2,150.3,0.0,0.0,0.0
2026-03-07 09:11:00,236.4,153.9,0.0,0.0,0.0
2026-03-07 09:12:00,232.1,151.5,0.0,0.0,0.0
2026-03-07 09:13:00,224.2,151.0,0.0,0.0,0.0
2026-03-07 09:14:00,228.5,145.4,0.0,0.0,0.0
2026-03-07 09:15:00,241.3,152.1,0.0,0.0,0.0
2026-03-07 09:16:00,233.4,149.7,0.0,0.0,0.0
2026-03-07 09:17:00,228.4,151.7,0.0,0.0,0.0
2026-03-07 09:18:00,239.1,155.2,0.0,0.0,0.0
2026-03-07 09:19:00,233.6,154.0,0.0,0.0,0.0
2026-03-07 09:20:00,227.5,153.8,0.0,0.0,0.0
2026-03-07 09:21:00,222.8,147.7,0.0,0.0,0.0
2026-03-07 09:22:00,226.9,142.3,0.0,0.0,0.0
2026-03-07 09:23:00,232.9,148.3,0.0,0.0,0.0
2026-03-07 09:24:00,227.5,150.1,0.0,0.0,0.0
2026-03-07 09:25:00,235.8,151.2,0.0,0.0,0.0
2026-03-07 09:26:00,244.4,156.9,0.0,0.0,0.0
2026-03-07 09:27:00,232.3,151.7,0.0,0.0,0.0
2026-03-07 09:28:00,244.6,157.3,0.0,0.0,0.0
2026-03-07 09:29:00,230.4,148.2,0.0,0.0,0.0
2026-03-07 09:30:00,227.8,144.8,0.0,0.0,0.0
2026-03-07 09:31:00,232.6,154.5,0.0,0.0,0.0
2026-03-07 09:32:00,232.0,144.6,0.0,0.0,0.0
2026-03-07 09:33:00,218.6,142.4,0.0,0.0,0.0
2026-03-07 09:34:00,231.4,147.4,0.0,0.0,0.0
2026-03-07 09:35:00,80.0,0.0,0.0,0.0,0.0
2026-03-07 09:36:00,66.1,0.0,0.0,0.0,0.0
2026-03-07 09:37:00,76.8,0.0,0.0,0.0,0.0
2026-03-07 09:38:00,80.6,0.0,0.0,0.0,0.0
2026-03-07 09:39:00,77.5,0.0,0.0,0.0,0.0
2026-03-07 09:40:00,78.6,0.0,0.0,0.0,0.0
2026-03-07 09:41:00,86.1,0.0,0.0,0.0,0.0
2026-03-07 09:42:00,72.9,0.0,0.0,0.0,0.0
2026-03-07 09:43:00,84.3,0.0,0.0,0.0,0.0
2026-03-07 09:44:00,82.1,0.0,0.0,0.0,0.0
2026-03-07 09:45:00,89.9,0.0,0.0,0.0,0.0
2026-03-07 09:46:00,81.0,0.0,0.0,0.0,0.0
2026-03-07 09:47:00,77.1,0.0,0.0,0.0,0.0
2026-03-07 09:48:00,82.9,0.0,0.0,0.0,0.0
2026-03-07 09:49:00,74.5,0.0,0.0,0.0,0.0
2026-03-07 09:50:00,75.9,0.0,0.0,0.0,0.0
2026-03-07 09:51:00,80.0,0.0,0.0,0.0,0.0
2026-03-07 09:52:00,83.8,0.0,0.0,0.0,0.0
2026-03-07 09:53:00,78.9,0.0,0.0,0.0,0.0
2026-03-07 09:54:00,74.2,0.0,0.0,0.0,0.0
2026-03-07 09:55:00,82.4,0.0,0.0,0.0,0.0
2026-03-07 09:56:00,74.9,0.0,0.0,0.0,0.0
2026-03-07 09:57:00,83.9,0.0,0.0,0.0,0.0
2026-03-07 09:58:00,71.6,0.0,0.0,0.0,0.0
2026-03-07 09:59:00,84.8,0.0,0.0,0.0,0.0
2026-03-07 10:00:00,234.6,148.6,0.0,0.0,0.0
2026-03-07 10:01:00,232.6,149.2,0.0,0.0,0.0
2026-03-07 10:02:00,232.0,150.9,0.0,0.0,0.0
2026-03-07 10:03:00,222.0,145.4,0.0,0.0,0.0
2026-03-07 10:04:00,232.7,153.0,0.0,0.0,0.0
2026-03-07 10:05:00,226.6,149.6,0.0,0.0,0.0
2026-03-07 10:06:00,224.5,151.1,0.0,0.0,0.0
2026-03-07 10:07:00,237.4,152.6,0.0,0.0,0.0
2026-03-07 10:08:00,227.3,152.7,0.0,0.0,0.0
2026-03-07 10:09:00,231.7,153.7,0.0,0.0,0.0
2026-03-07 10:10:00,229.6,145.6,0.0,0.0,0.0
2026-03-07 10:11:00,245.9,152.2,0.0,0.0,0.0
2026-03-07 10:12:00,224.1,142.2,0.0,0.0,0.0
2026-03-07 10:13:00,215.7,139.5,0.0,0.0,0.0
2026-03-07 10:14:00,225.0,148.0,0.0,0.0,0.0
2026-03-07 10:15:00,234.1,151.8,0.0,0.0,0.0
2026-03-07 10:16:00,242.3,152.1,0.0,0.0,0.0
2026-03-07 10:17:00,239.5,151.5,0.0,0.0,0.0
2026-03-07 10:18:00,222.5,153.9,0.0,0.0,0.0
2026-03-07 10:19:00,225.3,141.1,0.0,0.0,0.0
2026-03-07 10:20:00,217.3,147.1,0.0,0.0,0.0
2026-03-07 10:21:00,231.2,148.6,0.0,0.0,0.0
2026-03-07 10:22:00,213.9,145.8,0.0,0.0,0.0
2026-03-07 10:23:00,220.9,151.3,0.0,0.0,0.0
2026-03-07 10:24:00,232.8,152.6,0.0,0.0,0.0
2026-03-07 10:25:00,236.9,151.3,0.0,0.0,0.0
2026-03-07 10:26:00,228.5,150.3,0.0,0.0,0.0
2026-03-07 10:27:00,243.9,161.1,0.0,0.0,0.0
2026-03-07 10:28:00,228.4,150.1,0.0,0.0,0.0
2026-03-07 10:29:00,234.2,149.9,0.0,0.0,0.0
2026-03-07 10:30:00,238.9,155.7,0.0,0.0,0.0
2026-03-07 10:31:00,239.6,158.7,0.0,0.0,0.0
2026-03-07 10:32:00,221.2,145.3,0.0,0.0,0.0
2026-03-07 10:33:00,226.4,144.9,0.0,0.0,0.0
2026-03-07 10:34:00,224.4,156.4,0.0,0.0,0.0
2026-03-07 10:35:00,80.8,0.0,0.0,0.0,0.0
2026-03-07 10:36:00,82.6,0.0,0.0,0.0,0.0
2026-03-07 10:37:00,85.8,0.0,0.0,0.0,0.0
2026-03-07 10:38:00,86.5,0.0,0.0,0.0,0.0
2026-03-07 10:39:00,82.7,0.0,0.0,0.0,0.0
2026-03-07 10:40:00,89.0,0.0,0.0,0.0,0.0
2026-03-07 10:41:00,83.8,0.0,0.0,0.0,0.0
2026-03-07 10:42:00,83.7,0.0,0.0,0.0,0.0
2026-03-07 10:43:00,87.4,0.0,0.0,0.0,0.0
2026-03-07 10:44:00,80.6,0.0,0.0,0.0,0.0
2026-03-07 10:45:00,86.8,0.0,0.0,0.0,0.0
2026-03-07 10:46:00,86.4,0.0,0.0,0.0,0.0
2026-03-07 10:47:00,92.9,0.0,0.0,0.0,0.0
2026-03-07 10:48:00,85.0,0.0,0.0,0.0,0.0
2026-03-07 10:49:00,76.4,0.0,0.0,0.0,0.0
2026-03-07 10:50:00,71.2,0.0,0.0,0.0,0.0
2026-03-07 10:51:00,74.0,0.0,0.0,0.0,0.0
2026-03-07 10:52:00,69.2,0.0,0.0,0.0,0.0
2026-03-07 10:53:00,76.9,0.0,0.0,0.0,0.0
2026-03-07 10:54:00,89.9,0.0,0.0,0.0,0.0
2026-03-07 10:55:00,83.0,0.0,0.0,0.0,0.0
2026-03-07 10:56:00,81.7,0.0,0.0,0.0,0.0
2026-03-07 10:57:00,84.2,0.0,0.0,0.0,0.0
2026-03-07 10:58:00,81.6,0.0,0.0,0.0,0.0
2026-03-07 10:59:00,94.0,0.0,0.0,0.0,0.0
2026-03-07 11:00:00,236.9,151.5,0.0,0.0,0.0
2026-03-07 11:01:00,219.0,147.1,0.0,0.0,0.0
2026-03-07 11:02:00,225.9,145.2,0.0,0.0,0.0
2026-03-07 11:03:00,217.2,145.0,0.0,0.0,0.0
2026-03-07 11:04:00,230.7,149.2,0.0,0.0,0.0
2026-03-07 11:05:00,226.5,154.2,0.0,0.0,0.0
2026-03-07 11:06:00,229.0,148.0,0.0,0.0,0.0
2026-03-07 11:07:00,222.5,144.3,0.0,0.0,0.0
2026-03-07 11:08:00,237.4,145.6,0.0,0.0,0.0
2026-03-07 11:09:00,224.8,144.0,0.0,0.0,0.0
2026-03-07 11:10:00,230.9,141.7,0.0,0.0,0.0
2026-03-07 11:11:00,215.8,147.7,0.0,0.0,0.0
2026-03-07 11:12:00,223.5,146.4,0.0,0.0,0.0
2026-03-07 11:13:00,224.5,147.8,0.0,0.0,0.0
2026-03-07 11:14:00,246.5,158.8,0.0,0.0,0.0
2026-03-07 11:15:00,227.9,154.2,0.0,0.0,0.0
2026-03-07 11:16:00,232.9,156.7,0.0,0.0,0.0
2026-03-07 11:17:00,219.7,149.8,0.0,0.0,0.0
2026-03-07 11:18:00,239.1,151.0,0.0,0.0,0.0
2026-03-07 11:19:00,227.8,145.8,0.0,0.0,0.0
2026-03-07 11:20:00,226.9,141.1,0.0,0.0,0.0
2026-03-07 11:21:00,219.4,142.0,0.0,0.0,0.0
2026-03-07 11:22:00,215.4,147.9,0.0,0.0,0.0
2026-03-07 11:23:00,231.4,152.0,0.0,0.0,0.0
2026-03-07 11:24:00,249.9,160.6,0.0,0.0,0.0
2026-03-07 11:25:00,224.2,149.3,0.0,0.0,0.0
2026-03-07 11:26:00,224.1,142.2,0.0,0.0,0.0
2026-03-07 11:27:00,229.6,147.8,0.0,0.0,0.0
2026-03-07 11:28:00,237.8,152.1,0.0,0.0,0.0
2026-03-07 11:29:00,227.5,144.0,0.0,0.0,0.0
2026-03-07 11:30:00,224.2,147.3,0.0,0.0,0.0
2026-03-07 11:31:00,236.0,152.1,0.0,0.0,0.0
2026-03-07 11:32:00,234.3,150.3,0.0,0.0,0.0
2026-03-07 11:33:00,224.1,151.8,0.0,0.0,0.0
2026-03-07 11:34:00,231.8,150.0,0.0,0.0,0.0
2026-03-07 11:35:00,85.4,0.0,0.0,0.0,0.0
2026-03-07 11:36:00,83.2,0.0,0.0,0.0,0.0
2026-03-07 11:37:00,70.2,0.0,0.0,0.0,0.0
2026-03-07 11:38:00,75.2,0.0,0.0,0.0,0.0
2026-03-07 11:39:00,76.2,0.0,0.0,0.0,0.0
2026-03-07 11:40:00,76.4,0.0,0.0,0.0,0.0
2026-03-07 11:41:00,85.2,0.0,0.0,0.0,0.0
2026-03-07 11:42:00,86.1,0.0,0.0,0.0,0.0
2026-03-07 11:43:00,75.2,0.0,0.0,0.0,0.0
2026-03-07 11:44:00,80.8,0.0,0.0,0.0,0.0
2026-03-07 11:45:00,76.5,0.0,0.0,0.0,0.0
2026-03-07 11:46:00,84.0,0.0,0.0,0.0,0.0
2026-03-07 11:47:00,85.9,0.0,0.0,0.0,0.0
2026-03-07 11:48:00,85.4,0.0,0.0,0.0,0.0
2026-03-07 11:49:00,83.4,0.0,0.0,0.0,0.0
2026-03-07 11:50:00,90.5,0.0,0.0,0.0,0.0
2026-03-07 11:51:00,80.3,0.0,0.0,0.0,0.0
2026-03-07 11:52:00,81.7,0.0,0.0,0.0,0.0
2026-03-07 11:53:00,74.7,0.0,0.0,0.0,0.0
2026-03-07 11:54:00,81.0,0.0,0.0,0.0,0.0
2026-03-07 11:55:00,70.5,0.0,0.0,0.0,0.0
2026-03-07 11:56:00,78.8,0.0,0.0,0.0,0.0
2026-03-07 11:57:00,100.2,0.0,0.0,0.0,0.0
2026-03-07 11:58:00,89.8,0.0,0.0,0.0,0.0
2026-03-07 11:59:00,78.1,0.0,0.0,0.0,0.0
2026-03-07 12:00:00,225.4,145.1,0.0,0.0,0.0
2026-03-07 12:01:00,221.7,145.9,0.0,0.0,0.0
2026-03-07 12:02:00,227.4,153.7,0.0,0.0,0.0
2026-03-07 12:03:00,229.2,151.4,0.0,0.0,0.0
2026-03-07 12:04:00,226.5,144.5,0.0,0.0,0.0
2026-03-07 12:05:00,221.9,146.4,0.0,0.0,0.0
2026-03-07 12:06:00,229.9,148.9,0.0,0.0,0.0
2026-03-07 12:07:00,228.6,146.9,0.0,0.0,0.0
2026-03-07 12:08:00,227.8,151.1,0.0,0.0,0.0
2026-03-07 12:09:00,234.9,149.5,0.0,0.0,0.0
2026-03-07 12:10:00,227.9,152.4,0.0,0.0,0.0
2026-03-07 12:11:00,237.1,149.7,0.0,0.0,0.0
2026-03-07 12:12:00,229.5,151.8,0.0,0.0,0.0
2026-03-07 12:13:00,224.9,147.9,0.0,0.0,0.0
2026-03-07 12:14:00,228.3,151.9,0.0,0.0,0.0
2026-03-07 12:15:00,226.2,151.7,0.0,0.0,0.0
2026-03-07 12:16:00,241.3,153.4,0.0,0.0,0.0
2026-03-07 12:17:00,223.4,151.7,0.0,0.0,0.0
2026-03-07 12:18:00,227.5,148.1,0.0,0.0,0.0
2026-03-07 12:19:00,222.7,149.7,0.0,0.0,0.0
2026-03-07 12:20:00,233.3,156.3,0.0,0.0,0.0
2026-03-07 12:21:00,234.2,148.7,0.0,0.0,0.0
2026-03-07 12:22:00,232.9,150.3,0.0,0.0,0.0
2026-03-07 12:23:00,246.7,157.7,0.0,0.0,0.0
2026-03-07 12:24:00,236.7,153.1,0.0,0.0,0.0
2026-03-07 12:25:00,234.9,153.4,0.0,0.0,0.0
2026-03-07 12:26:00,218.1,145.8,0.0,0.0,0.0
2026-03-07 12:27:00,226.9,145.7,0.0,0.0,0.0
2026-03-07 12:28:00,227.6,151.4,0.0,0.0,0.0
2026-03-07 12:29:00,235.8,160.3,0.0,0.0,0.0
2026-03-07 12:30:00,229.6,141.3,0.0,0.0,0.0
2026-03-07 12:31:00,221.7,141.9,0.0,0.0,0.0
2026-03-07 12:32:00,229.0,152.7,0.0,0.0,0.0
2026-03-07 12:33:00,242.8,151.2,0.0,0.0,0.0
2026-03-07 12:34:00,215.6,145.2,0.0,0.0,0.0
2026-03-07 12:35:00,84.6,0.0,0.0,0.0,0.0
2026-03-07 12:36:00,85.3,0.0,0.0,0.0,0.0
2026-03-07 12:37:00,73.0,0.0,0.0,0.0,0.0
2026-03-07 12:38:00,78.6,0.0,0.0,0.0,0.0
2026-03-07 12:39:00,94.1,0.0,0.0,0.0,0.0
2026-03-07 12:40:00,70.2,0.0,0.0,0.0,0.0
2026-03-07 12:41:00,81.0,0.0,0.0,0.0,0.0
2026-03-07 12:42:00,75.6,0.0,0.0,0.0,0.0
2026-03-07 12:43:00,82.5,0.0,0.0,0.0,0.0
2026-03-07 12:44:00,83.7,0.0,0.0,0.0,0.0
2026-03-07 12:45:00,78.3,0.0,0.0,0.0,0.0
2026-03-07 12:46:00,74.3,0.0,0.0,0.0,0.0
2026-03-07 12:47:00,71.8,0.0,0.0,0.0,0.0
2026-03-07 12:48:00,85.2,0.0,0.0,0.0,0.0
2026-03-07 12:49:00,72.7,0.0,0.0,0.0,0.0
2026-03-07 12:50:00,87.5,0.0,0.0,0.0,0.0
2026-03-07 12:51:00,79.9,0.0,0.0,0.0,0.0
2026-03-07 12:52:00,84.5,0.0,0.0,0.0,0.0
2026-03-07 12:53:00,88.0,0.0,0.0,0.0,0.0
2026-03-07 12:54:00,73.5,0.0,0.0,0.0,0.0
2026-03-07 12:55:00,74.9,0.0,0.0,0.0,0.0
2026-03-07 12:56:00,83.0,0.0,0.0,0.0,0.0
2026-03-07 12:57:00,75.8,0.0,0.0,0.0,0.0
2026-03-07 12:58:00,74.0,0.0,0.0,0.0,0.0
2026-03-07 12:59:00,86.0,0.0,0.0,0.0,0.0
2026-03-07 13:00:00,230.3,150.0,0.0,0.0,0.0
2026-03-07 13:01:00,236.2,146.8,0.0,0.0,0.0
2026-03-07 13:02:00,224.0,150.6,0.0,0.0,0.0
2026-03-07 13:03:00,226.6,155.1,0.0,0.0,0.0
2026-03-07 13:04:00,234.7,156.6,0.0,0.0,0.0
2026-03-07 13:05:00,231.1,155.3,0.0,0.0,0.0
2026-03-07 13:06:00,235.7,154.2,0.0,0.0,0.0
2026-03-07 13:07:00,234.5,152.1,0.0,0.0,0.0
2026-03-07 13:08:00,228.5,149.0,0.0,0.0,0.0
2026-03-07 13:09:00,218.6,144.6,0.0,0.0,0.0
2026-03-07 13:10:00,240.8,154.8,0.0,0.0,0.0
2026-03-07 13:11:00,227.1,147.8,0.0,0.0,0.0
2026-03-07 13:12:00,229.2,150.9,0.0,0.0,0.0
2026-03-07 13:13:00,229.1,143.4,0.0,0.0,0.0
2026-03-07 13:14:00,230.1,152.1,0.0,0.0,0.0
2026-03-07 13:15:00,235.6,156.6,0.0,0.0,0.0
2026-03-07 13:16:00,238.8,149.5,0.0,0.0,0.0
2026-03-07 13:17:00,237.2,154.3,0.0,0.0,0.0
2026-03-07 13:18:00,232.0,149.2,0.0,0.0,0.0
2026-03-07 13:19:00,236.6,150.8,0.0,0.0,0.0
2026-03-07 13:20:00,228.4,147.7,0.0,0.0,0.0
2026-03-07 13:21:00,216.7,137.1,0.0,0.0,0.0
2026-03-07 13:22:00,233.6,151.7,0.0,0.0,0.0
2026-03-07 13:23:00,237.1,152.3,0.0,0.0,0.0
2026-03-07 13:24:00,230.5,152.7,0.0,0.0,0.0
2026-03-07 13:25:00,237.4,158.2,0.0,0.0,0.0
2026-03-07 13:26:00,230.5,154.4,0.0,0.0,0.0
2026-03-07 13:27:00,231.4,152.2,0.0,0.0,0.0
2026-03-07 13:28:00,217.7,146.8,0.0,0.0,0.0
2026-03-07 13:29:00,244.1,164.0,0.0,0.0,0.0
2026-03-07 13:30:00,225.0,143.5,0.0,0.0,0.0
2026-03-07 13:31:00,246.9,148.1,0.0,0.0,0.0
2026-03-07 13:32:00,240.3,147.6,0.0,0.0,0.0
2026-03-07 13:33:00,240.7,155.2,0.0,0.0,0.0
2026-03-07 13:34:00,226.7,151.6,0.0,0.0,0.0
2026-03-07 13:35:00,84.5,0.0,0.0,0.0,0.0
2026-03-07 13:36:00,86.5,0.0,0.0,0.0,0.0
2026-03-07 13:37:00,88.3,0.0,0.0,0.0,0.0
2026-03-07 13:38:00,79.2,0.0,0.0,0.0,0.0
2026-03-07 13:39:00,77.4,0.0,0.0,0.0,0.0
2026-03-07 13:40:00,77.0,0.0,0.0,0.0,0.0
2026-03-07 13:41:00,75.6,0.0,0.0,0.0,0.0
2026-03-07 13:42:00,90.8,0.0,0.0,0.0,0.0
2026-03-07 13:43:00,87.3,0.0,0.0,0.0,0.0
2026-03-07 13:44:00,86.5,0.0,0.0,0.0,0.0
2026-03-07 13:45:00,87.2,0.0,0.0,0.0,0.0
2026-03-07 13:46:00,83.1,0.0,0.0,0.0,0.0
2026-03-07 13:47:00,71.7,0.0,0.0,0.0,0.0
2026-03-07 13:48:00,84.5,0.0,0.0,0.0,0.0
2026-03-07 13:49:00,83.0,0.0,0.0,0.0,0.0
2026-03-07 13:50:00,66.0,0.0,0.0,0.0,0.0
2026-03-07 13:51:00,82.7,0.0,0.0,0.0,0.0
2026-03-07 13:52:00,83.7,0.0,0.0,0.0,0.0
2026-03-07 13:53:00,82.0,0.0,0.0,0.0,0.0
2026-03-07 13:54:00,78.3,0.0,0.0,0.0,0.0
2026-03-07 13:55:00,76.9,0.0,0.0,0.0,0.0
2026-03-07 13:56:00,81.6,0.0,0.0,0.0,0.0
2026-03-07 13:57:00,76.7,0.0,0.0,0.0,0.0
2026-03-07 13:58:00,79.0,0.0,0.0,0.0,0.0
2026-03-07 13:59:00,69.3,0.0,0.0,0.0,0.0
2026-03-07 14:00:00,225.4,142.1,0.0,0.0,0.0
2026-03-07 14:01:00,226.6,147.3,0.0,0.0,0.0
2026-03-07 14:02:00,241.6,156.8,0.0,0.0,0.0
2026-03-07 14:03:00,227.8,146.9,0.0,0.0,0.0
2026-03-07 14:04:00,229.3,150.2,0.0,0.0,0.0
2026-03-07 14:05:00,237.7,150.6,0.0,0.0,0.0
2026-03-07 14:06:00,235.1,149.6,0.0,0.0,0.0
2026-03-07 14:07:00,237.7,159.7,0.0,0.0,0.0
2026-03-07 14:08:00,235.6,151.4,0.0,0.0,0.0
2026-03-07 14:09:00,210.4,144.3,0.0,0.0,0.0
2026-03-07 14:10:00,237.0,151.5,0.0,0.0,0.0
2026-03-07 14:11:00,228.8,153.2,0.0,0.0,0.0
2026-03-07 14:12:00,213.6,144.8,0.0,0.0,0.0
2026-03-07 14:13:00,228.3,150.9,0.0,0.0,0.0
2026-03-07 14:14:00,225.7,147.1,0.0,0.0,0.0
2026-03-07 14:15:00,211.7,143.7,0.0,0.0,0.0
2026-03-07 14:16:00,223.6,145.6,0.0,0.0,0.0
2026-03-07 14:17:00,229.8,153.9,0.0,0.0,0.0
2026-03-07 14:18:00,234.7,149.2,0.0,0.0,0.0
2026-03-07 14:19:00,2223.8,142.0,2007.2,0.0,0.0
2026-03-07 14:20:00,235.1,153.5,0.0,0.0,0.0
2026-03-07 14:21:00,228.6,148.5,0.0,0.0,0.0
2026-03-07 14:22:00,206.2,135.6,0.0,0.0,0.0
2026-03-07 14:23:00,230.4,144.7,0.0,0.0,0.0
2026-03-07 14:24:00,208.8,138.5,0.0,0.0,0.0
2026-03-07 14:25:00,227.1,146.9,0.0,0.0,0.0
2026-03-07 14:26:00,254.5,163.4,0.0,0.0,0.0
2026-03-07 14:27:00,242.9,159.9,0.0,0.0,0.0
2026-03-07 14:28:00,238.9,151.3,0.0,0.0,0.0
2026-03-07 14:29:00,219.7,145.8,0.0,0.0,0.0
2026-03-07 14:30:00,224.7,144.2,0.0,0.0,0.0
2026-03-07 14:31:00,229.5,146.3,0.0,0.0,0.0
2026-03-07 14:32:00,230.5,151.2,0.0,0.0,0.0
2026-03-07 14:33:00,235.7,156.1,0.0,0.0,0.0
2026-03-07 14:34:00,235.4,150.3,0.0,0.0,0.0
2026-03-07 14:35:00,74.1,0.0,0.0,0.0,0.0
2026-03-07 14:36:00,92.4,0.0,0.0,0.0,0.0
2026-03-07 14:37:00,80.0,0.0,0.0,0.0,0.0
2026-03-07 14:38:00,74.6,0.0,0.0,0.0,0.0
2026-03-07 14:39:00,78.8,0.0,0.0,0.0,0.0
2026-03-07 14:40:00,76.1,0.0,0.0,0.0,0.0
2026-03-07 14:41:00,80.6,0.0,0.0,0.0,0.0
2026-03-07 14:42:00,77.7,0.0,0.0,0.0,0.0
2026-03-07 14:43:00,87.9,0.0,0.0,0.0,0.0
2026-03-07 14:44:00,73.1,0.0,0.0,0.0,0.0
2026-03-07 14:45:00,76.6,0.0,0.0,0.0,0.0
2026-03-07 14:46:00,2066.7,0.0,1987.8,0.0,0.0
2026-03-07 14:47:00,2070.0,0.0,1996.1,0.0,0.0
2026-03-07 14:48:00,2102.7,0.0,2021.4,0.0,0.0
2026-03-07 14:49:00,2109.8,0.0,2039.4,0.0,0.0
2026-03-07 14:50:00,2023.3,0.0,1950.8,0.0,0.0
2026-03-07 14:51:00,2012.9,0.0,1935.3,0.0,0.0
2026-03-07 14:52:00,2098.4,0.0,2020.5,0.0,0.0
2026-03-07 14:53:00,2106.2,0.0,2026.0,0.0,0.0
2026-03-07 14:54:00,2108.3,0.0,2020.2,0.0,0.0
2026-03-07 14:55:00,82.3,0.0,0.0,0.0,0.0
2026-03-07 14:56:00,2108.4,0.0,2028.7,0.0,0.0
2026-03-07 14:57:00,2119.4,0.0,2035.7,0.0,0.0
2026-03-07 14:58:00,2122.9,0.0,2041.1,0.0,0.0
2026-03-07 14:59:00,72.2,0.0,0.0,0.0,0.0
2026-03-07 15:00:00,2221.2,148.1,1992.7,0.0,0.0
2026-03-07 15:01:00,2225.1,151.5,1990.9,0.0,0.0
2026-03-07 15:02:00,2200.8,141.0,1982.1,0.0,0.0
2026-03-07 15:03:00,2251.6,151.3,2021.6,0.0,0.0
2026-03-07 15:04:00,2215.9,140.4,1995.4,0.0,0.0
2026-03-07 15:05:00,233.6,159.0,0.0,0.0,0.0
2026-03-07 15:06:00,226.5,153.2,0.0,0.0,0.0
2026-03-07 15:07:00,221.2,147.0,0.0,0.0,0.0
2026-03-07 15:08:00,226.5,149.9,0.0,0.0,0.0
2026-03-07 15:09:00,2176.1,147.6,1939.4,0.0,0.0
2026-03-07 15:10:00,2301.5,157.6,2066.3,0.0,0.0
2026-03-07 15:11:00,2238.7,155.5,1998.9,0.0,0.0
2026-03-07 15:12:00,2215.1,150.6,1985.3,0.0,0.0
2026-03-07 15:13:00,2155.8,147.6,1932.8,0.0,0.0
2026-03-07 15:14:00,2252.5,153.0,2024.2,0.0,0.0
2026-03-07 15:15:00,2247.0,151.4,2007.2,0.0,0.0
2026-03-07 15:16:00,2223.4,149.9,1995.1,0.0,0.0
2026-03-07 15:17:00,231.7,147.6,0.0,0.0,0.0
2026-03-07 15:18:00,2223.8,142.6,2001.0,0.0,0.0
2026-03-07 15:19:00,233.9,143.5,0.0,0.0,0.0
2026-03-07 15:20:00,2291.1,146.6,2058.1,0.0,0.0
2026-03-07 15:21:00,2212.9,142.1,1989.2,0.0,0.0
2026-03-07 15:22:00,2255.2,145.5,2033.5,0.0,0.0
2026-03-07 15:23:00,2252.2,158.8,2016.3,0.0,0.0
2026-03-07 15:24:00,2221.4,150.3,1996.6,0.0,0.0
2026-03-07 15:25:00,2248.8,153.5,2010.7,0.0,0.0
2026-03-07 15:26:00,2218.4,147.2,1989.4,0.0,0.0
2026-03-07 15:27:00,2269.3,156.7,2023.9,0.0,0.0
2026-03-07 15:28:00,2257.7,150.8,2023.7,0.0,0.0
2026-03-07 15:29:00,2159.1,154.1,1927.7,0.0,0.0
2026-03-07 15:30:00,2262.9,155.5,2022.6,0.0,0.0
2026-03-07 15:31:00,2240.7,152.3,2010.3,0.0,0.0
2026-03-07 15:32:00,2244.1,159.6,1999.5,0.0,0.0
2026-03-07 15:33:00,2272.6,145.6,2042.1,0.0,0.0
2026-03-07 15:34:00,2268.9,148.5,2029.6,0.0,0.0
2026-03-07 15:35:00,2102.0,0.0,2020.7,0.0,0.0
2026-03-07 15:36:00,2022.8,0.0,1939.0,0.0,0.0
2026-03-07 15:37:00,2082.9,0.0,2007.1,0.0,0.0
2026-03-07 15:38:00,2014.5,0.0,1934.9,0.0,0.0
2026-03-07 15:39:00,73.4,0.0,0.0,0.0,0.0
2026-03-07 15:40:00,2116.2,0.0,2038.8,0.0,0.0
2026-03-07 15:41:00,2067.9,0.0,1986.7,0.0,0.0
2026-03-07 15:42:00,2152.4,0.0,2079.7,0.0,0.0
2026-03-07 15:43:00,2094.9,0.0,2014.0,0.0,0.0
2026-03-07 15:44:00,2090.2,0.0,2001.0,0.0,0.0
2026-03-07 15:45:00,2085.6,0.0,2003.3,0.0,0.0
2026-03-07 15:46:00,2091.4,0.0,2014.4,0.0,0.0
2026-03-07 15:47:00,2090.8,0.0,2007.0,0.0,0.0
2026-03-07 15:48:00,2082.7,0.0,1994.0,0.0,0.0
2026-03-07 15:49:00,2060.4,0.0,1980.1,0.0,0.0
2026-03-07 15:50:00,2108.9,0.0,2024.4,0.0,0.0
2026-03-07 15:51:00,2065.8,0.0,1989.8,0.0,0.0
2026-03-07 15:52:00,2073.6,0.0,1989.3,0.0,0.0
2026-03-07 15:53:00,2063.5,0.0,1986.0,0.0,0.0
2026-03-07 15:54:00,2088.6,0.0,2002.6,0.0,0.0
2026-03-07 15:55:00,2117.0,0.0,2038.2,0.0,0.0
2026-03-07 15:56:00,2096.1,0.0,2017.5,0.0,0.0
2026-03-07 15:57:00,2083.0,0.0,2001.1,0.0,0.0
2026-03-07 15:58:00,2074.5,0.0,1989.7,0.0,0.0
2026-03-07 15:59:00,2118.5,0.0,2032.6,0.0,0.0
2026-03-07 16:00:00,2225.0,141.5,2001.1,0.0,0.0
2026-03-07 16:01:00,2230.1,145.1,2010.9,0.0,0.0
2026-03-07 16:02:00,2272.1,148.8,2033.2,0.0,0.0
2026-03-07 16:03:00,2213.4,141.2,1992.7,0.0,0.0
2026-03-07 16:04:00,2253.2,160.7,2001.0,0.0,0.0
2026-03-07 16:05:00,2284.9,159.2,2047.9,0.0,0.0
2026-03-07 16:06:00,2228.7,156.2,1986.7,0.0,0.0
2026-03-07 16:07:00,2249.7,154.2,2016.6,0.0,0.0
2026-03-07 16:08:00,2240.7,154.5,2004.8,0.0,0.0
2026-03-07 16:09:00,2234.4,148.7,2006.1,0.0,0.0
2026-03-07 16:10:00,2216.5,148.9,1981.2,0.0,0.0
2026-03-07 16:11:00,2191.0,140.0,1969.7,0.0,0.0
2026-03-07 16:12:00,2280.9,154.6,2046.5,0.0,0.0
2026-03-07 16:13:00,2237.2,149.1,2003.6,0.0,0.0
2026-03-07 16:14:00,2235.9,140.3,2020.0,0.0,0.0
2026-03-07 16:15:00,2228.2,145.9,1989.6,0.0,0.0
2026-03-07 16:16:00,2270.0,152.5,2036.1,0.0,0.0
2026-03-07 16:17:00,2225.7,142.1,2008.3,0.0,0.0
2026-03-07 16:18:00,2229.8,147.4,2007.8,0.0,0.0
2026-03-07 16:19:00,2266.7,139.3,2044.3,0.0,0.0
2026-03-07 16:20:00,2260.0,147.6,2034.6,0.0,0.0
2026-03-07 16:21:00,2210.2,149.6,1979.3,0.0,0.0
2026-03-07 16:22:00,2211.1,138.1,1991.6,0.0,0.0
2026-03-07 16:23:00,220.5,146.1,0.0,0.0,0.0
2026-03-07 16:24:00,2249.9,152.1,2018.4,0.0,0.0
2026-03-07 16:25:00,2153.5,148.1,1935.7,0.0,0.0
2026-03-07 16:26:00,2248.3,157.2,2007.0,0.0,0.0
2026-03-07 16:27:00,2189.5,154.2,1953.4,0.0,0.0
2026-03-07 16:28:00,2236.0,155.6,2003.8,0.0,0.0
2026-03-07 16:29:00,2227.9,143.9,1994.8,0.0,0.0
2026-03-07 16:30:00,2252.6,145.3,2020.7,0.0,0.0
2026-03-07 16:31:00,2187.5,151.5,1957.2,0.0,0.0
2026-03-07 16:32:00,2235.0,152.5,1999.8,0.0,0.0
2026-03-07 16:33:00,2214.3,147.3,1990.9,0.0,0.0
2026-03-07 16:34:00,2253.9,148.8,2027.8,0.0,0.0
2026-03-07 16:35:00,2037.9,0.0,1966.2,0.0,0.0
2026-03-07 16:36:00,2119.5,0.0,2046.1,0.0,0.0
2026-03-07 16:37:00,2038.4,0.0,1944.4,0.0,0.0
2026-03-07 16:38:00,2071.4,0.0,1997.2,0.0,0.0
2026-03-07 16:39:00,2032.8,0.0,1952.5,0.0,0.0
2026-03-07 16:40:00,2105.8,0.0,2024.7,0.0,0.0
2026-03-07 16:41:00,2032.1,0.0,1943.2,0.0,0.0
2026-03-07 16:42:00,2091.5,0.0,2000.3,0.0,0.0
2026-03-07 16:43:00,2074.1,0.0,1988.9,0.0,0.0
2026-03-07 16:44:00,2072.4,0.0,1999.0,0.0,0.0
2026-03-07 16:45:00,2085.2,0.0,2005.5,0.0,0.0
2026-03-07 16:46:00,2089.0,0.0,2005.0,0.0,0.0
2026-03-07 16:47:00,2035.8,0.0,1955.1,0.0,0.0
2026-03-07 16:48:00,2036.5,0.0,1956.6,0.0,0.0
2026-03-07 16:49:00,2110.2,0.0,2017.8,0.0,0.0
2026-03-07 16:50:00,2062.8,0.0,1984.9,0.0,0.0
2026-03-07 16:51:00,2135.9,0.0,2055.8,0.0,0.0
2026-03-07 16:52:00,2116.9,0.0,2029.7,0.0,0.0
2026-03-07 16:53:00,2084.6,0.0,1997.9,0.0,0.0
2026-03-07 16:54:00,2097.2,0.0,2014.2,0.0,0.0
2026-03-07 16:55:00,2033.4,0.0,1951.2,0.0,0.0
2026-03-07 16:56:00,2057.2,0.0,1982.1,0.0,0.0
2026-03-07 16:57:00,2036.2,0.0,1961.9,0.0,0.0
2026-03-07 16:58:00,2027.5,0.0,1953.6,0.0,0.0
2026-03-07 16:59:00,2086.3,0.0,2012.3,0.0,0.0
2026-03-07 17:00:00,2221.7,156.3,1985.2,0.0,0.0
2026-03-07 17:01:00,2271.7,149.8,2038.6,0.0,0.0
2026-03-07 17:02:00,2233.3,149.5,1999.9,0.0,0.0
2026-03-07 17:03:00,2222.8,153.9,1986.7,0.0,0.0
2026-03-07 17:04:00,2220.3,149.4,2002.1,0.0,0.0
2026-03-07 17:05:00,2212.9,149.7,1993.1,0.0,0.0
2026-03-07 17:06:00,2235.3,155.6,1999.8,0.0,0.0
2026-03-07 17:07:00,2192.5,154.6,1957.2,0.0,0.0
2026-03-07 17:08:00,2181.7,148.9,1955.0,0.0,0.0
2026-03-07 17:09:00,2228.9,143.5,2003.2,0.0,0.0
2026-03-07 17:10:00,2261.6,146.9,2033.6,0.0,0.0
2026-03-07 17:11:00,2185.9,152.6,1962.0,0.0,0.0
2026-03-07 17:12:00,2222.0,141.9,2010.4,0.0,0.0
2026-03-07 17:13:00,2213.7,148.3,1992.2,0.0,0.0
2026-03-07 17:14:00,2255.3,149.6,2015.6,0.0,0.0
2026-03-07 17:15:00,2227.7,142.6,2013.3,0.0,0.0
2026-03-07 17:16:00,2263.9,155.7,2036.5,0.0,0.0
2026-03-07 17:17:00,2208.5,148.7,1985.9,0.0,0.0
2026-03-07 17:18:00,2264.9,142.4,2038.8,0.0,0.0
2026-03-07 17:19:00,2245.9,145.0,2018.3,0.0,0.0
2026-03-07 17:20:00,2249.7,152.0,2021.3,0.0,0.0
2026-03-07 17:21:00,2245.5,156.6,2005.5,0.0,0.0
2026-03-07 17:22:00,2164.0,151.3,1936.2,0.0,0.0
2026-03-07 17:23:00,2222.6,150.8,1987.5,0.0,0.0
2026-03-07 17:24:00,2240.5,149.0,2002.8,0.0,0.0
2026-03-07 17:25:00,2274.1,157.8,2029.6,0.0,0.0
2026-03-07 17:26:00,2224.8,156.2,1990.0,0.0,0.0
2026-03-07 17:27:00,2220.1,142.1,1988.8,0.0,0.0
2026-03-07 17:28:00,2233.0,150.1,2011.2,0.0,0.0
2026-03-07 17:29:00,2276.2,152.8,2034.4,0.0,0.0
2026-03-07 17:30:00,2230.2,149.0,1986.4,0.0,0.0
2026-03-07 17:31:00,2209.2,152.1,1974.1,0.0,0.0
2026-03-07 17:32:00,2180.0,153.2,1944.5,0.0,0.0
2026-03-07 17:33:00,2257.4,145.6,2024.3,0.0,0.0
2026-03-07 17:34:00,2203.3,156.2,1960.8,0.0,0.0
2026-03-07 17:35:00,2108.3,0.0,2032.0,0.0,0.0
2026-03-07 17:36:00,2110.5,0.0,2027.4,0.0,0.0
2026-03-07 17:37:00,2072.3,0.0,1986.0,0.0,0.0
2026-03-07 17:38:00,2090.5,0.0,2011.4,0.0,0.0
2026-03-07 17:39:00,2060.5,0.0,1978.5,0.0,0.0
2026-03-07 17:40:00,2049.7,0.0,1982.7,0.0,0.0
2026-03-07 17:41:00,2097.4,0.0,2017.3,0.0,0.0
2026-03-07 17:42:00,2038.5,0.0,1960.2,0.0,0.0
2026-03-07 17:43:00,2021.9,0.0,1944.6,0.0,0.0
2026-03-07 17:44:00,2065.0,0.0,1988.8,0.0,0.0
2026-03-07 17:45:00,2043.6,0.0,1966.2,0.0,0.0
2026-03-07 17:46:00,2137.6,0.0,2060.2,0.0,0.0
2026-03-07 17:47:00,2117.5,0.0,2044.2,0.0,0.0
2026-03-07 17:48:00,2101.6,0.0,2021.0,0.0,0.0
2026-03-07 17:49:00,2105.7,0.0,2029.8,0.0,0.0
2026-03-07 17:50:00,2016.6,0.0,1945.2,0.0,0.0
2026-03-07 17:51:00,2129.4,0.0,2053.0,0.0,0.0
2026-03-07 17:52:00,2030.3,0.0,1950.5,0.0,0.0
2026-03-07 17:53:00,2037.5,0.0,1951.7,0.0,0.0
2026-03-07 17:54:00,2144.5,0.0,2059.8,0.0,0.0
2026-03-07 17:55:00,2063.9,0.0,1972.1,0.0,0.0
2026-03-07 17:56:00,2119.1,0.0,2027.1,0.0,0.0
2026-03-07 17:57:00,2134.0,0.0,2047.6,0.0,0.0
2026-03-07 17:58:00,2048.5,0.0,1974.5,0.0,0.0
2026-03-07 17:59:00,2064.4,0.0,1979.7,0.0,0.0
2026-03-07 18:00:00,2211.8,149.1,1979.8,0.0,0.0
2026-03-07 18:01:00,2224.7,151.7,2000.4,0.0,0.0
2026-03-07 18:02:00,2254.8,151.3,2019.9,0.0,0.0
2026-03-07 18:03:00,2339.4,156.4,1986.8,0.0,126.8
2026-03-07 18:04:00,2208.5,147.1,1970.4,0.0,0.0
2026-03-07 18:05:00,2370.3,150.3,2017.9,0.0,123.5
2026-03-07 18:06:00,2278.7,151.6,2043.3,0.0,0.0
2026-03-07 18:07:00,2215.3,146.5,1988.0,0.0,0.0
2026-03-07 18:08:00,2196.0,148.4,1976.8,0.0,0.0
2026-03-07 18:09:00,2256.3,149.9,1919.7,0.0,113.1
2026-03-07 18:10:00,2268.1,142.9,2042.4,0.0,0.0
2026-03-07 18:11:00,2305.8,147.6,1965.3,0.0,117.2
2026-03-07 18:12:00,2243.8,144.5,2019.9,0.0,0.0
2026-03-07 18:13:00,2330.3,147.5,1979.7,0.0,123.7
2026-03-07 18:14:00,2241.0,146.7,2021.3,0.0,0.0
2026-03-07 18:15:00,2217.4,147.6,2001.5,0.0,0.0
2026-03-07 18:16:00,2356.4,153.3,1998.4,0.0,120.9
2026-03-07 18:17:00,2273.3,155.9,2037.5,0.0,0.0
2026-03-07 18:18:00,2284.9,154.0,2051.9,0.0,0.0
2026-03-07 18:19:00,2353.3,146.1,2006.6,0.0,117.8
2026-03-07 18:20:00,2319.1,151.5,1975.3,0.0,114.6
2026-03-07 18:21:00,2204.4,143.8,1977.9,0.0,0.0
2026-03-07 18:22:00,2249.1,152.6,2025.6,0.0,0.0
2026-03-07 18:23:00,2411.1,153.5,2060.5,0.0,117.6
2026-03-07 18:24:00,2388.8,148.3,2039.0,0.0,127.5
2026-03-07 18:25:00,2191.7,150.1,1964.6,0.0,0.0
2026-03-07 18:26:00,2256.0,153.9,2022.8,0.0,0.0
2026-03-07 18:27:00,2353.5,153.4,1998.4,0.0,125.0
2026-03-07 18:28:00,2241.8,147.2,2018.9,0.0,0.0
2026-03-07 18:29:00,2380.6,146.4,2021.5,0.0,128.7
2026-03-07 18:30:00,2362.5,141.8,2024.4,0.0,115.3
2026-03-07 18:31:00,2406.3,148.3,2062.4,0.0,121.1
2026-03-07 18:32:00,2259.2,147.0,2034.9,0.0,0.0
2026-03-07 18:33:00,2280.4,149.9,2041.0,0.0,0.0
2026-03-07 18:34:00,2252.5,152.6,2017.2,0.0,0.0
2026-03-07 18:35:00,2151.1,0.0,2068.8,0.0,0.0
2026-03-07 18:36:00,2037.1,0.0,1953.2,0.0,0.0
2026-03-07 18:37:00,2058.1,0.0,1986.8,0.0,0.0
2026-03-07 18:38:00,2203.3,0.0,1997.5,0.0,121.6
2026-03-07 18:39:00,2069.3,0.0,1989.4,0.0,0.0
2026-03-07 18:40:00,2190.3,0.0,2001.6,0.0,118.1
2026-03-07 18:41:00,2179.5,0.0,1968.1,0.0,116.8
2026-03-07 18:42:00,2211.4,0.0,2026.7,0.0,114.9
2026-03-07 18:43:00,2187.1,0.0,1986.0,0.0,123.3
2026-03-07 18:44:00,2041.8,0.0,1966.2,0.0,0.0
2026-03-07 18:45:00,2070.7,0.0,1993.6,0.0,0.0
2026-03-07 18:46:00,2191.8,0.0,1989.2,0.0,119.4
2026-03-07 18:47:00,2188.5,0.0,1988.0,0.0,120.6
2026-03-07 18:48:00,2035.7,0.0,1953.6,0.0,0.0
2026-03-07 18:49:00,2173.0,0.0,1979.4,0.0,123.8
2026-03-07 18:50:00,2197.1,0.0,1997.0,0.0,119.2
2026-03-07 18:51:00,2123.7,0.0,2031.0,0.0,0.0
2026-03-07 18:52:00,2172.2,0.0,1968.8,0.0,128.5
2026-03-07 18:53:00,2086.4,0.0,2007.2,0.0,0.0
2026-03-07 18:54:00,2234.5,0.0,2016.7,0.0,132.8
2026-03-07 18:55:00,2179.7,0.0,1985.8,0.0,117.9
2026-03-07 18:56:00,2070.9,0.0,1986.6,0.0,0.0
2026-03-07 18:57:00,2199.2,0.0,1996.0,0.0,120.9
2026-03-07 18:58:00,2218.2,0.0,2022.8,0.0,115.4
2026-03-07 18:59:00,2249.2,0.0,2047.5,0.0,122.5
2026-03-07 19:00:00,2251.4,147.6,2026.0,0.0,0.0
2026-03-07 19:01:00,2190.6,139.7,1978.9,0.0,0.0
2026-03-07 19:02:00,2268.1,148.9,2032.7,0.0,0.0
2026-03-07 19:03:00,2242.9,152.2,1997.0,0.0,0.0
2026-03-07 19:04:00,2350.6,152.0,1998.4,0.0,125.1
2026-03-07 19:05:00,2307.7,150.4,1956.5,0.0,114.6
2026-03-07 19:06:00,2391.2,149.6,2032.3,0.0,118.4
2026-03-07 19:07:00,2347.3,153.0,1995.3,0.0,123.2
2026-03-07 19:08:00,2372.8,152.5,2018.5,0.0,123.9
2026-03-07 19:09:00,2331.1,141.0,1990.1,0.0,118.4
2026-03-07 19:10:00,2156.2,146.3,1933.4,0.0,0.0
2026-03-07 19:11:00,2358.9,150.2,2004.7,0.0,123.5
2026-03-07 19:12:00,2351.4,149.4,2001.7,0.0,122.7
2026-03-07 19:13:00,2202.5,153.7,1965.1,0.0,0.0
2026-03-07 19:14:00,2249.6,154.6,2025.1,0.0,0.0
2026-03-07 19:15:00,2309.8,150.5,1956.1,0.0,117.4
2026-03-07 19:16:00,2231.6,148.0,2004.9,0.0,0.0
2026-03-07 19:17:00,2404.9,158.0,2048.3,0.0,124.2
2026-03-07 19:18:00,2355.5,145.7,2002.4,0.0,125.8
2026-03-07 19:19:00,2202.9,149.3,1977.0,0.0,0.0
2026-03-07 19:20:00,2164.1,159.5,1938.8,0.0,0.0
2026-03-07 19:21:00,2295.2,152.9,1964.2,0.0,111.4
2026-03-07 19:22:00,2348.7,152.7,1997.0,0.0,122.2
2026-03-07 19:23:00,2193.1,149.8,1962.3,0.0,0.0
2026-03-07 19:24:00,2314.6,155.6,1958.6,0.0,123.1
2026-03-07 19:25:00,2382.3,163.9,2015.3,0.0,117.1
2026-03-07 19:26:00,2400.3,151.4,2047.3,0.0,119.0
2026-03-07 19:27:00,2252.0,148.8,2031.5,0.0,0.0
2026-03-07 19:28:00,2239.0,155.5,2009.7,0.0,0.0
2026-03-07 19:29:00,2348.0,159.0,1986.3,0.0,125.4
2026-03-07 19:30:00,2259.1,151.7,2032.6,0.0,0.0
2026-03-07 19:31:00,2351.9,145.9,2010.6,0.0,118.8
2026-03-07 19:32:00,2316.0,151.6,1962.6,0.0,123.6
2026-03-07 19:33:00,2337.1,146.1,2002.0,0.0,110.9
2026-03-07 19:34:00,2295.2,154.5,1951.7,0.0,112.6
2026-03-07 19:35:00,2076.4,0.0,1999.2,0.0,0.0
2026-03-07 19:36:00,2072.4,0.0,1993.1,0.0,0.0
2026-03-07 19:37:00,2138.4,0.0,2052.0,0.0,0.0
2026-03-07 19:38:00,2055.5,0.0,1973.3,0.0,0.0
2026-03-07 19:39:00,2051.8,0.0,1977.1,0.0,0.0
2026-03-07 19:40:00,2210.9,0.0,2000.7,0.0,129.0
2026-03-07 19:41:00,2176.2,0.0,1971.3,0.0,126.7
2026-03-07 19:42:00,2250.0,0.0,2043.0,0.0,125.7
2026-03-07 19:43:00,2099.7,0.0,2023.0,0.0,0.0
2026-03-07 19:44:00,2208.9,0.0,2007.5,0.0,117.2
2026-03-07 19:45:00,2205.0,0.0,2007.6,0.0,119.7
2026-03-07 19:46:00,2196.4,0.0,2007.4,0.0,120.0
2026-03-07 19:47:00,2226.3,0.0,2024.0,0.0,125.2
2026-03-07 19:48:00,2201.7,0.0,1997.6,0.0,116.5
2026-03-07 19:49:00,2216.9,0.0,2025.2,0.0,117.3
2026-03-07 19:50:00,2213.8,0.0,2008.7,0.0,119.4
2026-03-07 19:51:00,2208.8,0.0,2004.3,0.0,122.3
2026-03-07 19:52:00,2225.3,0.0,2015.9,0.0,126.5
2026-03-07 19:53:00,2087.7,0.0,2002.2,0.0,0.0
2026-03-07 19:54:00,2154.7,0.0,1973.2,0.0,113.4
2026-03-07 19:55:00,2067.6,0.0,1987.4,0.0,0.0
2026-03-07 19:56:00,2038.5,0.0,1961.5,0.0,0.0
2026-03-07 19:57:00,2198.9,0.0,1993.4,0.0,123.5
2026-03-07 19:58:00,2126.9,0.0,2042.7,0.0,0.0
2026-03-07 19:59:00,2161.7,0.0,1963.7,0.0,123.5
2026-03-07 20:00:00,2225.5,152.6,1993.4,0.0,0.0
2026-03-07 20:01:00,2172.2,143.6,1951.9,0.0,0.0
2026-03-07 20:02:00,2212.1,149.5,1988.5,0.0,0.0
2026-03-07 20:03:00,2387.8,152.5,2028.9,0.0,115.5
2026-03-07 20:04:00,2261.5,150.0,2028.8,0.0,0.0
2026-03-07 20:05:00,2382.2,146.2,2038.9,0.0,115.3
2026-03-07 20:06:00,2212.4,152.1,1981.5,0.0,0.0
2026-03-07 20:07:00,2415.9,155.3,2049.2,0.0,132.3
2026-03-07 20:08:00,2214.9,161.1,1975.3,0.0,0.0
2026-03-07 20:09:00,2375.5,156.2,2015.1,0.0,118.5
2026-03-07 20:10:00,2267.8,141.8,2052.5,0.0,0.0
2026-03-07 20:11:00,2190.1,156.2,1946.0,0.0,0.0
2026-03-07 20:12:00,2199.0,155.0,1968.2,0.0,0.0
2026-03-07 20:13:00,2250.9,151.5,2016.6,0.0,0.0
2026-03-07 20:14:00,2393.7,153.4,2051.8,0.0,116.8
2026-03-07 20:15:00,2371.8,155.4,2012.4,0.0,117.0
2026-03-07 20:16:00,2357.1,148.8,2013.6,0.0,119.6
2026-03-07 20:17:00,2349.4,144.1,2011.3,0.0,117.1
2026-03-07 20:18:00,2345.5,148.8,2009.9,0.0,115.1
2026-03-07 20:19:00,2225.5,153.2,1994.1,0.0,0.0
2026-03-07 20:20:00,2262.9,147.3,2031.4,0.0,0.0
2026-03-07 20:21:00,2209.5,146.9,1976.0,0.0,0.0
2026-03-07 20:22:00,2352.5,143.9,2006.4,0.0,119.1
2026-03-07 20:23:00,2368.5,152.6,2024.8,0.0,118.2
2026-03-07 20:24:00,2345.6,144.9,1996.2,0.0,129.2
2026-03-07 20:25:00,2380.6,149.0,2037.5,0.0,115.7
2026-03-07 20:26:00,2402.3,146.5,2060.5,0.0,117.5
2026-03-07 20:27:00,2262.2,156.3,2026.4,0.0,0.0
2026-03-07 20:28:00,2327.4,154.9,1979.3,0.0,115.4
2026-03-07 20:29:00,2285.6,161.2,2048.9,0.0,0.0
2026-03-07 20:30:00,2341.0,146.7,2012.4,0.0,111.9
2026-03-07 20:31:00,2327.6,145.3,1975.8,0.0,126.0
2026-03-07 20:32:00,2177.1,151.3,1937.3,0.0,0.0
2026-03-07 20:33:00,2204.2,143.4,1975.9,0.0,0.0
2026-03-07 20:34:00,2389.5,147.7,2034.2,0.0,118.0
2026-03-07 20:35:00,2218.6,0.0,2024.0,0.0,124.4
2026-03-07 20:36:00,2093.4,0.0,2011.5,0.0,0.0
2026-03-07 20:37:00,2034.7,0.0,1961.4,0.0,0.0
2026-03-07 20:38:00,2167.1,0.0,1963.8,0.0,127.8
2026-03-07 20:39:00,2023.0,0.0,1948.2,0.0,0.0
2026-03-07 20:40:00,2088.5,0.0,2007.9,0.0,0.0
2026-03-07 20:41:00,2155.0,0.0,1965.5,0.0,120.5
2026-03-07 20:42:00,2225.6,0.0,2022.0,0.0,121.6
2026-03-07 20:43:00,2211.0,0.0,2004.1,0.0,121.4
2026-03-07 20:44:00,2188.3,0.0,1978.6,0.0,124.0
2026-03-07 20:45:00,2192.0,0.0,1998.1,0.0,117.6
2026-03-07 20:46:00,2192.7,0.0,1994.5,0.0,121.7
2026-03-07 20:47:00,2207.1,0.0,2008.4,0.0,119.0
2026-03-07 20:48:00,2105.8,0.0,2033.2,0.0,0.0
2026-03-07 20:49:00,2115.0,0.0,2037.1,0.0,0.0
2026-03-07 20:50:00,2170.4,0.0,1965.0,0.0,122.0
2026-03-07 20:51:00,2117.0,0.0,2047.0,0.0,0.0
2026-03-07 20:52:00,2103.2,0.0,2012.8,0.0,0.0
2026-03-07 20:53:00,2227.4,0.0,2025.4,0.0,123.6
2026-03-07 20:54:00,2174.5,0.0,1976.1,0.0,115.6
2026-03-07 20:55:00,2056.1,0.0,1969.0,0.0,0.0
2026-03-07 20:56:00,2138.0,0.0,1940.3,0.0,105.9
2026-03-07 20:57:00,2221.0,0.0,2012.0,0.0,124.1
2026-03-07 20:58:00,2199.3,0.0,1996.5,0.0,119.6
2026-03-07 20:59:00,2236.6,0.0,2044.9,0.0,113.9
2026-03-07 21:00:00,2209.5,146.8,1990.9,0.0,0.0
2026-03-07 21:01:00,2346.7,143.1,1998.0,0.0,122.4
2026-03-07 21:02:00,2344.1,153.0,1983.3,0.0,123.1
2026-03-07 21:03:00,2365.4,149.5,2017.2,0.0,127.5
2026-03-07 21:04:00,2352.7,154.5,2009.7,0.0,115.2
2026-03-07 21:05:00,2201.3,146.6,1974.2,0.0,0.0
2026-03-07 21:06:00,2370.4,144.3,2029.5,0.0,120.6
2026-03-07 21:07:00,2325.7,155.5,1966.9,0.0,118.4
2026-03-07 21:08:00,2366.5,154.1,2015.9,0.0,116.0
2026-03-07 21:09:00,2318.9,143.0,1973.2,0.0,126.7
2026-03-07 21:10:00,2410.5,155.2,2049.2,0.0,125.0
2026-03-07 21:11:00,2346.1,146.6,1987.8,0.0,122.9
2026-03-07 21:12:00,2304.9,157.4,1949.0,0.0,118.3
2026-03-07 21:13:00,2400.5,152.5,2043.4,0.0,125.1
2026-03-07 21:14:00,2193.0,147.1,1960.6,0.0,0.0
2026-03-07 21:15:00,2385.8,148.9,2030.7,0.0,128.1
2026-03-07 21:16:00,2334.9,149.3,1980.0,0.0,123.4
2026-03-07 21:17:00,2210.4,135.8,1994.4,0.0,0.0
2026-03-07 21:18:00,2184.2,153.3,1960.2,0.0,0.0
2026-03-07 21:19:00,2330.3,148.6,1982.1,0.0,125.0
2026-03-07 21:20:00,2354.1,153.7,1996.4,0.0,126.2
2026-03-07 21:21:00,2317.5,136.4,1990.4,0.0,121.9
2026-03-07 21:22:00,2359.5,153.5,2014.6,0.0,123.5
2026-03-07 21:23:00,2362.0,150.2,2007.0,0.0,120.3
2026-03-07 21:24:00,2359.4,144.6,2011.0,0.0,124.8
2026-03-07 21:25:00,2204.2,159.6,1967.1,0.0,0.0
2026-03-07 21:26:00,2353.9,154.0,2002.7,0.0,121.0
2026-03-07 21:27:00,2352.5,145.5,2003.2,0.0,122.5
2026-03-07 21:28:00,2354.1,146.2,1998.4,0.0,118.9
2026-03-07 21:29:00,2358.8,152.9,2020.8,0.0,113.7
2026-03-07 21:30:00,2256.5,158.7,2013.9,0.0,0.0
2026-03-07 21:31:00,2239.4,152.6,2008.8,0.0,0.0
2026-03-07 21:32:00,2308.7,148.0,1957.6,0.0,119.8
2026-03-07 21:33:00,2233.3,158.8,1997.4,0.0,0.0
2026-03-07 21:34:00,2359.2,147.2,2013.3,0.0,119.8
2026-03-07 21:35:00,2209.0,0.0,2005.9,0.0,120.5
2026-03-07 21:36:00,2068.2,0.0,1990.2,0.0,0.0
2026-03-07 21:37:00,2031.1,0.0,1968.2,0.0,0.0
2026-03-07 21:38:00,2076.7,0.0,1994.9,0.0,0.0
2026-03-07 21:39:00,2224.1,0.0,2016.0,0.0,124.4
2026-03-07 21:40:00,2089.6,0.0,2014.5,0.0,0.0
2026-03-07 21:41:00,2210.3,0.0,2016.4,0.0,118.5
2026-03-07 21:42:00,2161.2,0.0,2073.5,0.0,0.0
2026-03-07 21:43:00,2176.4,0.0,1985.8,0.0,115.3
2026-03-07 21:44:00,2110.8,0.0,2037.8,0.0,0.0
2026-03-07 21:45:00,2098.1,0.0,2018.3,0.0,0.0
2026-03-07 21:46:00,2043.7,0.0,1961.5,0.0,0.0
2026-03-07 21:47:00,2224.9,0.0,2019.9,0.0,120.9
2026-03-07 21:48:00,2236.3,0.0,2037.5,0.0,115.4
2026-03-07 21:49:00,2139.1,0.0,1946.1,0.0,118.8
2026-03-07 21:50:00,2210.1,0.0,1999.7,0.0,121.1
2026-03-07 21:51:00,2234.7,0.0,2034.1,0.0,121.8
2026-03-07 21:52:00,2209.3,0.0,2013.0,0.0,116.0
2026-03-07 21:53:00,2074.3,0.0,2008.2,0.0,0.0
2026-03-07 21:54:00,2178.5,0.0,1986.4,0.0,114.2
2026-03-07 21:55:00,2080.4,0.0,2018.2,0.0,0.0
2026-03-07 21:56:00,2051.8,0.0,1968.6,0.0,0.0
2026-03-07 21:57:00,2066.7,0.0,1986.6,0.0,0.0
2026-03-07 21:58:00,2182.0,0.0,1983.5,0.0,120.3
2026-03-07 21:59:00,2106.0,0.0,2026.3,0.0,0.0
2026-03-07 22:00:00,2342.4,149.2,2010.9,0.0,116.1
2026-03-07 22:01:00,2301.7,145.3,1945.0,0.0,125.2
2026-03-07 22:02:00,2230.4,146.8,1997.7,0.0,0.0
2026-03-07 22:03:00,2188.3,146.3,1964.1,0.0,0.0
2026-03-07 22:04:00,2306.1,149.5,1959.4,0.0,115.8
2026-03-07 22:05:00,2335.2,145.9,1987.7,0.0,121.6
2026-03-07 22:06:00,2323.0,155.7,1974.6,0.0,113.1
2026-03-07 22:07:00,2328.4,146.0,1985.7,0.0,116.4
2026-03-07 22:08:00,2353.9,148.8,1998.2,0.0,120.2
2026-03-07 22:09:00,2398.0,157.1,2038.4,0.0,124.7
2026-03-07 22:10:00,2214.8,149.9,1995.0,0.0,0.0
2026-03-07 22:11:00,2235.5,156.1,2007.1,0.0,0.0
2026-03-07 22:12:00,2357.1,149.1,2007.8,0.0,125.2
2026-03-07 22:13:00,2371.5,153.8,2009.6,0.0,127.6
2026-03-07 22:14:00,2229.6,160.6,1983.9,0.0,0.0
2026-03-07 22:15:00,2202.7,145.6,1988.6,0.0,0.0
2026-03-07 22:16:00,2193.2,152.6,1965.6,0.0,0.0
2026-03-07 22:17:00,2368.3,144.7,2030.0,0.0,120.9
2026-03-07 22:18:00,2187.9,149.8,1962.9,0.0,0.0
2026-03-07 22:19:00,2301.2,146.8,1953.4,0.0,120.9
2026-03-07 22:20:00,2360.3,150.6,2012.8,0.0,117.2
2026-03-07 22:21:00,2249.1,144.2,2025.1,0.0,0.0
2026-03-07 22:22:00,2174.2,139.7,1948.7,0.0,0.0
2026-03-07 22:23:00,2192.2,152.8,1951.9,0.0,0.0
2026-03-07 22:24:00,2349.0,150.5,1997.4,0.0,120.9
2026-03-07 22:25:00,2373.2,156.3,2018.1,0.0,121.0
2026-03-07 22:26:00,2339.7,151.0,1989.2,0.0,122.7
2026-03-07 22:27:00,2246.0,150.5,2011.2,0.0,0.0
2026-03-07 22:28:00,2330.7,145.8,2000.8,0.0,115.5
2026-03-07 22:29:00,2352.9,143.3,2007.0,0.0,121.5
2026-03-07 22:30:00,2318.9,150.7,1964.8,0.0,121.3
2026-03-07 22:31:00,2153.0,144.3,1920.4,0.0,0.0
2026-03-07 22:32:00,2189.7,156.7,1946.4,0.0,0.0
2026-03-07 22:33:00,2370.4,157.0,2007.1,0.0,118.1
2026-03-07 22:34:00,2318.0,152.6,1975.1,0.0,117.3
2026-03-07 22:35:00,2207.0,0.0,2007.1,0.0,125.3
2026-03-07 22:36:00,2171.7,0.0,1959.3,0.0,121.3
2026-03-07 22:37:00,2230.6,0.0,2040.1,0.0,118.5
2026-03-07 22:38:00,2189.3,0.0,2000.1,0.0,115.9
2026-03-07 22:39:00,2220.0,0.0,2006.0,0.0,117.8
2026-03-07 22:40:00,2155.9,0.0,1970.5,0.0,111.0
2026-03-07 22:41:00,2091.5,0.0,2005.1,0.0,0.0
2026-03-07 22:42:00,2274.2,0.0,2070.1,0.0,120.5
2026-03-07 22:43:00,2097.1,0.0,2013.9,0.0,0.0
2026-03-07 22:44:00,2137.4,0.0,1941.2,0.0,121.2
2026-03-07 22:45:00,2061.0,0.0,1976.8,0.0,0.0
2026-03-07 22:46:00,2056.3,0.0,1981.9,0.0,0.0
2026-03-07 22:47:00,2094.3,0.0,2007.6,0.0,0.0
2026-03-07 22:48:00,2053.0,0.0,1970.1,0.0,0.0
2026-03-07 22:49:00,2187.1,0.0,2009.0,0.0,117.0
2026-03-07 22:50:00,2088.9,0.0,2018.0,0.0,0.0
2026-03-07 22:51:00,2083.2,0.0,1993.3,0.0,0.0
2026-03-07 22:52:00,2148.3,0.0,1948.5,0.0,126.3
2026-03-07 22:53:00,2163.9,0.0,1964.3,0.0,119.4
2026-03-07 22:54:00,2112.2,0.0,2035.6,0.0,0.0
2026-03-07 22:55:00,2162.9,0.0,1954.8,0.0,129.3
2026-03-07 22:56:00,2198.3,0.0,2008.9,0.0,117.8
2026-03-07 22:57:00,2087.2,0.0,2003.2,0.0,0.0
2026-03-07 22:58:00,2248.4,0.0,2051.4,0.0,121.8
2026-03-07 22:59:00,2122.8,0.0,2036.7,0.0,0.0
2026-03-07 23:00:00,2250.6,151.9,2006.0,0.0,0.0
2026-03-07 23:01:00,2222.3,143.4,2002.5,0.0,0.0
2026-03-07 23:02:00,2205.7,147.3,1982.1,0.0,0.0
2026-03-07 23:03:00,2189.2,148.1,1955.5,0.0,0.0
2026-03-07 23:04:00,2223.0,153.9,1985.3,0.0,0.0
2026-03-07 23:05:00,2210.3,146.3,1977.7,0.0,0.0
2026-03-07 23:06:00,2190.1,148.3,1972.7,0.0,0.0
2026-03-07 23:07:00,2285.5,144.9,2056.9,0.0,0.0
2026-03-07 23:08:00,2202.8,145.2,1973.7,0.0,0.0
2026-03-07 23:09:00,2254.9,146.7,2027.6,0.0,0.0
2026-03-07 23:10:00,2241.0,166.1,1998.6,0.0,0.0
2026-03-07 23:11:00,2253.0,155.5,2021.8,0.0,0.0
2026-03-07 23:12:00,2244.6,151.7,2013.1,0.0,0.0
2026-03-07 23:13:00,2227.5,151.3,1998.2,0.0,0.0
2026-03-07 23:14:00,2197.9,142.4,1974.5,0.0,0.0
2026-03-07 23:15:00,2251.1,145.1,2026.0,0.0,0.0
2026-03-07 23:16:00,2246.7,153.7,2021.4,0.0,0.0
2026-03-07 23:17:00,2226.9,150.1,2002.8,0.0,0.0
2026-03-07 23:18:00,2242.0,155.4,2008.1,0.0,0.0
2026-03-07 23:19:00,2230.0,150.0,2003.8,0.0,0.0
2026-03-07 23:20:00,2204.4,152.7,1967.5,0.0,0.0
2026-03-07 23:21:00,2230.5,150.6,2007.6,0.0,0.0
2026-03-07 23:22:00,2235.4,152.6,2000.1,0.0,0.0
2026-03-07 23:23:00,2210.4,151.8,1985.5,0.0,0.0
2026-03-07 23:24:00,2236.7,155.4,1996.8,0.0,0.0
2026-03-07 23:25:00,2228.5,147.4,1993.8,0.0,0.0
2026-03-07 23:26:00,2219.1,148.9,1996.1,0.0,0.0
2026-03-07 23:27:00,2240.9,146.6,2013.4,0.0,0.0
2026-03-07 23:28:00,2192.1,149.9,1967.6,0.0,0.0
2026-03-07 23:29:00,2207.5,152.3,1973.9,0.0,0.0
2026-03-07 23:30:00,2273.5,150.4,2044.6,0.0,0.0
2026-03-07 23:31:00,2254.7,140.4,2035.7,0.0,0.0
2026-03-07 23:32:00,2247.9,146.6,2024.0,0.0,0.0
2026-03-07 23:33:00,2268.6,147.3,2041.5,0.0,0.0
2026-03-07 23:34:00,2260.6,148.4,2031.7,0.0,0.0
2026-03-07 23:35:00,2115.3,0.0,2033.5,0.0,0.0
2026-03-07 23:36:00,2080.9,0.0,2002.1,0.0,0.0
2026-03-07 23:37:00,2081.1,0.0,2004.7,0.0,0.0
2026-03-07 23:38:00,2028.2,0.0,1951.6,0.0,0.0
2026-03-07 23:39:00,2055.6,0.0,1982.4,0.0,0.0
2026-03-07 23:40:00,2067.8,0.0,1994.8,0.0,0.0
2026-03-07 23:41:00,2074.0,0.0,1989.3,0.0,0.0
2026-03-07 23:42:00,2109.4,0.0,2028.2,0.0,0.0
2026-03-07 23:43:00,2092.0,0.0,2014.5,0.0,0.0
2026-03-07 23:44:00,2036.1,0.0,1963.6,0.0,0.0
2026-03-07 23:45:00,2048.5,0.0,1963.8,0.0,0.0
2026-03-07 23:46:00,2017.7,0.0,1945.1,0.0,0.0
2026-03-07 23:47:00,2086.8,0.0,2001.1,0.0,0.0
2026-03-07 23:48:00,2086.8,0.0,2002.5,0.0,0.0
2026-03-07 23:49:00,2038.3,0.0,1960.8,0.0,0.0
2026-03-07 23:50:00,2076.2,0.0,1998.4,0.0,0.0
2026-03-07 23:51:00,2076.5,0.0,1986.9,0.0,0.0
2026-03-07 23:52:00,2077.6,0.0,2003.0,0.0,0.0
2026-03-07 23:53:00,2104.8,0.0,2019.9,0.0,0.0
2026-03-07 23:54:00,2050.8,0.0,1965.6,0.0,0.0
2026-03-07 23:55:00,2106.2,0.0,2023.6,0.0,0.0
2026-03-07 23:56:00,2112.9,0.0,2038.0,0.0,0.0
2026-03-07 23:57:00,2037.1,0.0,1958.1,0.0,0.0
2026-03-07 23:58:00,2131.4,0.0,2050.3,0.0,0.0
2026-03-07 23:59:00,2055.9,0.0,1980.8,0.0,0.0
2026-03-08 00:00:00,2202.8,147.1,1975.2,0.0,0.0
2026-03-08 00:01:00,2227.1,154.3,1994.1,0.0,0.0
2026-03-08 00:02:00,2245.4,142.1,2019.7,0.0,0.0
2026-03-08 00:03:00,2228.1,161.7,1984.9,0.0,0.0
2026-03-08 00:04:00,2204.5,147.3,1980.1,0.0,0.0
2026-03-08 00:05:00,2207.5,153.9,1975.6,0.0,0.0
2026-03-08 00:06:00,2269.8,147.3,2044.2,0.0,0.0
2026-03-08 00:07:00,2212.8,153.5,1988.2,0.0,0.0
2026-03-08 00:08:00,2168.9,147.1,1941.1,0.0,0.0
2026-03-08 00:09:00,2246.1,149.7,2020.2,0.0,0.0
2026-03-08 00:10:00,2244.5,138.5,2027.5,0.0,0.0
2026-03-08 00:11:00,2236.9,154.8,1987.6,0.0,0.0
2026-03-08 00:12:00,2239.7,153.4,2014.0,0.0,0.0
2026-03-08 00:13:00,2214.6,148.3,1982.9,0.0,0.0
2026-03-08 00:14:00,2248.6,148.5,2015.9,0.0,0.0
2026-03-08 00:15:00,2224.2,144.6,2009.7,0.0,0.0
2026-03-08 00:16:00,2203.5,146.3,1979.8,0.0,0.0
2026-03-08 00:17:00,2242.5,151.2,1997.5,0.0,0.0
2026-03-08 00:18:00,2198.8,151.5,1965.4,0.0,0.0
2026-03-08 00:19:00,2252.7,153.6,2017.6,0.0,0.0
2026-03-08 00:20:00,2258.7,155.7,2021.8,0.0,0.0
2026-03-08 00:21:00,2221.2,154.9,1981.4,0.0,0.0
2026-03-08 00:22:00,2212.0,152.0,1979.3,0.0,0.0
2026-03-08 00:23:00,2247.6,151.7,2025.0,0.0,0.0
2026-03-08 00:24:00,2262.1,149.0,2030.6,0.0,0.0
2026-03-08 00:25:00,2237.2,156.2,1998.8,0.0,0.0
2026-03-08 00:26:00,2202.5,146.4,1969.0,0.0,0.0
2026-03-08 00:27:00,2250.9,146.1,2027.0,0.0,0.0
2026-03-08 00:28:00,2214.6,151.7,1988.9,0.0,0.0
2026-03-08 00:29:00,2199.0,142.9,1972.7,0.0,0.0
2026-03-08 00:30:00,2219.4,148.4,1988.7,0.0,0.0
2026-03-08 00:31:00,217.1,142.5,0.0,0.0,0.0
2026-03-08 00:32:00,235.6,145.8,0.0,0.0,0.0
2026-03-08 00:33:00,249.3,167.4,0.0,0.0,0.0
2026-03-08 00:34:00,214.8,141.9,0.0,0.0,0.0
2026-03-08 00:35:00,2055.6,0.0,1973.8,0.0,0.0
2026-03-08 00:36:00,2056.8,0.0,1982.1,0.0,0.0
2026-03-08 00:37:00,2164.1,0.0,2084.2,0.0,0.0
2026-03-08 00:38:00,2054.7,0.0,1977.0,0.0,0.0
2026-03-08 00:39:00,2067.2,0.0,1991.8,0.0,0.0
2026-03-08 00:40:00,77.2,0.0,0.0,0.0,0.0
2026-03-08 00:41:00,2053.3,0.0,1968.3,0.0,0.0
2026-03-08 00:42:00,2057.1,0.0,1974.3,0.0,0.0
2026-03-08 00:43:00,2081.4,0.0,1995.3,0.0,0.0
2026-03-08 00:44:00,2126.8,0.0,2044.4,0.0,0.0
2026-03-08 00:45:00,2085.1,0.0,2005.2,0.0,0.0
2026-03-08 00:46:00,2088.4,0.0,2004.6,0.0,0.0
2026-03-08 00:47:00,2077.3,0.0,1997.9,0.0,0.0
2026-03-08 00:48:00,2075.0,0.0,1994.7,0.0,0.0
2026-03-08 00:49:00,2081.1,0.0,2000.7,0.0,0.0
2026-03-08 00:50:00,2057.4,0.0,1981.5,0.0,0.0
2026-03-08 00:51:00,2071.0,0.0,1996.8,0.0,0.0
2026-03-08 00:52:00,2029.2,0.0,1947.7,0.0,0.0
2026-03-08 00:53:00,2051.0,0.0,1979.8,0.0,0.0
2026-03-08 00:54:00,79.7,0.0,0.0,0.0,0.0
2026-03-08 00:55:00,84.2,0.0,0.0,0.0,0.0
2026-03-08 00:56:00,2063.4,0.0,1987.8,0.0,0.0
2026-03-08 00:57:00,2090.0,0.0,2013.5,0.0,0.0
2026-03-08 00:58:00,2081.3,0.0,2002.8,0.0,0.0
2026-03-08 00:59:00,2051.3,0.0,1978.1,0.0,0.0
2026-03-08 01:00:00,2259.5,158.2,2022.6,0.0,0.0
2026-03-08 01:01:00,2180.7,152.1,1945.3,0.0,0.0
2026-03-08 01:02:00,228.2,151.1,0.0,0.0,0.0
2026-03-08 01:03:00,223.8,141.3,0.0,0.0,0.0
2026-03-08 01:04:00,214.2,139.5,0.0,0.0,0.0
2026-03-08 01:05:00,2209.4,149.3,1986.5,0.0,0.0
2026-03-08 01:06:00,2251.0,147.9,2026.4,0.0,0.0
2026-03-08 01:07:00,2229.3,159.7,1995.3,0.0,0.0
2026-03-08 01:08:00,230.5,146.4,0.0,0.0,0.0
2026-03-08 01:09:00,226.5,145.3,0.0,0.0,0.0
2026-03-08 01:10:00,233.3,154.1,0.0,0.0,0.0
2026-03-08 01:11:00,223.7,140.0,0.0,0.0,0.0
2026-03-08 01:12:00,235.6,150.5,0.0,0.0,0.0
2026-03-08 01:13:00,214.7,143.6,0.0,0.0,0.0
2026-03-08 01:14:00,211.4,136.2,0.0,0.0,0.0
2026-03-08 01:15:00,218.0,141.1,0.0,0.0,0.0
2026-03-08 01:16:00,235.6,149.2,0.0,0.0,0.0
2026-03-08 01:17:00,227.6,149.9,0.0,0.0,0.0
2026-03-08 01:18:00,227.8,148.6,0.0,0.0,0.0
2026-03-08 01:19:00,224.3,145.4,0.0,0.0,0.0
2026-03-08 01:20:00,228.4,150.2,0.0,0.0,0.0
2026-03-08 01:21:00,230.6,151.3,0.0,0.0,0.0
2026-03-08 01:22:00,2204.6,150.2,1980.2,0.0,0.0
2026-03-08 01:23:00,237.5,157.9,0.0,0.0,0.0
2026-03-08 01:24:00,236.1,154.7,0.0,0.0,0.0
2026-03-08 01:25:00,2206.9,145.2,1980.7,0.0,0.0
2026-03-08 01:26:00,236.0,146.6,0.0,0.0,0.0
2026-03-08 01:27:00,220.1,145.2,0.0,0.0,0.0
2026-03-08 01:28:00,229.0,150.5,0.0,0.0,0.0
2026-03-08 01:29:00,236.2,154.9,0.0,0.0,0.0
2026-03-08 01:30:00,243.4,157.6,0.0,0.0,0.0
2026-03-08 01:31:00,224.3,150.7,0.0,0.0,0.0
2026-03-08 01:32:00,226.4,146.8,0.0,0.0,0.0
2026-03-08 01:33:00,226.9,144.5,0.0,0.0,0.0
2026-03-08 01:34:00,230.7,141.7,0.0,0.0,0.0
2026-03-08 01:35:00,77.9,0.0,0.0,0.0,0.0
2026-03-08 01:36:00,75.5,0.0,0.0,0.0,0.0
2026-03-08 01:37:00,86.8,0.0,0.0,0.0,0.0
2026-03-08 01:38:00,81.0,0.0,0.0,0.0,0.0
2026-03-08 01:39:00,69.8,0.0,0.0,0.0,0.0
2026-03-08 01:40:00,81.4,0.0,0.0,0.0,0.0
2026-03-08 01:41:00,80.0,0.0,0.0,0.0,0.0
2026-03-08 01:42:00,81.9,0.0,0.0,0.0,0.0
2026-03-08 01:43:00,83.0,0.0,0.0,0.0,0.0
2026-03-08 01:44:00,81.9,0.0,0.0,0.0,0.0
2026-03-08 01:45:00,78.7,0.0,0.0,0.0,0.0
2026-03-08 01:46:00,80.6,0.0,0.0,0.0,0.0
2026-03-08 01:47:00,80.6,0.0,0.0,0.0,0.0
2026-03-08 01:48:00,84.7,0.0,0.0,0.0,0.0
2026-03-08 01:49:00,80.2,0.0,0.0,0.0,0.0
2026-03-08 01:50:00,77.4,0.0,0.0,0.0,0.0
2026-03-08 01:51:00,89.5,0.0,0.0,0.0,0.0
2026-03-08 01:52:00,86.6,0.0,0.0,0.0,0.0
2026-03-08 01:53:00,76.4,0.0,0.0,0.0,0.0
2026-03-08 01:54:00,93.1,0.0,0.0,0.0,0.0
2026-03-08 01:55:00,72.6,0.0,0.0,0.0,0.0
2026-03-08 01:56:00,84.4,0.0,0.0,0.0,0.0
2026-03-08 01:57:00,84.0,0.0,0.0,0.0,0.0
2026-03-08 01:58:00,83.6,0.0,0.0,0.0,0.0
2026-03-08 01:59:00,79.3,0.0,0.0,0.0,0.0
2026-03-08 02:00:00,228.4,149.5,0.0,0.0,0.0
2026-03-08 02:01:00,223.2,150.8,0.0,0.0,0.0
2026-03-08 02:02:00,228.6,156.2,0.0,0.0,0.0
2026-03-08 02:03:00,232.6,148.1,0.0,0.0,0.0
2026-03-08 02:04:00,226.7,143.4,0.0,0.0,0.0
2026-03-08 02:05:00,233.4,155.4,0.0,0.0,0.0
2026-03-08 02:06:00,219.3,138.6,0.0,0.0,0.0
2026-03-08 02:07:00,228.1,148.2,0.0,0.0,0.0
2026-03-08 02:08:00,235.6,155.8,0.0,0.0,0.0
2026-03-08 02:09:00,235.9,157.6,0.0,0.0,0.0
2026-03-08 02:10:00,230.5,149.6,0.0,0.0,0.0
2026-03-08 02:11:00,228.0,149.6,0.0,0.0,0.0
2026-03-08 02:12:00,231.7,149.4,0.0,0.0,0.0
2026-03-08 02:13:00,230.6,148.7,0.0,0.0,0.0
2026-03-08 02:14:00,232.8,149.4,0.0,0.0,0.0
2026-03-08 02:15:00,243.6,156.9,0.0,0.0,0.0
2026-03-08 02:16:00,235.8,152.5,0.0,0.0,0.0
2026-03-08 02:17:00,249.7,158.5,0.0,0.0,0.0
2026-03-08 02:18:00,234.7,152.8,0.0,0.0,0.0
2026-03-08 02:19:00,224.4,148.2,0.0,0.0,0.0
2026-03-08 02:20:00,233.9,148.7,0.0,0.0,0.0
2026-03-08 02:21:00,228.4,160.9,0.0,0.0,0.0
2026-03-08 02:22:00,233.2,147.0,0.0,0.0,0.0
2026-03-08 02:23:00,220.6,155.2,0.0,0.0,0.0
2026-03-08 02:24:00,219.6,145.3,0.0,0.0,0.0
2026-03-08 02:25:00,224.0,152.8,0.0,0.0,0.0
2026-03-08 02:26:00,239.1,148.3,0.0,0.0,0.0
2026-03-08 02:27:00,217.7,147.9,0.0,0.0,0.0
2026-03-08 02:28:00,220.1,145.7,0.0,0.0,0.0
2026-03-08 02:29:00,212.9,146.3,0.0,0.0,0.0
2026-03-08 02:30:00,224.1,150.8,0.0,0.0,0.0
2026-03-08 02:31:00,242.1,156.9,0.0,0.0,0.0
2026-03-08 02:32:00,233.2,152.0,0.0,0.0,0.0
2026-03-08 02:33:00,222.3,145.6,0.0,0.0,0.0
2026-03-08 02:34:00,225.1,152.2,0.0,0.0,0.0
2026-03-08 02:35:00,69.4,0.0,0.0,0.0,0.0
2026-03-08 02:36:00,85.1,0.0,0.0,0.0,0.0
2026-03-08 02:37:00,79.3,0.0,0.0,0.0,0.0
2026-03-08 02:38:00,89.3,0.0,0.0,0.0,0.0
2026-03-08 02:39:00,78.1,0.0,0.0,0.0,0.0
2026-03-08 02:40:00,70.5,0.0,0.0,0.0,0.0
2026-03-08 02:41:00,78.3,0.0,0.0,0.0,0.0
2026-03-08 02:42:00,84.8,0.0,0.0,0.0,0.0
2026-03-08 02:43:00,91.4,0.0,0.0,0.0,0.0
2026-03-08 02:44:00,84.3,0.0,0.0,0.0,0.0
2026-03-08 02:45:00,79.9,0.0,0.0,0.0,0.0
2026-03-08 02:46:00,81.9,0.0,0.0,0.0,0.0
2026-03-08 02:47:00,83.6,0.0,0.0,0.0,0.0
2026-03-08 02:48:00,71.3,0.0,0.0,0.0,0.0
2026-03-08 02:49:00,72.9,0.0,0.0,0.0,0.0
2026-03-08 02:50:00,85.9,0.0,0.0,0.0,0.0
2026-03-08 02:51:00,84.0,0.0,0.0,0.0,0.0
2026-03-08 02:52:00,75.0,0.0,0.0,0.0,0.0
2026-03-08 02:53:00,81.1,0.0,0.0,0.0,0.0
2026-03-08 02:54:00,85.1,0.0,0.0,0.0,0.0
2026-03-08 02:55:00,82.4,0.0,0.0,0.0,0.0
2026-03-08 02:56:00,86.4,0.0,0.0,0.0,0.0
2026-03-08 02:57:00,69.9,0.0,0.0,0.0,0.0
2026-03-08 02:58:00,79.3,0.0,0.0,0.0,0.0
2026-03-08 02:59:00,76.9,0.0,0.0,0.0,0.0
2026-03-08 03:00:00,230.4,150.2,0.0,0.0,0.0
2026-03-08 03:01:00,225.4,148.2,0.0,0.0,0.0
2026-03-08 03:02:00,240.5,154.4,0.0,0.0,0.0
2026-03-08 03:03:00,241.6,150.7,0.0,0.0,0.0
2026-03-08 03:04:00,235.7,149.7,0.0,0.0,0.0
2026-03-08 03:05:00,221.8,147.4,0.0,0.0,0.0
2026-03-08 03:06:00,226.1,147.0,0.0,0.0,0.0
2026-03-08 03:07:00,217.5,146.4,0.0,0.0,0.0
2026-03-08 03:08:00,233.3,153.5,0.0,0.0,0.0
2026-03-08 03:09:00,218.1,142.7,0.0,0.0,0.0
2026-03-08 03:10:00,209.9,142.6,0.0,0.0,0.0
2026-03-08 03:11:00,223.2,151.3,0.0,0.0,0.0
2026-03-08 03:12:00,241.2,157.2,0.0,0.0,0.0
2026-03-08 03:13:00,235.3,151.6,0.0,0.0,0.0
2026-03-08 03:14:00,235.4,149.1,0.0,0.0,0.0
2026-03-08 03:15:00,240.2,160.6,0.0,0.0,0.0
2026-03-08 03:16:00,235.4,151.5,0.0,0.0,0.0
2026-03-08 03:17:00,225.0,147.1,0.0,0.0,0.0
2026-03-08 03:18:00,231.9,150.8,0.0,0.0,0.0
2026-03-08 03:19:00,232.1,155.0,0.0,0.0,0.0
2026-03-08 03:20:00,212.9,148.0,0.0,0.0,0.0
2026-03-08 03:21:00,231.6,153.9,0.0,0.0,0.0
2026-03-08 03:22:00,219.7,148.2,0.0,0.0,0.0
2026-03-08 03:23:00,235.4,150.6,0.0,0.0,0.0
2026-03-08 03:24:00,234.1,151.4,0.0,0.0,0.0
2026-03-08 03:25:00,224.4,137.5,0.0,0.0,0.0
2026-03-08 03:26:00,234.7,156.0,0.0,0.0,0.0
2026-03-08 03:27:00,235.6,152.8,0.0,0.0,0.0
2026-03-08 03:28:00,231.4,152.0,0.0,0.0,0.0
2026-03-08 03:29:00,229.7,150.7,0.0,0.0,0.0
2026-03-08 03:30:00,217.4,148.5,0.0,0.0,0.0
2026-03-08 03:31:00,236.1,156.5,0.0,0.0,0.0
2026-03-08 03:32:00,228.1,149.7,0.0,0.0,0.0
2026-03-08 03:33:00,223.7,154.0,0.0,0.0,0.0
2026-03-08 03:34:00,221.4,141.1,0.0,0.0,0.0
2026-03-08 03:35:00,76.7,0.0,0.0,0.0,0.0
2026-03-08 03:36:00,80.7,0.0,0.0,0.0,0.0
2026-03-08 03:37:00,79.5,0.0,0.0,0.0,0.0
2026-03-08 03:38:00,86.8,0.0,0.0,0.0,0.0
2026-03-08 03:39:00,74.0,0.0,0.0,0.0,0.0
2026-03-08 03:40:00,78.1,0.0,0.0,0.0,0.0
2026-03-08 03:41:00,76.1,0.0,0.0,0.0,0.0
2026-03-08 03:42:00,86.7,0.0,0.0,0.0,0.0
2026-03-08 03:43:00,86.5,0.0,0.0,0.0,0.0
2026-03-08 03:44:00,87.8,0.0,0.0,0.0,0.0
2026-03-08 03:45:00,85.3,0.0,0.0,0.0,0.0
2026-03-08 03:46:00,88.4,0.0,0.0,0.0,0.0
2026-03-08 03:47:00,65.8,0.0,0.0,0.0,0.0
2026-03-08 03:48:00,77.6,0.0,0.0,0.0,0.0
2026-03-08 03:49:00,79.1,0.0,0.0,0.0,0.0
2026-03-08 03:50:00,76.4,0.0,0.0,0.0,0.0
2026-03-08 03:51:00,77.5,0.0,0.0,0.0,0.0
2026-03-08 03:52:00,83.0,0.0,0.0,0.0,0.0
2026-03-08 03:53:00,79.4,0.0,0.0,0.0,0.0
2026-03-08 03:54:00,75.1,0.0,0.0,0.0,0.0
2026-03-08 03:55:00,83.7,0.0,0.0,0.0,0.0
2026-03-08 03:56:00,66.9,0.0,0.0,0.0,0.0
2026-03-08 03:57:00,76.0,0.0,0.0,0.0,0.0
2026-03-08 03:58:00,90.1,0.0,0.0,0.0,0.0
2026-03-08 03:59:00,86.7,0.0,0.0,0.0,0.0
2026-03-08 04:00:00,225.9,152.2,0.0,0.0,0.0
2026-03-08 04:01:00,223.3,148.8,0.0,0.0,0.0
2026-03-08 04:02:00,231.4,150.0,0.0,0.0,0.0
2026-03-08 04:03:00,226.0,144.6,0.0,0.0,0.0
2026-03-08 04:04:00,233.0,152.7,0.0,0.0,0.0
2026-03-08 04:05:00,220.6,147.7,0.0,0.0,0.0
2026-03-08 04:06:00,236.0,155.6,0.0,0.0,0.0
2026-03-08 04:07:00,225.1,142.4,0.0,0.0,0.0
2026-03-08 04:08:00,242.8,155.1,0.0,0.0,0.0
2026-03-08 04:09:00,228.3,143.6,0.0,0.0,0.0
2026-03-08 04:10:00,231.3,151.6,0.0,0.0,0.0
2026-03-08 04:11:00,217.7,143.9,0.0,0.0,0.0
2026-03-08 04:12:00,215.4,144.9,0.0,0.0,0.0
2026-03-08 04:13:00,232.9,153.0,0.0,0.0,0.0
2026-03-08 04:14:00,227.0,141.3,0.0,0.0,0.0
2026-03-08 04:15:00,239.7,154.1,0.0,0.0,0.0
2026-03-08 04:16:00,242.0,160.1,0.0,0.0,0.0
2026-03-08 04:17:00,230.1,153.1,0.0,0.0,0.0
2026-03-08 04:18:00,224.8,141.8,0.0,0.0,0.0
2026-03-08 04:19:00,235.9,152.8,0.0,0.0,0.0
2026-03-08 04:20:00,229.9,149.0,0.0,0.0,0.0
2026-03-08 04:21:00,225.5,150.4,0.0,0.0,0.0
2026-03-08 04:22:00,229.0,149.5,0.0,0.0,0.0
2026-03-08 04:23:00,231.9,155.0,0.0,0.0,0.0
2026-03-08 04:24:00,235.7,158.2,0.0,0.0,0.0
2026-03-08 04:25:00,235.0,151.3,0.0,0.0,0.0
2026-03-08 04:26:00,241.1,156.8,0.0,0.0,0.0
2026-03-08 04:27:00,221.6,147.3,0.0,0.0,0.0
2026-03-08 04:28:00,233.4,161.6,0.0,0.0,0.0
2026-03-08 04:29:00,217.3,144.9,0.0,0.0,0.0
2026-03-08 04:30:00,226.5,144.3,0.0,0.0,0.0
2026-03-08 04:31:00,227.4,147.9,0.0,0.0,0.0
2026-03-08 04:32:00,237.4,153.9,0.0,0.0,0.0
2026-03-08 04:33:00,237.1,154.7,0.0,0.0,0.0
2026-03-08 04:34:00,222.8,141.9,0.0,0.0,0.0
2026-03-08 04:35:00,76.2,0.0,0.0,0.0,0.0
2026-03-08 04:36:00,82.5,0.0,0.0,0.0,0.0
2026-03-08 04:37:00,84.2,0.0,0.0,0.0,0.0
2026-03-08 04:38:00,71.3,0.0,0.0,0.0,0.0
2026-03-08 04:39:00,75.0,0.0,0.0,0.0,0.0
2026-03-08 04:40:00,75.4,0.0,0.0,0.0,0.0
2026-03-08 04:41:00,89.6,0.0,0.0,0.0,0.0
2026-03-08 04:42:00,85.9,0.0,0.0,0.0,0.0
2026-03-08 04:43:00,79.6,0.0,0.0,0.0,0.0
2026-03-08 04:44:00,75.0,0.0,0.0,0.0,0.0
2026-03-08 04:45:00,80.2,0.0,0.0,0.0,0.0
2026-03-08 04:46:00,69.7,0.0,0.0,0.0,0.0
2026-03-08 04:47:00,78.5,0.0,0.0,0.0,0.0
2026-03-08 04:48:00,83.0,0.0,0.0,0.0,0.0
2026-03-08 04:49:00,76.7,0.0,0.0,0.0,0.0
2026-03-08 04:50:00,76.0,0.0,0.0,0.0,0.0
2026-03-08 04:51:00,81.7,0.0,0.0,0.0,0.0
2026-03-08 04:52:00,82.6,0.0,0.0,0.0,0.0
2026-03-08 04:53:00,84.8,0.0,0.0,0.0,0.0
2026-03-08 04:54:00,88.1,0.0,0.0,0.0,0.0
2026-03-08 04:55:00,85.1,0.0,0.0,0.0,0.0
2026-03-08 04:56:00,81.3,0.0,0.0,0.0,0.0
2026-03-08 04:57:00,71.6,0.0,0.0,0.0,0.0
2026-03-08 04:58:00,84.3,0.0,0.0,0.0,0.0
2026-03-08 04:59:00,82.1,0.0,0.0,0.0,0.0
2026-03-08 05:00:00,231.2,153.9,0.0,0.0,0.0
2026-03-08 05:01:00,228.2,151.3,0.0,0.0,0.0
2026-03-08 05:02:00,223.3,143.2,0.0,0.0,0.0
2026-03-08 05:03:00,233.9,153.3,0.0,0.0,0.0
2026-03-08 05:04:00,235.6,157.6,0.0,0.0,0.0
2026-03-08 05:05:00,222.3,148.6,0.0,0.0,0.0
2026-03-08 05:06:00,206.0,136.8,0.0,0.0,0.0
2026-03-08 05:07:00,236.0,154.1,0.0,0.0,0.0
2026-03-08 05:08:00,242.6,155.2,0.0,0.0,0.0
2026-03-08 05:09:00,227.5,150.1,0.0,0.0,0.0
2026-03-08 05:10:00,227.7,147.9,0.0,0.0,0.0
2026-03-08 05:11:00,232.1,155.8,0.0,0.0,0.0
2026-03-08 05:12:00,227.5,154.2,0.0,0.0,0.0
2026-03-08 05:13:00,212.7,150.0,0.0,0.0,0.0
2026-03-08 05:14:00,223.2,149.2,0.0,0.0,0.0
2026-03-08 05:15:00,221.9,151.1,0.0,0.0,0.0
2026-03-08 05:16:00,233.2,155.3,0.0,0.0,0.0
2026-03-08 05:17:00,227.0,150.8,0.0,0.0,0.0
2026-03-08 05:18:00,217.0,144.2,0.0,0.0,0.0
2026-03-08 05:19:00,214.8,147.0,0.0,0.0,0.0
2026-03-08 05:20:00,238.5,150.9,0.0,0.0,0.0
2026-03-08 05:21:00,236.7,152.0,0.0,0.0,0.0
2026-03-08 05:22:00,224.4,147.2,0.0,0.0,0.0
2026-03-08 05:23:00,239.1,153.8,0.0,0.0,0.0
2026-03-08 05:24:00,224.9,146.9,0.0,0.0,0.0
2026-03-08 05:25:00,232.3,155.0,0.0,0.0,0.0
2026-03-08 05:26:00,238.9,158.5,0.0,0.0,0.0
2026-03-08 05:27:00,234.7,154.2,0.0,0.0,0.0
2026-03-08 05:28:00,235.1,150.5,0.0,0.0,0.0
2026-03-08 05:29:00,239.3,152.9,0.0,0.0,0.0
2026-03-08 05:30:00,221.2,139.2,0.0,0.0,0.0
2026-03-08 05:31:00,236.0,157.3,0.0,0.0,0.0
2026-03-08 05:32:00,214.0,145.5,0.0,0.0,0.0
2026-03-08 05:33:00,207.5,144.8,0.0,0.0,0.0
2026-03-08 05:34:00,227.0,147.6,0.0,0.0,0.0
2026-03-08 05:35:00,78.1,0.0,0.0,0.0,0.0
2026-03-08 05:36:00,76.2,0.0,0.0,0.0,0.0
2026-03-08 05:37:00,82.2,0.0,0.0,0.0,0.0
2026-03-08 05:38:00,77.7,0.0,0.0,0.0,0.0
2026-03-08 05:39:00,83.3,0.0,0.0,0.0,0.0
2026-03-08 05:40:00,85.3,0.0,0.0,0.0,0.0
2026-03-08 05:41:00,72.0,0.0,0.0,0.0,0.0
2026-03-08 05:42:00,72.6,0.0,0.0,0.0,0.0
2026-03-08 05:43:00,88.4,0.0,0.0,0.0,0.0
2026-03-08 05:44:00,64.8,0.0,0.0,0.0,0.0
2026-03-08 05:45:00,74.7,0.0,0.0,0.0,0.0
2026-03-08 05:46:00,78.5,0.0,0.0,0.0,0.0
2026-03-08 05:47:00,86.8,0.0,0.0,0.0,0.0
2026-03-08 05:48:00,82.6,0.0,0.0,0.0,0.0
2026-03-08 05:49:00,86.2,0.0,0.0,0.0,0.0
2026-03-08 05:50:00,78.5,0.0,0.0,0.0,0.0
2026-03-08 05:51:00,72.5,0.0,0.0,0.0,0.0
2026-03-08 05:52:00,80.1,0.0,0.0,0.0,0.0
2026-03-08 05:53:00,68.4,0.0,0.0,0.0,0.0
2026-03-08 05:54:00,78.8,0.0,0.0,0.0,0.0
2026-03-08 05:55:00,78.2,0.0,0.0,0.0,0.0
2026-03-08 05:56:00,85.4,0.0,0.0,0.0,0.0
2026-03-08 05:57:00,87.1,0.0,0.0,0.0,0.0
2026-03-08 05:58:00,67.1,0.0,0.0,0.0,0.0
2026-03-08 05:59:00,74.8,0.0,0.0,0.0,0.0
2026-03-08 06:00:00,221.6,142.6,0.0,0.0,0.0
2026-03-08 06:01:00,224.7,146.1,0.0,0.0,0.0
2026-03-08 06:02:00,225.8,151.7,0.0,0.0,0.0
2026-03-08 06:03:00,234.6,146.1,0.0,0.0,0.0
2026-03-08 06:04:00,241.1,152.0,0.0,0.0,0.0
2026-03-08 06:05:00,235.2,156.9,0.0,0.0,0.0
2026-03-08 06:06:00,236.1,150.6,0.0,0.0,0.0
2026-03-08 06:07:00,231.9,149.8,0.0,0.0,0.0
2026-03-08 06:08:00,231.7,152.4,0.0,0.0,0.0
2026-03-08 06:09:00,224.8,144.9,0.0,0.0,0.0
2026-03-08 06:10:00,227.8,146.8,0.0,0.0,0.0
2026-03-08 06:11:00,212.4,144.0,0.0,0.0,0.0
2026-03-08 06:12:00,218.8,145.1,0.0,0.0,0.0
2026-03-08 06:13:00,231.4,157.8,0.0,0.0,0.0
2026-03-08 06:14:00,228.8,145.5,0.0,0.0,0.0
2026-03-08 06:15:00,231.6,149.3,0.0,0.0,0.0
2026-03-08 06:16:00,218.7,147.7,0.0,0.0,0.0
2026-03-08 06:17:00,221.7,147.3,0.0,0.0,0.0
2026-03-08 06:18:00,234.0,147.9,0.0,0.0,0.0
2026-03-08 06:19:00,230.4,148.3,0.0,0.0,0.0
2026-03-08 06:20:00,230.0,151.1,0.0,0.0,0.0
2026-03-08 06:21:00,230.5,147.9,0.0,0.0,0.0
2026-03-08 06:22:00,231.0,151.4,0.0,0.0,0.0
2026-03-08 06:23:00,224.1,148.6,0.0,0.0,0.0
2026-03-08 06:24:00,223.1,148.0,0.0,0.0,0.0
2026-03-08 06:25:00,238.5,148.4,0.0,0.0,0.0
2026-03-08 06:26:00,234.0,157.8,0.0,0.0,0.0
2026-03-08 06:27:00,216.2,143.5,0.0,0.0,0.0
2026-03-08 06:28:00,219.2,148.7,0.0,0.0,0.0
2026-03-08 06:29:00,230.8,152.9,0.0,0.0,0.0
2026-03-08 06:30:00,229.4,152.1,0.0,0.0,0.0
2026-03-08 06:31:00,217.8,144.6,0.0,0.0,0.0
2026-03-08 06:32:00,230.0,144.1,0.0,0.0,0.0
2026-03-08 06:33:00,217.6,149.2,0.0,0.0,0.0
2026-03-08 06:34:00,235.6,155.2,0.0,0.0,0.0
2026-03-08 06:35:00,80.1,0.0,0.0,0.0,0.0
2026-03-08 06:36:00,88.2,0.0,0.0,0.0,0.0
2026-03-08 06:37:00,77.1,0.0,0.0,0.0,0.0
2026-03-08 06:38:00,85.5,0.0,0.0,0.0,0.0
2026-03-08 06:39:00,73.8,0.0,0.0,0.0,0.0
2026-03-08 06:40:00,84.0,0.0,0.0,0.0,0.0
2026-03-08 06:41:00,74.1,0.0,0.0,0.0,0.0
2026-03-08 06:42:00,78.3,0.0,0.0,0.0,0.0
2026-03-08 06:43:00,78.1,0.0,0.0,0.0,0.0
2026-03-08 06:44:00,71.3,0.0,0.0,0.0,0.0
2026-03-08 06:45:00,76.5,0.0,0.0,0.0,0.0
2026-03-08 06:46:00,78.1,0.0,0.0,0.0,0.0
2026-03-08 06:47:00,73.2,0.0,0.0,0.0,0.0
2026-03-08 06:48:00,82.1,0.0,0.0,0.0,0.0
2026-03-08 06:49:00,69.1,0.0,0.0,0.0,0.0
2026-03-08 06:50:00,84.8,0.0,0.0,0.0,0.0
2026-03-08 06:51:00,84.6,0.0,0.0,0.0,0.0
2026-03-08 06:52:00,79.8,0.0,0.0,0.0,0.0
2026-03-08 06:53:00,78.4,0.0,0.0,0.0,0.0
2026-03-08 06:54:00,70.3,0.0,0.0,0.0,0.0
2026-03-08 06:55:00,90.6,0.0,0.0,0.0,0.0
2026-03-08 06:56:00,84.5,0.0,0.0,0.0,0.0
2026-03-08 06:57:00,70.4,0.0,0.0,0.0,0.0
2026-03-08 06:58:00,96.3,0.0,0.0,0.0,0.0
2026-03-08 06:59:00,76.7,0.0,0.0,0.0,0.0
2026-03-08 07:00:00,223.7,153.2,0.0,0.0,0.0
2026-03-08 07:01:00,233.8,147.5,0.0,0.0,0.0
2026-03-08 07:02:00,219.9,147.2,0.0,0.0,0.0
2026-03-08 07:03:00,231.1,146.3,0.0,0.0,0.0
2026-03-08 07:04:00,218.6,152.3,0.0,0.0,0.0
2026-03-08 07:05:00,234.9,150.6,0.0,0.0,0.0
2026-03-08 07:06:00,237.7,154.9,0.0,0.0,0.0
2026-03-08 07:07:00,223.9,145.2,0.0,0.0,0.0
2026-03-08 07:08:00,230.7,150.7,0.0,0.0,0.0
2026-03-08 07:09:00,227.3,145.0,0.0,0.0,0.0
2026-03-08 07:10:00,237.7,152.3,0.0,0.0,0.0
2026-03-08 07:11:00,239.8,156.6,0.0,0.0,0.0
2026-03-08 07:12:00,216.0,145.1,0.0,0.0,0.0
2026-03-08 07:13:00,233.4,155.1,0.0,0.0,0.0
2026-03-08 07:14:00,228.4,144.9,0.0,0.0,0.0
2026-03-08 07:15:00,227.6,157.0,0.0,0.0,0.0
2026-03-08 07:16:00,233.4,150.6,0.0,0.0,0.0
2026-03-08 07:17:00,236.0,152.5,0.0,0.0,0.0
2026-03-08 07:18:00,220.3,144.5,0.0,0.0,0.0
2026-03-08 07:19:00,225.6,157.7,0.0,0.0,0.0
2026-03-08 07:20:00,239.2,149.4,0.0,0.0,0.0
2026-03-08 07:21:00,235.4,147.6,0.0,0.0,0.0
2026-03-08 07:22:00,231.6,154.6,0.0,0.0,0.0
2026-03-08 07:23:00,234.5,146.1,0.0,0.0,0.0
2026-03-08 07:24:00,233.1,148.6,0.0,0.0,0.0
2026-03-08 07:25:00,236.7,148.1,0.0,0.0,0.0
2026-03-08 07:26:00,232.8,146.1,0.0,0.0,0.0
2026-03-08 07:27:00,230.4,155.2,0.0,0.0,0.0
2026-03-08 07:28:00,236.0,158.1,0.0,0.0,0.0
2026-03-08 07:29:00,223.0,145.3,0.0,0.0,0.0
2026-03-08 07:30:00,239.9,157.5,0.0,0.0,0.0
2026-03-08 07:31:00,237.0,155.2,0.0,0.0,0.0
2026-03-08 07:32:00,224.4,148.2,0.0,0.0,0.0
2026-03-08 07:33:00,235.5,153.1,0.0,0.0,0.0
2026-03-08 07:34:00,235.2,159.6,0.0,0.0,0.0
2026-03-08 07:35:00,81.0,0.0,0.0,0.0,0.0
2026-03-08 07:36:00,78.7,0.0,0.0,0.0,0.0
2026-03-08 07:37:00,87.1,0.0,0.0,0.0,0.0
2026-03-08 07:38:00,90.3,0.0,0.0,0.0,0.0
2026-03-08 07:39:00,84.1,0.0,0.0,0.0,0.0
2026-03-08 07:40:00,96.2,0.0,0.0,0.0,0.0
2026-03-08 07:41:00,90.9,0.0,0.0,0.0,0.0
2026-03-08 07:42:00,76.8,0.0,0.0,0.0,0.0
2026-03-08 07:43:00,79.6,0.0,0.0,0.0,0.0
2026-03-08 07:44:00,76.9,0.0,0.0,0.0,0.0
2026-03-08 07:45:00,74.5,0.0,0.0,0.0,0.0
2026-03-08 07:46:00,85.1,0.0,0.0,0.0,0.0
2026-03-08 07:47:00,87.8,0.0,0.0,0.0,0.0
2026-03-08 07:48:00,66.7,0.0,0.0,0.0,0.0
2026-03-08 07:49:00,92.0,0.0,0.0,0.0,0.0
2026-03-08 07:50:00,76.1,0.0,0.0,0.0,0.0
2026-03-08 07:51:00,87.4,0.0,0.0,0.0,0.0
2026-03-08 07:52:00,79.5,0.0,0.0,0.0,0.0
2026-03-08 07:53:00,79.7,0.0,0.0,0.0,0.0
2026-03-08 07:54:00,82.3,0.0,0.0,0.0,0.0
2026-03-08 07:55:00,81.0,0.0,0.0,0.0,0.0
2026-03-08 07:56:00,78.4,0.0,0.0,0.0,0.0
2026-03-08 07:57:00,72.3,0.0,0.0,0.0,0.0
2026-03-08 07:58:00,92.1,0.0,0.0,0.0,0.0
2026-03-08 07:59:00,77.1,0.0,0.0,0.0,0.0
2026-03-08 08:00:00,240.4,148.6,0.0,0.0,0.0
2026-03-08 08:01:00,222.8,145.3,0.0,0.0,0.0
2026-03-08 08:02:00,232.7,150.9,0.0,0.0,0.0
2026-03-08 08:03:00,225.0,148.0,0.0,0.0,0.0
2026-03-08 08:04:00,227.4,148.9,0.0,0.0,0.0
2026-03-08 08:05:00,243.0,156.3,0.0,0.0,0.0
2026-03-08 08:06:00,233.4,151.4,0.0,0.0,0.0
2026-03-08 08:07:00,227.3,153.8,0.0,0.0,0.0
2026-03-08 08:08:00,228.1,142.2,0.0,0.0,0.0
2026-03-08 08:09:00,239.9,153.2,0.0,0.0,0.0
2026-03-08 08:10:00,224.2,146.5,0.0,0.0,0.0
2026-03-08 08:11:00,239.6,158.2,0.0,0.0,0.0
2026-03-08 08:12:00,216.6,143.3,0.0,0.0,0.0
2026-03-08 08:13:00,216.6,146.8,0.0,0.0,0.0
2026-03-08 08:14:00,235.6,154.4,0.0,0.0,0.0
2026-03-08 08:15:00,231.0,160.4,0.0,0.0,0.0
2026-03-08 08:16:00,230.6,143.5,0.0,0.0,0.0
2026-03-08 08:17:00,228.6,149.4,0.0,0.0,0.0
2026-03-08 08:18:00,219.6,146.9,0.0,0.0,0.0
2026-03-08 08:19:00,238.7,158.2,0.0,0.0,0.0
2026-03-08 08:20:00,245.8,160.4,0.0,0.0,0.0
2026-03-08 08:21:00,219.2,152.0,0.0,0.0,0.0
2026-03-08 08:22:00,239.1,155.1,0.0,0.0,0.0
2026-03-08 08:23:00,224.3,147.7,0.0,0.0,0.0
2026-03-08 08:24:00,234.3,145.3,0.0,0.0,0.0
2026-03-08 08:25:00,235.4,153.2,0.0,0.0,0.0
2026-03-08 08:26:00,218.8,148.6,0.0,0.0,0.0
2026-03-08 08:27:00,235.9,154.4,0.0,0.0,0.0
2026-03-08 08:28:00,217.8,149.4,0.0,0.0,0.0
2026-03-08 08:29:00,236.6,157.0,0.0,0.0,0.0
2026-03-08 08:30:00,219.5,150.0,0.0,0.0,0.0
2026-03-08 08:31:00,226.4,150.7,0.0,0.0,0.0
2026-03-08 08:32:00,237.0,155.3,0.0,0.0,0.0
2026-03-08 08:33:00,225.5,151.6,0.0,0.0,0.0
2026-03-08 08:34:00,241.2,157.2,0.0,0.0,0.0
2026-03-08 08:35:00,71.4,0.0,0.0,0.0,0.0
2026-03-08 08:36:00,82.5,0.0,0.0,0.0,0.0
2026-03-08 08:37:00,83.7,0.0,0.0,0.0,0.0
2026-03-08 08:38:00,74.5,0.0,0.0,0.0,0.0
2026-03-08 08:39:00,81.4,0.0,0.0,0.0,0.0
2026-03-08 08:40:00,86.8,0.0,0.0,0.0,0.0
2026-03-08 08:41:00,72.9,0.0,0.0,0.0,0.0
2026-03-08 08:42:00,67.8,0.0,0.0,0.0,0.0
2026-03-08 08:43:00,79.0,0.0,0.0,0.0,0.0
2026-03-08 08:44:00,77.3,0.0,0.0,0.0,0.0
2026-03-08 08:45:00,76.4,0.0,0.0,0.0,0.0
2026-03-08 08:46:00,94.3,0.0,0.0,0.0,0.0
2026-03-08 08:47:00,80.7,0.0,0.0,0.0,0.0
2026-03-08 08:48:00,84.7,0.0,0.0,0.0,0.0
2026-03-08 08:49:00,76.2,0.0,0.0,0.0,0.0
2026-03-08 08:50:00,81.9,0.0,0.0,0.0,0.0
2026-03-08 08:51:00,86.2,0.0,0.0,0.0,0.0
2026-03-08 08:52:00,85.7,0.0,0.0,0.0,0.0
2026-03-08 08:53:00,69.3,0.0,0.0,0.0,0.0
2026-03-08 08:54:00,74.0,0.0,0.0,0.0,0.0
2026-03-08 08:55:00,85.2,0.0,0.0,0.0,0.0
2026-03-08 08:56:00,78.0,0.0,0.0,0.0,0.0
2026-03-08 08:57:00,90.6,0.0,0.0,0.0,0.0
2026-03-08 08:58:00,85.2,0.0,0.0,0.0,0.0
2026-03-08 08:59:00,89.6,0.0,0.0,0.0,0.0
2026-03-08 09:00:00,240.6,160.0,0.0,0.0,0.0
2026-03-08 09:01:00,221.6,142.1,0.0,0.0,0.0
2026-03-08 09:02:00,215.3,143.2,0.0,0.0,0.0
2026-03-08 09:03:00,231.9,147.7,0.0,0.0,0.0
2026-03-08 09:04:00,232.1,153.4,0.0,0.0,0.0
2026-03-08 09:05:00,231.2,141.1,0.0,0.0,0.0
2026-03-08 09:06:00,214.9,150.0,0.0,0.0,0.0
2026-03-08 09:07:00,235.9,156.4,0.0,0.0,0.0
2026-03-08 09:08:00,216.4,139.2,0.0,0.0,0.0
2026-03-08 09:09:00,225.3,144.4,0.0,0.0,0.0
2026-03-08 09:10:00,232.8,153.2,0.0,0.0,0.0
2026-03-08 09:11:00,238.6,155.2,0.0,0.0,0.0
2026-03-08 09:12:00,236.3,146.0,0.0,0.0,0.0
2026-03-08 09:13:00,228.7,154.0,0.0,0.0,0.0
2026-03-08 09:14:00,237.7,154.4,0.0,0.0,0.0
2026-03-08 09:15:00,221.8,143.3,0.0,0.0,0.0
2026-03-08 09:16:00,226.6,149.4,0.0,0.0,0.0
2026-03-08 09:17:00,232.6,147.2,0.0,0.0,0.0
2026-03-08 09:18:00,224.8,148.4,0.0,0.0,0.0
2026-03-08 09:19:00,234.1,150.9,0.0,0.0,0.0
2026-03-08 09:20:00,222.2,144.6,0.0,0.0,0.0
2026-03-08 09:21:00,224.9,140.9,0.0,0.0,0.0
2026-03-08 09:22:00,217.6,143.2,0.0,0.0,0.0
2026-03-08 09:23:00,225.8,143.6,0.0,0.0,0.0
2026-03-08 09:24:00,226.4,148.8,0.0,0.0,0.0
2026-03-08 09:25:00,241.2,154.2,0.0,0.0,0.0
2026-03-08 09:26:00,220.0,147.3,0.0,0.0,0.0
2026-03-08 09:27:00,224.8,146.4,0.0,0.0,0.0
2026-03-08 09:28:00,226.6,147.4,0.0,0.0,0.0
2026-03-08 09:29:00,229.8,153.4,0.0,0.0,0.0
2026-03-08 09:30:00,225.2,149.2,0.0,0.0,0.0
2026-03-08 09:31:00,229.3,150.0,0.0,0.0,0.0
2026-03-08 09:32:00,235.7,146.6,0.0,0.0,0.0
2026-03-08 09:33:00,218.9,149.6,0.0,0.0,0.0
2026-03-08 09:34:00,214.1,147.9,0.0,0.0,0.0
2026-03-08 09:35:00,84.7,0.0,0.0,0.0,0.0
2026-03-08 09:36:00,87.1,0.0,0.0,0.0,0.0
2026-03-08 09:37:00,79.7,0.0,0.0,0.0,0.0
2026-03-08 09:38:00,81.1,0.0,0.0,0.0,0.0
2026-03-08 09:39:00,80.2,0.0,0.0,0.0,0.0
2026-03-08 09:40:00,83.3,0.0,0.0,0.0,0.0
2026-03-08 09:41:00,79.2,0.0,0.0,0.0,0.0
2026-03-08 09:42:00,77.2,0.0,0.0,0.0,0.0
2026-03-08 09:43:00,79.0,0.0,0.0,0.0,0.0
2026-03-08 09:44:00,75.6,0.0,0.0,0.0,0.0
2026-03-08 09:45:00,82.8,0.0,0.0,0.0,0.0
2026-03-08 09:46:00,84.1,0.0,0.0,0.0,0.0
2026-03-08 09:47:00,76.9,0.0,0.0,0.0,0.0
2026-03-08 09:48:00,88.8,0.0,0.0,0.0,0.0
2026-03-08 09:49:00,76.4,0.0,0.0,0.0,0.0
2026-03-08 09:50:00,78.8,0.0,0.0,0.0,0.0
2026-03-08 09:51:00,81.7,0.0,0.0,0.0,0.0
2026-03-08 09:52:00,83.2,0.0,0.0,0.0,0.0
2026-03-08 09:53:00,79.7,0.0,0.0,0.0,0.0
2026-03-08 09:54:00,81.6,0.0,0.0,0.0,0.0
2026-03-08 09:55:00,82.2,0.0,0.0,0.0,0.0
2026-03-08 09:56:00,83.3,0.0,0.0,0.0,0.0
2026-03-08 09:57:00,75.6,0.0,0.0,0.0,0.0
2026-03-08 09:58:00,77.7,0.0,0.0,0.0,0.0
2026-03-08 09:59:00,80.1,0.0,0.0,0.0,0.0
2026-03-08 10:00:00,219.1,144.8,0.0,0.0,0.0
2026-03-08 10:01:00,218.5,146.3,0.0,0.0,0.0
2026-03-08 10:02:00,237.1,151.2,0.0,0.0,0.0
2026-03-08 10:03:00,232.1,148.3,0.0,0.0,0.0
2026-03-08 10:04:00,220.1,152.9,0.0,0.0,0.0
2026-03-08 10:05:00,213.5,146.0,0.0,0.0,0.0
2026-03-08 10:06:00,218.0,146.5,0.0,0.0,0.0
2026-03-08 10:07:00,242.0,164.3,0.0,0.0,0.0
2026-03-08 10:08:00,228.7,155.0,0.0,0.0,0.0
2026-03-08 10:09:00,230.5,157.4,0.0,0.0,0.0
2026-03-08 10:10:00,230.3,151.7,0.0,0.0,0.0
2026-03-08 10:11:00,227.8,146.7,0.0,0.0,0.0
2026-03-08 10:12:00,232.3,155.5,0.0,0.0,0.0
2026-03-08 10:13:00,232.3,157.2,0.0,0.0,0.0
2026-03-08 10:14:00,225.7,148.9,0.0,0.0,0.0
2026-03-08 10:15:00,236.2,148.5,0.0,0.0,0.0
2026-03-08 10:16:00,235.3,152.6,0.0,0.0,0.0
2026-03-08 10:17:00,228.1,149.4,0.0,0.0,0.0
2026-03-08 10:18:00,219.9,142.5,0.0,0.0,0.0
2026-03-08 10:19:00,235.7,153.1,0.0,0.0,0.0
2026-03-08 10:20:00,243.8,153.7,0.0,0.0,0.0
2026-03-08 10:21:00,224.5,141.2,0.0,0.0,0.0
2026-03-08 10:22:00,238.0,158.5,0.0,0.0,0.0
2026-03-08 10:23:00,225.8,144.3,0.0,0.0,0.0
2026-03-08 10:24:00,223.5,143.7,0.0,0.0,0.0
2026-03-08 10:25:00,218.7,145.3,0.0,0.0,0.0
2026-03-08 10:26:00,237.5,149.6,0.0,0.0,0.0
2026-03-08 10:27:00,228.4,149.2,0.0,0.0,0.0
2026-03-08 10:28:00,229.1,141.4,0.0,0.0,0.0
2026-03-08 10:29:00,236.4,150.1,0.0,0.0,0.0
2026-03-08 10:30:00,229.6,151.7,0.0,0.0,0.0
2026-03-08 10:31:00,221.2,146.2,0.0,0.0,0.0
2026-03-08 10:32:00,219.9,138.3,0.0,0.0,0.0
2026-03-08 10:33:00,221.0,144.0,0.0,0.0,0.0
2026-03-08 10:34:00,216.0,146.1,0.0,0.0,0.0
2026-03-08 10:35:00,78.7,0.0,0.0,0.0,0.0
2026-03-08 10:36:00,81.5,0.0,0.0,0.0,0.0
2026-03-08 10:37:00,83.2,0.0,0.0,0.0,0.0
2026-03-08 10:38:00,78.4,0.0,0.0,0.0,0.0
2026-03-08 10:39:00,92.4,0.0,0.0,0.0,0.0
2026-03-08 10:40:00,74.4,0.0,0.0,0.0,0.0
2026-03-08 10:41:00,80.0,0.0,0.0,0.0,0.0
2026-03-08 10:42:00,89.8,0.0,0.0,0.0,0.0
2026-03-08 10:43:00,81.5,0.0,0.0,0.0,0.0
2026-03-08 10:44:00,77.0,0.0,0.0,0.0,0.0
2026-03-08 10:45:00,80.6,0.0,0.0,0.0,0.0
2026-03-08 10:46:00,75.7,0.0,0.0,0.0,0.0
2026-03-08 10:47:00,72.6,0.0,0.0,0.0,0.0
2026-03-08 10:48:00,78.6,0.0,0.0,0.0,0.0
2026-03-08 10:49:00,80.0,0.0,0.0,0.0,0.0
2026-03-08 10:50:00,77.4,0.0,0.0,0.0,0.0
2026-03-08 10:51:00,78.3,0.0,0.0,0.0,0.0
2026-03-08 10:52:00,82.3,0.0,0.0,0.0,0.0
2026-03-08 10:53:00,86.1,0.0,0.0,0.0,0.0
2026-03-08 10:54:00,81.0,0.0,0.0,0.0,0.0
2026-03-08 10:55:00,81.6,0.0,0.0,0.0,0.0
2026-03-08 10:56:00,77.8,0.0,0.0,0.0,0.0
2026-03-08 10:57:00,75.2,0.0,0.0,0.0,0.0
2026-03-08 10:58:00,86.8,0.0,0.0,0.0,0.0
2026-03-08 10:59:00,77.6,0.0,0.0,0.0,0.0
2026-03-08 11:00:00,219.5,146.5,0.0,0.0,0.0
2026-03-08 11:01:00,248.2,162.5,0.0,0.0,0.0
2026-03-08 11:02:00,226.6,148.7,0.0,0.0,0.0
2026-03-08 11:03:00,216.5,144.9,0.0,0.0,0.0
2026-03-08 11:04:00,221.4,148.5,0.0,0.0,0.0
2026-03-08 11:05:00,226.3,153.0,0.0,0.0,0.0
2026-03-08 11:06:00,222.7,149.9,0.0,0.0,0.0
2026-03-08 11:07:00,228.1,148.2,0.0,0.0,0.0
2026-03-08 11:08:00,223.4,144.6,0.0,0.0,0.0
2026-03-08 11:09:00,220.8,145.9,0.0,0.0,0.0
2026-03-08 11:10:00,218.2,142.4,0.0,0.0,0.0
2026-03-08 11:11:00,222.8,149.3,0.0,0.0,0.0
2026-03-08 11:12:00,234.7,151.7,0.0,0.0,0.0
2026-03-08 11:13:00,226.6,151.5,0.0,0.0,0.0
2026-03-08 11:14:00,229.6,149.0,0.0,0.0,0.0
2026-03-08 11:15:00,233.8,155.9,0.0,0.0,0.0
2026-03-08 11:16:00,239.4,151.4,0.0,0.0,0.0
2026-03-08 11:17:00,229.5,152.3,0.0,0.0,0.0
2026-03-08 11:18:00,230.3,144.1,0.0,0.0,0.0
2026-03-08 11:19:00,222.7,147.5,0.0,0.0,0.0
2026-03-08 11:20:00,225.4,147.2,0.0,0.0,0.0
2026-03-08 11:21:00,238.7,154.7,0.0,0.0,0.0
2026-03-08 11:22:00,229.7,148.8,0.0,0.0,0.0
2026-03-08 11:23:00,225.0,148.6,0.0,0.0,0.0
2026-03-08 11:24:00,220.6,148.3,0.0,0.0,0.0
2026-03-08 11:25:00,242.2,157.1,0.0,0.0,0.0
2026-03-08 11:26:00,225.2,146.8,0.0,0.0,0.0
2026-03-08 11:27:00,222.7,145.7,0.0,0.0,0.0
2026-03-08 11:28:00,239.1,150.7,0.0,0.0,0.0
2026-03-08 11:29:00,233.1,149.2,0.0,0.0,0.0
2026-03-08 11:30:00,234.6,156.4,0.0,0.0,0.0
2026-03-08 11:31:00,231.3,155.3,0.0,0.0,0.0
2026-03-08 11:32:00,249.2,151.2,0.0,0.0,0.0
2026-03-08 11:33:00,233.1,148.9,0.0,0.0,0.0
2026-03-08 11:34:00,239.9,149.9,0.0,0.0,0.0
2026-03-08 11:35:00,78.1,0.0,0.0,0.0,0.0
2026-03-08 11:36:00,86.5,0.0,0.0,0.0,0.0
2026-03-08 11:37:00,88.6,0.0,0.0,0.0,0.0
2026-03-08 11:38:00,86.2,0.0,0.0,0.0,0.0
2026-03-08 11:39:00,92.1,0.0,0.0,0.0,0.0
2026-03-08 11:40:00,86.8,0.0,0.0,0.0,0.0
2026-03-08 11:41:00,70.6,0.0,0.0,0.0,0.0
2026-03-08 11:42:00,80.7,0.0,0.0,0.0,0.0
2026-03-08 11:43:00,84.4,0.0,0.0,0.0,0.0
2026-03-08 11:44:00,77.0,0.0,0.0,0.0,0.0
2026-03-08 11:45:00,88.3,0.0,0.0,0.0,0.0
2026-03-08 11:46:00,74.4,0.0,0.0,0.0,0.0
2026-03-08 11:47:00,82.3,0.0,0.0,0.0,0.0
2026-03-08 11:48:00,85.0,0.0,0.0,0.0,0.0
2026-03-08 11:49:00,78.0,0.0,0.0,0.0,0.0
2026-03-08 11:50:00,71.8,0.0,0.0,0.0,0.0
2026-03-08 11:51:00,81.6,0.0,0.0,0.0,0.0
2026-03-08 11:52:00,87.4,0.0,0.0,0.0,0.0
2026-03-08 11:53:00,81.2,0.0,0.0,0.0,0.0
2026-03-08 11:54:00,76.0,0.0,0.0,0.0,0.0
2026-03-08 11:55:00,81.5,0.0,0.0,0.0,0.0
2026-03-08 11:56:00,75.8,0.0,0.0,0.0,0.0
2026-03-08 11:57:00,78.8,0.0,0.0,0.0,0.0
2026-03-08 11:58:00,86.0,0.0,0.0,0.0,0.0
2026-03-08 11:59:00,86.6,0.0,0.0,0.0,0.0
2026-03-08 12:00:00,233.1,152.4,0.0,0.0,0.0
2026-03-08 12:01:00,237.2,147.8,0.0,0.0,0.0
2026-03-08 12:02:00,236.8,149.2,0.0,0.0,0.0
2026-03-08 12:03:00,223.9,149.5,0.0,0.0,0.0
2026-03-08 12:04:00,232.8,149.9,0.0,0.0,0.0
2026-03-08 12:05:00,217.8,137.0,0.0,0.0,0.0
2026-03-08 12:06:00,227.5,145.0,0.0,0.0,0.0
2026-03-08 12:07:00,229.1,159.3,0.0,0.0,0.0
2026-03-08 12:08:00,234.0,150.2,0.0,0.0,0.0
2026-03-08 12:09:00,241.1,156.8,0.0,0.0,0.0
2026-03-08 12:10:00,221.1,147.1,0.0,0.0,0.0
2026-03-08 12:11:00,214.2,142.1,0.0,0.0,0.0
2026-03-08 12:12:00,224.7,148.3,0.0,0.0,0.0
2026-03-08 12:13:00,233.1,148.0,0.0,0.0,0.0
2026-03-08 12:14:00,230.1,145.9,0.0,0.0,0.0
2026-03-08 12:15:00,234.7,155.7,0.0,0.0,0.0
2026-03-08 12:16:00,239.3,156.9,0.0,0.0,0.0
2026-03-08 12:17:00,228.7,146.4,0.0,0.0,0.0
2026-03-08 12:18:00,244.3,159.6,0.0,0.0,0.0
2026-03-08 12:19:00,239.4,154.4,0.0,0.0,0.0
2026-03-08 12:20:00,225.3,144.0,0.0,0.0,0.0
2026-03-08 12:21:00,238.3,155.0,0.0,0.0,0.0
2026-03-08 12:22:00,236.9,151.7,0.0,0.0,0.0
2026-03-08 12:23:00,226.8,150.0,0.0,0.0,0.0
2026-03-08 12:24:00,218.8,141.9,0.0,0.0,0.0
2026-03-08 12:25:00,222.3,152.1,0.0,0.0,0.0
2026-03-08 12:26:00,228.4,146.1,0.0,0.0,0.0
2026-03-08 12:27:00,237.5,158.8,0.0,0.0,0.0
2026-03-08 12:28:00,227.0,144.7,0.0,0.0,0.0
2026-03-08 12:29:00,227.6,142.4,0.0,0.0,0.0
2026-03-08 12:30:00,234.2,152.1,0.0,0.0,0.0
2026-03-08 12:31:00,223.4,144.0,0.0,0.0,0.0
2026-03-08 12:32:00,246.4,157.3,0.0,0.0,0.0
2026-03-08 12:33:00,229.5,145.3,0.0,0.0,0.0
2026-03-08 12:34:00,237.5,153.5,0.0,0.0,0.0
2026-03-08 12:35:00,80.8,0.0,0.0,0.0,0.0
2026-03-08 12:36:00,80.2,0.0,0.0,0.0,0.0
2026-03-08 12:37:00,84.4,0.0,0.0,0.0,0.0
2026-03-08 12:38:00,74.6,0.0,0.0,0.0,0.0
2026-03-08 12:39:00,74.8,0.0,0.0,0.0,0.0
2026-03-08 12:40:00,80.7,0.0,0.0,0.0,0.0
2026-03-08 12:41:00,73.0,0.0,0.0,0.0,0.0
2026-03-08 12:42:00,81.3,0.0,0.0,0.0,0.0
2026-03-08 12:43:00,80.2,0.0,0.0,0.0,0.0
2026-03-08 12:44:00,78.1,0.0,0.0,0.0,0.0
2026-03-08 12:45:00,79.7,0.0,0.0,0.0,0.0
2026-03-08 12:46:00,67.1,0.0,0.0,0.0,0.0
2026-03-08 12:47:00,76.2,0.0,0.0,0.0,0.0
2026-03-08 12:48:00,86.9,0.0,0.0,0.0,0.0
2026-03-08 12:49:00,89.3,0.0,0.0,0.0,0.0
2026-03-08 12:50:00,87.2,0.0,0.0,0.0,0.0
2026-03-08 12:51:00,86.2,0.0,0.0,0.0,0.0
2026-03-08 12:52:00,82.7,0.0,0.0,0.0,0.0
2026-03-08 12:53:00,86.3,0.0,0.0,0.0,0.0
2026-03-08 12:54:00,72.9,0.0,0.0,0.0,0.0
2026-03-08 12:55:00,74.9,0.0,0.0,0.0,0.0
2026-03-08 12:56:00,75.6,0.0,0.0,0.0,0.0
2026-03-08 12:57:00,81.8,0.0,0.0,0.0,0.0
2026-03-08 12:58:00,71.2,0.0,0.0,0.0,0.0
2026-03-08 12:59:00,76.2,0.0,0.0,0.0,0.0
2026-03-08 13:00:00,230.5,151.7,0.0,0.0,0.0
2026-03-08 13:01:00,223.2,149.5,0.0,0.0,0.0
2026-03-08 13:02:00,234.8,150.6,0.0,0.0,0.0
2026-03-08 13:03:00,230.4,152.3,0.0,0.0,0.0
2026-03-08 13:04:00,222.4,145.9,0.0,0.0,0.0
2026-03-08 13:05:00,228.8,149.2,0.0,0.0,0.0
2026-03-08 13:06:00,229.6,149.1,0.0,0.0,0.0
2026-03-08 13:07:00,231.0,147.3,0.0,0.0,0.0
2026-03-08 13:08:00,230.4,145.0,0.0,0.0,0.0
2026-03-08 13:09:00,237.1,151.4,0.0,0.0,0.0
2026-03-08 13:10:00,239.2,153.1,0.0,0.0,0.0
2026-03-08 13:11:00,234.5,159.2,0.0,0.0,0.0
2026-03-08 13:12:00,221.1,151.0,0.0,0.0,0.0
2026-03-08 13:13:00,226.3,151.2,0.0,0.0,0.0
2026-03-08 13:14:00,219.3,144.5,0.0,0.0,0.0
2026-03-08 13:15:00,224.3,149.6,0.0,0.0,0.0
2026-03-08 13:16:00,233.5,156.2,0.0,0.0,0.0
2026-03-08 13:17:00,243.6,159.9,0.0,0.0,0.0
2026-03-08 13:18:00,229.5,152.5,0.0,0.0,0.0
2026-03-08 13:19:00,233.1,158.3,0.0,0.0,0.0
2026-03-08 13:20:00,232.4,158.5,0.0,0.0,0.0
2026-03-08 13:21:00,227.2,160.7,0.0,0.0,0.0
2026-03-08 13:22:00,232.5,154.0,0.0,0.0,0.0
2026-03-08 13:23:00,225.7,147.1,0.0,0.0,0.0
2026-03-08 13:24:00,228.9,151.1,0.0,0.0,0.0
2026-03-08 13:25:00,231.3,156.3,0.0,0.0,0.0
2026-03-08 13:26:00,228.5,147.4,0.0,0.0,0.0
2026-03-08 13:27:00,228.5,150.0,0.0,0.0,0.0
2026-03-08 13:28:00,225.2,146.0,0.0,0.0,0.0
2026-03-08 13:29:00,226.6,147.3,0.0,0.0,0.0
2026-03-08 13:30:00,218.6,143.0,0.0,0.0,0.0
2026-03-08 13:31:00,234.5,155.9,0.0,0.0,0.0
2026-03-08 13:32:00,219.7,146.8,0.0,0.0,0.0
2026-03-08 13:33:00,227.6,150.6,0.0,0.0,0.0
2026-03-08 13:34:00,235.6,152.7,0.0,0.0,0.0
2026-03-08 13:35:00,77.9,0.0,0.0,0.0,0.0
2026-03-08 13:36:00,68.2,0.0,0.0,0.0,0.0
2026-03-08 13:37:00,91.8,0.0,0.0,0.0,0.0
2026-03-08 13:38:00,83.4,0.0,0.0,0.0,0.0
2026-03-08 13:39:00,81.5,0.0,0.0,0.0,0.0
2026-03-08 13:40:00,87.2,0.0,0.0,0.0,0.0
2026-03-08 13:41:00,84.8,0.0,0.0,0.0,0.0
2026-03-08 13:42:00,75.0,0.0,0.0,0.0,0.0
2026-03-08 13:43:00,81.9,0.0,0.0,0.0,0.0
2026-03-08 13:44:00,82.5,0.0,0.0,0.0,0.0
2026-03-08 13:45:00,87.5,0.0,0.0,0.0,0.0
2026-03-08 13:46:00,74.7,0.0,0.0,0.0,0.0
2026-03-08 13:47:00,70.2,0.0,0.0,0.0,0.0
2026-03-08 13:48:00,74.7,0.0,0.0,0.0,0.0
2026-03-08 13:49:00,83.2,0.0,0.0,0.0,0.0
2026-03-08 13:50:00,84.5,0.0,0.0,0.0,0.0
2026-03-08 13:51:00,76.4,0.0,0.0,0.0,0.0
2026-03-08 13:52:00,78.8,0.0,0.0,0.0,0.0
2026-03-08 13:53:00,73.5,0.0,0.0,0.0,0.0
2026-03-08 13:54:00,76.0,0.0,0.0,0.0,0.0
2026-03-08 13:55:00,76.0,0.0,0.0,0.0,0.0
2026-03-08 13:56:00,85.4,0.0,0.0,0.0,0.0
2026-03-08 13:57:00,68.0,0.0,0.0,0.0,0.0
2026-03-08 13:58:00,86.1,0.0,0.0,0.0,0.0
2026-03-08 13:59:00,87.4,0.0,0.0,0.0,0.0
2026-03-08 14:00:00,226.9,148.2,0.0,0.0,0.0
2026-03-08 14:01:00,229.9,147.1,0.0,0.0,0.0
2026-03-08 14:02:00,231.8,149.6,0.0,0.0,0.0
2026-03-08 14:03:00,213.9,148.4,0.0,0.0,0.0
2026-03-08 14:04:00,237.6,155.4,0.0,0.0,0.0
2026-03-08 14:05:00,226.7,145.9,0.0,0.0,0.0
2026-03-08 14:06:00,240.9,153.4,0.0,0.0,0.0
2026-03-08 14:07:00,228.0,144.1,0.0,0.0,0.0
2026-03-08 14:08:00,223.8,149.6,0.0,0.0,0.0
2026-03-08 14:09:00,224.2,151.6,0.0,0.0,0.0
2026-03-08 14:10:00,240.6,154.6,0.0,0.0,0.0
2026-03-08 14:11:00,224.2,143.9,0.0,0.0,0.0
2026-03-08 14:12:00,223.4,138.8,0.0,0.0,0.0
2026-03-08 14:13:00,251.0,158.3,0.0,0.0,0.0
2026-03-08 14:14:00,218.9,145.1,0.0,0.0,0.0
2026-03-08 14:15:00,2279.5,148.3,2057.3,0.0,0.0
2026-03-08 14:16:00,231.7,148.9,0.0,0.0,0.0
2026-03-08 14:17:00,249.8,156.8,0.0,0.0,0.0
2026-03-08 14:18:00,238.0,153.4,0.0,0.0,0.0
2026-03-08 14:19:00,237.9,155.8,0.0,0.0,0.0
2026-03-08 14:20:00,233.9,156.4,0.0,0.0,0.0
2026-03-08 14:21:00,236.3,152.3,0.0,0.0,0.0
2026-03-08 14:22:00,225.2,148.7,0.0,0.0,0.0
2026-03-08 14:23:00,243.4,156.5,0.0,0.0,0.0
2026-03-08 14:24:00,231.5,154.8,0.0,0.0,0.0
2026-03-08 14:25:00,244.4,151.4,0.0,0.0,0.0
2026-03-08 14:26:00,226.0,140.7,0.0,0.0,0.0
2026-03-08 14:27:00,224.3,146.9,0.0,0.0,0.0
2026-03-08 14:28:00,238.4,152.1,0.0,0.0,0.0
2026-03-08 14:29:00,227.1,147.5,0.0,0.0,0.0
2026-03-08 14:30:00,230.1,154.6,0.0,0.0,0.0
2026-03-08 14:31:00,238.2,163.1,0.0,0.0,0.0
2026-03-08 14:32:00,217.9,150.4,0.0,0.0,0.0
2026-03-08 14:33:00,229.7,151.8,0.0,0.0,0.0
2026-03-08 14:34:00,226.7,154.3,0.0,0.0,0.0
2026-03-08 14:35:00,87.2,0.0,0.0,0.0,0.0
2026-03-08 14:36:00,81.9,0.0,0.0,0.0,0.0
2026-03-08 14:37:00,80.9,0.0,0.0,0.0,0.0
2026-03-08 14:38:00,82.3,0.0,0.0,0.0,0.0
2026-03-08 14:39:00,77.4,0.0,0.0,0.0,0.0
2026-03-08 14:40:00,2097.9,0.0,2016.2,0.0,0.0
2026-03-08 14:41:00,2057.6,0.0,1981.1,0.0,0.0
2026-03-08 14:42:00,2054.7,0.0,1977.7,0.0,0.0
2026-03-08 14:43:00,83.2,0.0,0.0,0.0,0.0
2026-03-08 14:44:00,70.4,0.0,0.0,0.0,0.0
2026-03-08 14:45:00,66.8,0.0,0.0,0.0,0.0
2026-03-08 14:46:00,85.0,0.0,0.0,0.0,0.0
2026-03-08 14:47:00,73.1,0.0,0.0,0.0,0.0
2026-03-08 14:48:00,77.0,0.0,0.0,0.0,0.0
2026-03-08 14:49:00,80.2,0.0,0.0,0.0,0.0
2026-03-08 14:50:00,71.1,0.0,0.0,0.0,0.0
2026-03-08 14:51:00,73.8,0.0,0.0,0.0,0.0
2026-03-08 14:52:00,79.2,0.0,0.0,0.0,0.0
2026-03-08 14:53:00,79.3,0.0,0.0,0.0,0.0
2026-03-08 14:54:00,81.6,0.0,0.0,0.0,0.0
2026-03-08 14:55:00,82.3,0.0,0.0,0.0,0.0
2026-03-08 14:56:00,79.8,0.0,0.0,0.0,0.0
2026-03-08 14:57:00,76.4,0.0,0.0,0.0,0.0
2026-03-08 14:58:00,79.9,0.0,0.0,0.0,0.0
2026-03-08 14:59:00,2091.4,0.0,2003.5,0.0,0.0
2026-03-08 15:00:00,233.7,155.7,0.0,0.0,0.0
2026-03-08 15:01:00,239.2,154.0,0.0,0.0,0.0
2026-03-08 15:02:00,239.9,150.4,0.0,0.0,0.0
2026-03-08 15:03:00,2211.9,148.7,1987.2,0.0,0.0
2026-03-08 15:04:00,2222.0,146.2,2005.6,0.0,0.0
2026-03-08 15:05:00,229.1,149.5,0.0,0.0,0.0
2026-03-08 15:06:00,2193.2,141.1,1983.5,0.0,0.0
2026-03-08 15:07:00,2240.2,157.3,2009.6,0.0,0.0
2026-03-08 15:08:00,222.2,144.4,0.0,0.0,0.0
2026-03-08 15:09:00,2266.0,151.3,2028.0,0.0,0.0
2026-03-08 15:10:00,2230.4,151.8,1997.4,0.0,0.0
2026-03-08 15:11:00,2238.7,149.5,2014.2,0.0,0.0
2026-03-08 15:12:00,2242.9,149.8,2010.7,0.0,0.0
2026-03-08 15:13:00,238.2,146.0,0.0,0.0,0.0
2026-03-08 15:14:00,230.1,147.9,0.0,0.0,0.0
2026-03-08 15:15:00,2220.1,153.7,1984.5,0.0,0.0
2026-03-08 15:16:00,237.9,153.5,0.0,0.0,0.0
2026-03-08 15:17:00,2197.7,143.3,1976.0,0.0,0.0
2026-03-08 15:18:00,2250.2,149.6,2026.5,0.0,0.0
2026-03-08 15:19:00,2173.6,141.1,1953.2,0.0,0.0
2026-03-08 15:20:00,2216.0,149.5,1983.8,0.0,0.0
2026-03-08 15:21:00,2176.9,150.3,1954.9,0.0,0.0
2026-03-08 15:22:00,2214.5,143.1,1996.7,0.0,0.0
2026-03-08 15:23:00,2235.4,157.1,1996.8,0.0,0.0
2026-03-08 15:24:00,2140.5,143.1,1926.2,0.0,0.0
2026-03-08 15:25:00,2254.3,156.0,2018.3,0.0,0.0
2026-03-08 15:26:00,2197.4,141.6,1979.5,0.0,0.0
2026-03-08 15:27:00,2217.9,153.5,1980.0,0.0,0.0
2026-03-08 15:28:00,2181.9,140.3,1956.7,0.0,0.0
2026-03-08 15:29:00,2233.6,147.3,2003.2,0.0,0.0
2026-03-08 15:30:00,2214.0,143.3,1992.4,0.0,0.0
2026-03-08 15:31:00,2275.0,151.4,2039.5,0.0,0.0
2026-03-08 15:32:00,2265.8,145.7,2040.3,0.0,0.0
2026-03-08 15:33:00,2227.4,148.7,2003.8,0.0,0.0
2026-03-08 15:34:00,2245.8,150.9,2014.6,0.0,0.0
2026-03-08 15:35:00,2027.3,0.0,1954.6,0.0,0.0
2026-03-08 15:36:00,2084.8,0.0,2001.9,0.0,0.0
2026-03-08 15:37:00,2116.5,0.0,2032.0,0.0,0.0
2026-03-08 15:38:00,2108.2,0.0,2026.1,0.0,0.0
2026-03-08 15:39:00,2055.0,0.0,1974.4,0.0,0.0
2026-03-08 15:40:00,2040.0,0.0,1959.5,0.0,0.0
2026-03-08 15:41:00,2092.9,0.0,2004.2,0.0,0.0
2026-03-08 15:42:00,2074.5,0.0,1996.8,0.0,0.0
2026-03-08 15:43:00,2070.1,0.0,1992.6,0.0,0.0
2026-03-08 15:44:00,2035.8,0.0,1956.4,0.0,0.0
2026-03-08 15:45:00,2084.3,0.0,2008.1,0.0,0.0
2026-03-08 15:46:00,2084.1,0.0,2006.1,0.0,0.0
2026-03-08 15:47:00,77.9,0.0,0.0,0.0,0.0
2026-03-08 15:48:00,74.8,0.0,0.0,0.0,0.0
2026-03-08 15:49:00,2078.1,0.0,1995.8,0.0,0.0
2026-03-08 15:50:00,2086.8,0.0,1994.0,0.0,0.0
2026-03-08 15:51:00,2079.8,0.0,2002.1,0.0,0.0
2026-03-08 15:52:00,2105.3,0.0,2018.6,0.0,0.0
2026-03-08 15:53:00,2067.1,0.0,1987.5,0.0,0.0
2026-03-08 15:54:00,2048.8,0.0,1974.2,0.0,0.0
2026-03-08 15:55:00,2100.8,0.0,2026.4,0.0,0.0
2026-03-08 15:56:00,2079.8,0.0,2004.1,0.0,0.0
2026-03-08 15:57:00,2080.6,0.0,2012.9,0.0,0.0
2026-03-08 15:58:00,2107.0,0.0,2027.2,0.0,0.0
2026-03-08 15:59:00,2075.3,0.0,1980.1,0.0,0.0
2026-03-08 16:00:00,2271.8,149.4,2035.1,0.0,0.0
2026-03-08 16:01:00,2230.8,148.3,2003.4,0.0,0.0
2026-03-08 16:02:00,2238.9,149.8,2005.4,0.0,0.0
2026-03-08 16:03:00,2189.8,148.6,1969.0,0.0,0.0
2026-03-08 16:04:00,2197.4,154.0,1962.9,0.0,0.0
2026-03-08 16:05:00,2226.0,147.4,1999.2,0.0,0.0
2026-03-08 16:06:00,2203.5,140.4,1979.5,0.0,0.0
2026-03-08 16:07:00,2232.1,154.1,1995.9,0.0,0.0
2026-03-08 16:08:00,2230.1,152.4,1997.6,0.0,0.0
2026-03-08 16:09:00,2259.2,147.6,2021.8,0.0,0.0
2026-03-08 16:10:00,2231.7,149.0,2009.2,0.0,0.0
2026-03-08 16:11:00,2277.4,153.5,2049.4,0.0,0.0
2026-03-08 16:12:00,2209.3,151.6,1973.0,0.0,0.0
2026-03-08 16:13:00,2226.2,144.8,1996.6,0.0,0.0
2026-03-08 16:14:00,2254.3,156.5,2026.4,0.0,0.0
2026-03-08 16:15:00,2275.5,162.5,2031.8,0.0,0.0
2026-03-08 16:16:00,2204.9,149.8,1973.4,0.0,0.0
2026-03-08 16:17:00,2206.9,144.7,1994.0,0.0,0.0
2026-03-08 16:18:00,2142.2,155.0,1918.0,0.0,0.0
2026-03-08 16:19:00,2231.1,156.7,1978.7,0.0,0.0
2026-03-08 16:20:00,2185.1,145.3,1963.0,0.0,0.0
2026-03-08 16:21:00,2222.7,142.2,2009.2,0.0,0.0
2026-03-08 16:22:00,2186.4,143.0,1969.1,0.0,0.0
2026-03-08 16:23:00,2216.1,147.2,1994.2,0.0,0.0
2026-03-08 16:24:00,2194.6,144.2,1975.3,0.0,0.0
2026-03-08 16:25:00,2237.8,147.4,2005.9,0.0,0.0
2026-03-08 16:26:00,2222.8,147.4,1997.1,0.0,0.0
2026-03-08 16:27:00,2238.4,141.4,2022.5,0.0,0.0
2026-03-08 16:28:00,2227.9,151.1,1990.1,0.0,0.0
2026-03-08 16:29:00,2215.3,156.4,1975.6,0.0,0.0
2026-03-08 16:30:00,2208.4,139.3,1985.0,0.0,0.0
2026-03-08 16:31:00,2215.0,148.2,1987.9,0.0,0.0
2026-03-08 16:32:00,2188.4,147.0,1958.2,0.0,0.0
2026-03-08 16:33:00,2232.0,145.5,2006.2,0.0,0.0
2026-03-08 16:34:00,2250.9,149.6,2027.1,0.0,0.0
2026-03-08 16:35:00,2102.9,0.0,2034.4,0.0,0.0
2026-03-08 16:36:00,2056.2,0.0,1975.7,0.0,0.0
2026-03-08 16:37:00,2049.9,0.0,1973.4,0.0,0.0
2026-03-08 16:38:00,2010.0,0.0,1933.3,0.0,0.0
2026-03-08 16:39:00,2088.6,0.0,2009.3,0.0,0.0
2026-03-08 16:40:00,2112.0,0.0,2039.4,0.0,0.0
2026-03-08 16:41:00,2069.5,0.0,1991.8,0.0,0.0
2026-03-08 16:42:00,2056.0,0.0,1979.3,0.0,0.0
2026-03-08 16:43:00,2042.2,0.0,1965.2,0.0,0.0
2026-03-08 16:44:00,2097.4,0.0,2016.3,0.0,0.0
2026-03-08 16:45:00,2090.6,0.0,2009.8,0.0,0.0
2026-03-08 16:46:00,2080.9,0.0,1998.3,0.0,0.0
2026-03-08 16:47:00,2137.9,0.0,2046.2,0.0,0.0
2026-03-08 16:48:00,2112.7,0.0,2036.1,0.0,0.0
2026-03-08 16:49:00,2093.7,0.0,2007.8,0.0,0.0
2026-03-08 16:50:00,2087.2,0.0,2014.9,0.0,0.0
2026-03-08 16:51:00,2132.4,0.0,2049.9,0.0,0.0
2026-03-08 16:52:00,2072.1,0.0,1982.6,0.0,0.0
2026-03-08 16:53:00,2074.8,0.0,1980.5,0.0,0.0
2026-03-08 16:54:00,2097.4,0.0,2025.5,0.0,0.0
2026-03-08 16:55:00,2053.6,0.0,1972.1,0.0,0.0
2026-03-08 16:56:00,2124.5,0.0,2040.0,0.0,0.0
2026-03-08 16:57:00,2072.7,0.0,1984.9,0.0,0.0
2026-03-08 16:58:00,2116.4,0.0,2035.8,0.0,0.0
2026-03-08 16:59:00,2066.8,0.0,1982.6,0.0,0.0
2026-03-08 17:00:00,2203.5,145.9,1976.3,0.0,0.0
2026-03-08 17:01:00,2236.5,149.3,2007.0,0.0,0.0
2026-03-08 17:02:00,2178.3,145.5,1960.4,0.0,0.0
2026-03-08 17:03:00,2216.9,161.5,1983.7,0.0,0.0
2026-03-08 17:04:00,2238.2,145.5,2012.0,0.0,0.0
2026-03-08 17:05:00,2173.5,141.9,1955.1,0.0,0.0
2026-03-08 17:06:00,2196.7,150.0,1968.1,0.0,0.0
2026-03-08 17:07:00,2224.0,150.5,2004.7,0.0,0.0
2026-03-08 17:08:00,2195.1,147.6,1962.3,0.0,0.0
2026-03-08 17:09:00,2214.6,145.5,1988.8,0.0,0.0
2026-03-08 17:10:00,2221.6,139.9,2003.0,0.0,0.0
2026-03-08 17:11:00,2225.2,144.6,2003.3,0.0,0.0
2026-03-08 17:12:00,2237.3,158.5,2005.3,0.0,0.0
2026-03-08 17:13:00,2201.0,140.8,1985.1,0.0,0.0
2026-03-08 17:14:00,2284.2,155.6,2047.4,0.0,0.0
2026-03-08 17:15:00,2233.1,160.7,1989.7,0.0,0.0
2026-03-08 17:16:00,2236.3,155.9,2000.5,0.0,0.0
2026-03-08 17:17:00,2241.9,151.1,2009.8,0.0,0.0
2026-03-08 17:18:00,2228.2,155.8,1987.7,0.0,0.0
2026-03-08 17:19:00,2232.0,155.7,1999.5,0.0,0.0
2026-03-08 17:20:00,2245.7,142.7,2016.6,0.0,0.0
2026-03-08 17:21:00,2237.8,152.3,2009.7,0.0,0.0
2026-03-08 17:22:00,2232.3,144.5,2002.5,0.0,0.0
2026-03-08 17:23:00,2259.2,139.1,2040.0,0.0,0.0
2026-03-08 17:24:00,2245.3,154.4,2013.2,0.0,0.0
2026-03-08 17:25:00,2228.7,145.5,2001.4,0.0,0.0
2026-03-08 17:26:00,2210.0,150.9,1977.6,0.0,0.0
2026-03-08 17:27:00,2222.2,143.0,2004.7,0.0,0.0
2026-03-08 17:28:00,2236.8,154.6,2001.1,0.0,0.0
2026-03-08 17:29:00,2218.1,152.5,1990.6,0.0,0.0
2026-03-08 17:30:00,2239.2,147.9,2018.8,0.0,0.0
2026-03-08 17:31:00,2270.3,144.9,2044.7,0.0,0.0
2026-03-08 17:32:00,2207.2,145.8,1973.7,0.0,0.0
2026-03-08 17:33:00,2278.3,150.2,2039.5,0.0,0.0
2026-03-08 17:34:00,2193.7,146.2,1968.7,0.0,0.0
2026-03-08 17:35:00,2027.6,0.0,1948.1,0.0,0.0
2026-03-08 17:36:00,2083.1,0.0,1991.1,0.0,0.0
2026-03-08 17:37:00,2032.4,0.0,1951.1,0.0,0.0
2026-03-08 17:38:00,2084.5,0.0,2003.3,0.0,0.0
2026-03-08 17:39:00,2086.1,0.0,1998.0,0.0,0.0
2026-03-08 17:40:00,2061.6,0.0,1981.7,0.0,0.0
2026-03-08 17:41:00,2080.8,0.0,1996.2,0.0,0.0
2026-03-08 17:42:00,2002.3,0.0,1919.3,0.0,0.0
2026-03-08 17:43:00,2064.7,0.0,1995.7,0.0,0.0
2026-03-08 17:44:00,2067.2,0.0,1987.7,0.0,0.0
2026-03-08 17:45:00,2068.1,0.0,1981.5,0.0,0.0
2026-03-08 17:46:00,2075.5,0.0,1997.2,0.0,0.0
2026-03-08 17:47:00,2101.6,0.0,2017.0,0.0,0.0
2026-03-08 17:48:00,2102.0,0.0,2029.8,0.0,0.0
2026-03-08 17:49:00,2093.4,0.0,2011.8,0.0,0.0
2026-03-08 17:50:00,2135.4,0.0,2052.8,0.0,0.0
2026-03-08 17:51:00,2045.2,0.0,1965.7,0.0,0.0
2026-03-08 17:52:00,2053.1,0.0,1974.2,0.0,0.0
2026-03-08 17:53:00,2096.2,0.0,2010.8,0.0,0.0
2026-03-08 17:54:00,2070.3,0.0,1992.0,0.0,0.0
2026-03-08 17:55:00,2081.5,0.0,1989.7,0.0,0.0
2026-03-08 17:56:00,2111.9,0.0,2031.2,0.0,0.0
2026-03-08 17:57:00,2048.0,0.0,1971.4,0.0,0.0
2026-03-08 17:58:00,2041.2,0.0,1958.7,0.0,0.0
2026-03-08 17:59:00,2102.2,0.0,2030.1,0.0,0.0
2026-03-08 18:00:00,2238.6,147.8,2002.1,0.0,0.0
2026-03-08 18:01:00,2249.4,146.9,2015.5,0.0,0.0
2026-03-08 18:02:00,2362.4,156.1,2013.2,0.0,117.1
2026-03-08 18:03:00,2350.9,153.5,2008.0,0.0,116.4
2026-03-08 18:04:00,2224.1,152.5,1978.7,0.0,0.0
2026-03-08 18:05:00,2374.9,152.8,2023.3,0.0,115.3
2026-03-08 18:06:00,2333.9,149.6,1988.8,0.0,110.8
2026-03-08 18:07:00,2336.5,141.5,2007.6,0.0,121.0
2026-03-08 18:08:00,2229.8,155.4,1995.0,0.0,0.0
2026-03-08 18:09:00,2421.9,151.1,2057.2,0.0,131.8
2026-03-08 18:10:00,2233.3,146.1,2016.1,0.0,0.0
2026-03-08 18:11:00,2396.2,147.4,2057.3,0.0,116.3
2026-03-08 18:12:00,2360.3,154.1,2009.4,0.0,121.9
2026-03-08 18:13:00,2360.6,146.5,2020.8,0.0,114.6
2026-03-08 18:14:00,2354.8,144.1,2005.7,0.0,124.1
2026-03-08 18:15:00,2226.2,151.8,1988.8,0.0,0.0
2026-03-08 18:16:00,2245.9,154.1,2015.1,0.0,0.0
2026-03-08 18:17:00,2227.7,154.5,1997.7,0.0,0.0
2026-03-08 18:18:00,2297.1,154.0,2061.9,0.0,0.0
2026-03-08 18:19:00,2242.8,151.4,2002.3,0.0,0.0
2026-03-08 18:20:00,2261.4,148.9,2033.8,0.0,0.0
2026-03-08 18:21:00,2246.8,140.3,2019.9,0.0,0.0
2026-03-08 18:22:00,2385.1,149.1,2033.5,0.0,124.6
2026-03-08 18:23:00,2193.7,146.8,1972.8,0.0,0.0
2026-03-08 18:24:00,2338.6,158.1,1988.4,0.0,125.0
2026-03-08 18:25:00,2158.4,147.4,1927.3,0.0,0.0
2026-03-08 18:26:00,2367.5,151.5,2011.1,0.0,128.1
2026-03-08 18:27:00,2232.1,153.9,1990.3,0.0,0.0
2026-03-08 18:28:00,2329.9,144.3,1992.3,0.0,116.4
2026-03-08 18:29:00,2384.2,144.1,2052.9,0.0,117.4
2026-03-08 18:30:00,2282.1,156.2,1938.3,0.0,116.0
2026-03-08 18:31:00,2337.5,155.9,1977.2,0.0,119.3
2026-03-08 18:32:00,2327.1,141.5,1980.2,0.0,126.3
2026-03-08 18:33:00,2191.9,150.2,1959.4,0.0,0.0
2026-03-08 18:34:00,2253.0,156.6,2018.1,0.0,0.0
2026-03-08 18:35:00,2093.5,0.0,2015.8,0.0,0.0
2026-03-08 18:36:00,2028.5,0.0,1951.4,0.0,0.0
2026-03-08 18:37:00,2242.8,0.0,2041.4,0.0,121.6
2026-03-08 18:38:00,2184.3,0.0,1997.3,0.0,114.0
2026-03-08 18:39:00,2194.8,0.0,1995.8,0.0,117.9
2026-03-08 18:40:00,2201.3,0.0,1996.7,0.0,119.4
2026-03-08 18:41:00,2104.6,0.0,2017.4,0.0,0.0
2026-03-08 18:42:00,2056.4,0.0,1979.4,0.0,0.0
2026-03-08 18:43:00,2067.6,0.0,1988.8,0.0,0.0
2026-03-08 18:44:00,2136.1,0.0,1943.2,0.0,119.4
2026-03-08 18:45:00,2235.9,0.0,2044.4,0.0,118.8
2026-03-08 18:46:00,2237.1,0.0,2035.2,0.0,119.3
2026-03-08 18:47:00,2153.5,0.0,2063.4,0.0,0.0
2026-03-08 18:48:00,2135.4,0.0,2062.3,0.0,0.0
2026-03-08 18:49:00,2046.9,0.0,1954.1,0.0,0.0
2026-03-08 18:50:00,2096.4,0.0,2022.2,0.0,0.0
2026-03-08 18:51:00,2158.2,0.0,1960.3,0.0,123.6
2026-03-08 18:52:00,2128.1,0.0,2037.5,0.0,0.0
2026-03-08 18:53:00,2182.7,0.0,1974.0,0.0,123.6
2026-03-08 18:54:00,2203.9,0.0,2014.1,0.0,117.4
2026-03-08 18:55:00,2223.1,0.0,2018.8,0.0,122.0
2026-03-08 18:56:00,2249.1,0.0,2028.3,0.0,119.5
2026-03-08 18:57:00,2068.4,0.0,1997.4,0.0,0.0
2026-03-08 18:58:00,2230.7,0.0,2029.6,0.0,118.0
2026-03-08 18:59:00,2184.8,0.0,1992.1,0.0,117.9
2026-03-08 19:00:00,2381.2,144.8,2040.8,0.0,114.7
2026-03-08 19:01:00,2254.6,156.5,2016.6,0.0,0.0
2026-03-08 19:02:00,2323.4,147.9,1983.2,0.0,120.5
2026-03-08 19:03:00,2362.4,152.4,2018.5,0.0,113.3
2026-03-08 19:04:00,2324.2,152.8,1980.7,0.0,109.5
2026-03-08 19:05:00,2187.9,152.3,1960.4,0.0,0.0
2026-03-08 19:06:00,2246.1,144.3,2023.9,0.0,0.0
2026-03-08 19:07:00,2349.4,152.4,1991.7,0.0,116.6
2026-03-08 19:08:00,2164.7,143.5,1940.1,0.0,0.0
2026-03-08 19:09:00,2222.3,151.6,2000.5,0.0,0.0
2026-03-08 19:10:00,2241.3,148.0,2008.0,0.0,0.0
2026-03-08 19:11:00,2223.8,157.5,1988.7,0.0,0.0
2026-03-08 19:12:00,2359.6,147.0,2008.7,0.0,127.9
2026-03-08 19:13:00,2335.5,149.2,1997.9,0.0,113.0
2026-03-08 19:14:00,2206.7,149.1,1985.5,0.0,0.0
2026-03-08 19:15:00,2327.0,140.3,1991.5,0.0,116.3
2026-03-08 19:16:00,2323.8,148.7,1980.0,0.0,116.9
2026-03-08 19:17:00,2237.8,149.6,2021.4,0.0,0.0
2026-03-08 19:18:00,2257.0,145.9,2037.7,0.0,0.0
2026-03-08 19:19:00,2199.2,149.0,1965.5,0.0,0.0
2026-03-08 19:20:00,2303.6,151.2,1955.0,0.0,120.5
2026-03-08 19:21:00,2298.0,151.7,1968.0,0.0,107.4
2026-03-08 19:22:00,2226.5,152.6,1992.4,0.0,0.0
2026-03-08 19:23:00,2379.6,155.1,2021.2,0.0,116.2
2026-03-08 19:24:00,2212.8,155.5,1970.4,0.0,0.0
2026-03-08 19:25:00,2314.6,148.4,1976.0,0.0,117.5
2026-03-08 19:26:00,2344.8,151.5,2001.4,0.0,114.9
2026-03-08 19:27:00,2234.9,149.7,2006.4,0.0,0.0
2026-03-08 19:28:00,2241.9,147.5,1903.3,0.0,113.3
2026-03-08 19:29:00,2375.5,147.3,2030.5,0.0,120.8
2026-03-08 19:30:00,2366.8,144.4,2030.1,0.0,117.5
2026-03-08 19:31:00,2293.1,150.7,1947.7,0.0,120.5
2026-03-08 19:32:00,2366.6,154.5,2004.5,0.0,120.9
2026-03-08 19:33:00,2347.6,147.7,2005.5,0.0,115.3
2026-03-08 19:34:00,2385.4,147.4,2045.7,0.0,113.9
2026-03-08 19:35:00,2214.1,0.0,2001.3,0.0,133.4
2026-03-08 19:36:00,2211.2,0.0,2005.9,0.0,125.9
2026-03-08 19:37:00,2046.7,0.0,1973.9,0.0,0.0
2026-03-08 19:38:00,2093.0,0.0,2017.3,0.0,0.0
2026-03-08 19:39:00,2068.1,0.0,1990.8,0.0,0.0
2026-03-08 19:40:00,2174.8,0.0,1987.7,0.0,114.0
2026-03-08 19:41:00,2067.0,0.0,1991.6,0.0,0.0
2026-03-08 19:42:00,2051.7,0.0,1984.0,0.0,0.0
2026-03-08 19:43:00,2159.8,0.0,1965.3,0.0,117.8
2026-03-08 19:44:00,2045.2,0.0,1969.3,0.0,0.0
2026-03-08 19:45:00,2224.5,0.0,2026.6,0.0,119.9
2026-03-08 19:46:00,2105.8,0.0,2027.1,0.0,0.0
2026-03-08 19:47:00,2154.6,0.0,1949.2,0.0,121.8
2026-03-08 19:48:00,2212.0,0.0,2016.1,0.0,117.4
2026-03-08 19:49:00,2163.0,0.0,1964.0,0.0,117.8
2026-03-08 19:50:00,2090.5,0.0,2008.8,0.0,0.0
2026-03-08 19:51:00,2145.5,0.0,1962.5,0.0,110.0
2026-03-08 19:52:00,2044.1,0.0,1971.4,0.0,0.0
2026-03-08 19:53:00,2223.4,0.0,2027.4,0.0,118.4
2026-03-08 19:54:00,2223.2,0.0,2012.7,0.0,126.5
2026-03-08 19:55:00,2203.1,0.0,2007.9,0.0,118.5
2026-03-08 19:56:00,2099.8,0.0,2020.6,0.0,0.0
2026-03-08 19:57:00,2234.9,0.0,2024.2,0.0,116.7
2026-03-08 19:58:00,2090.9,0.0,2005.4,0.0,0.0
2026-03-08 19:59:00,2126.6,0.0,2040.7,0.0,0.0
2026-03-08 20:00:00,2205.0,152.2,1977.5,0.0,0.0
2026-03-08 20:01:00,2342.3,155.2,1986.5,0.0,118.4
2026-03-08 20:02:00,2361.7,146.2,2017.2,0.0,121.8
2026-03-08 20:03:00,2226.1,155.9,1987.0,0.0,0.0
2026-03-08 20:04:00,2318.9,147.1,1970.8,0.0,124.9
2026-03-08 20:05:00,2354.9,145.0,2019.1,0.0,116.5
2026-03-08 20:06:00,2401.9,153.5,2040.9,0.0,125.7
2026-03-08 20:07:00,2320.2,154.1,1978.7,0.0,116.8
2026-03-08 20:08:00,2262.4,153.2,2018.5,0.0,0.0
2026-03-08 20:09:00,2341.5,144.9,1993.7,0.0,123.8
2026-03-08 20:10:00,2384.0,156.7,2032.5,0.0,114.1
2026-03-08 20:11:00,2374.3,151.9,2015.2,0.0,124.6
2026-03-08 20:12:00,2306.3,146.0,1968.9,0.0,107.8
2026-03-08 20:13:00,2202.5,150.1,1968.5,0.0,0.0
2026-03-08 20:14:00,2333.9,150.9,1990.8,0.0,117.5
2026-03-08 20:15:00,2281.9,149.7,2054.2,0.0,0.0
2026-03-08 20:16:00,2380.6,147.0,2021.8,0.0,123.5
2026-03-08 20:17:00,2427.9,158.2,2072.4,0.0,113.3
2026-03-08 20:18:00,2364.9,147.5,2014.2,0.0,118.1
2026-03-08 20:19:00,2385.3,151.8,2039.9,0.0,115.6
2026-03-08 20:20:00,2237.8,149.7,2000.0,0.0,0.0
2026-03-08 20:21:00,2314.5,151.2,1960.3,0.0,118.6
2026-03-08 20:22:00,2300.8,141.9,1968.8,0.0,121.5
2026-03-08 20:23:00,2326.6,159.8,1961.2,0.0,128.1
2026-03-08 20:24:00,2211.5,157.3,1977.2,0.0,0.0
2026-03-08 20:25:00,2368.0,149.7,2011.6,0.0,120.0
2026-03-08 20:26:00,2253.0,155.6,2009.8,0.0,0.0
2026-03-08 20:27:00,2353.6,150.4,1993.1,0.0,125.0
2026-03-08 20:28:00,2429.9,154.0,2082.0,0.0,111.5
2026-03-08 20:29:00,2228.5,149.5,1989.6,0.0,0.0
2026-03-08 20:30:00,2382.2,142.3,2048.7,0.0,121.5
2026-03-08 20:31:00,2392.9,147.0,2042.1,0.0,125.4
2026-03-08 20:32:00,2238.2,147.1,2012.1,0.0,0.0
2026-03-08 20:33:00,2239.1,146.5,2011.0,0.0,0.0
2026-03-08 20:34:00,2380.9,140.0,2028.4,0.0,133.4
2026-03-08 20:35:00,2198.3,0.0,2002.9,0.0,119.4
2026-03-08 20:36:00,2221.4,0.0,2020.9,0.0,115.4
2026-03-08 20:37:00,2232.0,0.0,2026.8,0.0,121.7
2026-03-08 20:38:00,2130.1,0.0,1929.2,0.0,118.7
2026-03-08 20:39:00,2201.2,0.0,2007.5,0.0,118.1
2026-03-08 20:40:00,2171.4,0.0,1966.8,0.0,120.0
2026-03-08 20:41:00,2209.1,0.0,2017.8,0.0,114.5
2026-03-08 20:42:00,2074.1,0.0,1992.9,0.0,0.0
2026-03-08 20:43:00,2073.6,0.0,1992.5,0.0,0.0
2026-03-08 20:44:00,2165.4,0.0,1968.6,0.0,117.1
2026-03-08 20:45:00,2082.2,0.0,2013.2,0.0,0.0
2026-03-08 20:46:00,2207.0,0.0,2009.1,0.0,117.4
2026-03-08 20:47:00,2223.4,0.0,2027.5,0.0,119.5
2026-03-08 20:48:00,2193.1,0.0,1998.3,0.0,119.1
2026-03-08 20:49:00,2060.6,0.0,1985.3,0.0,0.0
2026-03-08 20:50:00,2216.1,0.0,2015.9,0.0,119.2
2026-03-08 20:51:00,2195.8,0.0,1990.8,0.0,122.4
2026-03-08 20:52:00,2097.6,0.0,2017.4,0.0,0.0
2026-03-08 20:53:00,2241.8,0.0,2045.4,0.0,114.5
2026-03-08 20:54:00,2096.8,0.0,2018.2,0.0,0.0
2026-03-08 20:55:00,2229.6,0.0,2029.1,0.0,114.4
2026-03-08 20:56:00,2050.9,0.0,1978.3,0.0,0.0
2026-03-08 20:57:00,2037.1,0.0,1957.2,0.0,0.0
2026-03-08 20:58:00,2180.8,0.0,1984.9,0.0,118.2
2026-03-08 20:59:00,2109.3,0.0,2022.1,0.0,0.0
2026-03-08 21:00:00,2388.0,148.5,2032.9,0.0,119.5
2026-03-08 21:01:00,2377.3,159.3,2000.1,0.0,129.2
2026-03-08 21:02:00,2367.3,146.6,2026.5,0.0,116.6
2026-03-08 21:03:00,2316.5,149.9,1976.7,0.0,110.8
2026-03-08 21:04:00,2226.7,151.1,1994.9,0.0,0.0
2026-03-08 21:05:00,2237.0,149.7,2008.8,0.0,0.0
2026-03-08 21:06:00,2311.0,144.4,1978.3,0.0,112.1
2026-03-08 21:07:00,2344.7,150.1,1993.2,0.0,120.6
2026-03-08 21:08:00,2205.2,145.2,1981.6,0.0,0.0
2026-03-08 21:09:00,2345.0,149.1,1999.0,0.0,117.2
2026-03-08 21:10:00,2382.9,152.5,2015.3,0.0,125.0
2026-03-08 21:11:00,2379.8,153.6,2021.9,0.0,125.8
2026-03-08 21:12:00,2386.3,149.8,2025.6,0.0,119.1
2026-03-08 21:13:00,2235.3,147.5,2012.2,0.0,0.0
2026-03-08 21:14:00,2322.4,160.4,1959.5,0.0,116.1
2026-03-08 21:15:00,2414.9,149.4,2064.4,0.0,125.6
2026-03-08 21:16:00,2378.2,158.7,2020.1,0.0,114.0
2026-03-08 21:17:00,2177.0,146.1,1960.5,0.0,0.0
2026-03-08 21:18:00,2271.5,151.0,2035.8,0.0,0.0
2026-03-08 21:19:00,2337.3,157.6,1976.3,0.0,115.8
2026-03-08 21:20:00,2374.4,145.6,2017.3,0.0,128.3
2026-03-08 21:21:00,2261.0,144.1,2038.5,0.0,0.0
2026-03-08 21:22:00,2342.3,154.6,1995.5,0.0,114.4
2026-03-08 21:23:00,2390.3,157.6,2040.3,0.0,115.9
2026-03-08 21:24:00,2268.8,153.9,2032.1,0.0,0.0
2026-03-08 21:25:00,2246.8,152.1,2010.5,0.0,0.0
2026-03-08 21:26:00,2324.9,147.4,1971.4,0.0,125.0
2026-03-08 21:27:00,2351.5,151.7,1998.5,0.0,123.5
2026-03-08 21:28:00,2257.2,154.2,2028.9,0.0,0.0
2026-03-08 21:29:00,2241.0,148.1,2013.7,0.0,0.0
2026-03-08 21:30:00,2376.1,142.0,2034.5,0.0,118.0
2026-03-08 21:31:00,2245.3,155.4,2012.2,0.0,0.0
2026-03-08 21:32:00,2386.0,144.2,2037.8,0.0,121.4
2026-03-08 21:33:00,2345.8,143.4,2015.8,0.0,115.9
2026-03-08 21:34:00,2221.3,147.6,1998.1,0.0,0.0
2026-03-08 21:35:00,2168.9,0.0,1967.3,0.0,125.4
2026-03-08 21:36:00,2078.5,0.0,2001.8,0.0,0.0
2026-03-08 21:37:00,2246.7,0.0,2044.5,0.0,122.2
2026-03-08 21:38:00,2223.2,0.0,2011.2,0.0,123.9
2026-03-08 21:39:00,2255.8,0.0,2051.7,0.0,118.6
2026-03-08 21:40:00,2037.1,0.0,1968.4,0.0,0.0
2026-03-08 21:41:00,2200.3,0.0,1992.1,0.0,121.9
2026-03-08 21:42:00,2219.1,0.0,2017.1,0.0,121.7
2026-03-08 21:43:00,2114.2,0.0,2034.0,0.0,0.0
2026-03-08 21:44:00,2124.1,0.0,2028.4,0.0,0.0
2026-03-08 21:45:00,2177.4,0.0,1980.1,0.0,120.3
2026-03-08 21:46:00,2172.1,0.0,1961.4,0.0,123.8
2026-03-08 21:47:00,2039.7,0.0,1963.8,0.0,0.0
2026-03-08 21:48:00,2068.0,0.0,1987.7,0.0,0.0
2026-03-08 21:49:00,2230.8,0.0,2022.8,0.0,126.2
2026-03-08 21:50:00,2169.8,0.0,1958.7,0.0,128.5
2026-03-08 21:51:00,2202.9,0.0,1993.8,0.0,130.6
2026-03-08 21:52:00,2189.2,0.0,1987.4,0.0,117.5
2026-03-08 21:53:00,2172.4,0.0,1965.3,0.0,125.2
2026-03-08 21:54:00,2239.2,0.0,2034.7,0.0,124.5
2026-03-08 21:55:00,2075.8,0.0,1987.8,0.0,0.0
2026-03-08 21:56:00,2170.9,0.0,1970.9,0.0,119.3
2026-03-08 21:57:00,2164.2,0.0,2084.5,0.0,0.0
2026-03-08 21:58:00,2217.6,0.0,2021.9,0.0,112.8
2026-03-08 21:59:00,2070.7,0.0,1995.4,0.0,0.0
2026-03-08 22:00:00,2418.2,156.1,2057.9,0.0,124.6
2026-03-08 22:01:00,2191.4,154.6,1953.5,0.0,0.0
2026-03-08 22:02:00,2351.6,146.5,2016.4,0.0,116.8
2026-03-08 22:03:00,2222.8,149.4,1993.4,0.0,0.0
2026-03-08 22:04:00,2409.7,149.3,2063.8,0.0,118.4
2026-03-08 22:05:00,2366.2,153.8,2005.9,0.0,126.8
2026-03-08 22:06:00,2215.2,146.5,1993.0,0.0,0.0
2026-03-08 22:07:00,2225.7,146.7,1998.0,0.0,0.0
2026-03-08 22:08:00,2347.5,143.0,2001.0,0.0,124.7
2026-03-08 22:09:00,2351.8,153.7,1990.6,0.0,125.1
2026-03-08 22:10:00,2255.3,159.1,2007.1,0.0,0.0
2026-03-08 22:11:00,2223.9,151.8,1988.7,0.0,0.0
2026-03-08 22:12:00,2417.4,152.8,2057.0,0.0,121.8
2026-03-08 22:13:00,2266.0,153.8,2032.7,0.0,0.0
2026-03-08 22:14:00,2201.8,144.4,1973.4,0.0,0.0
2026-03-08 22:15:00,2236.4,152.9,2003.3,0.0,0.0
2026-03-08 22:16:00,2303.1,157.3,1947.8,0.0,121.1
2026-03-08 22:17:00,2363.1,155.0,2012.5,0.0,112.8
2026-03-08 22:18:00,2348.3,149.0,2002.1,0.0,117.5
2026-03-08 22:19:00,2237.3,146.2,2013.6,0.0,0.0
2026-03-08 22:20:00,2365.3,146.7,2023.3,0.0,123.4
2026-03-08 22:21:00,2270.9,155.7,2031.2,0.0,0.0
2026-03-08 22:22:00,2378.5,147.0,2025.3,0.0,121.8
2026-03-08 22:23:00,2267.4,150.5,2037.7,0.0,0.0
2026-03-08 22:24:00,2232.9,151.1,2006.2,0.0,0.0
2026-03-08 22:25:00,2340.7,148.5,1984.0,0.0,122.2
2026-03-08 22:26:00,2221.1,145.5,1992.2,0.0,0.0
2026-03-08 22:27:00,2195.7,152.1,1963.5,0.0,0.0
2026-03-08 22:28:00,2382.3,146.3,2036.4,0.0,120.0
2026-03-08 22:29:00,2222.4,147.9,1987.4,0.0,0.0
2026-03-08 22:30:00,2359.2,155.5,2006.8,0.0,120.3
2026-03-08 22:31:00,2177.1,153.4,1945.9,0.0,0.0
2026-03-08 22:32:00,2338.4,139.4,1998.2,0.0,114.0
2026-03-08 22:33:00,2384.9,144.5,2043.6,0.0,116.6
2026-03-08 22:34:00,2364.1,153.7,2014.3,0.0,119.4
2026-03-08 22:35:00,2208.1,0.0,2007.6,0.0,122.9
2026-03-08 22:36:00,2212.2,0.0,2013.7,0.0,124.4
2026-03-08 22:37:00,2124.5,0.0,2048.6,0.0,0.0
2026-03-08 22:38:00,2199.5,0.0,1993.8,0.0,122.7
2026-03-08 22:39:00,2172.4,0.0,1981.7,0.0,120.3
2026-03-08 22:40:00,2192.0,0.0,1988.7,0.0,119.5
2026-03-08 22:41:00,2253.0,0.0,2032.3,0.0,124.8
2026-03-08 22:42:00,2088.2,0.0,2007.3,0.0,0.0
2026-03-08 22:43:00,2109.9,0.0,2029.7,0.0,0.0
2026-03-08 22:44:00,2042.9,0.0,1967.5,0.0,0.0
2026-03-08 22:45:00,2065.7,0.0,1985.2,0.0,0.0
2026-03-08 22:46:00,2079.5,0.0,1999.0,0.0,0.0
2026-03-08 22:47:00,2168.9,0.0,1969.7,0.0,117.4
2026-03-08 22:48:00,2190.3,0.0,1999.4,0.0,120.8
2026-03-08 22:49:00,2097.1,0.0,2012.0,0.0,0.0
2026-03-08 22:50:00,2044.7,0.0,1969.1,0.0,0.0
2026-03-08 22:51:00,2084.9,0.0,2014.1,0.0,0.0
2026-03-08 22:52:00,2168.5,0.0,1959.1,0.0,126.4
2026-03-08 22:53:00,2197.8,0.0,2002.7,0.0,119.7
2026-03-08 22:54:00,2096.0,0.0,2021.6,0.0,0.0
2026-03-08 22:55:00,2092.6,0.0,2013.4,0.0,0.0
2026-03-08 22:56:00,2148.6,0.0,2064.9,0.0,0.0
2026-03-08 22:57:00,2091.0,0.0,2007.6,0.0,0.0
2026-03-08 22:58:00,2198.3,0.0,2002.0,0.0,116.1
2026-03-08 22:59:00,2093.1,0.0,2010.6,0.0,0.0
2026-03-08 23:00:00,2204.8,153.4,1984.4,0.0,0.0
2026-03-08 23:01:00,2248.4,144.8,2022.7,0.0,0.0
2026-03-08 23:02:00,2214.4,145.2,1984.2,0.0,0.0
2026-03-08 23:03:00,2258.0,147.6,2030.3,0.0,0.0
2026-03-08 23:04:00,2183.5,158.8,1946.7,0.0,0.0
2026-03-08 23:05:00,2235.2,148.6,2000.4,0.0,0.0
2026-03-08 23:06:00,2247.7,154.7,2012.2,0.0,0.0
2026-03-08 23:07:00,2247.1,143.2,2026.9,0.0,0.0
2026-03-08 23:08:00,2272.1,152.7,2035.1,0.0,0.0
2026-03-08 23:09:00,2198.3,144.9,1965.6,0.0,0.0
2026-03-08 23:10:00,2193.9,147.8,1964.2,0.0,0.0
2026-03-08 23:11:00,2201.3,150.1,1968.2,0.0,0.0
2026-03-08 23:12:00,2190.2,143.3,1963.7,0.0,0.0
2026-03-08 23:13:00,2245.8,161.6,2002.8,0.0,0.0
2026-03-08 23:14:00,2230.6,144.6,2002.1,0.0,0.0
2026-03-08 23:15:00,2244.9,147.7,2015.9,0.0,0.0
2026-03-08 23:16:00,2232.7,158.4,1990.9,0.0,0.0
2026-03-08 23:17:00,2272.4,154.7,2033.5,0.0,0.0
2026-03-08 23:18:00,2238.5,138.2,2025.6,0.0,0.0
2026-03-08 23:19:00,2207.8,152.2,1976.6,0.0,0.0
2026-03-08 23:20:00,2187.1,155.4,1959.2,0.0,0.0
2026-03-08 23:21:00,2180.8,145.2,1954.2,0.0,0.0
2026-03-08 23:22:00,2179.7,150.2,1945.3,0.0,0.0
2026-03-08 23:23:00,2218.7,146.5,1985.7,0.0,0.0
2026-03-08 23:24:00,2246.1,146.5,2030.0,0.0,0.0
2026-03-08 23:25:00,2194.5,158.6,1961.1,0.0,0.0
2026-03-08 23:26:00,2232.8,155.0,1998.9,0.0,0.0
2026-03-08 23:27:00,2257.4,146.1,2030.9,0.0,0.0
2026-03-08 23:28:00,2257.2,144.2,2035.9,0.0,0.0
2026-03-08 23:29:00,2248.3,153.9,2013.3,0.0,0.0
2026-03-08 23:30:00,2191.3,151.3,1959.4,0.0,0.0
2026-03-08 23:31:00,2234.8,148.6,2007.0,0.0,0.0
2026-03-08 23:32:00,2182.1,151.4,1946.5,0.0,0.0
2026-03-08 23:33:00,2168.8,143.8,1951.3,0.0,0.0
2026-03-08 23:34:00,2176.1,146.6,1961.9,0.0,0.0
2026-03-08 23:35:00,2114.7,0.0,2037.6,0.0,0.0
2026-03-08 23:36:00,2065.7,0.0,1986.7,0.0,0.0
2026-03-08 23:37:00,2031.8,0.0,1943.1,0.0,0.0
2026-03-08 23:38:00,2100.5,0.0,2011.1,0.0,0.0
2026-03-08 23:39:00,2054.3,0.0,1977.8,0.0,0.0
2026-03-08 23:40:00,2076.0,0.0,1992.4,0.0,0.0
2026-03-08 23:41:00,2066.4,0.0,1987.7,0.0,0.0
2026-03-08 23:42:00,2101.7,0.0,2020.4,0.0,0.0
2026-03-08 23:43:00,2141.7,0.0,2070.3,0.0,0.0
2026-03-08 23:44:00,2105.3,0.0,2027.6,0.0,0.0
2026-03-08 23:45:00,2029.9,0.0,1951.4,0.0,0.0
2026-03-08 23:46:00,2051.1,0.0,1977.6,0.0,0.0
2026-03-08 23:47:00,2064.3,0.0,1982.7,0.0,0.0
2026-03-08 23:48:00,2069.1,0.0,1995.4,0.0,0.0
2026-03-08 23:49:00,2109.7,0.0,2026.1,0.0,0.0
2026-03-08 23:50:00,2057.8,0.0,1973.8,0.0,0.0
2026-03-08 23:51:00,2033.0,0.0,1960.6,0.0,0.0
2026-03-08 23:52:00,2074.4,0.0,1999.0,0.0,0.0
2026-03-08 23:53:00,2010.8,0.0,1930.1,0.0,0.0
2026-03-08 23:54:00,2126.8,0.0,2051.5,0.0,0.0
2026-03-08 23:55:00,2097.9,0.0,2015.2,0.0,0.0
2026-03-08 23:56:00,2094.6,0.0,2013.6,0.0,0.0
2026-03-08 23:57:00,2066.2,0.0,1989.7,0.0,0.0
2026-03-08 23:58:00,2031.9,0.0,1955.6,0.0,0.0
2026-03-08 23:59:00,2028.3,0.0,1949.7,0.0,0.0
2026-03-09 00:00:00,2248.4,158.8,2005.6,0.0,0.0
2026-03-09 00:01:00,2287.9,152.1,2052.6,0.0,0.0
2026-03-09 00:02:00,2227.3,147.5,1990.3,0.0,0.0
2026-03-09 00:03:00,2232.9,155.1,1996.6,0.0,0.0
2026-03-09 00:04:00,2221.5,145.8,2002.9,0.0,0.0
2026-03-09 00:05:00,2213.1,153.7,1986.2,0.0,0.0
2026-03-09 00:06:00,2242.9,151.4,2011.8,0.0,0.0
2026-03-09 00:07:00,2242.5,147.6,2013.3,0.0,0.0
2026-03-09 00:08:00,2251.9,152.5,2019.4,0.0,0.0
2026-03-09 00:09:00,2258.0,155.8,2017.1,0.0,0.0
2026-03-09 00:10:00,2214.6,153.4,1981.4,0.0,0.0
2026-03-09 00:11:00,2272.4,141.0,2046.7,0.0,0.0
2026-03-09 00:12:00,2195.3,141.6,1972.9,0.0,0.0
2026-03-09 00:13:00,2243.8,149.6,2019.2,0.0,0.0
2026-03-09 00:14:00,2239.9,148.7,2007.5,0.0,0.0
2026-03-09 00:15:00,2273.9,143.1,2051.1,0.0,0.0
2026-03-09 00:16:00,2231.5,153.8,1990.7,0.0,0.0
2026-03-09 00:17:00,2243.2,152.5,1998.1,0.0,0.0
2026-03-09 00:18:00,2283.6,156.1,2052.0,0.0,0.0
2026-03-09 00:19:00,2257.6,151.5,2023.8,0.0,0.0
2026-03-09 00:20:00,2211.3,158.6,1973.8,0.0,0.0
2026-03-09 00:21:00,2245.7,146.9,2009.6,0.0,0.0
2026-03-09 00:22:00,2264.9,148.2,2018.4,0.0,0.0
2026-03-09 00:23:00,2302.9,153.4,2071.4,0.0,0.0
2026-03-09 00:24:00,2242.2,152.0,2006.0,0.0,0.0
2026-03-09 00:25:00,2217.9,142.7,1998.5,0.0,0.0
2026-03-09 00:26:00,2242.2,146.3,2008.3,0.0,0.0
2026-03-09 00:27:00,247.2,153.0,0.0,0.0,0.0
2026-03-09 00:28:00,2264.7,150.7,2036.2,0.0,0.0
2026-03-09 00:29:00,2237.2,146.6,2008.0,0.0,0.0
2026-03-09 00:30:00,2256.7,148.7,2017.7,0.0,0.0
2026-03-09 00:31:00,2224.4,149.4,1995.8,0.0,0.0
2026-03-09 00:32:00,2224.0,149.1,1991.4,0.0,0.0
2026-03-09 00:33:00,2217.7,152.4,1983.4,0.0,0.0
2026-03-09 00:34:00,2255.6,153.3,2018.4,0.0,0.0
2026-03-09 00:35:00,2043.2,0.0,1972.3,0.0,0.0
2026-03-09 00:36:00,2037.0,0.0,1962.8,0.0,0.0
2026-03-09 00:37:00,78.5,0.0,0.0,0.0,0.0
2026-03-09 00:38:00,81.2,0.0,0.0,0.0,0.0
2026-03-09 00:39:00,79.9,0.0,0.0,0.0,0.0
2026-03-09 00:40:00,2046.8,0.0,1977.4,0.0,0.0
2026-03-09 00:41:00,2065.1,0.0,1981.4,0.0,0.0
2026-03-09 00:42:00,2071.1,0.0,1993.8,0.0,0.0
2026-03-09 00:43:00,79.2,0.0,0.0,0.0,0.0
2026-03-09 00:44:00,70.4,0.0,0.0,0.0,0.0
2026-03-09 00:45:00,2054.4,0.0,1971.1,0.0,0.0
2026-03-09 00:46:00,2102.3,0.0,2023.5,0.0,0.0
2026-03-09 00:47:00,2060.7,0.0,1976.2,0.0,0.0
2026-03-09 00:48:00,2022.3,0.0,1951.6,0.0,0.0
2026-03-09 00:49:00,2022.6,0.0,1960.1,0.0,0.0
2026-03-09 00:50:00,73.7,0.0,0.0,0.0,0.0
2026-03-09 00:51:00,78.2,0.0,0.0,0.0,0.0
2026-03-09 00:52:00,83.5,0.0,0.0,0.0,0.0
2026-03-09 00:53:00,2049.3,0.0,1966.9,0.0,0.0
2026-03-09 00:54:00,2096.6,0.0,2015.4,0.0,0.0
2026-03-09 00:55:00,2111.3,0.0,2041.3,0.0,0.0
2026-03-09 00:56:00,2048.7,0.0,1969.7,0.0,0.0
2026-03-09 00:57:00,2022.7,0.0,1945.9,0.0,0.0
2026-03-09 00:58:00,86.9,0.0,0.0,0.0,0.0
2026-03-09 00:59:00,86.7,0.0,0.0,0.0,0.0
2026-03-09 01:00:00,2266.6,153.0,2027.1,0.0,0.0
2026-03-09 01:01:00,229.1,151.5,0.0,0.0,0.0
2026-03-09 01:02:00,230.4,148.5,0.0,0.0,0.0
2026-03-09 01:03:00,231.0,154.1,0.0,0.0,0.0
2026-03-09 01:04:00,236.5,158.4,0.0,0.0,0.0
2026-03-09 01:05:00,225.4,151.8,0.0,0.0,0.0
2026-03-09 01:06:00,235.1,156.5,0.0,0.0,0.0
2026-03-09 01:07:00,233.4,154.2,0.0,0.0,0.0
2026-03-09 01:08:00,230.1,149.3,0.0,0.0,0.0
2026-03-09 01:09:00,218.2,150.4,0.0,0.0,0.0
2026-03-09 01:10:00,2281.2,157.5,2031.9,0.0,0.0
2026-03-09 01:11:00,2240.1,152.2,2010.8,0.0,0.0
2026-03-09 01:12:00,2195.2,155.0,1951.4,0.0,0.0
2026-03-09 01:13:00,2186.4,142.6,1963.0,0.0,0.0
2026-03-09 01:14:00,233.7,154.0,0.0,0.0,0.0
2026-03-09 01:15:00,228.6,141.7,0.0,0.0,0.0
2026-03-09 01:16:00,240.1,159.9,0.0,0.0,0.0
2026-03-09 01:17:00,246.6,151.8,0.0,0.0,0.0
2026-03-09 01:18:00,237.1,154.6,0.0,0.0,0.0
2026-03-09 01:19:00,229.7,147.0,0.0,0.0,0.0
2026-03-09 01:20:00,2202.6,150.0,1974.7,0.0,0.0
2026-03-09 01:21:00,221.4,144.9,0.0,0.0,0.0
2026-03-09 01:22:00,219.8,145.6,0.0,0.0,0.0
2026-03-09 01:23:00,231.8,151.3,0.0,0.0,0.0
2026-03-09 01:24:00,228.5,148.6,0.0,0.0,0.0
2026-03-09 01:25:00,225.9,148.8,0.0,0.0,0.0
2026-03-09 01:26:00,235.1,149.4,0.0,0.0,0.0
2026-03-09 01:27:00,236.4,157.0,0.0,0.0,0.0
2026-03-09 01:28:00,233.0,155.2,0.0,0.0,0.0
2026-03-09 01:29:00,242.5,159.6,0.0,0.0,0.0
2026-03-09 01:30:00,223.2,149.1,0.0,0.0,0.0
2026-03-09 01:31:00,240.1,147.5,0.0,0.0,0.0
2026-03-09 01:32:00,230.0,151.5,0.0,0.0,0.0
2026-03-09 01:33:00,230.5,154.0,0.0,0.0,0.0
2026-03-09 01:34:00,2324.1,143.4,2100.0,0.0,0.0
2026-03-09 01:35:00,77.4,0.0,0.0,0.0,0.0
2026-03-09 01:36:00,80.5,0.0,0.0,0.0,0.0
2026-03-09 01:37:00,71.0,0.0,0.0,0.0,0.0
2026-03-09 01:38:00,86.1,0.0,0.0,0.0,0.0
2026-03-09 01:39:00,84.3,0.0,0.0,0.0,0.0
2026-03-09 01:40:00,71.4,0.0,0.0,0.0,0.0
2026-03-09 01:41:00,82.9,0.0,0.0,0.0,0.0
2026-03-09 01:42:00,75.6,0.0,0.0,0.0,0.0
2026-03-09 01:43:00,81.4,0.0,0.0,0.0,0.0
2026-03-09 01:44:00,77.5,0.0,0.0,0.0,0.0
2026-03-09 01:45:00,86.1,0.0,0.0,0.0,0.0
2026-03-09 01:46:00,79.7,0.0,0.0,0.0,0.0
2026-03-09 01:47:00,71.6,0.0,0.0,0.0,0.0
2026-03-09 01:48:00,83.2,0.0,0.0,0.0,0.0
2026-03-09 01:49:00,78.5,0.0,0.0,0.0,0.0
2026-03-09 01:50:00,70.2,0.0,0.0,0.0,0.0
2026-03-09 01:51:00,79.0,0.0,0.0,0.0,0.0
2026-03-09 01:52:00,85.1,0.0,0.0,0.0,0.0
2026-03-09 01:53:00,76.8,0.0,0.0,0.0,0.0
2026-03-09 01:54:00,77.2,0.0,0.0,0.0,0.0
2026-03-09 01:55:00,78.3,0.0,0.0,0.0,0.0
2026-03-09 01:56:00,83.1,0.0,0.0,0.0,0.0
2026-03-09 01:57:00,80.7,0.0,0.0,0.0,0.0
2026-03-09 01:58:00,74.8,0.0,0.0,0.0,0.0
2026-03-09 01:59:00,80.7,0.0,0.0,0.0,0.0
2026-03-09 02:00:00,222.3,149.8,0.0,0.0,0.0
2026-03-09 02:01:00,240.1,156.7,0.0,0.0,0.0
2026-03-09 02:02:00,216.8,149.5,0.0,0.0,0.0
2026-03-09 02:03:00,223.2,148.8,0.0,0.0,0.0
2026-03-09 02:04:00,229.3,148.5,0.0,0.0,0.0
2026-03-09 02:05:00,227.3,152.9,0.0,0.0,0.0
2026-03-09 02:06:00,230.5,150.5,0.0,0.0,0.0
2026-03-09 02:07:00,236.4,157.8,0.0,0.0,0.0
2026-03-09 02:08:00,223.5,147.5,0.0,0.0,0.0
2026-03-09 02:09:00,240.6,148.4,0.0,0.0,0.0
2026-03-09 02:10:00,228.6,147.9,0.0,0.0,0.0
2026-03-09 02:11:00,221.4,146.3,0.0,0.0,0.0
2026-03-09 02:12:00,233.8,148.1,0.0,0.0,0.0
2026-03-09 02:13:00,232.3,145.7,0.0,0.0,0.0
2026-03-09 02:14:00,211.6,139.1,0.0,0.0,0.0
2026-03-09 02:15:00,222.6,141.4,0.0,0.0,0.0
2026-03-09 02:16:00,223.0,144.2,0.0,0.0,0.0
2026-03-09 02:17:00,209.6,136.9,0.0,0.0,0.0
2026-03-09 02:18:00,240.4,145.5,0.0,0.0,0.0
2026-03-09 02:19:00,231.2,152.6,0.0,0.0,0.0
2026-03-09 02:20:00,228.1,150.9,0.0,0.0,0.0
2026-03-09 02:21:00,227.3,141.4,0.0,0.0,0.0
2026-03-09 02:22:00,215.2,141.9,0.0,0.0,0.0
2026-03-09 02:23:00,222.0,146.7,0.0,0.0,0.0
2026-03-09 02:24:00,221.5,145.4,0.0,0.0,0.0
2026-03-09 02:25:00,228.3,152.1,0.0,0.0,0.0
2026-03-09 02:26:00,229.1,149.9,0.0,0.0,0.0
2026-03-09 02:27:00,237.9,150.5,0.0,0.0,0.0
2026-03-09 02:28:00,217.3,148.0,0.0,0.0,0.0
2026-03-09 02:29:00,235.1,153.9,0.0,0.0,0.0
2026-03-09 02:30:00,233.0,150.3,0.0,0.0,0.0
2026-03-09 02:31:00,242.9,162.4,0.0,0.0,0.0
2026-03-09 02:32:00,236.4,153.3,0.0,0.0,0.0
2026-03-09 02:33:00,232.2,150.5,0.0,0.0,0.0
2026-03-09 02:34:00,226.8,148.6,0.0,0.0,0.0
2026-03-09 02:35:00,78.0,0.0,0.0,0.0,0.0
2026-03-09 02:36:00,78.2,0.0,0.0,0.0,0.0
2026-03-09 02:37:00,77.9,0.0,0.0,0.0,0.0
2026-03-09 02:38:00,87.0,0.0,0.0,0.0,0.0
2026-03-09 02:39:00,79.5,0.0,0.0,0.0,0.0
2026-03-09 02:40:00,87.8,0.0,0.0,0.0,0.0
2026-03-09 02:41:00,80.5,0.0,0.0,0.0,0.0
2026-03-09 02:42:00,80.3,0.0,0.0,0.0,0.0
2026-03-09 02:43:00,83.4,0.0,0.0,0.0,0.0
2026-03-09 02:44:00,79.1,0.0,0.0,0.0,0.0
2026-03-09 02:45:00,78.4,0.0,0.0,0.0,0.0
2026-03-09 02:46:00,84.2,0.0,0.0,0.0,0.0
2026-03-09 02:47:00,71.4,0.0,0.0,0.0,0.0
2026-03-09 02:48:00,78.1,0.0,0.0,0.0,0.0
2026-03-09 02:49:00,84.3,0.0,0.0,0.0,0.0
2026-03-09 02:50:00,83.1,0.0,0.0,0.0,0.0
2026-03-09 02:51:00,81.1,0.0,0.0,0.0,0.0
2026-03-09 02:52:00,79.0,0.0,0.0,0.0,0.0
2026-03-09 02:53:00,71.1,0.0,0.0,0.0,0.0
2026-03-09 02:54:00,77.3,0.0,0.0,0.0,0.0
2026-03-09 02:55:00,78.2,0.0,0.0,0.0,0.0
2026-03-09 02:56:00,82.6,0.0,0.0,0.0,0.0
2026-03-09 02:57:00,93.0,0.0,0.0,0.0,0.0
2026-03-09 02:58:00,76.9,0.0,0.0,0.0,0.0
2026-03-09 02:59:00,75.6,0.0,0.0,0.0,0.0
2026-03-09 03:00:00,238.6,157.0,0.0,0.0,0.0
2026-03-09 03:01:00,235.0,154.9,0.0,0.0,0.0
2026-03-09 03:02:00,214.8,136.0,0.0,0.0,0.0
2026-03-09 03:03:00,220.0,144.6,0.0,0.0,0.0
2026-03-09 03:04:00,218.3,148.1,0.0,0.0,0.0
2026-03-09 03:05:00,215.6,144.0,0.0,0.0,0.0
2026-03-09 03:06:00,244.2,150.0,0.0,0.0,0.0
2026-03-09 03:07:00,243.4,158.1,0.0,0.0,0.0
2026-03-09 03:08:00,237.4,156.5,0.0,0.0,0.0
2026-03-09 03:09:00,226.7,148.2,0.0,0.0,0.0
2026-03-09 03:10:00,228.3,144.7,0.0,0.0,0.0
2026-03-09 03:11:00,242.8,154.2,0.0,0.0,0.0
2026-03-09 03:12:00,226.6,154.0,0.0,0.0,0.0
2026-03-09 03:13:00,229.0,148.9,0.0,0.0,0.0
2026-03-09 03:14:00,230.5,146.0,0.0,0.0,0.0
2026-03-09 03:15:00,227.6,158.2,0.0,0.0,0.0
2026-03-09 03:16:00,250.5,158.9,0.0,0.0,0.0
2026-03-09 03:17:00,230.0,156.8,0.0,0.0,0.0
2026-03-09 03:18:00,232.2,154.4,0.0,0.0,0.0
2026-03-09 03:19:00,230.9,148.3,0.0,0.0,0.0
2026-03-09 03:20:00,230.3,151.7,0.0,0.0,0.0
2026-03-09 03:21:00,228.9,144.8,0.0,0.0,0.0
2026-03-09 03:22:00,250.7,158.2,0.0,0.0,0.0
2026-03-09 03:23:00,238.8,144.8,0.0,0.0,0.0
2026-03-09 03:24:00,215.6,146.4,0.0,0.0,0.0
2026-03-09 03:25:00,226.1,148.8,0.0,0.0,0.0
2026-03-09 03:26:00,228.4,149.4,0.0,0.0,0.0
2026-03-09 03:27:00,233.5,157.7,0.0,0.0,0.0
2026-03-09 03:28:00,234.5,154.4,0.0,0.0,0.0
2026-03-09 03:29:00,228.1,146.3,0.0,0.0,0.0
2026-03-09 03:30:00,233.8,151.9,0.0,0.0,0.0
2026-03-09 03:31:00,233.0,151.7,0.0,0.0,0.0
2026-03-09 03:32:00,230.1,157.9,0.0,0.0,0.0
2026-03-09 03:33:00,224.3,142.0,0.0,0.0,0.0
2026-03-09 03:34:00,218.6,147.4,0.0,0.0,0.0
2026-03-09 03:35:00,82.7,0.0,0.0,0.0,0.0
2026-03-09 03:36:00,78.8,0.0,0.0,0.0,0.0
2026-03-09 03:37:00,79.1,0.0,0.0,0.0,0.0
2026-03-09 03:38:00,83.6,0.0,0.0,0.0,0.0
2026-03-09 03:39:00,78.2,0.0,0.0,0.0,0.0
2026-03-09 03:40:00,83.3,0.0,0.0,0.0,0.0
2026-03-09 03:41:00,85.8,0.0,0.0,0.0,0.0
2026-03-09 03:42:00,83.5,0.0,0.0,0.0,0.0
2026-03-09 03:43:00,70.1,0.0,0.0,0.0,0.0
2026-03-09 03:44:00,73.9,0.0,0.0,0.0,0.0
2026-03-09 03:45:00,88.5,0.0,0.0,0.0,0.0
2026-03-09 03:46:00,78.5,0.0,0.0,0.0,0.0
2026-03-09 03:47:00,85.8,0.0,0.0,0.0,0.0
2026-03-09 03:48:00,76.0,0.0,0.0,0.0,0.0
2026-03-09 03:49:00,82.0,0.0,0.0,0.0,0.0
2026-03-09 03:50:00,83.6,0.0,0.0,0.0,0.0
2026-03-09 03:51:00,83.7,0.0,0.0,0.0,0.0
2026-03-09 03:52:00,80.2,0.0,0.0,0.0,0.0
2026-03-09 03:53:00,73.2,0.0,0.0,0.0,0.0
2026-03-09 03:54:00,90.3,0.0,0.0,0.0,0.0
2026-03-09 03:55:00,78.0,0.0,0.0,0.0,0.0
2026-03-09 03:56:00,78.6,0.0,0.0,0.0,0.0
2026-03-09 03:57:00,71.8,0.0,0.0,0.0,0.0
2026-03-09 03:58:00,70.6,0.0,0.0,0.0,0.0
2026-03-09 03:59:00,70.0,0.0,0.0,0.0,0.0
2026-03-09 04:00:00,230.9,150.8,0.0,0.0,0.0
2026-03-09 04:01:00,231.9,149.3,0.0,0.0,0.0
2026-03-09 04:02:00,229.0,144.3,0.0,0.0,0.0
2026-03-09 04:03:00,224.1,142.6,0.0,0.0,0.0
2026-03-09 04:04:00,204.6,141.5,0.0,0.0,0.0
2026-03-09 04:05:00,219.4,152.4,0.0,0.0,0.0
2026-03-09 04:06:00,235.1,150.0,0.0,0.0,0.0
2026-03-09 04:07:00,232.6,151.8,0.0,0.0,0.0
2026-03-09 04:08:00,222.5,144.4,0.0,0.0,0.0
2026-03-09 04:09:00,228.6,150.4,0.0,0.0,0.0
2026-03-09 04:10:00,231.2,155.7,0.0,0.0,0.0
2026-03-09 04:11:00,224.2,146.3,0.0,0.0,0.0
2026-03-09 04:12:00,228.5,147.6,0.0,0.0,0.0
2026-03-09 04:13:00,230.9,148.3,0.0,0.0,0.0
2026-03-09 04:14:00,238.6,160.6,0.0,0.0,0.0
2026-03-09 04:15:00,225.7,155.9,0.0,0.0,0.0
2026-03-09 04:16:00,248.6,160.1,0.0,0.0,0.0
2026-03-09 04:17:00,250.2,163.6,0.0,0.0,0.0
2026-03-09 04:18:00,235.8,148.9,0.0,0.0,0.0
2026-03-09 04:19:00,234.4,151.8,0.0,0.0,0.0
2026-03-09 04:20:00,213.2,138.1,0.0,0.0,0.0
2026-03-09 04:21:00,234.8,150.7,0.0,0.0,0.0
2026-03-09 04:22:00,218.1,147.5,0.0,0.0,0.0
2026-03-09 04:23:00,234.4,150.4,0.0,0.0,0.0
2026-03-09 04:24:00,223.6,150.7,0.0,0.0,0.0
2026-03-09 04:25:00,226.8,139.1,0.0,0.0,0.0
2026-03-09 04:26:00,233.5,151.7,0.0,0.0,0.0
2026-03-09 04:27:00,223.0,147.7,0.0,0.0,0.0
2026-03-09 04:28:00,214.6,143.5,0.0,0.0,0.0
2026-03-09 04:29:00,236.5,146.8,0.0,0.0,0.0
2026-03-09 04:30:00,233.9,154.0,0.0,0.0,0.0
2026-03-09 04:31:00,222.5,146.5,0.0,0.0,0.0
2026-03-09 04:32:00,222.4,157.0,0.0,0.0,0.0
2026-03-09 04:33:00,234.8,152.5,0.0,0.0,0.0
2026-03-09 04:34:00,235.2,149.7,0.0,0.0,0.0
2026-03-09 04:35:00,84.9,0.0,0.0,0.0,0.0
2026-03-09 04:36:00,85.1,0.0,0.0,0.0,0.0
2026-03-09 04:37:00,82.2,0.0,0.0,0.0,0.0
2026-03-09 04:38:00,73.7,0.0,0.0,0.0,0.0
2026-03-09 04:39:00,77.5,0.0,0.0,0.0,0.0
2026-03-09 04:40:00,88.0,0.0,0.0,0.0,0.0
2026-03-09 04:41:00,82.2,0.0,0.0,0.0,0.0
2026-03-09 04:42:00,79.6,0.0,0.0,0.0,0.0
2026-03-09 04:43:00,74.9,0.0,0.0,0.0,0.0
2026-03-09 04:44:00,73.5,0.0,0.0,0.0,0.0
2026-03-09 04:45:00,81.7,0.0,0.0,0.0,0.0
2026-03-09 04:46:00,80.4,0.0,0.0,0.0,0.0
2026-03-09 04:47:00,84.3,0.0,0.0,0.0,0.0
2026-03-09 04:48:00,83.1,0.0,0.0,0.0,0.0
2026-03-09 04:49:00,81.1,0.0,0.0,0.0,0.0
2026-03-09 04:50:00,72.2,0.0,0.0,0.0,0.0
2026-03-09 04:51:00,84.7,0.0,0.0,0.0,0.0
2026-03-09 04:52:00,81.1,0.0,0.0,0.0,0.0
2026-03-09 04:53:00,91.5,0.0,0.0,0.0,0.0
2026-03-09 04:54:00,74.0,0.0,0.0,0.0,0.0
2026-03-09 04:55:00,80.4,0.0,0.0,0.0,0.0
2026-03-09 04:56:00,85.8,0.0,0.0,0.0,0.0
2026-03-09 04:57:00,86.1,0.0,0.0,0.0,0.0
2026-03-09 04:58:00,82.6,0.0,0.0,0.0,0.0
2026-03-09 04:59:00,94.7,0.0,0.0,0.0,0.0
2026-03-09 05:00:00,236.2,150.8,0.0,0.0,0.0
2026-03-09 05:01:00,221.5,150.8,0.0,0.0,0.0
2026-03-09 05:02:00,238.2,151.9,0.0,0.0,0.0
2026-03-09 05:03:00,238.9,153.3,0.0,0.0,0.0
2026-03-09 05:04:00,239.6,153.4,0.0,0.0,0.0
2026-03-09 05:05:00,234.4,153.1,0.0,0.0,0.0
2026-03-09 05:06:00,236.1,150.9,0.0,0.0,0.0
2026-03-09 05:07:00,225.0,150.0,0.0,0.0,0.0
2026-03-09 05:08:00,219.0,147.0,0.0,0.0,0.0
2026-03-09 05:09:00,238.4,153.0,0.0,0.0,0.0
2026-03-09 05:10:00,232.7,155.9,0.0,0.0,0.0
2026-03-09 05:11:00,222.6,147.2,0.0,0.0,0.0
2026-03-09 05:12:00,244.1,152.8,0.0,0.0,0.0
2026-03-09 05:13:00,229.1,149.0,0.0,0.0,0.0
2026-03-09 05:14:00,219.1,148.7,0.0,0.0,0.0
2026-03-09 05:15:00,229.1,144.5,0.0,0.0,0.0
2026-03-09 05:16:00,220.7,148.3,0.0,0.0,0.0
2026-03-09 05:17:00,228.7,152.8,0.0,0.0,0.0
2026-03-09 05:18:00,239.0,152.1,0.0,0.0,0.0
2026-03-09 05:19:00,232.9,153.9,0.0,0.0,0.0
2026-03-09 05:20:00,224.8,146.2,0.0,0.0,0.0
2026-03-09 05:21:00,213.1,138.4,0.0,0.0,0.0
2026-03-09 05:22:00,229.4,153.2,0.0,0.0,0.0
2026-03-09 05:23:00,237.4,149.4,0.0,0.0,0.0
2026-03-09 05:24:00,228.1,153.0,0.0,0.0,0.0
2026-03-09 05:25:00,241.7,159.0,0.0,0.0,0.0
2026-03-09 05:26:00,240.2,155.1,0.0,0.0,0.0
2026-03-09 05:27:00,213.7,138.8,0.0,0.0,0.0
2026-03-09 05:28:00,219.5,147.1,0.0,0.0,0.0
2026-03-09 05:29:00,228.4,147.9,0.0,0.0,0.0
2026-03-09 05:30:00,245.1,157.7,0.0,0.0,0.0
2026-03-09 05:31:00,232.3,145.7,0.0,0.0,0.0
2026-03-09 05:32:00,228.6,147.8,0.0,0.0,0.0
2026-03-09 05:33:00,247.1,155.1,0.0,0.0,0.0
2026-03-09 05:34:00,218.0,140.3,0.0,0.0,0.0
2026-03-09 05:35:00,78.8,0.0,0.0,0.0,0.0
2026-03-09 05:36:00,77.7,0.0,0.0,0.0,0.0
2026-03-09 05:37:00,72.3,0.0,0.0,0.0,0.0
2026-03-09 05:38:00,78.1,0.0,0.0,0.0,0.0
2026-03-09 05:39:00,84.4,0.0,0.0,0.0,0.0
2026-03-09 05:40:00,67.2,0.0,0.0,0.0,0.0
2026-03-09 05:41:00,70.4,0.0,0.0,0.0,0.0
2026-03-09 05:42:00,75.2,0.0,0.0,0.0,0.0
2026-03-09 05:43:00,83.8,0.0,0.0,0.0,0.0
2026-03-09 05:44:00,84.2,0.0,0.0,0.0,0.0
2026-03-09 05:45:00,81.8,0.0,0.0,0.0,0.0
2026-03-09 05:46:00,76.4,0.0,0.0,0.0,0.0
2026-03-09 05:47:00,70.0,0.0,0.0,0.0,0.0
2026-03-09 05:48:00,78.0,0.0,0.0,0.0,0.0
2026-03-09 05:49:00,84.1,0.0,0.0,0.0,0.0
2026-03-09 05:50:00,89.2,0.0,0.0,0.0,0.0
2026-03-09 05:51:00,89.5,0.0,0.0,0.0,0.0
2026-03-09 05:52:00,75.5,0.0,0.0,0.0,0.0
2026-03-09 05:53:00,87.1,0.0,0.0,0.0,0.0
2026-03-09 05:54:00,75.1,0.0,0.0,0.0,0.0
2026-03-09 05:55:00,77.3,0.0,0.0,0.0,0.0
2026-03-09 05:56:00,85.9,0.0,0.0,0.0,0.0
2026-03-09 05:57:00,75.9,0.0,0.0,0.0,0.0
2026-03-09 05:58:00,86.9,0.0,0.0,0.0,0.0
2026-03-09 05:59:00,71.1,0.0,0.0,0.0,0.0
2026-03-09 06:00:00,232.4,151.2,0.0,0.0,0.0
2026-03-09 06:01:00,250.1,162.0,0.0,0.0,0.0
2026-03-09 06:02:00,234.8,150.4,0.0,0.0,0.0
2026-03-09 06:03:00,227.4,141.9,0.0,0.0,0.0
2026-03-09 06:04:00,231.7,151.1,0.0,0.0,0.0
2026-03-09 06:05:00,225.8,146.3,0.0,0.0,0.0
2026-03-09 06:06:00,227.5,143.0,0.0,0.0,0.0
2026-03-09 06:07:00,246.9,163.3,0.0,0.0,0.0
2026-03-09 06:08:00,244.7,162.1,0.0,0.0,0.0
2026-03-09 06:09:00,232.2,149.6,0.0,0.0,0.0
2026-03-09 06:10:00,233.5,149.6,0.0,0.0,0.0
2026-03-09 06:11:00,234.5,148.4,0.0,0.0,0.0
2026-03-09 06:12:00,234.8,154.1,0.0,0.0,0.0
2026-03-09 06:13:00,242.2,154.1,0.0,0.0,0.0
2026-03-09 06:14:00,232.9,155.4,0.0,0.0,0.0
2026-03-09 06:15:00,223.5,144.3,0.0,0.0,0.0
2026-03-09 06:16:00,223.3,148.4,0.0,0.0,0.0
2026-03-09 06:17:00,227.3,154.0,0.0,0.0,0.0
2026-03-09 06:18:00,224.5,150.6,0.0,0.0,0.0
2026-03-09 06:19:00,220.6,142.3,0.0,0.0,0.0
2026-03-09 06:20:00,228.4,149.9,0.0,0.0,0.0
2026-03-09 06:21:00,228.2,155.0,0.0,0.0,0.0
2026-03-09 06:22:00,221.1,138.9,0.0,0.0,0.0
2026-03-09 06:23:00,238.2,157.8,0.0,0.0,0.0
2026-03-09 06:24:00,237.5,149.1,0.0,0.0,0.0
2026-03-09 06:25:00,236.3,157.5,0.0,0.0,0.0
2026-03-09 06:26:00,226.9,154.9,0.0,0.0,0.0
2026-03-09 06:27:00,244.3,151.8,0.0,0.0,0.0
2026-03-09 06:28:00,241.8,149.5,0.0,0.0,0.0
2026-03-09 06:29:00,232.5,149.1,0.0,0.0,0.0
2026-03-09 06:30:00,230.4,146.4,0.0,0.0,0.0
2026-03-09 06:31:00,229.2,150.7,0.0,0.0,0.0
2026-03-09 06:32:00,229.6,151.7,0.0,0.0,0.0
2026-03-09 06:33:00,223.8,142.2,0.0,0.0,0.0
2026-03-09 06:34:00,232.6,146.8,0.0,0.0,0.0
2026-03-09 06:35:00,82.9,0.0,0.0,0.0,0.0
2026-03-09 06:36:00,86.4,0.0,0.0,0.0,0.0
2026-03-09 06:37:00,80.1,0.0,0.0,0.0,0.0
2026-03-09 06:38:00,101.6,0.0,0.0,0.0,0.0
2026-03-09 06:39:00,85.4,0.0,0.0,0.0,0.0
2026-03-09 06:40:00,81.4,0.0,0.0,0.0,0.0
2026-03-09 06:41:00,86.9,0.0,0.0,0.0,0.0
2026-03-09 06:42:00,79.1,0.0,0.0,0.0,0.0
2026-03-09 06:43:00,86.2,0.0,0.0,0.0,0.0
2026-03-09 06:44:00,84.4,0.0,0.0,0.0,0.0
2026-03-09 06:45:00,85.4,0.0,0.0,0.0,0.0
2026-03-09 06:46:00,71.6,0.0,0.0,0.0,0.0
2026-03-09 06:47:00,70.3,0.0,0.0,0.0,0.0
2026-03-09 06:48:00,71.6,0.0,0.0,0.0,0.0
2026-03-09 06:49:00,74.5,0.0,0.0,0.0,0.0
2026-03-09 06:50:00,75.8,0.0,0.0,0.0,0.0
2026-03-09 06:51:00,78.1,0.0,0.0,0.0,0.0
2026-03-09 06:52:00,83.0,0.0,0.0,0.0,0.0
2026-03-09 06:53:00,83.0,0.0,0.0,0.0,0.0
2026-03-09 06:54:00,86.2,0.0,0.0,0.0,0.0
2026-03-09 06:55:00,75.9,0.0,0.0,0.0,0.0
2026-03-09 06:56:00,85.0,0.0,0.0,0.0,0.0
2026-03-09 06:57:00,77.4,0.0,0.0,0.0,0.0
2026-03-09 06:58:00,72.2,0.0,0.0,0.0,0.0
2026-03-09 06:59:00,70.9,0.0,0.0,0.0,0.0
2026-03-09 07:00:00,230.6,153.1,0.0,0.0,0.0
2026-03-09 07:01:00,243.8,153.6,0.0,0.0,0.0
2026-03-09 07:02:00,241.9,158.5,0.0,0.0,0.0
2026-03-09 07:03:00,232.2,149.0,0.0,0.0,0.0
2026-03-09 07:04:00,228.8,154.4,0.0,0.0,0.0
2026-03-09 07:05:00,226.6,151.2,0.0,0.0,0.0
2026-03-09 07:06:00,232.9,158.8,0.0,0.0,0.0
2026-03-09 07:07:00,229.6,150.4,0.0,0.0,0.0
2026-03-09 07:08:00,222.9,149.2,0.0,0.0,0.0
2026-03-09 07:09:00,227.8,154.5,0.0,0.0,0.0
2026-03-09 07:10:00,232.7,149.8,0.0,0.0,0.0
2026-03-09 07:11:00,221.8,146.7,0.0,0.0,0.0
2026-03-09 07:12:00,215.9,141.1,0.0,0.0,0.0
2026-03-09 07:13:00,229.2,152.6,0.0,0.0,0.0
2026-03-09 07:14:00,243.8,156.6,0.0,0.0,0.0
2026-03-09 07:15:00,234.7,150.9,0.0,0.0,0.0
2026-03-09 07:16:00,227.4,155.4,0.0,0.0,0.0
2026-03-09 07:17:00,224.4,148.3,0.0,0.0,0.0
2026-03-09 07:18:00,230.6,154.1,0.0,0.0,0.0
2026-03-09 07:19:00,233.6,154.7,0.0,0.0,0.0
2026-03-09 07:20:00,221.8,148.2,0.0,0.0,0.0
2026-03-09 07:21:00,225.5,143.2,0.0,0.0,0.0
2026-03-09 07:22:00,221.5,148.9,0.0,0.0,0.0
2026-03-09 07:23:00,227.4,150.4,0.0,0.0,0.0
2026-03-09 07:24:00,246.1,153.9,0.0,0.0,0.0
2026-03-09 07:25:00,226.7,140.4,0.0,0.0,0.0
2026-03-09 07:26:00,248.5,157.7,0.0,0.0,0.0
2026-03-09 07:27:00,227.2,153.3,0.0,0.0,0.0
2026-03-09 07:28:00,232.2,148.9,0.0,0.0,0.0
2026-03-09 07:29:00,232.3,144.8,0.0,0.0,0.0
2026-03-09 07:30:00,219.5,146.9,0.0,0.0,0.0
2026-03-09 07:31:00,235.5,152.3,0.0,0.0,0.0
2026-03-09 07:32:00,229.5,152.3,0.0,0.0,0.0
2026-03-09 07:33:00,231.7,152.0,0.0,0.0,0.0
2026-03-09 07:34:00,221.9,142.1,0.0,0.0,0.0
2026-03-09 07:35:00,81.7,0.0,0.0,0.0,0.0
2026-03-09 07:36:00,81.9,0.0,0.0,0.0,0.0
2026-03-09 07:37:00,81.3,0.0,0.0,0.0,0.0
2026-03-09 07:38:00,85.8,0.0,0.0,0.0,0.0
2026-03-09 07:39:00,73.5,0.0,0.0,0.0,0.0
2026-03-09 07:40:00,80.9,0.0,0.0,0.0,0.0
2026-03-09 07:41:00,88.2,0.0,0.0,0.0,0.0
2026-03-09 07:42:00,76.7,0.0,0.0,0.0,0.0
2026-03-09 07:43:00,97.7,0.0,0.0,0.0,0.0
2026-03-09 07:44:00,74.0,0.0,0.0,0.0,0.0
2026-03-09 07:45:00,77.6,0.0,0.0,0.0,0.0
2026-03-09 07:46:00,83.9,0.0,0.0,0.0,0.0
2026-03-09 07:47:00,83.9,0.0,0.0,0.0,0.0
2026-03-09 07:48:00,80.7,0.0,0.0,0.0,0.0
2026-03-09 07:49:00,85.7,0.0,0.0,0.0,0.0
2026-03-09 07:50:00,75.6,0.0,0.0,0.0,0.0
2026-03-09 07:51:00,73.7,0.0,0.0,0.0,0.0
2026-03-09 07:52:00,80.4,0.0,0.0,0.0,0.0
2026-03-09 07:53:00,84.3,0.0,0.0,0.0,0.0
2026-03-09 07:54:00,77.8,0.0,0.0,0.0,0.0
2026-03-09 07:55:00,83.4,0.0,0.0,0.0,0.0
2026-03-09 07:56:00,89.4,0.0,0.0,0.0,0.0
2026-03-09 07:57:00,72.4,0.0,0.0,0.0,0.0
2026-03-09 07:58:00,78.5,0.0,0.0,0.0,0.0
2026-03-09 07:59:00,75.0,0.0,0.0,0.0,0.0
2026-03-09 08:00:00,218.9,149.1,0.0,0.0,0.0
2026-03-09 08:01:00,233.5,148.6,0.0,0.0,0.0
2026-03-09 08:02:00,224.2,148.0,0.0,0.0,0.0
2026-03-09 08:03:00,227.2,143.9,0.0,0.0,0.0
2026-03-09 08:04:00,224.3,145.5,0.0,0.0,0.0
2026-03-09 08:05:00,230.8,148.3,0.0,0.0,0.0
2026-03-09 08:06:00,232.0,152.4,0.0,0.0,0.0
2026-03-09 08:07:00,223.9,143.0,0.0,0.0,0.0
2026-03-09 08:08:00,237.3,157.4,0.0,0.0,0.0
2026-03-09 08:09:00,236.7,148.2,0.0,0.0,0.0
2026-03-09 08:10:00,231.3,154.1,0.0,0.0,0.0
2026-03-09 08:11:00,225.7,145.1,0.0,0.0,0.0
2026-03-09 08:12:00,214.7,144.0,0.0,0.0,0.0
2026-03-09 08:13:00,226.9,155.8,0.0,0.0,0.0
2026-03-09 08:14:00,235.3,153.0,0.0,0.0,0.0
2026-03-09 08:15:00,215.7,140.1,0.0,0.0,0.0
2026-03-09 08:16:00,228.9,152.6,0.0,0.0,0.0
2026-03-09 08:17:00,218.5,141.8,0.0,0.0,0.0
2026-03-09 08:18:00,234.3,152.3,0.0,0.0,0.0
2026-03-09 08:19:00,233.3,154.0,0.0,0.0,0.0
2026-03-09 08:20:00,238.2,150.1,0.0,0.0,0.0
2026-03-09 08:21:00,222.8,148.4,0.0,0.0,0.0
2026-03-09 08:22:00,237.9,149.1,0.0,0.0,0.0
2026-03-09 08:23:00,226.6,149.7,0.0,0.0,0.0
2026-03-09 08:24:00,220.9,145.8,0.0,0.0,0.0
2026-03-09 08:25:00,238.8,152.2,0.0,0.0,0.0
2026-03-09 08:26:00,222.4,146.9,0.0,0.0,0.0
2026-03-09 08:27:00,214.2,141.2,0.0,0.0,0.0
2026-03-09 08:28:00,236.7,151.6,0.0,0.0,0.0
2026-03-09 08:29:00,245.6,159.1,0.0,0.0,0.0
2026-03-09 08:30:00,239.5,155.4,0.0,0.0,0.0
2026-03-09 08:31:00,240.1,149.2,0.0,0.0,0.0
2026-03-09 08:32:00,224.1,146.3,0.0,0.0,0.0
2026-03-09 08:33:00,213.7,147.4,0.0,0.0,0.0
2026-03-09 08:34:00,245.0,156.9,0.0,0.0,0.0
2026-03-09 08:35:00,76.7,0.0,0.0,0.0,0.0
2026-03-09 08:36:00,80.7,0.0,0.0,0.0,0.0
2026-03-09 08:37:00,80.9,0.0,0.0,0.0,0.0
2026-03-09 08:38:00,78.1,0.0,0.0,0.0,0.0
2026-03-09 08:39:00,79.2,0.0,0.0,0.0,0.0
2026-03-09 08:40:00,70.9,0.0,0.0,0.0,0.0
2026-03-09 08:41:00,74.0,0.0,0.0,0.0,0.0
2026-03-09 08:42:00,80.8,0.0,0.0,0.0,0.0
2026-03-09 08:43:00,74.0,0.0,0.0,0.0,0.0
2026-03-09 08:44:00,73.0,0.0,0.0,0.0,0.0
2026-03-09 08:45:00,77.9,0.0,0.0,0.0,0.0
2026-03-09 08:46:00,84.8,0.0,0.0,0.0,0.0
2026-03-09 08:47:00,77.2,0.0,0.0,0.0,0.0
2026-03-09 08:48:00,82.4,0.0,0.0,0.0,0.0
2026-03-09 08:49:00,86.0,0.0,0.0,0.0,0.0
2026-03-09 08:50:00,75.0,0.0,0.0,0.0,0.0
2026-03-09 08:51:00,82.3,0.0,0.0,0.0,0.0
2026-03-09 08:52:00,75.1,0.0,0.0,0.0,0.0
2026-03-09 08:53:00,78.2,0.0,0.0,0.0,0.0
2026-03-09 08:54:00,65.6,0.0,0.0,0.0,0.0
2026-03-09 08:55:00,82.5,0.0,0.0,0.0,0.0
2026-03-09 08:56:00,90.5,0.0,0.0,0.0,0.0
2026-03-09 08:57:00,81.2,0.0,0.0,0.0,0.0
2026-03-09 08:58:00,76.2,0.0,0.0,0.0,0.0
2026-03-09 08:59:00,73.4,0.0,0.0,0.0,0.0
2026-03-09 09:00:00,223.7,145.5,0.0,0.0,0.0
2026-03-09 09:01:00,223.3,149.0,0.0,0.0,0.0
2026-03-09 09:02:00,231.1,150.0,0.0,0.0,0.0
2026-03-09 09:03:00,239.0,152.6,0.0,0.0,0.0
2026-03-09 09:04:00,245.1,160.5,0.0,0.0,0.0
2026-03-09 09:05:00,224.3,145.1,0.0,0.0,0.0
2026-03-09 09:06:00,235.2,155.3,0.0,0.0,0.0
2026-03-09 09:07:00,224.0,149.2,0.0,0.0,0.0
2026-03-09 09:08:00,223.7,151.0,0.0,0.0,0.0
2026-03-09 09:09:00,222.9,148.5,0.0,0.0,0.0
2026-03-09 09:10:00,233.1,155.7,0.0,0.0,0.0
2026-03-09 09:11:00,231.1,154.5,0.0,0.0,0.0
2026-03-09 09:12:00,232.1,157.8,0.0,0.0,0.0
2026-03-09 09:13:00,252.6,160.9,0.0,0.0,0.0
2026-03-09 09:14:00,220.7,143.5,0.0,0.0,0.0
2026-03-09 09:15:00,232.4,149.8,0.0,0.0,0.0
2026-03-09 09:16:00,239.0,155.0,0.0,0.0,0.0
2026-03-09 09:17:00,236.6,155.5,0.0,0.0,0.0
2026-03-09 09:18:00,237.7,153.2,0.0,0.0,0.0
2026-03-09 09:19:00,227.8,147.0,0.0,0.0,0.0
2026-03-09 09:20:00,239.1,160.9,0.0,0.0,0.0
2026-03-09 09:21:00,222.1,145.9,0.0,0.0,0.0
2026-03-09 09:22:00,224.3,155.4,0.0,0.0,0.0
2026-03-09 09:23:00,227.8,148.4,0.0,0.0,0.0
2026-03-09 09:24:00,231.6,149.1,0.0,0.0,0.0
2026-03-09 09:25:00,239.4,155.0,0.0,0.0,0.0
2026-03-09 09:26:00,217.5,146.3,0.0,0.0,0.0
2026-03-09 09:27:00,224.7,154.6,0.0,0.0,0.0
2026-03-09 09:28:00,232.9,151.0,0.0,0.0,0.0
2026-03-09 09:29:00,222.3,145.3,0.0,0.0,0.0
2026-03-09 09:30:00,235.4,150.2,0.0,0.0,0.0
2026-03-09 09:31:00,234.9,151.7,0.0,0.0,0.0
2026-03-09 09:32:00,230.9,153.9,0.0,0.0,0.0
2026-03-09 09:33:00,239.3,156.1,0.0,0.0,0.0
2026-03-09 09:34:00,214.4,143.5,0.0,0.0,0.0
2026-03-09 09:35:00,83.9,0.0,0.0,0.0,0.0
2026-03-09 09:36:00,83.6,0.0,0.0,0.0,0.0
2026-03-09 09:37:00,82.5,0.0,0.0,0.0,0.0
2026-03-09 09:38:00,84.5,0.0,0.0,0.0,0.0
2026-03-09 09:39:00,83.1,0.0,0.0,0.0,0.0
2026-03-09 09:40:00,87.0,0.0,0.0,0.0,0.0
2026-03-09 09:41:00,82.3,0.0,0.0,0.0,0.0
2026-03-09 09:42:00,78.1,0.0,0.0,0.0,0.0
2026-03-09 09:43:00,89.5,0.0,0.0,0.0,0.0
2026-03-09 09:44:00,75.4,0.0,0.0,0.0,0.0
2026-03-09 09:45:00,75.6,0.0,0.0,0.0,0.0
2026-03-09 09:46:00,81.2,0.0,0.0,0.0,0.0
2026-03-09 09:47:00,78.4,0.0,0.0,0.0,0.0
2026-03-09 09:48:00,78.9,0.0,0.0,0.0,0.0
2026-03-09 09:49:00,80.1,0.0,0.0,0.0,0.0
2026-03-09 09:50:00,76.4,0.0,0.0,0.0,0.0
2026-03-09 09:51:00,75.5,0.0,0.0,0.0,0.0
2026-03-09 09:52:00,77.2,0.0,0.0,0.0,0.0
2026-03-09 09:53:00,78.0,0.0,0.0,0.0,0.0
2026-03-09 09:54:00,75.4,0.0,0.0,0.0,0.0
2026-03-09 09:55:00,78.2,0.0,0.0,0.0,0.0
2026-03-09 09:56:00,86.1,0.0,0.0,0.0,0.0
2026-03-09 09:57:00,86.8,0.0,0.0,0.0,0.0
2026-03-09 09:58:00,84.3,0.0,0.0,0.0,0.0
2026-03-09 09:59:00,86.6,0.0,0.0,0.0,0.0
2026-03-09 10:00:00,223.4,145.9,0.0,0.0,0.0
2026-03-09 10:01:00,230.3,154.0,0.0,0.0,0.0
2026-03-09 10:02:00,239.6,158.5,0.0,0.0,0.0
2026-03-09 10:03:00,216.3,134.7,0.0,0.0,0.0
2026-03-09 10:04:00,225.4,146.2,0.0,0.0,0.0
2026-03-09 10:05:00,231.5,149.2,0.0,0.0,0.0
2026-03-09 10:06:00,228.2,154.0,0.0,0.0,0.0
2026-03-09 10:07:00,220.4,145.1,0.0,0.0,0.0
2026-03-09 10:08:00,239.8,151.0,0.0,0.0,0.0
2026-03-09 10:09:00,234.0,157.3,0.0,0.0,0.0
2026-03-09 10:10:00,229.5,151.6,0.0,0.0,0.0
2026-03-09 10:11:00,231.4,147.3,0.0,0.0,0.0
2026-03-09 10:12:00,224.5,147.2,0.0,0.0,0.0
2026-03-09 10:13:00,223.3,151.4,0.0,0.0,0.0
2026-03-09 10:14:00,229.4,152.4,0.0,0.0,0.0
2026-03-09 10:15:00,234.5,152.0,0.0,0.0,0.0
2026-03-09 10:16:00,228.0,150.2,0.0,0.0,0.0
2026-03-09 10:17:00,215.2,139.2,0.0,0.0,0.0
2026-03-09 10:18:00,239.5,145.9,0.0,0.0,0.0
2026-03-09 10:19:00,220.3,148.5,0.0,0.0,0.0
2026-03-09 10:20:00,229.2,150.9,0.0,0.0,0.0
2026-03-09 10:21:00,228.1,152.8,0.0,0.0,0.0
2026-03-09 10:22:00,230.4,146.9,0.0,0.0,0.0
2026-03-09 10:23:00,241.6,153.6,0.0,0.0,0.0
2026-03-09 10:24:00,231.5,157.9,0.0,0.0,0.0
2026-03-09 10:25:00,233.3,152.6,0.0,0.0,0.0
2026-03-09 10:26:00,229.5,154.0,0.0,0.0,0.0
2026-03-09 10:27:00,230.5,148.0,0.0,0.0,0.0
2026-03-09 10:28:00,220.7,145.0,0.0,0.0,0.0
2026-03-09 10:29:00,233.4,152.5,0.0,0.0,0.0
2026-03-09 10:30:00,237.3,152.0,0.0,0.0,0.0
2026-03-09 10:31:00,240.9,155.4,0.0,0.0,0.0
2026-03-09 10:32:00,226.2,148.3,0.0,0.0,0.0
2026-03-09 10:33:00,229.0,144.8,0.0,0.0,0.0
2026-03-09 10:34:00,229.9,144.9,0.0,0.0,0.0
2026-03-09 10:35:00,74.2,0.0,0.0,0.0,0.0
2026-03-09 10:36:00,79.9,0.0,0.0,0.0,0.0
2026-03-09 10:37:00,81.4,0.0,0.0,0.0,0.0
2026-03-09 10:38:00,82.9,0.0,0.0,0.0,0.0
2026-03-09 10:39:00,80.6,0.0,0.0,0.0,0.0
2026-03-09 10:40:00,78.0,0.0,0.0,0.0,0.0
2026-03-09 10:41:00,81.7,0.0,0.0,0.0,0.0
2026-03-09 10:42:00,87.8,0.0,0.0,0.0,0.0
2026-03-09 10:43:00,87.5,0.0,0.0,0.0,0.0
2026-03-09 10:44:00,69.6,0.0,0.0,0.0,0.0
2026-03-09 10:45:00,79.6,0.0,0.0,0.0,0.0
2026-03-09 10:46:00,72.0,0.0,0.0,0.0,0.0
2026-03-09 10:47:00,71.1,0.0,0.0,0.0,0.0
2026-03-09 10:48:00,82.0,0.0,0.0,0.0,0.0
2026-03-09 10:49:00,78.6,0.0,0.0,0.0,0.0
2026-03-09 10:50:00,79.2,0.0,0.0,0.0,0.0
2026-03-09 10:51:00,85.8,0.0,0.0,0.0,0.0
2026-03-09 10:52:00,77.1,0.0,0.0,0.0,0.0
2026-03-09 10:53:00,79.8,0.0,0.0,0.0,0.0
2026-03-09 10:54:00,79.0,0.0,0.0,0.0,0.0
2026-03-09 10:55:00,80.5,0.0,0.0,0.0,0.0
2026-03-09 10:56:00,82.2,0.0,0.0,0.0,0.0
2026-03-09 10:57:00,74.9,0.0,0.0,0.0,0.0
2026-03-09 10:58:00,79.7,0.0,0.0,0.0,0.0
2026-03-09 10:59:00,73.2,0.0,0.0,0.0,0.0
2026-03-09 11:00:00,247.5,158.5,0.0,0.0,0.0
2026-03-09 11:01:00,212.2,142.5,0.0,0.0,0.0
2026-03-09 11:02:00,229.5,144.4,0.0,0.0,0.0
2026-03-09 11:03:00,230.2,149.8,0.0,0.0,0.0
2026-03-09 11:04:00,224.6,149.7,0.0,0.0,0.0
2026-03-09 11:05:00,228.3,148.0,0.0,0.0,0.0
2026-03-09 11:06:00,223.2,152.3,0.0,0.0,0.0
2026-03-09 11:07:00,225.2,148.1,0.0,0.0,0.0
2026-03-09 11:08:00,237.5,158.0,0.0,0.0,0.0
2026-03-09 11:09:00,219.6,150.0,0.0,0.0,0.0
2026-03-09 11:10:00,216.3,137.7,0.0,0.0,0.0
2026-03-09 11:11:00,219.3,147.5,0.0,0.0,0.0
2026-03-09 11:12:00,217.1,146.0,0.0,0.0,0.0
2026-03-09 11:13:00,220.5,142.3,0.0,0.0,0.0
2026-03-09 11:14:00,237.1,154.5,0.0,0.0,0.0
2026-03-09 11:15:00,224.7,144.6,0.0,0.0,0.0
2026-03-09 11:16:00,224.6,140.2,0.0,0.0,0.0
2026-03-09 11:17:00,236.4,147.5,0.0,0.0,0.0
2026-03-09 11:18:00,247.9,158.9,0.0,0.0,0.0
2026-03-09 11:19:00,225.7,149.9,0.0,0.0,0.0
2026-03-09 11:20:00,230.3,159.3,0.0,0.0,0.0
2026-03-09 11:21:00,220.9,153.1,0.0,0.0,0.0
2026-03-09 11:22:00,231.3,159.1,0.0,0.0,0.0
2026-03-09 11:23:00,234.1,153.2,0.0,0.0,0.0
2026-03-09 11:24:00,232.1,152.8,0.0,0.0,0.0
2026-03-09 11:25:00,213.7,134.6,0.0,0.0,0.0
2026-03-09 11:26:00,227.0,142.6,0.0,0.0,0.0
2026-03-09 11:27:00,231.3,142.5,0.0,0.0,0.0
2026-03-09 11:28:00,217.6,148.1,0.0,0.0,0.0
2026-03-09 11:29:00,239.7,154.5,0.0,0.0,0.0
2026-03-09 11:30:00,228.2,153.3,0.0,0.0,0.0
2026-03-09 11:31:00,237.5,152.6,0.0,0.0,0.0
2026-03-09 11:32:00,224.4,139.7,0.0,0.0,0.0
2026-03-09 11:33:00,216.7,144.3,0.0,0.0,0.0
2026-03-09 11:34:00,233.6,148.5,0.0,0.0,0.0
2026-03-09 11:35:00,73.8,0.0,0.0,0.0,0.0
2026-03-09 11:36:00,80.5,0.0,0.0,0.0,0.0
2026-03-09 11:37:00,74.3,0.0,0.0,0.0,0.0
2026-03-09 11:38:00,71.5,0.0,0.0,0.0,0.0
2026-03-09 11:39:00,78.2,0.0,0.0,0.0,0.0
2026-03-09 11:40:00,73.6,0.0,0.0,0.0,0.0
2026-03-09 11:41:00,77.8,0.0,0.0,0.0,0.0
2026-03-09 11:42:00,88.8,0.0,0.0,0.0,0.0
2026-03-09 11:43:00,80.2,0.0,0.0,0.0,0.0
2026-03-09 11:44:00,81.1,0.0,0.0,0.0,0.0
2026-03-09 11:45:00,80.2,0.0,0.0,0.0,0.0
2026-03-09 11:46:00,76.1,0.0,0.0,0.0,0.0
2026-03-09 11:47:00,75.4,0.0,0.0,0.0,0.0
2026-03-09 11:48:00,67.4,0.0,0.0,0.0,0.0
2026-03-09 11:49:00,88.2,0.0,0.0,0.0,0.0
2026-03-09 11:50:00,90.3,0.0,0.0,0.0,0.0
2026-03-09 11:51:00,81.0,0.0,0.0,0.0,0.0
2026-03-09 11:52:00,70.9,0.0,0.0,0.0,0.0
2026-03-09 11:53:00,81.7,0.0,0.0,0.0,0.0
2026-03-09 11:54:00,86.2,0.0,0.0,0.0,0.0
2026-03-09 11:55:00,79.1,0.0,0.0,0.0,0.0
2026-03-09 11:56:00,76.8,0.0,0.0,0.0,0.0
2026-03-09 11:57:00,80.3,0.0,0.0,0.0,0.0
2026-03-09 11:58:00,80.0,0.0,0.0,0.0,0.0
2026-03-09 11:59:00,79.3,0.0,0.0,0.0,0.0
2026-03-09 12:00:00,240.7,157.1,0.0,0.0,0.0
2026-03-09 12:01:00,235.2,156.2,0.0,0.0,0.0
2026-03-09 12:02:00,231.6,158.9,0.0,0.0,0.0
2026-03-09 12:03:00,224.3,147.2,0.0,0.0,0.0
2026-03-09 12:04:00,222.7,150.8,0.0,0.0,0.0
2026-03-09 12:05:00,235.7,156.7,0.0,0.0,0.0
2026-03-09 12:06:00,233.7,152.9,0.0,0.0,0.0
2026-03-09 12:07:00,229.6,151.3,0.0,0.0,0.0
2026-03-09 12:08:00,233.0,150.7,0.0,0.0,0.0
2026-03-09 12:09:00,238.2,154.5,0.0,0.0,0.0
2026-03-09 12:10:00,226.6,147.4,0.0,0.0,0.0
2026-03-09 12:11:00,235.4,151.8,0.0,0.0,0.0
2026-03-09 12:12:00,221.9,146.0,0.0,0.0,0.0
2026-03-09 12:13:00,228.0,154.1,0.0,0.0,0.0
2026-03-09 12:14:00,231.8,153.1,0.0,0.0,0.0
2026-03-09 12:15:00,233.9,150.1,0.0,0.0,0.0
2026-03-09 12:16:00,226.9,143.3,0.0,0.0,0.0
2026-03-09 12:17:00,236.5,149.5,0.0,0.0,0.0
2026-03-09 12:18:00,239.0,158.4,0.0,0.0,0.0
2026-03-09 12:19:00,237.1,147.2,0.0,0.0,0.0
2026-03-09 12:20:00,237.5,151.7,0.0,0.0,0.0
2026-03-09 12:21:00,217.4,141.0,0.0,0.0,0.0
2026-03-09 12:22:00,230.9,144.5,0.0,0.0,0.0
2026-03-09 12:23:00,223.0,149.7,0.0,0.0,0.0
2026-03-09 12:24:00,237.4,154.5,0.0,0.0,0.0
2026-03-09 12:25:00,237.6,154.1,0.0,0.0,0.0
2026-03-09 12:26:00,225.0,146.8,0.0,0.0,0.0
2026-03-09 12:27:00,233.1,159.6,0.0,0.0,0.0
2026-03-09 12:28:00,223.5,135.7,0.0,0.0,0.0
2026-03-09 12:29:00,230.5,142.2,0.0,0.0,0.0
2026-03-09 12:30:00,240.2,155.3,0.0,0.0,0.0
2026-03-09 12:31:00,239.2,156.5,0.0,0.0,0.0
2026-03-09 12:32:00,236.6,158.7,0.0,0.0,0.0
2026-03-09 12:33:00,228.4,145.4,0.0,0.0,0.0
2026-03-09 12:34:00,222.1,142.6,0.0,0.0,0.0
2026-03-09 12:35:00,75.4,0.0,0.0,0.0,0.0
2026-03-09 12:36:00,78.6,0.0,0.0,0.0,0.0
2026-03-09 12:37:00,83.4,0.0,0.0,0.0,0.0
2026-03-09 12:38:00,84.7,0.0,0.0,0.0,0.0
2026-03-09 12:39:00,79.9,0.0,0.0,0.0,0.0
2026-03-09 12:40:00,80.7,0.0,0.0,0.0,0.0
2026-03-09 12:41:00,79.7,0.0,0.0,0.0,0.0
2026-03-09 12:42:00,89.5,0.0,0.0,0.0,0.0
2026-03-09 12:43:00,88.1,0.0,0.0,0.0,0.0
2026-03-09 12:44:00,88.0,0.0,0.0,0.0,0.0
2026-03-09 12:45:00,78.8,0.0,0.0,0.0,0.0
2026-03-09 12:46:00,79.2,0.0,0.0,0.0,0.0
2026-03-09 12:47:00,79.7,0.0,0.0,0.0,0.0
2026-03-09 12:48:00,69.8,0.0,0.0,0.0,0.0
2026-03-09 12:49:00,79.0,0.0,0.0,0.0,0.0
2026-03-09 12:50:00,87.7,0.0,0.0,0.0,0.0
2026-03-09 12:51:00,78.2,0.0,0.0,0.0,0.0
2026-03-09 12:52:00,77.1,0.0,0.0,0.0,0.0
2026-03-09 12:53:00,80.0,0.0,0.0,0.0,0.0
2026-03-09 12:54:00,81.3,0.0,0.0,0.0,0.0
2026-03-09 12:55:00,80.1,0.0,0.0,0.0,0.0
2026-03-09 12:56:00,78.6,0.0,0.0,0.0,0.0
2026-03-09 12:57:00,82.2,0.0,0.0,0.0,0.0
2026-03-09 12:58:00,75.8,0.0,0.0,0.0,0.0
2026-03-09 12:59:00,74.0,0.0,0.0,0.0,0.0
2026-03-09 13:00:00,224.7,145.3,0.0,0.0,0.0
2026-03-09 13:01:00,225.4,147.1,0.0,0.0,0.0
2026-03-09 13:02:00,231.2,149.7,0.0,0.0,0.0
2026-03-09 13:03:00,238.1,150.2,0.0,0.0,0.0
2026-03-09 13:04:00,230.2,148.2,0.0,0.0,0.0
2026-03-09 13:05:00,219.9,149.3,0.0,0.0,0.0
2026-03-09 13:06:00,224.9,147.7,0.0,0.0,0.0
2026-03-09 13:07:00,222.0,148.2,0.0,0.0,0.0
2026-03-09 13:08:00,240.8,157.8,0.0,0.0,0.0
2026-03-09 13:09:00,241.3,157.2,0.0,0.0,0.0
2026-03-09 13:10:00,230.3,145.2,0.0,0.0,0.0
2026-03-09 13:11:00,225.9,138.7,0.0,0.0,0.0
2026-03-09 13:12:00,240.7,154.0,0.0,0.0,0.0
2026-03-09 13:13:00,241.8,159.4,0.0,0.0,0.0
2026-03-09 13:14:00,220.1,148.7,0.0,0.0,0.0
2026-03-09 13:15:00,241.7,151.9,0.0,0.0,0.0
2026-03-09 13:16:00,235.5,150.1,0.0,0.0,0.0
2026-03-09 13:17:00,234.2,151.7,0.0,0.0,0.0
2026-03-09 13:18:00,227.9,147.4,0.0,0.0,0.0
2026-03-09 13:19:00,221.3,149.9,0.0,0.0,0.0
2026-03-09 13:20:00,227.7,148.8,0.0,0.0,0.0
2026-03-09 13:21:00,223.5,148.5,0.0,0.0,0.0
2026-03-09 13:22:00,227.8,150.9,0.0,0.0,0.0
2026-03-09 13:23:00,227.0,142.9,0.0,0.0,0.0
2026-03-09 13:24:00,232.0,155.7,0.0,0.0,0.0
2026-03-09 13:25:00,245.3,150.5,0.0,0.0,0.0
2026-03-09 13:26:00,225.7,151.0,0.0,0.0,0.0
2026-03-09 13:27:00,223.6,146.4,0.0,0.0,0.0
2026-03-09 13:28:00,222.2,139.7,0.0,0.0,0.0
2026-03-09 13:29:00,233.5,149.4,0.0,0.0,0.0
2026-03-09 13:30:00,222.9,147.6,0.0,0.0,0.0
2026-03-09 13:31:00,211.9,137.6,0.0,0.0,0.0
2026-03-09 13:32:00,235.5,155.9,0.0,0.0,0.0
2026-03-09 13:33:00,238.8,157.7,0.0,0.0,0.0
2026-03-09 13:34:00,229.1,148.5,0.0,0.0,0.0
2026-03-09 13:35:00,75.7,0.0,0.0,0.0,0.0
2026-03-09 13:36:00,88.1,0.0,0.0,0.0,0.0
2026-03-09 13:37:00,80.9,0.0,0.0,0.0,0.0
2026-03-09 13:38:00,70.4,0.0,0.0,0.0,0.0
2026-03-09 13:39:00,73.5,0.0,0.0,0.0,0.0
2026-03-09 13:40:00,81.4,0.0,0.0,0.0,0.0
2026-03-09 13:41:00,76.4,0.0,0.0,0.0,0.0
2026-03-09 13:42:00,72.0,0.0,0.0,0.0,0.0
2026-03-09 13:43:00,73.8,0.0,0.0,0.0,0.0
2026-03-09 13:44:00,91.6,0.0,0.0,0.0,0.0
2026-03-09 13:45:00,69.5,0.0,0.0,0.0,0.0
2026-03-09 13:46:00,85.0,0.0,0.0,0.0,0.0
2026-03-09 13:47:00,84.1,0.0,0.0,0.0,0.0
2026-03-09 13:48:00,77.7,0.0,0.0,0.0,0.0
2026-03-09 13:49:00,81.7,0.0,0.0,0.0,0.0
2026-03-09 13:50:00,80.7,0.0,0.0,0.0,0.0
2026-03-09 13:51:00,82.8,0.0,0.0,0.0,0.0
2026-03-09 13:52:00,86.9,0.0,0.0,0.0,0.0
2026-03-09 13:53:00,76.6,0.0,0.0,0.0,0.0
2026-03-09 13:54:00,89.7,0.0,0.0,0.0,0.0
2026-03-09 13:55:00,86.6,0.0,0.0,0.0,0.0
2026-03-09 13:56:00,83.5,0.0,0.0,0.0,0.0
2026-03-09 13:57:00,76.4,0.0,0.0,0.0,0.0
2026-03-09 13:58:00,80.1,0.0,0.0,0.0,0.0
2026-03-09 13:59:00,82.4,0.0,0.0,0.0,0.0
2026-03-09 14:00:00,234.7,152.1,0.0,0.0,0.0
2026-03-09 14:01:00,225.5,152.6,0.0,0.0,0.0
2026-03-09 14:02:00,223.4,144.4,0.0,0.0,0.0
2026-03-09 14:03:00,236.1,152.4,0.0,0.0,0.0
2026-03-09 14:04:00,238.8,149.5,0.0,0.0,0.0
2026-03-09 14:05:00,234.1,156.9,0.0,0.0,0.0
2026-03-09 14:06:00,237.3,158.2,0.0,0.0,0.0
2026-03-09 14:07:00,234.3,151.4,0.0,0.0,0.0
2026-03-09 14:08:00,235.4,143.9,0.0,0.0,0.0
2026-03-09 14:09:00,226.0,149.5,0.0,0.0,0.0
2026-03-09 14:10:00,224.9,145.2,0.0,0.0,0.0
2026-03-09 14:11:00,229.4,145.5,0.0,0.0,0.0
2026-03-09 14:12:00,241.1,156.1,0.0,0.0,0.0
2026-03-09 14:13:00,242.2,152.5,0.0,0.0,0.0
2026-03-09 14:14:00,225.5,148.1,0.0,0.0,0.0
2026-03-09 14:15:00,229.3,144.2,0.0,0.0,0.0
2026-03-09 14:16:00,230.4,150.7,0.0,0.0,0.0
2026-03-09 14:17:00,223.9,156.5,0.0,0.0,0.0
2026-03-09 14:18:00,238.8,152.7,0.0,0.0,0.0
2026-03-09 14:19:00,225.1,150.8,0.0,0.0,0.0
2026-03-09 14:20:00,2241.8,150.9,2009.1,0.0,0.0
2026-03-09 14:21:00,2259.7,156.6,2026.3,0.0,0.0
2026-03-09 14:22:00,232.4,154.1,0.0,0.0,0.0
2026-03-09 14:23:00,233.1,150.7,0.0,0.0,0.0
2026-03-09 14:24:00,211.1,139.2,0.0,0.0,0.0
2026-03-09 14:25:00,225.2,153.3,0.0,0.0,0.0
2026-03-09 14:26:00,222.7,150.8,0.0,0.0,0.0
2026-03-09 14:27:00,215.8,149.6,0.0,0.0,0.0
2026-03-09 14:28:00,239.4,155.6,0.0,0.0,0.0
2026-03-09 14:29:00,217.2,145.8,0.0,0.0,0.0
2026-03-09 14:30:00,225.3,151.4,0.0,0.0,0.0
2026-03-09 14:31:00,2223.2,150.5,1985.1,0.0,0.0
2026-03-09 14:32:00,223.6,142.5,0.0,0.0,0.0
2026-03-09 14:33:00,230.7,148.8,0.0,0.0,0.0
2026-03-09 14:34:00,235.7,150.5,0.0,0.0,0.0
2026-03-09 14:35:00,73.7,0.0,0.0,0.0,0.0
2026-03-09 14:36:00,81.3,0.0,0.0,0.0,0.0
2026-03-09 14:37:00,78.3,0.0,0.0,0.0,0.0
2026-03-09 14:38:00,80.1,0.0,0.0,0.0,0.0
2026-03-09 14:39:00,87.4,0.0,0.0,0.0,0.0
2026-03-09 14:40:00,75.3,0.0,0.0,0.0,0.0
2026-03-09 14:41:00,86.8,0.0,0.0,0.0,0.0
2026-03-09 14:42:00,85.4,0.0,0.0,0.0,0.0
2026-03-09 14:43:00,75.9,0.0,0.0,0.0,0.0
2026-03-09 14:44:00,76.6,0.0,0.0,0.0,0.0
2026-03-09 14:45:00,89.4,0.0,0.0,0.0,0.0
2026-03-09 14:46:00,81.9,0.0,0.0,0.0,0.0
2026-03-09 14:47:00,2041.0,0.0,1963.2,0.0,0.0
2026-03-09 14:48:00,2067.1,0.0,1980.1,0.0,0.0
2026-03-09 14:49:00,2066.4,0.0,1991.7,0.0,0.0
2026-03-09 14:50:00,2081.1,0.0,2004.7,0.0,0.0
2026-03-09 14:51:00,82.9,0.0,0.0,0.0,0.0
2026-03-09 14:52:00,90.7,0.0,0.0,0.0,0.0
2026-03-09 14:53:00,74.4,0.0,0.0,0.0,0.0
2026-03-09 14:54:00,80.4,0.0,0.0,0.0,0.0
2026-03-09 14:55:00,78.3,0.0,0.0,0.0,0.0
2026-03-09 14:56:00,2107.7,0.0,2027.6,0.0,0.0
2026-03-09 14:57:00,2088.2,0.0,1999.5,0.0,0.0
2026-03-09 14:58:00,2108.5,0.0,2024.4,0.0,0.0
2026-03-09 14:59:00,2098.8,0.0,2024.0,0.0,0.0
2026-03-09 15:00:00,2210.0,155.8,1975.2,0.0,0.0
2026-03-09 15:01:00,2243.7,155.3,2007.1,0.0,0.0
2026-03-09 15:02:00,2242.9,148.0,2017.5,0.0,0.0
2026-03-09 15:03:00,2239.2,149.0,2013.0,0.0,0.0
2026-03-09 15:04:00,2205.7,147.5,1976.6,0.0,0.0
2026-03-09 15:05:00,225.8,152.7,0.0,0.0,0.0
2026-03-09 15:06:00,233.2,151.7,0.0,0.0,0.0
2026-03-09 15:07:00,232.2,152.4,0.0,0.0,0.0
2026-03-09 15:08:00,220.2,144.4,0.0,0.0,0.0
2026-03-09 15:09:00,2248.8,151.4,2019.0,0.0,0.0
2026-03-09 15:10:00,2221.1,146.9,1997.3,0.0,0.0
2026-03-09 15:11:00,2200.5,144.8,1970.3,0.0,0.0
2026-03-09 15:12:00,2216.5,150.2,1980.0,0.0,0.0
2026-03-09 15:13:00,2204.3,148.3,1974.9,0.0,0.0
2026-03-09 15:14:00,2308.6,152.4,2080.3,0.0,0.0
2026-03-09 15:15:00,2201.6,152.3,1975.5,0.0,0.0
2026-03-09 15:16:00,2204.9,149.8,1978.0,0.0,0.0
2026-03-09 15:17:00,241.2,152.6,0.0,0.0,0.0
2026-03-09 15:18:00,2245.9,151.5,2016.1,0.0,0.0
2026-03-09 15:19:00,2229.5,149.7,2003.2,0.0,0.0
2026-03-09 15:20:00,2207.1,145.9,1986.7,0.0,0.0
2026-03-09 15:21:00,2266.8,154.9,2042.8,0.0,0.0
2026-03-09 15:22:00,2184.6,154.6,1952.6,0.0,0.0
2026-03-09 15:23:00,2233.8,155.2,1999.0,0.0,0.0
2026-03-09 15:24:00,2214.6,145.1,1999.4,0.0,0.0
2026-03-09 15:25:00,2265.7,145.1,2036.0,0.0,0.0
2026-03-09 15:26:00,2204.8,151.0,1976.6,0.0,0.0
2026-03-09 15:27:00,2262.3,154.3,2022.0,0.0,0.0
2026-03-09 15:28:00,2243.7,150.2,2019.5,0.0,0.0
2026-03-09 15:29:00,2270.2,155.6,2034.3,0.0,0.0
2026-03-09 15:30:00,2217.8,145.0,1996.1,0.0,0.0
2026-03-09 15:31:00,2270.7,152.8,2044.2,0.0,0.0
2026-03-09 15:32:00,2283.4,140.5,2062.0,0.0,0.0
2026-03-09 15:33:00,2245.6,146.0,2026.6,0.0,0.0
2026-03-09 15:34:00,2231.4,144.7,2000.5,0.0,0.0
2026-03-09 15:35:00,2046.7,0.0,1967.5,0.0,0.0
2026-03-09 15:36:00,2055.4,0.0,1981.1,0.0,0.0
2026-03-09 15:37:00,2085.0,0.0,1995.9,0.0,0.0
2026-03-09 15:38:00,2093.2,0.0,2020.7,0.0,0.0
2026-03-09 15:39:00,2063.7,0.0,1983.8,0.0,0.0
2026-03-09 15:40:00,2070.6,0.0,1996.8,0.0,0.0
2026-03-09 15:41:00,2068.1,0.0,1984.0,0.0,0.0
2026-03-09 15:42:00,2112.8,0.0,2033.5,0.0,0.0
2026-03-09 15:43:00,69.4,0.0,0.0,0.0,0.0
2026-03-09 15:44:00,67.6,0.0,0.0,0.0,0.0
2026-03-09 15:45:00,73.9,0.0,0.0,0.0,0.0
2026-03-09 15:46:00,2117.1,0.0,2029.0,0.0,0.0
2026-03-09 15:47:00,2086.9,0.0,2001.3,0.0,0.0
2026-03-09 15:48:00,2116.3,0.0,2031.6,0.0,0.0
2026-03-09 15:49:00,2088.2,0.0,1999.7,0.0,0.0
2026-03-09 15:50:00,2105.0,0.0,2025.1,0.0,0.0
2026-03-09 15:51:00,2085.9,0.0,2018.0,0.0,0.0
2026-03-09 15:52:00,2093.8,0.0,2009.6,0.0,0.0
2026-03-09 15:53:00,2082.7,0.0,1998.1,0.0,0.0
2026-03-09 15:54:00,2097.0,0.0,2009.9,0.0,0.0
2026-03-09 15:55:00,2042.6,0.0,1957.2,0.0,0.0
2026-03-09 15:56:00,2091.2,0.0,2015.1,0.0,0.0
2026-03-09 15:57:00,2081.0,0.0,2005.0,0.0,0.0
2026-03-09 15:58:00,2097.6,0.0,2021.7,0.0,0.0
2026-03-09 15:59:00,2061.7,0.0,1986.4,0.0,0.0
2026-03-09 16:00:00,2270.6,146.5,2041.8,0.0,0.0
2026-03-09 16:01:00,2250.4,153.3,2013.4,0.0,0.0
2026-03-09 16:02:00,2227.8,147.7,2005.0,0.0,0.0
2026-03-09 16:03:00,2207.4,147.4,1968.2,0.0,0.0
2026-03-09 16:04:00,2270.8,149.3,2028.3,0.0,0.0
2026-03-09 16:05:00,2212.8,153.3,1981.2,0.0,0.0
2026-03-09 16:06:00,2250.7,153.0,2015.9,0.0,0.0
2026-03-09 16:07:00,2242.8,149.7,2007.7,0.0,0.0
2026-03-09 16:08:00,2200.6,157.0,1962.4,0.0,0.0
2026-03-09 16:09:00,2240.1,157.7,2000.4,0.0,0.0
2026-03-09 16:10:00,2237.0,154.0,2004.8,0.0,0.0
2026-03-09 16:11:00,2225.0,143.0,2005.7,0.0,0.0
2026-03-09 16:12:00,2245.0,146.7,2012.5,0.0,0.0
2026-03-09 16:13:00,2222.9,149.0,1991.7,0.0,0.0
2026-03-09 16:14:00,2276.0,152.6,2035.3,0.0,0.0
2026-03-09 16:15:00,2289.5,156.6,2051.2,0.0,0.0
2026-03-09 16:16:00,2227.9,147.0,2002.4,0.0,0.0
2026-03-09 16:17:00,2223.2,156.3,1992.6,0.0,0.0
2026-03-09 16:18:00,2157.5,144.0,1940.9,0.0,0.0
2026-03-09 16:19:00,2232.1,151.6,1996.5,0.0,0.0
2026-03-09 16:20:00,2171.8,147.8,1942.8,0.0,0.0
2026-03-09 16:21:00,2268.3,148.7,2044.4,0.0,0.0
2026-03-09 16:22:00,2236.9,156.2,2006.0,0.0,0.0
2026-03-09 16:23:00,2208.1,148.1,1980.0,0.0,0.0
2026-03-09 16:24:00,2208.0,150.5,1973.4,0.0,0.0
2026-03-09 16:25:00,2257.8,158.7,2025.2,0.0,0.0
2026-03-09 16:26:00,2272.3,151.3,2051.7,0.0,0.0
2026-03-09 16:27:00,2232.2,143.1,2005.1,0.0,0.0
2026-03-09 16:28:00,2204.3,144.6,1969.1,0.0,0.0
2026-03-09 16:29:00,2221.1,147.6,1991.6,0.0,0.0
2026-03-09 16:30:00,2216.0,151.2,1997.0,0.0,0.0
2026-03-09 16:31:00,2268.1,151.4,2038.8,0.0,0.0
2026-03-09 16:32:00,2218.1,141.4,2006.4,0.0,0.0
2026-03-09 16:33:00,2226.1,144.3,2005.9,0.0,0.0
2026-03-09 16:34:00,2236.1,143.5,2002.1,0.0,0.0
2026-03-09 16:35:00,2089.8,0.0,2014.3,0.0,0.0
2026-03-09 16:36:00,2071.1,0.0,1998.4,0.0,0.0
2026-03-09 16:37:00,2059.8,0.0,1980.3,0.0,0.0
2026-03-09 16:38:00,2057.0,0.0,1973.3,0.0,0.0
2026-03-09 16:39:00,2071.3,0.0,1990.1,0.0,0.0
2026-03-09 16:40:00,2053.6,0.0,1976.9,0.0,0.0
2026-03-09 16:41:00,2032.3,0.0,1960.3,0.0,0.0
2026-03-09 16:42:00,2126.6,0.0,2041.7,0.0,0.0
2026-03-09 16:43:00,2073.1,0.0,1992.1,0.0,0.0
2026-03-09 16:44:00,2061.6,0.0,1985.5,0.0,0.0
2026-03-09 16:45:00,2134.8,0.0,2052.9,0.0,0.0
2026-03-09 16:46:00,2045.0,0.0,1971.6,0.0,0.0
2026-03-09 16:47:00,2063.6,0.0,1984.0,0.0,0.0
2026-03-09 16:48:00,2027.6,0.0,1951.2,0.0,0.0
2026-03-09 16:49:00,2083.3,0.0,2000.9,0.0,0.0
2026-03-09 16:50:00,2074.3,0.0,1994.6,0.0,0.0
2026-03-09 16:51:00,2052.4,0.0,1978.2,0.0,0.0
2026-03-09 16:52:00,2098.4,0.0,2024.8,0.0,0.0
2026-03-09 16:53:00,2086.3,0.0,2010.6,0.0,0.0
2026-03-09 16:54:00,2048.8,0.0,1960.2,0.0,0.0
2026-03-09 16:55:00,2083.0,0.0,2014.5,0.0,0.0
2026-03-09 16:56:00,2091.8,0.0,2011.8,0.0,0.0
2026-03-09 16:57:00,2044.6,0.0,1964.9,0.0,0.0
2026-03-09 16:58:00,2106.8,0.0,2022.5,0.0,0.0
2026-03-09 16:59:00,2157.2,0.0,2074.4,0.0,0.0
2026-03-09 17:00:00,2215.2,147.2,1988.6,0.0,0.0
2026-03-09 17:01:00,2243.2,150.0,2007.6,0.0,0.0
2026-03-09 17:02:00,2246.6,144.3,2018.0,0.0,0.0
2026-03-09 17:03:00,2228.6,149.2,2022.3,0.0,0.0
2026-03-09 17:04:00,2270.2,152.4,2045.3,0.0,0.0
2026-03-09 17:05:00,2219.3,146.4,1997.6,0.0,0.0
2026-03-09 17:06:00,2229.8,156.7,1993.0,0.0,0.0
2026-03-09 17:07:00,2190.9,145.5,1965.9,0.0,0.0
2026-03-09 17:08:00,2154.5,144.3,1918.7,0.0,0.0
2026-03-09 17:09:00,2247.1,155.4,2011.5,0.0,0.0
2026-03-09 17:10:00,2115.4,147.8,1889.0,0.0,0.0
2026-03-09 17:11:00,2264.4,146.4,2036.7,0.0,0.0
2026-03-09 17:12:00,2268.9,145.3,2043.9,0.0,0.0
2026-03-09 17:13:00,2204.2,152.2,1980.2,0.0,0.0
2026-03-09 17:14:00,2210.4,146.7,1984.3,0.0,0.0
2026-03-09 17:15:00,2234.7,147.5,2019.0,0.0,0.0
2026-03-09 17:16:00,2224.3,140.8,1998.5,0.0,0.0
2026-03-09 17:17:00,2263.9,142.9,2036.3,0.0,0.0
2026-03-09 17:18:00,2275.8,147.9,2044.9,0.0,0.0
2026-03-09 17:19:00,2214.8,142.8,1994.1,0.0,0.0
2026-03-09 17:20:00,2216.8,147.5,1999.5,0.0,0.0
2026-03-09 17:21:00,2258.5,155.3,2025.9,0.0,0.0
2026-03-09 17:22:00,2258.0,150.4,2024.6,0.0,0.0
2026-03-09 17:23:00,2199.4,155.3,1967.7,0.0,0.0
2026-03-09 17:24:00,2227.8,145.0,2005.7,0.0,0.0
2026-03-09 17:25:00,2197.8,152.9,1963.2,0.0,0.0
2026-03-09 17:26:00,2246.1,147.7,2025.5,0.0,0.0
2026-03-09 17:27:00,2238.6,153.7,2002.6,0.0,0.0
2026-03-09 17:28:00,2222.8,144.2,1988.4,0.0,0.0
2026-03-09 17:29:00,2232.4,150.5,2000.0,0.0,0.0
2026-03-09 17:30:00,2215.7,154.7,1984.2,0.0,0.0
2026-03-09 17:31:00,2221.4,150.8,1992.3,0.0,0.0
2026-03-09 17:32:00,2204.2,151.3,1970.8,0.0,0.0
2026-03-09 17:33:00,2242.0,148.4,2012.8,0.0,0.0
2026-03-09 17:34:00,2188.3,137.9,1974.0,0.0,0.0
2026-03-09 17:35:00,2102.5,0.0,2021.1,0.0,0.0
2026-03-09 17:36:00,2071.5,0.0,2002.1,0.0,0.0
2026-03-09 17:37:00,2059.1,0.0,1981.8,0.0,0.0
2026-03-09 17:38:00,2166.8,0.0,2089.3,0.0,0.0
2026-03-09 17:39:00,2136.2,0.0,2049.4,0.0,0.0
2026-03-09 17:40:00,2080.8,0.0,2001.6,0.0,0.0
2026-03-09 17:41:00,2094.7,0.0,2017.6,0.0,0.0
2026-03-09 17:42:00,2036.8,0.0,1958.2,0.0,0.0
2026-03-09 17:43:00,2075.9,0.0,2005.0,0.0,0.0
2026-03-09 17:44:00,2060.5,0.0,1978.5,0.0,0.0
2026-03-09 17:45:00,2048.0,0.0,1973.3,0.0,0.0
2026-03-09 17:46:00,2055.2,0.0,1984.3,0.0,0.0
2026-03-09 17:47:00,2084.1,0.0,1999.5,0.0,0.0
2026-03-09 17:48:00,2073.2,0.0,1990.7,0.0,0.0
2026-03-09 17:49:00,2068.0,0.0,1997.5,0.0,0.0
2026-03-09 17:50:00,2097.7,0.0,2020.1,0.0,0.0
2026-03-09 17:51:00,2057.4,0.0,1971.8,0.0,0.0
2026-03-09 17:52:00,2101.4,0.0,2016.7,0.0,0.0
2026-03-09 17:53:00,2103.3,0.0,2022.0,0.0,0.0
2026-03-09 17:54:00,2106.5,0.0,2033.5,0.0,0.0
2026-03-09 17:55:00,2033.0,0.0,1956.4,0.0,0.0
2026-03-09 17:56:00,2062.2,0.0,1977.6,0.0,0.0
2026-03-09 17:57:00,2120.8,0.0,2037.4,0.0,0.0
2026-03-09 17:58:00,2090.9,0.0,2010.6,0.0,0.0
2026-03-09 17:59:00,2086.1,0.0,2007.5,0.0,0.0
2026-03-09 18:00:00,2213.6,159.5,1979.3,0.0,0.0
2026-03-09 18:01:00,2239.0,157.4,2003.2,0.0,0.0
2026-03-09 18:02:00,2352.5,149.2,2013.1,0.0,115.2
2026-03-09 18:03:00,2334.7,154.0,1988.1,0.0,121.8
2026-03-09 18:04:00,2250.9,144.7,2022.9,0.0,0.0
2026-03-09 18:05:00,2207.2,150.9,1981.2,0.0,0.0
2026-03-09 18:06:00,2361.1,140.4,2008.6,0.0,126.1
2026-03-09 18:07:00,2177.4,144.2,1951.2,0.0,0.0
2026-03-09 18:08:00,2330.4,149.6,1981.4,0.0,120.9
2026-03-09 18:09:00,2342.5,153.0,1989.2,0.0,113.1
2026-03-09 18:10:00,2359.2,154.3,2018.5,0.0,110.6
2026-03-09 18:11:00,2347.6,155.7,1992.9,0.0,122.2
2026-03-09 18:12:00,2402.6,155.1,2044.2,0.0,120.6
2026-03-09 18:13:00,2306.8,147.5,1963.1,0.0,119.7
2026-03-09 18:14:00,2323.6,149.4,1978.0,0.0,117.0
2026-03-09 18:15:00,2227.2,146.7,2000.7,0.0,0.0
2026-03-09 18:16:00,2285.8,150.1,1941.6,0.0,110.8
2026-03-09 18:17:00,2197.0,140.8,1971.4,0.0,0.0
2026-03-09 18:18:00,2226.2,145.8,2007.7,0.0,0.0
2026-03-09 18:19:00,2261.6,157.1,2025.7,0.0,0.0
2026-03-09 18:20:00,2342.4,150.7,1984.3,0.0,123.9
2026-03-09 18:21:00,2204.9,146.4,1975.7,0.0,0.0
2026-03-09 18:22:00,2218.7,153.3,1986.3,0.0,0.0
2026-03-09 18:23:00,2340.8,151.3,1992.5,0.0,119.7
2026-03-09 18:24:00,2346.2,149.6,1991.4,0.0,122.4
2026-03-09 18:25:00,2193.6,148.0,1959.1,0.0,0.0
2026-03-09 18:26:00,2353.4,144.7,2008.5,0.0,113.3
2026-03-09 18:27:00,2346.4,149.7,1995.1,0.0,116.9
2026-03-09 18:28:00,2322.6,150.5,1974.0,0.0,116.1
2026-03-09 18:29:00,2180.5,150.0,1945.6,0.0,0.0
2026-03-09 18:30:00,2211.6,157.5,1990.1,0.0,0.0
2026-03-09 18:31:00,2284.8,150.0,1931.2,0.0,119.0
2026-03-09 18:32:00,2370.7,151.5,2013.1,0.0,126.3
2026-03-09 18:33:00,2347.9,156.4,1987.7,0.0,115.4
2026-03-09 18:34:00,2361.0,154.2,1996.2,0.0,122.6
2026-03-09 18:35:00,2238.3,0.0,2043.9,0.0,120.5
2026-03-09 18:36:00,2202.0,0.0,2009.1,0.0,118.0
2026-03-09 18:37:00,2072.6,0.0,1997.2,0.0,0.0
2026-03-09 18:38:00,2196.7,0.0,1986.9,0.0,119.0
2026-03-09 18:39:00,2202.8,0.0,1999.8,0.0,123.8
2026-03-09 18:40:00,2240.8,0.0,2045.9,0.0,117.1
2026-03-09 18:41:00,2066.8,0.0,1986.9,0.0,0.0
2026-03-09 18:42:00,2158.8,0.0,1960.6,0.0,113.2
2026-03-09 18:43:00,2034.0,0.0,1952.7,0.0,0.0
2026-03-09 18:44:00,2204.5,0.0,2017.0,0.0,115.2
2026-03-09 18:45:00,2174.7,0.0,1978.5,0.0,114.1
2026-03-09 18:46:00,2193.1,0.0,1993.5,0.0,120.9
2026-03-09 18:47:00,2057.1,0.0,1975.5,0.0,0.0
2026-03-09 18:48:00,2181.8,0.0,1986.8,0.0,116.2
2026-03-09 18:49:00,2164.8,0.0,1969.5,0.0,116.2
2026-03-09 18:50:00,2090.6,0.0,2019.3,0.0,0.0
2026-03-09 18:51:00,2199.7,0.0,1993.2,0.0,122.6
2026-03-09 18:52:00,2214.9,0.0,2025.3,0.0,118.1
2026-03-09 18:53:00,2187.0,0.0,2000.9,0.0,113.3
2026-03-09 18:54:00,2085.5,0.0,2010.7,0.0,0.0
2026-03-09 18:55:00,2038.6,0.0,1959.2,0.0,0.0
2026-03-09 18:56:00,2096.2,0.0,2006.4,0.0,0.0
2026-03-09 18:57:00,2123.5,0.0,2051.5,0.0,0.0
2026-03-09 18:58:00,2109.7,0.0,2036.2,0.0,0.0
2026-03-09 18:59:00,2088.1,0.0,2005.7,0.0,0.0
2026-03-09 19:00:00,2371.1,146.7,2009.2,0.0,130.1
2026-03-09 19:01:00,2265.2,146.2,2037.6,0.0,0.0
2026-03-09 19:02:00,2354.4,149.4,1997.5,0.0,126.2
2026-03-09 19:03:00,2232.2,153.9,1990.5,0.0,0.0
2026-03-09 19:04:00,2260.3,143.4,2047.0,0.0,0.0
2026-03-09 19:05:00,2333.7,148.5,1978.2,0.0,123.1
2026-03-09 19:06:00,2366.1,156.3,2016.1,0.0,119.0
2026-03-09 19:07:00,2384.9,158.2,2023.8,0.0,125.6
2026-03-09 19:08:00,2379.2,145.9,2031.0,0.0,124.9
2026-03-09 19:09:00,2151.5,141.1,1940.8,0.0,0.0
2026-03-09 19:10:00,2237.4,149.1,2010.5,0.0,0.0
2026-03-09 19:11:00,2399.7,148.6,2059.3,0.0,115.5
2026-03-09 19:12:00,2373.3,155.3,2021.9,0.0,125.8
2026-03-09 19:13:00,2245.5,154.3,2010.8,0.0,0.0
2026-03-09 19:14:00,2396.0,150.1,2048.9,0.0,116.0
2026-03-09 19:15:00,2346.4,145.5,1998.5,0.0,121.8
2026-03-09 19:16:00,2375.0,151.5,2017.9,0.0,122.7
2026-03-09 19:17:00,2317.7,145.4,1979.7,0.0,119.0
2026-03-09 19:18:00,2309.5,145.0,1963.2,0.0,119.7
2026-03-09 19:19:00,2260.3,149.5,1920.1,0.0,111.9
2026-03-09 19:20:00,2360.7,159.9,2000.6,0.0,122.5
2026-03-09 19:21:00,2390.1,158.9,2038.5,0.0,120.2
2026-03-09 19:22:00,2300.2,157.3,1936.4,0.0,118.2
2026-03-09 19:23:00,2365.8,141.6,2016.9,0.0,121.9
2026-03-09 19:24:00,2344.6,153.0,1999.5,0.0,114.4
2026-03-09 19:25:00,2365.4,145.9,2035.9,0.0,115.3
2026-03-09 19:26:00,2191.8,152.3,1965.6,0.0,0.0
2026-03-09 19:27:00,2366.2,154.4,2008.8,0.0,119.6
2026-03-09 19:28:00,2180.1,153.4,1947.7,0.0,0.0
2026-03-09 19:29:00,2364.7,146.5,2021.9,0.0,126.8
2026-03-09 19:30:00,2364.6,144.7,2005.0,0.0,132.0
2026-03-09 19:31:00,2384.0,153.5,2026.0,0.0,120.2
2026-03-09 19:32:00,2163.4,156.3,1926.6,0.0,0.0
2026-03-09 19:33:00,2436.0,146.0,2085.7,0.0,125.6
2026-03-09 19:34:00,2351.9,145.4,2019.9,0.0,114.8
2026-03-09 19:35:00,2263.1,0.0,2063.4,0.0,119.8
2026-03-09 19:36:00,2248.8,0.0,2050.7,0.0,117.3
2026-03-09 19:37:00,2221.4,0.0,2014.3,0.0,117.4
2026-03-09 19:38:00,2221.7,0.0,2025.7,0.0,115.3
2026-03-09 19:39:00,2044.6,0.0,1967.6,0.0,0.0
2026-03-09 19:40:00,2195.1,0.0,2000.2,0.0,120.2
2026-03-09 19:41:00,2040.6,0.0,1965.6,0.0,0.0
2026-03-09 19:42:00,2167.8,0.0,1966.3,0.0,118.5
2026-03-09 19:43:00,2210.5,0.0,2008.8,0.0,125.1
2026-03-09 19:44:00,2082.3,0.0,2008.3,0.0,0.0
2026-03-09 19:45:00,2091.6,0.0,2003.4,0.0,0.0
2026-03-09 19:46:00,2203.1,0.0,1999.5,0.0,124.1
2026-03-09 19:47:00,2209.0,0.0,2016.9,0.0,118.8
2026-03-09 19:48:00,2041.3,0.0,1958.0,0.0,0.0
2026-03-09 19:49:00,2141.1,0.0,1948.8,0.0,121.0
2026-03-09 19:50:00,2090.3,0.0,2016.0,0.0,0.0
2026-03-09 19:51:00,2168.3,0.0,1970.5,0.0,116.4
2026-03-09 19:52:00,2053.5,0.0,1963.0,0.0,0.0
2026-03-09 19:53:00,2207.2,0.0,2010.9,0.0,111.5
2026-03-09 19:54:00,2091.1,0.0,2007.2,0.0,0.0
2026-03-09 19:55:00,2100.3,0.0,2016.2,0.0,0.0
2026-03-09 19:56:00,2068.3,0.0,1980.8,0.0,0.0
2026-03-09 19:57:00,2034.5,0.0,1957.3,0.0,0.0
2026-03-09 19:58:00,2222.2,0.0,2019.7,0.0,120.0
2026-03-09 19:59:00,2223.2,0.0,2013.9,0.0,125.4
2026-03-09 20:00:00,2337.1,146.7,1977.4,0.0,125.0
2026-03-09 20:01:00,2208.0,151.6,1985.9,0.0,0.0
2026-03-09 20:02:00,2247.8,150.0,2031.9,0.0,0.0
2026-03-09 20:03:00,2354.0,150.7,1995.9,0.0,122.7
2026-03-09 20:04:00,2230.6,144.2,2006.4,0.0,0.0
2026-03-09 20:05:00,2256.9,151.2,2015.8,0.0,0.0
2026-03-09 20:06:00,2228.7,158.1,1988.9,0.0,0.0
2026-03-09 20:07:00,2273.5,144.7,1941.1,0.0,108.8
2026-03-09 20:08:00,2342.6,150.6,1986.3,0.0,116.5
2026-03-09 20:09:00,2381.7,150.0,2019.1,0.0,123.4
2026-03-09 20:10:00,2309.7,151.5,1956.0,0.0,115.5
2026-03-09 20:11:00,2220.6,153.8,1984.9,0.0,0.0
2026-03-09 20:12:00,2193.7,147.1,1965.9,0.0,0.0
2026-03-09 20:13:00,2266.4,154.6,1916.1,0.0,121.2
2026-03-09 20:14:00,2202.2,153.5,1965.2,0.0,0.0
2026-03-09 20:15:00,2239.7,148.6,2006.8,0.0,0.0
2026-03-09 20:16:00,2237.9,153.4,1999.4,0.0,0.0
2026-03-09 20:17:00,2394.6,156.3,2042.2,0.0,120.5
2026-03-09 20:18:00,2335.5,157.4,1980.0,0.0,119.6
2026-03-09 20:19:00,2206.1,149.2,1976.5,0.0,0.0
2026-03-09 20:20:00,2347.7,154.5,1989.6,0.0,115.7
2026-03-09 20:21:00,2346.1,150.3,1995.3,0.0,116.3
2026-03-09 20:22:00,2200.6,146.4,1979.4,0.0,0.0
2026-03-09 20:23:00,2385.2,162.5,2029.6,0.0,115.7
2026-03-09 20:24:00,2370.9,155.8,2011.7,0.0,129.8
2026-03-09 20:25:00,2284.2,154.4,2044.6,0.0,0.0
2026-03-09 20:26:00,2212.5,149.2,1983.8,0.0,0.0
2026-03-09 20:27:00,2366.9,151.6,2019.1,0.0,114.3
2026-03-09 20:28:00,2370.5,148.3,2024.0,0.0,122.7
2026-03-09 20:29:00,2348.7,160.2,1987.4,0.0,124.5
2026-03-09 20:30:00,2339.9,147.8,2011.9,0.0,107.2
2026-03-09 20:31:00,2229.0,150.8,1996.0,0.0,0.0
2026-03-09 20:32:00,2366.1,155.0,1999.2,0.0,127.4
2026-03-09 20:33:00,2394.2,149.9,2046.7,0.0,116.5
2026-03-09 20:34:00,2181.9,155.2,1946.9,0.0,0.0
2026-03-09 20:35:00,2149.2,0.0,1955.9,0.0,117.8
2026-03-09 20:36:00,2206.2,0.0,2010.6,0.0,123.6
2026-03-09 20:37:00,2101.1,0.0,2027.5,0.0,0.0
2026-03-09 20:38:00,2184.0,0.0,1988.1,0.0,116.7
2026-03-09 20:39:00,2198.4,0.0,1999.9,0.0,126.2
2026-03-09 20:40:00,2028.9,0.0,1947.7,0.0,0.0
2026-03-09 20:41:00,2066.2,0.0,1985.5,0.0,0.0
2026-03-09 20:42:00,2032.1,0.0,1951.1,0.0,0.0
2026-03-09 20:43:00,2239.4,0.0,2035.8,0.0,124.0
2026-03-09 20:44:00,2135.5,0.0,1928.7,0.0,124.0
2026-03-09 20:45:00,2231.7,0.0,2031.7,0.0,128.6
2026-03-09 20:46:00,2120.1,0.0,2026.7,0.0,0.0
2026-03-09 20:47:00,2042.8,0.0,1957.5,0.0,0.0
2026-03-09 20:48:00,2217.4,0.0,2017.0,0.0,126.1
2026-03-09 20:49:00,2215.6,0.0,2026.0,0.0,111.0
2026-03-09 20:50:00,2183.1,0.0,1985.1,0.0,121.7
2026-03-09 20:51:00,2110.6,0.0,2028.9,0.0,0.0
2026-03-09 20:52:00,2042.2,0.0,1964.2,0.0,0.0
2026-03-09 20:53:00,2216.5,0.0,2013.2,0.0,119.3
2026-03-09 20:54:00,2069.7,0.0,1987.9,0.0,0.0
2026-03-09 20:55:00,2077.5,0.0,1980.8,0.0,0.0
2026-03-09 20:56:00,2110.2,0.0,1916.6,0.0,114.8
2026-03-09 20:57:00,2172.4,0.0,1963.4,0.0,113.5
2026-03-09 20:58:00,2049.0,0.0,1971.4,0.0,0.0
2026-03-09 20:59:00,2125.9,0.0,2041.0,0.0,0.0
2026-03-09 21:00:00,2324.5,158.2,1954.4,0.0,121.6
2026-03-09 21:01:00,2200.1,143.3,1974.1,0.0,0.0
2026-03-09 21:02:00,2267.5,143.0,2045.3,0.0,0.0
2026-03-09 21:03:00,2338.6,147.4,1990.2,0.0,124.1
2026-03-09 21:04:00,2302.1,148.4,1948.8,0.0,121.6
2026-03-09 21:05:00,2223.9,153.1,1984.3,0.0,0.0
2026-03-09 21:06:00,2248.6,146.7,2011.9,0.0,0.0
2026-03-09 21:07:00,2347.0,145.7,1997.6,0.0,124.7
2026-03-09 21:08:00,2255.0,154.3,2027.5,0.0,0.0
2026-03-09 21:09:00,2293.8,145.3,1953.4,0.0,123.7
2026-03-09 21:10:00,2354.1,163.8,1990.0,0.0,113.7
2026-03-09 21:11:00,2251.4,143.1,1909.8,0.0,126.0
2026-03-09 21:12:00,2375.8,150.5,2023.0,0.0,123.3
2026-03-09 21:13:00,2322.5,156.0,1958.5,0.0,119.7
2026-03-09 21:14:00,2237.1,150.3,2007.7,0.0,0.0
2026-03-09 21:15:00,2365.7,142.0,2031.0,0.0,117.8
2026-03-09 21:16:00,2215.7,150.0,1977.5,0.0,0.0
2026-03-09 21:17:00,2331.8,155.6,1985.7,0.0,112.8
2026-03-09 21:18:00,2245.9,146.5,2010.4,0.0,0.0
2026-03-09 21:19:00,2350.8,142.0,2024.6,0.0,116.2
2026-03-09 21:20:00,2380.7,149.9,2028.7,0.0,118.1
2026-03-09 21:21:00,2359.0,139.4,2014.5,0.0,124.5
2026-03-09 21:22:00,2345.5,152.6,1998.1,0.0,123.0
2026-03-09 21:23:00,2418.9,153.9,2071.1,0.0,115.4
2026-03-09 21:24:00,2258.3,150.9,2026.2,0.0,0.0
2026-03-09 21:25:00,2398.3,144.4,2052.7,0.0,121.5
2026-03-09 21:26:00,2352.1,155.7,2013.0,0.0,116.6
2026-03-09 21:27:00,2345.5,157.1,1984.7,0.0,121.0
2026-03-09 21:28:00,2244.6,156.1,2007.8,0.0,0.0
2026-03-09 21:29:00,2373.5,148.2,2018.7,0.0,125.4
2026-03-09 21:30:00,2268.3,152.8,2042.2,0.0,0.0
2026-03-09 21:31:00,2327.1,146.7,1979.7,0.0,120.9
2026-03-09 21:32:00,2268.3,156.4,2039.9,0.0,0.0
2026-03-09 21:33:00,2321.5,148.0,1975.4,0.0,118.4
2026-03-09 21:34:00,2321.4,144.1,1977.4,0.0,118.9
2026-03-09 21:35:00,2176.6,0.0,1985.6,0.0,118.0
2026-03-09 21:36:00,2229.8,0.0,2035.7,0.0,112.8
2026-03-09 21:37:00,2223.6,0.0,2013.9,0.0,127.6
2026-03-09 21:38:00,2221.1,0.0,2020.1,0.0,115.3
2026-03-09 21:39:00,2173.0,0.0,1978.9,0.0,112.6
2026-03-09 21:40:00,2121.4,0.0,2038.8,0.0,0.0
2026-03-09 21:41:00,2209.1,0.0,2016.8,0.0,116.7
2026-03-09 21:42:00,2205.9,0.0,2005.5,0.0,116.8
2026-03-09 21:43:00,2199.6,0.0,1992.5,0.0,124.7
2026-03-09 21:44:00,2084.7,0.0,2013.4,0.0,0.0
2026-03-09 21:45:00,2086.4,0.0,2011.8,0.0,0.0
2026-03-09 21:46:00,2241.1,0.0,2041.8,0.0,118.3
2026-03-09 21:47:00,2231.3,0.0,2027.3,0.0,114.6
2026-03-09 21:48:00,2209.2,0.0,2002.8,0.0,115.0
2026-03-09 21:49:00,2155.3,0.0,1959.1,0.0,114.5
2026-03-09 21:50:00,2077.1,0.0,2002.0,0.0,0.0
2026-03-09 21:51:00,2142.8,0.0,1946.9,0.0,116.2
2026-03-09 21:52:00,2040.1,0.0,1967.5,0.0,0.0
2026-03-09 21:53:00,2124.9,0.0,2049.5,0.0,0.0
2026-03-09 21:54:00,2191.0,0.0,1990.8,0.0,114.6
2026-03-09 21:55:00,2084.0,0.0,2008.4,0.0,0.0
2026-03-09 21:56:00,2203.2,0.0,2010.3,0.0,114.6
2026-03-09 21:57:00,2224.1,0.0,2010.1,0.0,124.6
2026-03-09 21:58:00,2193.6,0.0,1986.1,0.0,122.8
2026-03-09 21:59:00,2059.6,0.0,1977.7,0.0,0.0
2026-03-09 22:00:00,2331.1,154.5,1970.3,0.0,120.1
2026-03-09 22:01:00,2266.5,148.4,2024.6,0.0,0.0
2026-03-09 22:02:00,2240.8,151.9,2003.4,0.0,0.0
2026-03-09 22:03:00,2377.8,154.1,2025.9,0.0,118.5
2026-03-09 22:04:00,2340.5,146.7,2004.8,0.0,120.9
2026-03-09 22:05:00,2337.9,148.1,2111.7,0.0,0.0
2026-03-09 22:06:00,2256.1,150.9,2030.0,0.0,0.0
2026-03-09 22:07:00,2218.0,145.9,1990.9,0.0,0.0
2026-03-09 22:08:00,2218.0,150.5,1980.8,0.0,0.0
2026-03-09 22:09:00,2359.8,153.2,2008.4,0.0,121.1
2026-03-09 22:10:00,2166.7,150.2,1944.3,0.0,0.0
2026-03-09 22:11:00,2331.9,141.7,1993.4,0.0,117.7
2026-03-09 22:12:00,2331.1,151.4,1972.8,0.0,116.8
2026-03-09 22:13:00,2299.1,149.0,1956.2,0.0,117.1
2026-03-09 22:14:00,2342.1,149.9,1999.0,0.0,123.8
2026-03-09 22:15:00,2330.1,144.1,1983.3,0.0,123.1
2026-03-09 22:16:00,2355.4,150.3,1994.9,0.0,119.2
2026-03-09 22:17:00,2383.8,149.4,2036.4,0.0,120.0
2026-03-09 22:18:00,2331.5,147.1,1972.9,0.0,126.9
2026-03-09 22:19:00,2363.6,146.1,2005.6,0.0,124.6
2026-03-09 22:20:00,2358.6,149.2,2003.9,0.0,117.6
2026-03-09 22:21:00,2333.4,140.4,2005.6,0.0,114.1
2026-03-09 22:22:00,2354.8,151.2,1995.8,0.0,130.9
2026-03-09 22:23:00,2365.0,147.4,2023.8,0.0,117.7
2026-03-09 22:24:00,2174.4,155.1,1941.7,0.0,0.0
2026-03-09 22:25:00,2351.8,140.7,2015.2,0.0,115.3
2026-03-09 22:26:00,2351.4,147.5,2004.5,0.0,119.6
2026-03-09 22:27:00,2374.6,151.4,2010.9,0.0,132.6
2026-03-09 22:28:00,2245.5,151.2,2018.0,0.0,0.0
2026-03-09 22:29:00,2226.9,147.8,1990.7,0.0,0.0
2026-03-09 22:30:00,2212.8,154.8,1980.5,0.0,0.0
2026-03-09 22:31:00,2286.5,147.6,2051.0,0.0,0.0
2026-03-09 22:32:00,2342.3,152.5,1989.8,0.0,120.0
2026-03-09 22:33:00,2351.4,149.7,1987.1,0.0,118.9
2026-03-09 22:34:00,2369.2,148.6,2022.6,0.0,114.8
2026-03-09 22:35:00,2042.2,0.0,1959.7,0.0,0.0
2026-03-09 22:36:00,2241.8,0.0,2047.7,0.0,127.0
2026-03-09 22:37:00,2043.5,0.0,1972.9,0.0,0.0
2026-03-09 22:38:00,2206.1,0.0,2002.1,0.0,123.7
2026-03-09 22:39:00,2213.1,0.0,2020.8,0.0,118.7
2026-03-09 22:40:00,2246.6,0.0,2034.0,0.0,122.4
2026-03-09 22:41:00,2249.8,0.0,2048.4,0.0,118.8
2026-03-09 22:42:00,2117.3,0.0,2041.4,0.0,0.0
2026-03-09 22:43:00,2212.5,0.0,2010.5,0.0,117.1
2026-03-09 22:44:00,2044.5,0.0,1956.3,0.0,0.0
2026-03-09 22:45:00,2051.6,0.0,1972.2,0.0,0.0
2026-03-09 22:46:00,2042.7,0.0,1960.5,0.0,0.0
2026-03-09 22:47:00,2052.1,0.0,1978.9,0.0,0.0
2026-03-09 22:48:00,2204.1,0.0,1991.5,0.0,124.5
2026-03-09 22:49:00,2173.2,0.0,1979.3,0.0,114.9
2026-03-09 22:50:00,2185.9,0.0,1979.0,0.0,124.0
2026-03-09 22:51:00,2072.3,0.0,1990.0,0.0,0.0
2026-03-09 22:52:00,2170.6,0.0,1986.4,0.0,108.2
2026-03-09 22:53:00,2277.0,0.0,2063.4,0.0,120.9
2026-03-09 22:54:00,2239.4,0.0,2013.2,0.0,131.4
2026-03-09 22:55:00,2206.4,0.0,2002.4,0.0,115.7
2026-03-09 22:56:00,2227.4,0.0,2030.3,0.0,118.2
2026-03-09 22:57:00,2076.4,0.0,1999.9,0.0,0.0
2026-03-09 22:58:00,2175.6,0.0,1975.7,0.0,127.6
2026-03-09 22:59:00,2204.0,0.0,2021.7,0.0,113.4
2026-03-09 23:00:00,2208.9,136.2,1989.4,0.0,0.0
2026-03-09 23:01:00,2165.4,141.0,1944.2,0.0,0.0
2026-03-09 23:02:00,2216.3,149.2,1984.1,0.0,0.0
2026-03-09 23:03:00,2225.8,143.3,2006.2,0.0,0.0
2026-03-09 23:04:00,2184.4,153.0,1954.2,0.0,0.0
2026-03-09 23:05:00,2192.3,152.5,1968.2,0.0,0.0
2026-03-09 23:06:00,2226.8,147.8,2004.3,0.0,0.0
2026-03-09 23:07:00,2214.4,154.1,1976.3,0.0,0.0
2026-03-09 23:08:00,2198.2,140.3,1977.9,0.0,0.0
2026-03-09 23:09:00,2226.7,149.5,2001.8,0.0,0.0
2026-03-09 23:10:00,2198.6,154.4,1968.6,0.0,0.0
2026-03-09 23:11:00,2281.2,156.8,2050.5,0.0,0.0
2026-03-09 23:12:00,2206.1,152.8,1972.0,0.0,0.0
2026-03-09 23:13:00,2229.7,157.4,1987.0,0.0,0.0
2026-03-09 23:14:00,2236.6,152.1,2011.6,0.0,0.0
2026-03-09 23:15:00,2252.1,149.3,2020.1,0.0,0.0
2026-03-09 23:16:00,2256.9,151.6,2025.1,0.0,0.0
2026-03-09 23:17:00,2239.0,162.2,2001.7,0.0,0.0
2026-03-09 23:18:00,2266.4,160.9,2010.4,0.0,0.0
2026-03-09 23:19:00,2202.1,152.0,1972.4,0.0,0.0
2026-03-09 23:20:00,2206.1,152.6,1975.9,0.0,0.0
2026-03-09 23:21:00,2247.8,152.6,2027.8,0.0,0.0
2026-03-09 23:22:00,2239.4,142.7,2013.3,0.0,0.0
2026-03-09 23:23:00,2237.2,147.5,2016.8,0.0,0.0
2026-03-09 23:24:00,2238.1,150.8,2002.7,0.0,0.0
2026-03-09 23:25:00,2208.0,146.2,1977.8,0.0,0.0
2026-03-09 23:26:00,2270.0,149.0,2044.5,0.0,0.0
2026-03-09 23:27:00,2194.6,144.0,1972.4,0.0,0.0
2026-03-09 23:28:00,2253.0,149.5,2018.7,0.0,0.0
2026-03-09 23:29:00,2260.5,154.8,2019.0,0.0,0.0
2026-03-09 23:30:00,2226.1,150.2,1987.9,0.0,0.0
2026-03-09 23:31:00,2213.2,154.0,1989.8,0.0,0.0
2026-03-09 23:32:00,2160.7,149.1,1932.3,0.0,0.0
2026-03-09 23:33:00,2223.8,146.0,2002.0,0.0,0.0
2026-03-09 23:34:00,2232.6,150.6,1995.4,0.0,0.0
2026-03-09 23:35:00,2092.8,0.0,2003.5,0.0,0.0
2026-03-09 23:36:00,2052.7,0.0,1971.2,0.0,0.0
2026-03-09 23:37:00,2122.0,0.0,2043.1,0.0,0.0
2026-03-09 23:38:00,2062.5,0.0,1982.5,0.0,0.0
2026-03-09 23:39:00,2081.0,0.0,2007.2,0.0,0.0
2026-03-09 23:40:00,2082.3,0.0,2004.4,0.0,0.0
2026-03-09 23:41:00,2122.6,0.0,2042.8,0.0,0.0
2026-03-09 23:42:00,2071.7,0.0,1999.6,0.0,0.0
2026-03-09 23:43:00,2064.1,0.0,1981.1,0.0,0.0
2026-03-09 23:44:00,2068.9,0.0,1989.5,0.0,0.0
2026-03-09 23:45:00,2079.8,0.0,2000.1,0.0,0.0
2026-03-09 23:46:00,2057.1,0.0,1963.0,0.0,0.0
2026-03-09 23:47:00,2056.0,0.0,1982.8,0.0,0.0
2026-03-09 23:48:00,2092.6,0.0,2026.6,0.0,0.0
2026-03-09 23:49:00,2042.0,0.0,1965.5,0.0,0.0
2026-03-09 23:50:00,2081.9,0.0,2008.6,0.0,0.0
2026-03-09 23:51:00,2053.0,0.0,1974.3,0.0,0.0
2026-03-09 23:52:00,2015.1,0.0,1933.7,0.0,0.0
2026-03-09 23:53:00,2139.5,0.0,2046.4,0.0,0.0
2026-03-09 23:54:00,2114.1,0.0,2035.3,0.0,0.0
2026-03-09 23:55:00,2015.1,0.0,1938.6,0.0,0.0
2026-03-09 23:56:00,2077.9,0.0,1985.7,0.0,0.0
2026-03-09 23:57:00,2045.6,0.0,1972.1,0.0,0.0
2026-03-09 23:58:00,2115.7,0.0,2033.1,0.0,0.0
2026-03-09 23:59:00,2057.6,0.0,1983.5,0.0,0.0
2026-03-10 00:00:00,2285.7,152.7,2044.2,0.0,0.0
2026-03-10 00:01:00,2283.7,158.4,2033.2,0.0,0.0
2026-03-10 00:02:00,2202.8,146.5,1976.0,0.0,0.0
2026-03-10 00:03:00,2195.0,153.9,1961.6,0.0,0.0
2026-03-10 00:04:00,2269.4,146.1,2033.5,0.0,0.0
2026-03-10 00:05:00,2226.3,148.6,1994.2,0.0,0.0
2026-03-10 00:06:00,2233.8,155.3,2001.2,0.0,0.0
2026-03-10 00:07:00,2236.8,152.4,2001.9,0.0,0.0
2026-03-10 00:08:00,2237.5,151.1,2005.8,0.0,0.0
2026-03-10 00:09:00,2196.5,151.0,1959.1,0.0,0.0
2026-03-10 00:10:00,227.3,153.2,0.0,0.0,0.0
2026-03-10 00:11:00,2205.4,156.2,1964.4,0.0,0.0
2026-03-10 00:12:00,2277.4,153.0,2038.9,0.0,0.0
2026-03-10 00:13:00,2198.9,147.8,1975.3,0.0,0.0
2026-03-10 00:14:00,2158.3,154.0,1926.9,0.0,0.0
2026-03-10 00:15:00,2224.6,149.8,1995.6,0.0,0.0
2026-03-10 00:16:00,2164.0,151.3,1935.6,0.0,0.0
2026-03-10 00:17:00,2230.0,150.7,1990.3,0.0,0.0
2026-03-10 00:18:00,2223.7,154.7,1989.9,0.0,0.0
2026-03-10 00:19:00,2217.0,151.1,1991.7,0.0,0.0
2026-03-10 00:20:00,2242.4,148.1,2009.7,0.0,0.0
2026-03-10 00:21:00,2256.6,143.0,2039.2,0.0,0.0
2026-03-10 00:22:00,2277.0,143.5,2054.1,0.0,0.0
2026-03-10 00:23:00,2282.7,151.7,2054.9,0.0,0.0
2026-03-10 00:24:00,228.9,146.8,0.0,0.0,0.0
2026-03-10 00:25:00,233.7,154.3,0.0,0.0,0.0
2026-03-10 00:26:00,220.7,150.2,0.0,0.0,0.0
2026-03-10 00:27:00,2240.9,151.4,2012.7,0.0,0.0
2026-03-10 00:28:00,2273.4,149.8,2042.4,0.0,0.0
2026-03-10 00:29:00,2211.0,162.5,1967.4,0.0,0.0
2026-03-10 00:30:00,2225.4,154.7,1990.0,0.0,0.0
2026-03-10 00:31:00,2211.5,152.6,1979.8,0.0,0.0
2026-03-10 00:32:00,2205.4,153.3,1975.9,0.0,0.0
2026-03-10 00:33:00,2227.0,138.2,1996.6,0.0,0.0
2026-03-10 00:34:00,222.6,145.6,0.0,0.0,0.0
2026-03-10 00:35:00,86.5,0.0,0.0,0.0,0.0
2026-03-10 00:36:00,79.7,0.0,0.0,0.0,0.0
2026-03-10 00:37:00,78.5,0.0,0.0,0.0,0.0
2026-03-10 00:38:00,71.7,0.0,0.0,0.0,0.0
2026-03-10 00:39:00,72.6,0.0,0.0,0.0,0.0
2026-03-10 00:40:00,77.7,0.0,0.0,0.0,0.0
2026-03-10 00:41:00,74.8,0.0,0.0,0.0,0.0
2026-03-10 00:42:00,79.2,0.0,0.0,0.0,0.0
2026-03-10 00:43:00,2038.8,0.0,1969.1,0.0,0.0
2026-03-10 00:44:00,2024.9,0.0,1952.7,0.0,0.0
2026-03-10 00:45:00,2055.4,0.0,1973.0,0.0,0.0
2026-03-10 00:46:00,2114.8,0.0,2041.8,0.0,0.0
2026-03-10 00:47:00,2086.3,0.0,2006.6,0.0,0.0
2026-03-10 00:48:00,2063.9,0.0,1987.1,0.0,0.0
2026-03-10 00:49:00,2072.1,0.0,1988.7,0.0,0.0
2026-03-10 00:50:00,2082.9,0.0,2005.7,0.0,0.0
2026-03-10 00:51:00,2100.0,0.0,2023.0,0.0,0.0
2026-03-10 00:52:00,2086.5,0.0,2002.9,0.0,0.0
2026-03-10 00:53:00,2051.8,0.0,1977.5,0.0,0.0
2026-03-10 00:54:00,2055.9,0.0,1971.4,0.0,0.0
2026-03-10 00:55:00,2098.5,0.0,2021.8,0.0,0.0
2026-03-10 00:56:00,2040.5,0.0,1958.4,0.0,0.0
2026-03-10 00:57:00,2051.9,0.0,1980.4,0.0,0.0
2026-03-10 00:58:00,2094.8,0.0,2017.1,0.0,0.0
2026-03-10 00:59:00,2089.5,0.0,2003.4,0.0,0.0
2026-03-10 01:00:00,2252.8,147.8,2030.6,0.0,0.0
2026-03-10 01:01:00,2228.6,156.8,1992.9,0.0,0.0
2026-03-10 01:02:00,2218.0,154.7,1987.1,0.0,0.0
2026-03-10 01:03:00,2224.8,155.8,1990.4,0.0,0.0
2026-03-10 01:04:00,219.0,143.8,0.0,0.0,0.0
2026-03-10 01:05:00,232.0,149.6,0.0,0.0,0.0
2026-03-10 01:06:00,229.0,151.0,0.0,0.0,0.0
2026-03-10 01:07:00,230.5,150.9,0.0,0.0,0.0
2026-03-10 01:08:00,218.6,138.3,0.0,0.0,0.0
2026-03-10 01:09:00,236.5,150.1,0.0,0.0,0.0
2026-03-10 01:10:00,233.2,149.8,0.0,0.0,0.0
2026-03-10 01:11:00,2216.3,155.3,1986.9,0.0,0.0
2026-03-10 01:12:00,2188.6,148.8,1954.6,0.0,0.0
2026-03-10 01:13:00,2239.6,150.2,2005.6,0.0,0.0
2026-03-10 01:14:00,2242.6,149.0,2015.4,0.0,0.0
2026-03-10 01:15:00,220.4,144.5,0.0,0.0,0.0
2026-03-10 01:16:00,236.5,153.1,0.0,0.0,0.0
2026-03-10 01:17:00,233.4,159.3,0.0,0.0,0.0
2026-03-10 01:18:00,233.7,145.1,0.0,0.0,0.0
2026-03-10 01:19:00,240.4,157.5,0.0,0.0,0.0
2026-03-10 01:20:00,234.5,158.3,0.0,0.0,0.0
2026-03-10 01:21:00,225.4,143.1,0.0,0.0,0.0
2026-03-10 01:22:00,226.3,143.5,0.0,0.0,0.0
2026-03-10 01:23:00,236.5,145.9,0.0,0.0,0.0
2026-03-10 01:24:00,2208.9,145.2,1980.1,0.0,0.0
2026-03-10 01:25:00,229.5,146.3,0.0,0.0,0.0
2026-03-10 01:26:00,214.9,144.7,0.0,0.0,0.0
2026-03-10 01:27:00,217.9,148.1,0.0,0.0,0.0
2026-03-10 01:28:00,235.7,152.1,0.0,0.0,0.0
2026-03-10 01:29:00,230.4,153.8,0.0,0.0,0.0
2026-03-10 01:30:00,232.7,148.9,0.0,0.0,0.0
2026-03-10 01:31:00,237.0,145.0,0.0,0.0,0.0
2026-03-10 01:32:00,230.9,152.6,0.0,0.0,0.0
2026-03-10 01:33:00,2214.0,152.9,1974.6,0.0,0.0
2026-03-10 01:34:00,225.1,145.9,0.0,0.0,0.0
2026-03-10 01:35:00,83.9,0.0,0.0,0.0,0.0
2026-03-10 01:36:00,82.5,0.0,0.0,0.0,0.0
2026-03-10 01:37:00,85.2,0.0,0.0,0.0,0.0
2026-03-10 01:38:00,75.7,0.0,0.0,0.0,0.0
2026-03-10 01:39:00,81.0,0.0,0.0,0.0,0.0
2026-03-10 01:40:00,86.3,0.0,0.0,0.0,0.0
2026-03-10 01:41:00,77.5,0.0,0.0,0.0,0.0
2026-03-10 01:42:00,71.3,0.0,0.0,0.0,0.0
2026-03-10 01:43:00,77.8,0.0,0.0,0.0,0.0
2026-03-10 01:44:00,73.8,0.0,0.0,0.0,0.0
2026-03-10 01:45:00,86.1,0.0,0.0,0.0,0.0
2026-03-10 01:46:00,71.7,0.0,0.0,0.0,0.0
2026-03-10 01:47:00,75.5,0.0,0.0,0.0,0.0
2026-03-10 01:48:00,85.9,0.0,0.0,0.0,0.0
2026-03-10 01:49:00,87.7,0.0,0.0,0.0,0.0
2026-03-10 01:50:00,86.4,0.0,0.0,0.0,0.0
2026-03-10 01:51:00,81.2,0.0,0.0,0.0,0.0
2026-03-10 01:52:00,88.4,0.0,0.0,0.0,0.0
2026-03-10 01:53:00,83.9,0.0,0.0,0.0,0.0
2026-03-10 01:54:00,80.0,0.0,0.0,0.0,0.0
2026-03-10 01:55:00,79.2,0.0,0.0,0.0,0.0
2026-03-10 01:56:00,87.8,0.0,0.0,0.0,0.0
2026-03-10 01:57:00,84.1,0.0,0.0,0.0,0.0
2026-03-10 01:58:00,86.2,0.0,0.0,0.0,0.0
2026-03-10 01:59:00,73.7,0.0,0.0,0.0,0.0
2026-03-10 02:00:00,223.5,143.2,0.0,0.0,0.0
2026-03-10 02:01:00,243.3,154.4,0.0,0.0,0.0
2026-03-10 02:02:00,228.2,142.7,0.0,0.0,0.0
2026-03-10 02:03:00,238.2,157.7,0.0,0.0,0.0
2026-03-10 02:04:00,246.2,160.7,0.0,0.0,0.0
2026-03-10 02:05:00,219.7,148.8,0.0,0.0,0.0
2026-03-10 02:06:00,223.5,142.8,0.0,0.0,0.0
2026-03-10 02:07:00,225.0,147.8,0.0,0.0,0.0
2026-03-10 02:08:00,220.2,150.9,0.0,0.0,0.0
2026-03-10 02:09:00,227.2,139.4,0.0,0.0,0.0
2026-03-10 02:10:00,226.8,146.4,0.0,0.0,0.0
2026-03-10 02:11:00,240.5,150.5,0.0,0.0,0.0
2026-03-10 02:12:00,228.4,151.9,0.0,0.0,0.0
2026-03-10 02:13:00,211.4,140.2,0.0,0.0,0.0
2026-03-10 02:14:00,220.7,149.5,0.0,0.0,0.0
2026-03-10 02:15:00,208.9,150.3,0.0,0.0,0.0
2026-03-10 02:16:00,229.7,155.4,0.0,0.0,0.0
2026-03-10 02:17:00,238.9,151.3,0.0,0.0,0.0
2026-03-10 02:18:00,234.2,155.2,0.0,0.0,0.0
2026-03-10 02:19:00,237.1,152.6,0.0,0.0,0.0
2026-03-10 02:20:00,235.0,145.5,0.0,0.0,0.0
2026-03-10 02:21:00,254.2,163.8,0.0,0.0,0.0
2026-03-10 02:22:00,234.5,153.2,0.0,0.0,0.0
2026-03-10 02:23:00,232.8,151.1,0.0,0.0,0.0
2026-03-10 02:24:00,220.3,147.9,0.0,0.0,0.0
2026-03-10 02:25:00,240.4,157.8,0.0,0.0,0.0
2026-03-10 02:26:00,226.2,150.3,0.0,0.0,0.0
2026-03-10 02:27:00,224.7,152.8,0.0,0.0,0.0
2026-03-10 02:28:00,231.9,150.9,0.0,0.0,0.0
2026-03-10 02:29:00,230.2,149.1,0.0,0.0,0.0
2026-03-10 02:30:00,220.4,141.8,0.0,0.0,0.0
2026-03-10 02:31:00,223.2,146.9,0.0,0.0,0.0
2026-03-10 02:32:00,244.4,158.7,0.0,0.0,0.0
2026-03-10 02:33:00,228.5,151.1,0.0,0.0,0.0
2026-03-10 02:34:00,214.4,146.3,0.0,0.0,0.0
2026-03-10 02:35:00,88.5,0.0,0.0,0.0,0.0
2026-03-10 02:36:00,75.0,0.0,0.0,0.0,0.0
2026-03-10 02:37:00,83.1,0.0,0.0,0.0,0.0
2026-03-10 02:38:00,86.0,0.0,0.0,0.0,0.0
2026-03-10 02:39:00,77.5,0.0,0.0,0.0,0.0
2026-03-10 02:40:00,79.5,0.0,0.0,0.0,0.0
2026-03-10 02:41:00,76.6,0.0,0.0,0.0,0.0
2026-03-10 02:42:00,80.4,0.0,0.0,0.0,0.0
2026-03-10 02:43:00,72.7,0.0,0.0,0.0,0.0
2026-03-10 02:44:00,88.3,0.0,0.0,0.0,0.0
2026-03-10 02:45:00,79.7,0.0,0.0,0.0,0.0
2026-03-10 02:46:00,81.9,0.0,0.0,0.0,0.0
2026-03-10 02:47:00,75.5,0.0,0.0,0.0,0.0
2026-03-10 02:48:00,74.5,0.0,0.0,0.0,0.0
2026-03-10 02:49:00,92.1,0.0,0.0,0.0,0.0
2026-03-10 02:50:00,82.1,0.0,0.0,0.0,0.0
2026-03-10 02:51:00,72.6,0.0,0.0,0.0,0.0
2026-03-10 02:52:00,75.9,0.0,0.0,0.0,0.0
2026-03-10 02:53:00,71.8,0.0,0.0,0.0,0.0
2026-03-10 02:54:00,80.2,0.0,0.0,0.0,0.0
2026-03-10 02:55:00,78.6,0.0,0.0,0.0,0.0
2026-03-10 02:56:00,85.1,0.0,0.0,0.0,0.0
2026-03-10 02:57:00,72.6,0.0,0.0,0.0,0.0
2026-03-10 02:58:00,78.5,0.0,0.0,0.0,0.0
2026-03-10 02:59:00,91.2,0.0,0.0,0.0,0.0
2026-03-10 03:00:00,217.8,141.5,0.0,0.0,0.0
2026-03-10 03:01:00,227.4,137.4,0.0,0.0,0.0
2026-03-10 03:02:00,237.0,154.8,0.0,0.0,0.0
2026-03-10 03:03:00,222.8,150.7,0.0,0.0,0.0
2026-03-10 03:04:00,216.4,142.3,0.0,0.0,0.0
2026-03-10 03:05:00,220.8,144.8,0.0,0.0,0.0
2026-03-10 03:06:00,250.8,163.1,0.0,0.0,0.0
2026-03-10 03:07:00,221.3,144.0,0.0,0.0,0.0
2026-03-10 03:08:00,225.6,151.4,0.0,0.0,0.0
2026-03-10 03:09:00,239.8,156.4,0.0,0.0,0.0
2026-03-10 03:10:00,244.8,161.7,0.0,0.0,0.0
2026-03-10 03:11:00,227.9,151.4,0.0,0.0,0.0
2026-03-10 03:12:00,228.5,152.3,0.0,0.0,0.0
2026-03-10 03:13:00,234.5,143.6,0.0,0.0,0.0
2026-03-10 03:14:00,231.7,152.1,0.0,0.0,0.0
2026-03-10 03:15:00,229.1,149.5,0.0,0.0,0.0
2026-03-10 03:16:00,220.5,144.1,0.0,0.0,0.0
2026-03-10 03:17:00,211.8,143.8,0.0,0.0,0.0
2026-03-10 03:18:00,229.8,156.2,0.0,0.0,0.0
2026-03-10 03:19:00,240.5,155.2,0.0,0.0,0.0
2026-03-10 03:20:00,250.5,163.5,0.0,0.0,0.0
2026-03-10 03:21:00,238.7,148.0,0.0,0.0,0.0
2026-03-10 03:22:00,215.1,139.3,0.0,0.0,0.0
2026-03-10 03:23:00,236.8,160.3,0.0,0.0,0.0
2026-03-10 03:24:00,225.2,153.0,0.0,0.0,0.0
2026-03-10 03:25:00,241.7,158.7,0.0,0.0,0.0
2026-03-10 03:26:00,228.0,146.2,0.0,0.0,0.0
2026-03-10 03:27:00,222.5,147.7,0.0,0.0,0.0
2026-03-10 03:28:00,235.1,157.7,0.0,0.0,0.0
2026-03-10 03:29:00,228.4,145.7,0.0,0.0,0.0
2026-03-10 03:30:00,222.8,149.5,0.0,0.0,0.0
2026-03-10 03:31:00,229.8,149.8,0.0,0.0,0.0
2026-03-10 03:32:00,233.2,154.5,0.0,0.0,0.0
2026-03-10 03:33:00,228.0,155.3,0.0,0.0,0.0
2026-03-10 03:34:00,228.4,145.9,0.0,0.0,0.0
2026-03-10 03:35:00,84.3,0.0,0.0,0.0,0.0
2026-03-10 03:36:00,79.8,0.0,0.0,0.0,0.0
2026-03-10 03:37:00,85.1,0.0,0.0,0.0,0.0
2026-03-10 03:38:00,76.9,0.0,0.0,0.0,0.0
2026-03-10 03:39:00,78.9,0.0,0.0,0.0,0.0
2026-03-10 03:40:00,84.0,0.0,0.0,0.0,0.0
2026-03-10 03:41:00,67.2,0.0,0.0,0.0,0.0
2026-03-10 03:42:00,77.8,0.0,0.0,0.0,0.0
2026-03-10 03:43:00,76.8,0.0,0.0,0.0,0.0
2026-03-10 03:44:00,83.5,0.0,0.0,0.0,0.0
2026-03-10 03:45:00,77.1,0.0,0.0,0.0,0.0
2026-03-10 03:46:00,87.9,0.0,0.0,0.0,0.0
2026-03-10 03:47:00,85.9,0.0,0.0,0.0,0.0
2026-03-10 03:48:00,80.4,0.0,0.0,0.0,0.0
2026-03-10 03:49:00,77.7,0.0,0.0,0.0,0.0
2026-03-10 03:50:00,79.1,0.0,0.0,0.0,0.0
2026-03-10 03:51:00,82.7,0.0,0.0,0.0,0.0
2026-03-10 03:52:00,79.1,0.0,0.0,0.0,0.0
2026-03-10 03:53:00,88.8,0.0,0.0,0.0,0.0
2026-03-10 03:54:00,76.6,0.0,0.0,0.0,0.0
2026-03-10 03:55:00,90.0,0.0,0.0,0.0,0.0
2026-03-10 03:56:00,77.2,0.0,0.0,0.0,0.0
2026-03-10 03:57:00,83.0,0.0,0.0,0.0,0.0
2026-03-10 03:58:00,74.6,0.0,0.0,0.0,0.0
2026-03-10 03:59:00,72.8,0.0,0.0,0.0,0.0
2026-03-10 04:00:00,229.9,151.4,0.0,0.0,0.0
2026-03-10 04:01:00,255.0,164.2,0.0,0.0,0.0
2026-03-10 04:02:00,225.0,147.6,0.0,0.0,0.0
2026-03-10 04:03:00,224.7,145.0,0.0,0.0,0.0
2026-03-10 04:04:00,228.7,141.2,0.0,0.0,0.0
2026-03-10 04:05:00,220.6,139.5,0.0,0.0,0.0
2026-03-10 04:06:00,231.7,152.1,0.0,0.0,0.0
2026-03-10 04:07:00,227.5,151.7,0.0,0.0,0.0
2026-03-10 04:08:00,234.6,146.8,0.0,0.0,0.0
2026-03-10 04:09:00,221.4,152.0,0.0,0.0,0.0
2026-03-10 04:10:00,226.7,153.0,0.0,0.0,0.0
2026-03-10 04:11:00,232.2,146.0,0.0,0.0,0.0
2026-03-10 04:12:00,235.8,151.3,0.0,0.0,0.0
2026-03-10 04:13:00,237.5,154.4,0.0,0.0,0.0
2026-03-10 04:14:00,214.1,142.3,0.0,0.0,0.0
2026-03-10 04:15:00,228.2,149.2,0.0,0.0,0.0
2026-03-10 04:16:00,234.7,150.4,0.0,0.0,0.0
2026-03-10 04:17:00,215.3,140.6,0.0,0.0,0.0
2026-03-10 04:18:00,240.9,162.5,0.0,0.0,0.0
2026-03-10 04:19:00,234.1,155.5,0.0,0.0,0.0
2026-03-10 04:20:00,243.5,159.8,0.0,0.0,0.0
2026-03-10 04:21:00,212.3,142.5,0.0,0.0,0.0
2026-03-10 04:22:00,237.2,149.7,0.0,0.0,0.0
2026-03-10 04:23:00,232.1,156.1,0.0,0.0,0.0
2026-03-10 04:24:00,222.0,147.5,0.0,0.0,0.0
2026-03-10 04:25:00,244.0,160.8,0.0,0.0,0.0
2026-03-10 04:26:00,221.9,144.4,0.0,0.0,0.0
2026-03-10 04:27:00,235.9,149.9,0.0,0.0,0.0
2026-03-10 04:28:00,229.8,148.1,0.0,0.0,0.0
2026-03-10 04:29:00,229.9,141.5,0.0,0.0,0.0
2026-03-10 04:30:00,235.0,148.8,0.0,0.0,0.0
2026-03-10 04:31:00,237.0,150.0,0.0,0.0,0.0
2026-03-10 04:32:00,238.1,144.4,0.0,0.0,0.0
2026-03-10 04:33:00,227.0,147.5,0.0,0.0,0.0
2026-03-10 04:34:00,240.8,154.9,0.0,0.0,0.0
2026-03-10 04:35:00,84.6,0.0,0.0,0.0,0.0
2026-03-10 04:36:00,71.9,0.0,0.0,0.0,0.0
2026-03-10 04:37:00,80.2,0.0,0.0,0.0,0.0
2026-03-10 04:38:00,79.3,0.0,0.0,0.0,0.0
2026-03-10 04:39:00,76.6,0.0,0.0,0.0,0.0
2026-03-10 04:40:00,86.6,0.0,0.0,0.0,0.0
2026-03-10 04:41:00,85.7,0.0,0.0,0.0,0.0
2026-03-10 04:42:00,82.2,0.0,0.0,0.0,0.0
2026-03-10 04:43:00,77.3,0.0,0.0,0.0,0.0
2026-03-10 04:44:00,80.6,0.0,0.0,0.0,0.0
2026-03-10 04:45:00,75.5,0.0,0.0,0.0,0.0
2026-03-10 04:46:00,90.9,0.0,0.0,0.0,0.0
2026-03-10 04:47:00,74.8,0.0,0.0,0.0,0.0
2026-03-10 04:48:00,86.8,0.0,0.0,0.0,0.0
2026-03-10 04:49:00,82.5,0.0,0.0,0.0,0.0
2026-03-10 04:50:00,75.5,0.0,0.0,0.0,0.0
2026-03-10 04:51:00,76.4,0.0,0.0,0.0,0.0
2026-03-10 04:52:00,70.6,0.0,0.0,0.0,0.0
2026-03-10 04:53:00,75.4,0.0,0.0,0.0,0.0
2026-03-10 04:54:00,74.1,0.0,0.0,0.0,0.0
2026-03-10 04:55:00,83.0,0.0,0.0,0.0,0.0
2026-03-10 04:56:00,85.6,0.0,0.0,0.0,0.0
2026-03-10 04:57:00,80.9,0.0,0.0,0.0,0.0
2026-03-10 04:58:00,73.9,0.0,0.0,0.0,0.0
2026-03-10 04:59:00,81.2,0.0,0.0,0.0,0.0
2026-03-10 05:00:00,235.7,150.2,0.0,0.0,0.0
2026-03-10 05:01:00,237.7,150.6,0.0,0.0,0.0
2026-03-10 05:02:00,231.1,145.3,0.0,0.0,0.0
2026-03-10 05:03:00,230.9,154.8,0.0,0.0,0.0
2026-03-10 05:04:00,234.3,148.2,0.0,0.0,0.0
2026-03-10 05:05:00,235.6,153.2,0.0,0.0,0.0
2026-03-10 05:06:00,239.9,164.6,0.0,0.0,0.0
2026-03-10 05:07:00,239.9,151.2,0.0,0.0,0.0
2026-03-10 05:08:00,241.6,144.7,0.0,0.0,0.0
2026-03-10 05:09:00,219.8,142.6,0.0,0.0,0.0
2026-03-10 05:10:00,223.8,145.0,0.0,0.0,0.0
2026-03-10 05:11:00,221.4,144.8,0.0,0.0,0.0
2026-03-10 05:12:00,228.5,151.4,0.0,0.0,0.0
2026-03-10 05:13:00,236.6,156.9,0.0,0.0,0.0
2026-03-10 05:14:00,231.2,150.1,0.0,0.0,0.0
2026-03-10 05:15:00,242.0,148.5,0.0,0.0,0.0
2026-03-10 05:16:00,226.9,153.2,0.0,0.0,0.0
2026-03-10 05:17:00,234.6,145.7,0.0,0.0,0.0
2026-03-10 05:18:00,238.4,148.8,0.0,0.0,0.0
2026-03-10 05:19:00,231.5,154.7,0.0,0.0,0.0
2026-03-10 05:20:00,244.8,156.3,0.0,0.0,0.0
2026-03-10 05:21:00,233.2,148.1,0.0,0.0,0.0
2026-03-10 05:22:00,225.9,148.1,0.0,0.0,0.0
2026-03-10 05:23:00,227.8,147.5,0.0,0.0,0.0
2026-03-10 05:24:00,233.4,151.5,0.0,0.0,0.0
2026-03-10 05:25:00,235.3,157.9,0.0,0.0,0.0
2026-03-10 05:26:00,237.8,150.4,0.0,0.0,0.0
2026-03-10 05:27:00,227.9,144.0,0.0,0.0,0.0
2026-03-10 05:28:00,231.6,155.6,0.0,0.0,0.0
2026-03-10 05:29:00,235.1,155.7,0.0,0.0,0.0
2026-03-10 05:30:00,220.4,156.0,0.0,0.0,0.0
2026-03-10 05:31:00,227.6,154.4,0.0,0.0,0.0
2026-03-10 05:32:00,239.1,148.2,0.0,0.0,0.0
2026-03-10 05:33:00,220.4,144.7,0.0,0.0,0.0
2026-03-10 05:34:00,226.7,152.9,0.0,0.0,0.0
2026-03-10 05:35:00,72.5,0.0,0.0,0.0,0.0
2026-03-10 05:36:00,77.0,0.0,0.0,0.0,0.0
2026-03-10 05:37:00,80.0,0.0,0.0,0.0,0.0
2026-03-10 05:38:00,84.3,0.0,0.0,0.0,0.0
2026-03-10 05:39:00,80.2,0.0,0.0,0.0,0.0
2026-03-10 05:40:00,82.6,0.0,0.0,0.0,0.0
2026-03-10 05:41:00,73.0,0.0,0.0,0.0,0.0
2026-03-10 05:42:00,77.2,0.0,0.0,0.0,0.0
2026-03-10 05:43:00,86.7,0.0,0.0,0.0,0.0
2026-03-10 05:44:00,87.2,0.0,0.0,0.0,0.0
2026-03-10 05:45:00,85.3,0.0,0.0,0.0,0.0
2026-03-10 05:46:00,86.5,0.0,0.0,0.0,0.0
2026-03-10 05:47:00,69.0,0.0,0.0,0.0,0.0
2026-03-10 05:48:00,78.8,0.0,0.0,0.0,0.0
2026-03-10 05:49:00,71.4,0.0,0.0,0.0,0.0
2026-03-10 05:50:00,68.5,0.0,0.0,0.0,0.0
2026-03-10 05:51:00,84.1,0.0,0.0,0.0,0.0
2026-03-10 05:52:00,83.2,0.0,0.0,0.0,0.0
2026-03-10 05:53:00,74.2,0.0,0.0,0.0,0.0
2026-03-10 05:54:00,77.8,0.0,0.0,0.0,0.0
2026-03-10 05:55:00,85.6,0.0,0.0,0.0,0.0
2026-03-10 05:56:00,75.2,0.0,0.0,0.0,0.0
2026-03-10 05:57:00,79.1,0.0,0.0,0.0,0.0
2026-03-10 05:58:00,90.2,0.0,0.0,0.0,0.0
2026-03-10 05:59:00,77.9,0.0,0.0,0.0,0.0
2026-03-10 06:00:00,218.8,142.6,0.0,0.0,0.0
2026-03-10 06:01:00,214.7,142.9,0.0,0.0,0.0
2026-03-10 06:02:00,234.9,151.8,0.0,0.0,0.0
2026-03-10 06:03:00,221.8,144.4,0.0,0.0,0.0
2026-03-10 06:04:00,229.8,154.9,0.0,0.0,0.0
2026-03-10 06:05:00,232.0,145.5,0.0,0.0,0.0
2026-03-10 06:06:00,222.5,150.9,0.0,0.0,0.0
2026-03-10 06:07:00,234.0,153.8,0.0,0.0,0.0
2026-03-10 06:08:00,237.5,152.9,0.0,0.0,0.0
2026-03-10 06:09:00,223.7,149.9,0.0,0.0,0.0
2026-03-10 06:10:00,247.3,161.1,0.0,0.0,0.0
2026-03-10 06:11:00,226.6,149.6,0.0,0.0,0.0
2026-03-10 06:12:00,234.3,152.2,0.0,0.0,0.0
2026-03-10 06:13:00,224.8,148.3,0.0,0.0,0.0
2026-03-10 06:14:00,230.4,155.3,0.0,0.0,0.0
2026-03-10 06:15:00,247.7,156.3,0.0,0.0,0.0
2026-03-10 06:16:00,235.2,156.2,0.0,0.0,0.0
2026-03-10 06:17:00,226.8,151.5,0.0,0.0,0.0
2026-03-10 06:18:00,227.1,154.9,0.0,0.0,0.0
2026-03-10 06:19:00,232.1,144.8,0.0,0.0,0.0
2026-03-10 06:20:00,233.7,148.1,0.0,0.0,0.0
2026-03-10 06:21:00,231.0,153.5,0.0,0.0,0.0
2026-03-10 06:22:00,215.5,138.7,0.0,0.0,0.0
2026-03-10 06:23:00,229.6,141.8,0.0,0.0,0.0
2026-03-10 06:24:00,231.3,153.6,0.0,0.0,0.0
2026-03-10 06:25:00,229.9,151.0,0.0,0.0,0.0
2026-03-10 06:26:00,231.5,148.6,0.0,0.0,0.0
2026-03-10 06:27:00,228.8,148.9,0.0,0.0,0.0
2026-03-10 06:28:00,233.9,157.7,0.0,0.0,0.0
2026-03-10 06:29:00,222.1,152.4,0.0,0.0,0.0
2026-03-10 06:30:00,228.3,148.2,0.0,0.0,0.0
2026-03-10 06:31:00,216.9,142.4,0.0,0.0,0.0
2026-03-10 06:32:00,236.2,150.7,0.0,0.0,0.0
2026-03-10 06:33:00,222.1,144.1,0.0,0.0,0.0
2026-03-10 06:34:00,229.1,149.0,0.0,0.0,0.0
2026-03-10 06:35:00,71.0,0.0,0.0,0.0,0.0
2026-03-10 06:36:00,82.4,0.0,0.0,0.0,0.0
2026-03-10 06:37:00,94.7,0.0,0.0,0.0,0.0
2026-03-10 06:38:00,89.0,0.0,0.0,0.0,0.0
2026-03-10 06:39:00,80.9,0.0,0.0,0.0,0.0
2026-03-10 06:40:00,83.0,0.0,0.0,0.0,0.0
2026-03-10 06:41:00,84.3,0.0,0.0,0.0,0.0
2026-03-10 06:42:00,76.1,0.0,0.0,0.0,0.0
2026-03-10 06:43:00,69.6,0.0,0.0,0.0,0.0
2026-03-10 06:44:00,80.4,0.0,0.0,0.0,0.0
2026-03-10 06:45:00,90.6,0.0,0.0,0.0,0.0
2026-03-10 06:46:00,87.3,0.0,0.0,0.0,0.0
2026-03-10 06:47:00,74.9,0.0,0.0,0.0,0.0
2026-03-10 06:48:00,89.8,0.0,0.0,0.0,0.0
2026-03-10 06:49:00,76.2,0.0,0.0,0.0,0.0
2026-03-10 06:50:00,81.5,0.0,0.0,0.0,0.0
2026-03-10 06:51:00,80.5,0.0,0.0,0.0,0.0
2026-03-10 06:52:00,82.1,0.0,0.0,0.0,0.0
2026-03-10 06:53:00,96.8,0.0,0.0,0.0,0.0
2026-03-10 06:54:00,74.9,0.0,0.0,0.0,0.0
2026-03-10 06:55:00,87.6,0.0,0.0,0.0,0.0
2026-03-10 06:56:00,85.4,0.0,0.0,0.0,0.0
2026-03-10 06:57:00,78.2,0.0,0.0,0.0,0.0
2026-03-10 06:58:00,75.4,0.0,0.0,0.0,0.0
2026-03-10 06:59:00,82.6,0.0,0.0,0.0,0.0
2026-03-10 07:00:00,239.9,159.1,0.0,0.0,0.0
2026-03-10 07:01:00,207.6,148.8,0.0,0.0,0.0
2026-03-10 07:02:00,250.7,156.5,0.0,0.0,0.0
2026-03-10 07:03:00,225.2,149.8,0.0,0.0,0.0
2026-03-10 07:04:00,236.2,152.2,0.0,0.0,0.0
2026-03-10 07:05:00,232.7,154.2,0.0,0.0,0.0
2026-03-10 07:06:00,235.0,148.1,0.0,0.0,0.0
2026-03-10 07:07:00,225.9,148.6,0.0,0.0,0.0
2026-03-10 07:08:00,239.8,159.3,0.0,0.0,0.0
2026-03-10 07:09:00,222.5,145.3,0.0,0.0,0.0
2026-03-10 07:10:00,239.1,153.1,0.0,0.0,0.0
2026-03-10 07:11:00,238.3,157.2,0.0,0.0,0.0
2026-03-10 07:12:00,241.6,158.1,0.0,0.0,0.0
2026-03-10 07:13:00,237.7,149.4,0.0,0.0,0.0
2026-03-10 07:14:00,227.2,145.0,0.0,0.0,0.0
2026-03-10 07:15:00,226.5,156.0,0.0,0.0,0.0
2026-03-10 07:16:00,220.4,147.4,0.0,0.0,0.0
2026-03-10 07:17:00,230.7,150.2,0.0,0.0,0.0
2026-03-10 07:18:00,225.7,146.4,0.0,0.0,0.0
2026-03-10 07:19:00,224.1,142.9,0.0,0.0,0.0
2026-03-10 07:20:00,224.5,147.0,0.0,0.0,0.0
2026-03-10 07:21:00,232.6,148.7,0.0,0.0,0.0
2026-03-10 07:22:00,223.2,140.9,0.0,0.0,0.0
2026-03-10 07:23:00,244.9,157.4,0.0,0.0,0.0
2026-03-10 07:24:00,234.6,148.7,0.0,0.0,0.0
2026-03-10 07:25:00,221.9,158.5,0.0,0.0,0.0
2026-03-10 07:26:00,234.0,156.0,0.0,0.0,0.0
2026-03-10 07:27:00,224.9,147.2,0.0,0.0,0.0
2026-03-10 07:28:00,225.9,149.9,0.0,0.0,0.0
2026-03-10 07:29:00,226.6,147.7,0.0,0.0,0.0
2026-03-10 07:30:00,225.8,149.9,0.0,0.0,0.0
2026-03-10 07:31:00,222.3,150.5,0.0,0.0,0.0
2026-03-10 07:32:00,241.9,152.1,0.0,0.0,0.0
2026-03-10 07:33:00,235.0,152.3,0.0,0.0,0.0
2026-03-10 07:34:00,237.0,150.9,0.0,0.0,0.0
2026-03-10 07:35:00,89.0,0.0,0.0,0.0,0.0
2026-03-10 07:36:00,91.3,0.0,0.0,0.0,0.0
2026-03-10 07:37:00,72.1,0.0,0.0,0.0,0.0
2026-03-10 07:38:00,80.0,0.0,0.0,0.0,0.0
2026-03-10 07:39:00,81.7,0.0,0.0,0.0,0.0
2026-03-10 07:40:00,81.5,0.0,0.0,0.0,0.0
2026-03-10 07:41:00,81.0,0.0,0.0,0.0,0.0
2026-03-10 07:42:00,88.2,0.0,0.0,0.0,0.0
2026-03-10 07:43:00,89.1,0.0,0.0,0.0,0.0
2026-03-10 07:44:00,70.6,0.0,0.0,0.0,0.0
2026-03-10 07:45:00,84.2,0.0,0.0,0.0,0.0
2026-03-10 07:46:00,74.3,0.0,0.0,0.0,0.0
2026-03-10 07:47:00,84.6,0.0,0.0,0.0,0.0
2026-03-10 07:48:00,81.0,0.0,0.0,0.0,0.0
2026-03-10 07:49:00,72.1,0.0,0.0,0.0,0.0
2026-03-10 07:50:00,88.9,0.0,0.0,0.0,0.0
2026-03-10 07:51:00,66.9,0.0,0.0,0.0,0.0
2026-03-10 07:52:00,84.9,0.0,0.0,0.0,0.0
2026-03-10 07:53:00,70.7,0.0,0.0,0.0,0.0
2026-03-10 07:54:00,78.5,0.0,0.0,0.0,0.0
2026-03-10 07:55:00,81.2,0.0,0.0,0.0,0.0
2026-03-10 07:56:00,72.1,0.0,0.0,0.0,0.0
2026-03-10 07:57:00,82.5,0.0,0.0,0.0,0.0
2026-03-10 07:58:00,80.1,0.0,0.0,0.0,0.0
2026-03-10 07:59:00,85.5,0.0,0.0,0.0,0.0
2026-03-10 08:00:00,246.9,162.3,0.0,0.0,0.0
2026-03-10 08:01:00,224.6,142.8,0.0,0.0,0.0
2026-03-10 08:02:00,235.5,151.2,0.0,0.0,0.0
2026-03-10 08:03:00,225.3,152.6,0.0,0.0,0.0
2026-03-10 08:04:00,228.5,153.4,0.0,0.0,0.0
2026-03-10 08:05:00,230.1,146.9,0.0,0.0,0.0
2026-03-10 08:06:00,221.1,148.2,0.0,0.0,0.0
2026-03-10 08:07:00,217.6,142.8,0.0,0.0,0.0
2026-03-10 08:08:00,226.2,147.4,0.0,0.0,0.0
2026-03-10 08:09:00,211.0,140.4,0.0,0.0,0.0
2026-03-10 08:10:00,230.4,154.1,0.0,0.0,0.0
2026-03-10 08:11:00,231.5,149.1,0.0,0.0,0.0
2026-03-10 08:12:00,232.0,144.9,0.0,0.0,0.0
2026-03-10 08:13:00,246.8,157.2,0.0,0.0,0.0
2026-03-10 08:14:00,222.7,150.0,0.0,0.0,0.0
2026-03-10 08:15:00,228.0,145.1,0.0,0.0,0.0
2026-03-10 08:16:00,228.5,152.4,0.0,0.0,0.0
2026-03-10 08:17:00,223.0,147.6,0.0,0.0,0.0
2026-03-10 08:18:00,216.2,140.2,0.0,0.0,0.0
2026-03-10 08:19:00,230.7,150.4,0.0,0.0,0.0
2026-03-10 08:20:00,229.6,157.7,0.0,0.0,0.0
2026-03-10 08:21:00,219.1,141.3,0.0,0.0,0.0
2026-03-10 08:22:00,232.6,147.8,0.0,0.0,0.0
2026-03-10 08:23:00,230.3,153.6,0.0,0.0,0.0
2026-03-10 08:24:00,233.3,151.5,0.0,0.0,0.0
2026-03-10 08:25:00,229.5,154.6,0.0,0.0,0.0
2026-03-10 08:26:00,227.0,148.8,0.0,0.0,0.0
2026-03-10 08:27:00,246.9,156.7,0.0,0.0,0.0
2026-03-10 08:28:00,234.2,150.1,0.0,0.0,0.0
2026-03-10 08:29:00,227.4,149.6,0.0,0.0,0.0
2026-03-10 08:30:00,248.4,152.1,0.0,0.0,0.0
2026-03-10 08:31:00,222.7,148.6,0.0,0.0,0.0
2026-03-10 08:32:00,237.4,148.4,0.0,0.0,0.0
2026-03-10 08:33:00,228.1,147.7,0.0,0.0,0.0
2026-03-10 08:34:00,219.9,145.8,0.0,0.0,0.0
2026-03-10 08:35:00,85.8,0.0,0.0,0.0,0.0
2026-03-10 08:36:00,69.5,0.0,0.0,0.0,0.0
2026-03-10 08:37:00,83.5,0.0,0.0,0.0,0.0
2026-03-10 08:38:00,78.7,0.0,0.0,0.0,0.0
2026-03-10 08:39:00,92.6,0.0,0.0,0.0,0.0
2026-03-10 08:40:00,95.1,0.0,0.0,0.0,0.0
2026-03-10 08:41:00,73.7,0.0,0.0,0.0,0.0
2026-03-10 08:42:00,68.2,0.0,0.0,0.0,0.0
2026-03-10 08:43:00,78.4,0.0,0.0,0.0,0.0
2026-03-10 08:44:00,79.8,0.0,0.0,0.0,0.0
2026-03-10 08:45:00,80.2,0.0,0.0,0.0,0.0
2026-03-10 08:46:00,68.9,0.0,0.0,0.0,0.0
2026-03-10 08:47:00,68.3,0.0,0.0,0.0,0.0
2026-03-10 08:48:00,84.7,0.0,0.0,0.0,0.0
2026-03-10 08:49:00,78.1,0.0,0.0,0.0,0.0
2026-03-10 08:50:00,85.0,0.0,0.0,0.0,0.0
2026-03-10 08:51:00,82.1,0.0,0.0,0.0,0.0
2026-03-10 08:52:00,79.9,0.0,0.0,0.0,0.0
2026-03-10 08:53:00,73.1,0.0,0.0,0.0,0.0
2026-03-10 08:54:00,85.1,0.0,0.0,0.0,0.0
2026-03-10 08:55:00,80.1,0.0,0.0,0.0,0.0
2026-03-10 08:56:00,91.3,0.0,0.0,0.0,0.0
2026-03-10 08:57:00,76.9,0.0,0.0,0.0,0.0
2026-03-10 08:58:00,86.2,0.0,0.0,0.0,0.0
2026-03-10 08:59:00,88.5,0.0,0.0,0.0,0.0
2026-03-10 09:00:00,217.6,142.3,0.0,0.0,0.0
2026-03-10 09:01:00,216.9,140.8,0.0,0.0,0.0
2026-03-10 09:02:00,244.7,158.1,0.0,0.0,0.0
2026-03-10 09:03:00,232.7,153.6,0.0,0.0,0.0
2026-03-10 09:04:00,234.8,156.7,0.0,0.0,0.0
2026-03-10 09:05:00,228.0,148.4,0.0,0.0,0.0
2026-03-10 09:06:00,222.2,146.2,0.0,0.0,0.0
2026-03-10 09:07:00,220.6,142.0,0.0,0.0,0.0
2026-03-10 09:08:00,234.7,151.8,0.0,0.0,0.0
2026-03-10 09:09:00,222.4,142.7,0.0,0.0,0.0
2026-03-10 09:10:00,226.5,145.9,0.0,0.0,0.0
2026-03-10 09:11:00,235.6,155.8,0.0,0.0,0.0
2026-03-10 09:12:00,227.7,157.4,0.0,0.0,0.0
2026-03-10 09:13:00,237.7,148.7,0.0,0.0,0.0
2026-03-10 09:14:00,233.0,154.3,0.0,0.0,0.0
2026-03-10 09:15:00,229.1,150.7,0.0,0.0,0.0
2026-03-10 09:16:00,238.1,152.4,0.0,0.0,0.0
2026-03-10 09:17:00,220.7,143.4,0.0,0.0,0.0
2026-03-10 09:18:00,230.7,151.4,0.0,0.0,0.0
2026-03-10 09:19:00,230.2,151.2,0.0,0.0,0.0
2026-03-10 09:20:00,234.0,152.0,0.0,0.0,0.0
2026-03-10 09:21:00,235.6,151.9,0.0,0.0,0.0
2026-03-10 09:22:00,236.6,150.6,0.0,0.0,0.0
2026-03-10 09:23:00,235.8,152.7,0.0,0.0,0.0
2026-03-10 09:24:00,220.6,146.1,0.0,0.0,0.0
2026-03-10 09:25:00,236.6,151.8,0.0,0.0,0.0
2026-03-10 09:26:00,224.0,145.5,0.0,0.0,0.0
2026-03-10 09:27:00,234.9,150.6,0.0,0.0,0.0
2026-03-10 09:28:00,216.6,147.8,0.0,0.0,0.0
2026-03-10 09:29:00,235.3,146.4,0.0,0.0,0.0
2026-03-10 09:30:00,232.9,147.1,0.0,0.0,0.0
2026-03-10 09:31:00,221.5,147.2,0.0,0.0,0.0
2026-03-10 09:32:00,237.9,154.0,0.0,0.0,0.0
2026-03-10 09:33:00,229.3,146.4,0.0,0.0,0.0
2026-03-10 09:34:00,236.5,151.9,0.0,0.0,0.0
2026-03-10 09:35:00,86.0,0.0,0.0,0.0,0.0
2026-03-10 09:36:00,75.0,0.0,0.0,0.0,0.0
2026-03-10 09:37:00,73.6,0.0,0.0,0.0,0.0
2026-03-10 09:38:00,85.9,0.0,0.0,0.0,0.0
2026-03-10 09:39:00,73.9,0.0,0.0,0.0,0.0
2026-03-10 09:40:00,82.2,0.0,0.0,0.0,0.0
2026-03-10 09:41:00,74.5,0.0,0.0,0.0,0.0
2026-03-10 09:42:00,85.6,0.0,0.0,0.0,0.0
2026-03-10 09:43:00,65.5,0.0,0.0,0.0,0.0
2026-03-10 09:44:00,76.8,0.0,0.0,0.0,0.0
2026-03-10 09:45:00,84.9,0.0,0.0,0.0,0.0
2026-03-10 09:46:00,79.3,0.0,0.0,0.0,0.0
2026-03-10 09:47:00,85.0,0.0,0.0,0.0,0.0
2026-03-10 09:48:00,75.7,0.0,0.0,0.0,0.0
2026-03-10 09:49:00,80.7,0.0,0.0,0.0,0.0
2026-03-10 09:50:00,76.5,0.0,0.0,0.0,0.0
2026-03-10 09:51:00,74.6,0.0,0.0,0.0,0.0
2026-03-10 09:52:00,81.0,0.0,0.0,0.0,0.0
2026-03-10 09:53:00,79.5,0.0,0.0,0.0,0.0
2026-03-10 09:54:00,73.9,0.0,0.0,0.0,0.0
2026-03-10 09:55:00,77.8,0.0,0.0,0.0,0.0
2026-03-10 09:56:00,75.3,0.0,0.0,0.0,0.0
2026-03-10 09:57:00,73.2,0.0,0.0,0.0,0.0
2026-03-10 09:58:00,91.5,0.0,0.0,0.0,0.0
2026-03-10 09:59:00,77.1,0.0,0.0,0.0,0.0
2026-03-10 10:00:00,220.6,141.2,0.0,0.0,0.0
2026-03-10 10:01:00,237.6,156.6,0.0,0.0,0.0
2026-03-10 10:02:00,232.1,152.1,0.0,0.0,0.0
2026-03-10 10:03:00,220.4,147.6,0.0,0.0,0.0
2026-03-10 10:04:00,232.2,151.0,0.0,0.0,0.0
2026-03-10 10:05:00,234.4,153.5,0.0,0.0,0.0
2026-03-10 10:06:00,225.1,150.0,0.0,0.0,0.0
2026-03-10 10:07:00,239.2,151.3,0.0,0.0,0.0
2026-03-10 10:08:00,231.7,155.5,0.0,0.0,0.0
2026-03-10 10:09:00,217.9,148.1,0.0,0.0,0.0
2026-03-10 10:10:00,214.6,150.1,0.0,0.0,0.0
2026-03-10 10:11:00,237.2,159.2,0.0,0.0,0.0
2026-03-10 10:12:00,231.8,148.7,0.0,0.0,0.0
2026-03-10 10:13:00,227.9,146.7,0.0,0.0,0.0
2026-03-10 10:14:00,230.9,150.6,0.0,0.0,0.0
2026-03-10 10:15:00,229.1,155.1,0.0,0.0,0.0
2026-03-10 10:16:00,227.3,146.2,0.0,0.0,0.0
2026-03-10 10:17:00,232.4,149.0,0.0,0.0,0.0
2026-03-10 10:18:00,219.5,147.1,0.0,0.0,0.0
2026-03-10 10:19:00,245.3,159.0,0.0,0.0,0.0
2026-03-10 10:20:00,226.9,156.4,0.0,0.0,0.0
2026-03-10 10:21:00,228.3,151.9,0.0,0.0,0.0
2026-03-10 10:22:00,238.7,155.9,0.0,0.0,0.0
2026-03-10 10:23:00,222.4,143.3,0.0,0.0,0.0
2026-03-10 10:24:00,224.7,146.3,0.0,0.0,0.0
2026-03-10 10:25:00,236.3,151.6,0.0,0.0,0.0
2026-03-10 10:26:00,232.9,156.8,0.0,0.0,0.0
2026-03-10 10:27:00,221.0,142.7,0.0,0.0,0.0
2026-03-10 10:28:00,234.4,151.8,0.0,0.0,0.0
2026-03-10 10:29:00,230.3,148.7,0.0,0.0,0.0
2026-03-10 10:30:00,233.8,148.7,0.0,0.0,0.0
2026-03-10 10:31:00,236.1,150.7,0.0,0.0,0.0
2026-03-10 10:32:00,216.1,144.6,0.0,0.0,0.0
2026-03-10 10:33:00,242.7,157.4,0.0,0.0,0.0
2026-03-10 10:34:00,225.4,147.3,0.0,0.0,0.0
2026-03-10 10:35:00,76.1,0.0,0.0,0.0,0.0
2026-03-10 10:36:00,82.8,0.0,0.0,0.0,0.0
2026-03-10 10:37:00,77.6,0.0,0.0,0.0,0.0
2026-03-10 10:38:00,81.2,0.0,0.0,0.0,0.0
2026-03-10 10:39:00,92.8,0.0,0.0,0.0,0.0
2026-03-10 10:40:00,86.4,0.0,0.0,0.0,0.0
2026-03-10 10:41:00,73.5,0.0,0.0,0.0,0.0
2026-03-10 10:42:00,80.9,0.0,0.0,0.0,0.0
2026-03-10 10:43:00,69.1,0.0,0.0,0.0,0.0
2026-03-10 10:44:00,84.1,0.0,0.0,0.0,0.0
2026-03-10 10:45:00,77.2,0.0,0.0,0.0,0.0
2026-03-10 10:46:00,86.1,0.0,0.0,0.0,0.0
2026-03-10 10:47:00,83.4,0.0,0.0,0.0,0.0
2026-03-10 10:48:00,92.6,0.0,0.0,0.0,0.0
2026-03-10 10:49:00,76.0,0.0,0.0,0.0,0.0
2026-03-10 10:50:00,83.7,0.0,0.0,0.0,0.0
2026-03-10 10:51:00,80.5,0.0,0.0,0.0,0.0
2026-03-10 10:52:00,86.9,0.0,0.0,0.0,0.0
2026-03-10 10:53:00,77.7,0.0,0.0,0.0,0.0
2026-03-10 10:54:00,80.3,0.0,0.0,0.0,0.0
2026-03-10 10:55:00,87.1,0.0,0.0,0.0,0.0
2026-03-10 10:56:00,86.9,0.0,0.0,0.0,0.0
2026-03-10 10:57:00,76.3,0.0,0.0,0.0,0.0
2026-03-10 10:58:00,84.5,0.0,0.0,0.0,0.0
2026-03-10 10:59:00,78.4,0.0,0.0,0.0,0.0
2026-03-10 11:00:00,225.1,148.2,0.0,0.0,0.0
2026-03-10 11:01:00,231.4,144.4,0.0,0.0,0.0
2026-03-10 11:02:00,234.7,155.5,0.0,0.0,0.0
2026-03-10 11:03:00,236.6,159.6,0.0,0.0,0.0
2026-03-10 11:04:00,235.0,149.4,0.0,0.0,0.0
2026-03-10 11:05:00,233.2,159.0,0.0,0.0,0.0
2026-03-10 11:06:00,240.2,158.5,0.0,0.0,0.0
2026-03-10 11:07:00,216.4,147.4,0.0,0.0,0.0
2026-03-10 11:08:00,233.9,148.7,0.0,0.0,0.0
2026-03-10 11:09:00,237.7,147.7,0.0,0.0,0.0
2026-03-10 11:10:00,233.9,155.2,0.0,0.0,0.0
2026-03-10 11:11:00,242.4,157.1,0.0,0.0,0.0
2026-03-10 11:12:00,232.8,147.9,0.0,0.0,0.0
2026-03-10 11:13:00,237.4,142.7,0.0,0.0,0.0
2026-03-10 11:14:00,234.4,150.7,0.0,0.0,0.0
2026-03-10 11:15:00,240.7,156.8,0.0,0.0,0.0
2026-03-10 11:16:00,238.0,152.4,0.0,0.0,0.0
2026-03-10 11:17:00,229.7,150.4,0.0,0.0,0.0
2026-03-10 11:18:00,223.0,142.1,0.0,0.0,0.0
2026-03-10 11:19:00,233.7,153.5,0.0,0.0,0.0
2026-03-10 11:20:00,225.3,148.8,0.0,0.0,0.0
2026-03-10 11:21:00,224.7,150.6,0.0,0.0,0.0
2026-03-10 11:22:00,234.3,151.0,0.0,0.0,0.0
2026-03-10 11:23:00,231.6,148.1,0.0,0.0,0.0
2026-03-10 11:24:00,224.9,145.6,0.0,0.0,0.0
2026-03-10 11:25:00,225.5,150.9,0.0,0.0,0.0
2026-03-10 11:26:00,230.7,153.1,0.0,0.0,0.0
2026-03-10 11:27:00,234.5,159.0,0.0,0.0,0.0
2026-03-10 11:28:00,234.2,149.0,0.0,0.0,0.0
2026-03-10 11:29:00,226.6,145.1,0.0,0.0,0.0
2026-03-10 11:30:00,243.9,159.7,0.0,0.0,0.0
2026-03-10 11:31:00,240.9,155.7,0.0,0.0,0.0
2026-03-10 11:32:00,221.8,146.6,0.0,0.0,0.0
2026-03-10 11:33:00,227.0,149.1,0.0,0.0,0.0
2026-03-10 11:34:00,229.5,150.7,0.0,0.0,0.0
2026-03-10 11:35:00,74.5,0.0,0.0,0.0,0.0
2026-03-10 11:36:00,81.1,0.0,0.0,0.0,0.0
2026-03-10 11:37:00,72.4,0.0,0.0,0.0,0.0
2026-03-10 11:38:00,75.0,0.0,0.0,0.0,0.0
2026-03-10 11:39:00,85.5,0.0,0.0,0.0,0.0
2026-03-10 11:40:00,82.1,0.0,0.0,0.0,0.0
2026-03-10 11:41:00,79.4,0.0,0.0,0.0,0.0
2026-03-10 11:42:00,76.1,0.0,0.0,0.0,0.0
2026-03-10 11:43:00,83.3,0.0,0.0,0.0,0.0
2026-03-10 11:44:00,88.0,0.0,0.0,0.0,0.0
2026-03-10 11:45:00,80.6,0.0,0.0,0.0,0.0
2026-03-10 11:46:00,77.4,0.0,0.0,0.0,0.0
2026-03-10 11:47:00,82.4,0.0,0.0,0.0,0.0
2026-03-10 11:48:00,76.1,0.0,0.0,0.0,0.0
2026-03-10 11:49:00,69.7,0.0,0.0,0.0,0.0
2026-03-10 11:50:00,88.3,0.0,0.0,0.0,0.0
2026-03-10 11:51:00,84.7,0.0,0.0,0.0,0.0
2026-03-10 11:52:00,82.2,0.0,0.0,0.0,0.0
2026-03-10 11:53:00,82.4,0.0,0.0,0.0,0.0
2026-03-10 11:54:00,74.7,0.0,0.0,0.0,0.0
2026-03-10 11:55:00,78.2,0.0,0.0,0.0,0.0
2026-03-10 11:56:00,92.8,0.0,0.0,0.0,0.0
2026-03-10 11:57:00,77.7,0.0,0.0,0.0,0.0
2026-03-10 11:58:00,80.0,0.0,0.0,0.0,0.0
2026-03-10 11:59:00,74.4,0.0,0.0,0.0,0.0
2026-03-10 12:00:00,233.8,153.0,0.0,0.0,0.0
2026-03-10 12:01:00,240.8,158.2,0.0,0.0,0.0
2026-03-10 12:02:00,218.2,143.6,0.0,0.0,0.0
2026-03-10 12:03:00,236.4,157.8,0.0,0.0,0.0
2026-03-10 12:04:00,222.6,138.7,0.0,0.0,0.0
2026-03-10 12:05:00,220.4,139.9,0.0,0.0,0.0
2026-03-10 12:06:00,245.4,159.0,0.0,0.0,0.0
2026-03-10 12:07:00,227.7,156.5,0.0,0.0,0.0
2026-03-10 12:08:00,235.9,151.3,0.0,0.0,0.0
2026-03-10 12:09:00,226.9,151.5,0.0,0.0,0.0
2026-03-10 12:10:00,241.2,150.5,0.0,0.0,0.0
2026-03-10 12:11:00,221.1,139.3,0.0,0.0,0.0
2026-03-10 12:12:00,231.8,153.8,0.0,0.0,0.0
2026-03-10 12:13:00,221.8,147.9,0.0,0.0,0.0
2026-03-10 12:14:00,228.5,139.6,0.0,0.0,0.0
2026-03-10 12:15:00,237.1,152.9,0.0,0.0,0.0
2026-03-10 12:16:00,238.5,154.0,0.0,0.0,0.0
2026-03-10 12:17:00,231.8,157.0,0.0,0.0,0.0
2026-03-10 12:18:00,232.6,155.6,0.0,0.0,0.0
2026-03-10 12:19:00,224.6,149.0,0.0,0.0,0.0
2026-03-10 12:20:00,233.4,153.8,0.0,0.0,0.0
2026-03-10 12:21:00,226.3,150.2,0.0,0.0,0.0
2026-03-10 12:22:00,223.2,151.1,0.0,0.0,0.0
2026-03-10 12:23:00,240.3,159.7,0.0,0.0,0.0
2026-03-10 12:24:00,233.5,148.8,0.0,0.0,0.0
2026-03-10 12:25:00,228.3,137.8,0.0,0.0,0.0
2026-03-10 12:26:00,233.1,148.1,0.0,0.0,0.0
2026-03-10 12:27:00,216.4,142.6,0.0,0.0,0.0
2026-03-10 12:28:00,221.4,145.2,0.0,0.0,0.0
2026-03-10 12:29:00,240.3,157.6,0.0,0.0,0.0
2026-03-10 12:30:00,231.3,152.5,0.0,0.0,0.0
2026-03-10 12:31:00,225.6,146.4,0.0,0.0,0.0
2026-03-10 12:32:00,237.7,149.5,0.0,0.0,0.0
2026-03-10 12:33:00,228.7,155.4,0.0,0.0,0.0
2026-03-10 12:34:00,234.9,151.3,0.0,0.0,0.0
2026-03-10 12:35:00,81.4,0.0,0.0,0.0,0.0
2026-03-10 12:36:00,82.6,0.0,0.0,0.0,0.0
2026-03-10 12:37:00,78.3,0.0,0.0,0.0,0.0
2026-03-10 12:38:00,77.5,0.0,0.0,0.0,0.0
2026-03-10 12:39:00,81.6,0.0,0.0,0.0,0.0
2026-03-10 12:40:00,79.2,0.0,0.0,0.0,0.0
2026-03-10 12:41:00,71.9,0.0,0.0,0.0,0.0
2026-03-10 12:42:00,77.2,0.0,0.0,0.0,0.0
2026-03-10 12:43:00,87.3,0.0,0.0,0.0,0.0
2026-03-10 12:44:00,77.1,0.0,0.0,0.0,0.0
2026-03-10 12:45:00,76.2,0.0,0.0,0.0,0.0
2026-03-10 12:46:00,89.0,0.0,0.0,0.0,0.0
2026-03-10 12:47:00,81.4,0.0,0.0,0.0,0.0
2026-03-10 12:48:00,74.0,0.0,0.0,0.0,0.0
2026-03-10 12:49:00,81.1,0.0,0.0,0.0,0.0
2026-03-10 12:50:00,78.0,0.0,0.0,0.0,0.0
2026-03-10 12:51:00,82.7,0.0,0.0,0.0,0.0
2026-03-10 12:52:00,80.7,0.0,0.0,0.0,0.0
2026-03-10 12:53:00,82.4,0.0,0.0,0.0,0.0
2026-03-10 12:54:00,78.0,0.0,0.0,0.0,0.0
2026-03-10 12:55:00,82.3,0.0,0.0,0.0,0.0
2026-03-10 12:56:00,70.2,0.0,0.0,0.0,0.0
2026-03-10 12:57:00,78.6,0.0,0.0,0.0,0.0
2026-03-10 12:58:00,77.8,0.0,0.0,0.0,0.0
2026-03-10 12:59:00,80.3,0.0,0.0,0.0,0.0
2026-03-10 13:00:00,223.4,143.4,0.0,0.0,0.0
2026-03-10 13:01:00,214.8,143.7,0.0,0.0,0.0
2026-03-10 13:02:00,244.3,155.6,0.0,0.0,0.0
2026-03-10 13:03:00,226.2,145.7,0.0,0.0,0.0
2026-03-10 13:04:00,242.2,144.7,0.0,0.0,0.0
2026-03-10 13:05:00,218.1,139.7,0.0,0.0,0.0
2026-03-10 13:06:00,218.9,145.5,0.0,0.0,0.0
2026-03-10 13:07:00,231.1,153.0,0.0,0.0,0.0
2026-03-10 13:08:00,231.4,154.7,0.0,0.0,0.0
2026-03-10 13:09:00,216.4,140.6,0.0,0.0,0.0
2026-03-10 13:10:00,229.4,151.7,0.0,0.0,0.0
2026-03-10 13:11:00,230.7,145.2,0.0,0.0,0.0
2026-03-10 13:12:00,228.4,146.4,0.0,0.0,0.0
2026-03-10 13:13:00,237.4,152.9,0.0,0.0,0.0
2026-03-10 13:14:00,231.3,149.0,0.0,0.0,0.0
2026-03-10 13:15:00,227.3,151.3,0.0,0.0,0.0
2026-03-10 13:16:00,234.1,153.0,0.0,0.0,0.0
2026-03-10 13:17:00,239.8,152.9,0.0,0.0,0.0
2026-03-10 13:18:00,227.4,151.6,0.0,0.0,0.0
2026-03-10 13:19:00,228.4,154.2,0.0,0.0,0.0
2026-03-10 13:20:00,231.2,147.3,0.0,0.0,0.0
2026-03-10 13:21:00,218.2,145.3,0.0,0.0,0.0
2026-03-10 13:22:00,225.8,145.6,0.0,0.0,0.0
2026-03-10 13:23:00,229.3,150.0,0.0,0.0,0.0
2026-03-10 13:24:00,225.3,145.9,0.0,0.0,0.0
2026-03-10 13:25:00,240.0,150.9,0.0,0.0,0.0
2026-03-10 13:26:00,229.4,149.1,0.0,0.0,0.0
2026-03-10 13:27:00,240.4,157.5,0.0,0.0,0.0
2026-03-10 13:28:00,228.3,145.1,0.0,0.0,0.0
2026-03-10 13:29:00,234.6,156.0,0.0,0.0,0.0
2026-03-10 13:30:00,237.7,153.5,0.0,0.0,0.0
2026-03-10 13:31:00,241.0,161.5,0.0,0.0,0.0
2026-03-10 13:32:00,233.5,146.9,0.0,0.0,0.0
2026-03-10 13:33:00,233.5,152.8,0.0,0.0,0.0
2026-03-10 13:34:00,228.6,147.3,0.0,0.0,0.0
2026-03-10 13:35:00,75.5,0.0,0.0,0.0,0.0
2026-03-10 13:36:00,82.7,0.0,0.0,0.0,0.0
2026-03-10 13:37:00,76.7,0.0,0.0,0.0,0.0
2026-03-10 13:38:00,79.0,0.0,0.0,0.0,0.0
2026-03-10 13:39:00,80.4,0.0,0.0,0.0,0.0
2026-03-10 13:40:00,82.1,0.0,0.0,0.0,0.0
2026-03-10 13:41:00,78.6,0.0,0.0,0.0,0.0
2026-03-10 13:42:00,85.2,0.0,0.0,0.0,0.0
2026-03-10 13:43:00,77.5,0.0,0.0,0.0,0.0
2026-03-10 13:44:00,80.1,0.0,0.0,0.0,0.0
2026-03-10 13:45:00,71.6,0.0,0.0,0.0,0.0
2026-03-10 13:46:00,79.0,0.0,0.0,0.0,0.0
2026-03-10 13:47:00,81.9,0.0,0.0,0.0,0.0
2026-03-10 13:48:00,83.9,0.0,0.0,0.0,0.0
2026-03-10 13:49:00,87.3,0.0,0.0,0.0,0.0
2026-03-10 13:50:00,78.3,0.0,0.0,0.0,0.0
2026-03-10 13:51:00,79.7,0.0,0.0,0.0,0.0
2026-03-10 13:52:00,81.0,0.0,0.0,0.0,0.0
2026-03-10 13:53:00,79.5,0.0,0.0,0.0,0.0
2026-03-10 13:54:00,85.9,0.0,0.0,0.0,0.0
2026-03-10 13:55:00,76.9,0.0,0.0,0.0,0.0
2026-03-10 13:56:00,85.7,0.0,0.0,0.0,0.0
2026-03-10 13:57:00,71.1,0.0,0.0,0.0,0.0
2026-03-10 13:58:00,87.0,0.0,0.0,0.0,0.0
2026-03-10 13:59:00,94.7,0.0,0.0,0.0,0.0
2026-03-10 14:00:00,218.0,144.0,0.0,0.0,0.0
2026-03-10 14:01:00,226.8,155.4,0.0,0.0,0.0
2026-03-10 14:02:00,227.0,143.5,0.0,0.0,0.0
2026-03-10 14:03:00,237.4,158.1,0.0,0.0,0.0
2026-03-10 14:04:00,229.1,150.3,0.0,0.0,0.0
2026-03-10 14:05:00,237.0,150.8,0.0,0.0,0.0
2026-03-10 14:06:00,246.7,159.5,0.0,0.0,0.0
2026-03-10 14:07:00,235.2,159.9,0.0,0.0,0.0
2026-03-10 14:08:00,221.4,144.2,0.0,0.0,0.0
2026-03-10 14:09:00,237.6,155.2,0.0,0.0,0.0
2026-03-10 14:10:00,229.2,153.2,0.0,0.0,0.0
2026-03-10 14:11:00,221.6,146.6,0.0,0.0,0.0
2026-03-10 14:12:00,236.3,148.5,0.0,0.0,0.0
2026-03-10 14:13:00,229.1,145.5,0.0,0.0,0.0
2026-03-10 14:14:00,244.3,158.5,0.0,0.0,0.0
2026-03-10 14:15:00,245.9,163.3,0.0,0.0,0.0
2026-03-10 14:16:00,217.7,142.9,0.0,0.0,0.0
2026-03-10 14:17:00,225.0,146.1,0.0,0.0,0.0
2026-03-10 14:18:00,2229.8,149.3,2003.4,0.0,0.0
2026-03-10 14:19:00,213.6,145.4,0.0,0.0,0.0
2026-03-10 14:20:00,231.0,155.5,0.0,0.0,0.0
2026-03-10 14:21:00,233.1,151.3,0.0,0.0,0.0
2026-03-10 14:22:00,228.8,148.8,0.0,0.0,0.0
2026-03-10 14:23:00,216.5,141.7,0.0,0.0,0.0
2026-03-10 14:24:00,216.9,142.1,0.0,0.0,0.0
2026-03-10 14:25:00,233.5,150.2,0.0,0.0,0.0
2026-03-10 14:26:00,206.7,140.4,0.0,0.0,0.0
2026-03-10 14:27:00,234.7,154.2,0.0,0.0,0.0
2026-03-10 14:28:00,221.1,147.7,0.0,0.0,0.0
2026-03-10 14:29:00,243.1,155.2,0.0,0.0,0.0
2026-03-10 14:30:00,223.3,151.7,0.0,0.0,0.0
2026-03-10 14:31:00,234.2,153.1,0.0,0.0,0.0
2026-03-10 14:32:00,223.3,152.2,0.0,0.0,0.0
2026-03-10 14:33:00,224.2,146.8,0.0,0.0,0.0
2026-03-10 14:34:00,231.2,147.1,0.0,0.0,0.0
2026-03-10 14:35:00,79.5,0.0,0.0,0.0,0.0
2026-03-10 14:36:00,80.7,0.0,0.0,0.0,0.0
2026-03-10 14:37:00,86.5,0.0,0.0,0.0,0.0
2026-03-10 14:38:00,81.5,0.0,0.0,0.0,0.0
2026-03-10 14:39:00,76.0,0.0,0.0,0.0,0.0
2026-03-10 14:40:00,78.5,0.0,0.0,0.0,0.0
2026-03-10 14:41:00,79.1,0.0,0.0,0.0,0.0
2026-03-10 14:42:00,2051.6,0.0,1977.0,0.0,0.0
2026-03-10 14:43:00,85.6,0.0,0.0,0.0,0.0
2026-03-10 14:44:00,79.0,0.0,0.0,0.0,0.0
2026-03-10 14:45:00,87.7,0.0,0.0,0.0,0.0
2026-03-10 14:46:00,85.4,0.0,0.0,0.0,0.0
2026-03-10 14:47:00,2063.6,0.0,1975.4,0.0,0.0
2026-03-10 14:48:00,78.7,0.0,0.0,0.0,0.0
2026-03-10 14:49:00,2060.4,0.0,1984.2,0.0,0.0
2026-03-10 14:50:00,77.2,0.0,0.0,0.0,0.0
2026-03-10 14:51:00,79.6,0.0,0.0,0.0,0.0
2026-03-10 14:52:00,77.6,0.0,0.0,0.0,0.0
2026-03-10 14:53:00,81.6,0.0,0.0,0.0,0.0
2026-03-10 14:54:00,2084.2,0.0,2000.7,0.0,0.0
2026-03-10 14:55:00,84.3,0.0,0.0,0.0,0.0
2026-03-10 14:56:00,85.9,0.0,0.0,0.0,0.0
2026-03-10 14:57:00,82.8,0.0,0.0,0.0,0.0
2026-03-10 14:58:00,81.4,0.0,0.0,0.0,0.0
2026-03-10 14:59:00,78.1,0.0,0.0,0.0,0.0
2026-03-10 15:00:00,239.8,151.4,0.0,0.0,0.0
2026-03-10 15:01:00,231.6,144.1,0.0,0.0,0.0
2026-03-10 15:02:00,219.0,149.1,0.0,0.0,0.0
2026-03-10 15:03:00,2243.7,161.6,1993.5,0.0,0.0
2026-03-10 15:04:00,2224.8,158.7,1997.1,0.0,0.0
2026-03-10 15:05:00,228.1,142.7,0.0,0.0,0.0
2026-03-10 15:06:00,233.1,151.1,0.0,0.0,0.0
2026-03-10 15:07:00,229.9,151.9,0.0,0.0,0.0
2026-03-10 15:08:00,2237.6,158.0,1999.7,0.0,0.0
2026-03-10 15:09:00,245.6,160.2,0.0,0.0,0.0
2026-03-10 15:10:00,231.0,150.3,0.0,0.0,0.0
2026-03-10 15:11:00,2264.2,147.5,2033.1,0.0,0.0
2026-03-10 15:12:00,2281.5,152.1,2044.5,0.0,0.0
2026-03-10 15:13:00,2306.3,152.7,2062.9,0.0,0.0
2026-03-10 15:14:00,2183.7,141.1,1960.9,0.0,0.0
2026-03-10 15:15:00,2160.8,151.7,1946.8,0.0,0.0
2026-03-10 15:16:00,2255.4,148.1,2024.2,0.0,0.0
2026-03-10 15:17:00,2246.4,158.5,2007.8,0.0,0.0
2026-03-10 15:18:00,2257.4,153.3,2017.5,0.0,0.0
2026-03-10 15:19:00,2287.5,151.4,2051.4,0.0,0.0
2026-03-10 15:20:00,238.7,154.3,0.0,0.0,0.0
2026-03-10 15:21:00,231.2,149.4,0.0,0.0,0.0
2026-03-10 15:22:00,2194.9,151.0,1972.6,0.0,0.0
2026-03-10 15:23:00,2207.0,151.9,1969.2,0.0,0.0
2026-03-10 15:24:00,2219.5,141.1,1995.1,0.0,0.0
2026-03-10 15:25:00,2268.9,154.5,2028.0,0.0,0.0
2026-03-10 15:26:00,2260.6,155.2,2020.8,0.0,0.0
2026-03-10 15:27:00,2235.1,153.9,2002.9,0.0,0.0
2026-03-10 15:28:00,2211.1,155.7,1980.2,0.0,0.0
2026-03-10 15:29:00,2195.4,144.3,1971.9,0.0,0.0
2026-03-10 15:30:00,2242.6,151.2,2010.4,0.0,0.0
2026-03-10 15:31:00,2196.7,149.2,1973.4,0.0,0.0
2026-03-10 15:32:00,2241.4,149.0,2014.9,0.0,0.0
2026-03-10 15:33:00,2211.0,144.1,1999.0,0.0,0.0
2026-03-10 15:34:00,2265.7,145.5,2029.5,0.0,0.0
2026-03-10 15:35:00,2062.7,0.0,1991.9,0.0,0.0
2026-03-10 15:36:00,2019.0,0.0,1945.5,0.0,0.0
2026-03-10 15:37:00,2057.7,0.0,1984.2,0.0,0.0
2026-03-10 15:38:00,2086.9,0.0,2008.8,0.0,0.0
2026-03-10 15:39:00,2072.0,0.0,1993.6,0.0,0.0
2026-03-10 15:40:00,2038.2,0.0,1955.2,0.0,0.0
2026-03-10 15:41:00,2123.2,0.0,2042.7,0.0,0.0
2026-03-10 15:42:00,2084.7,0.0,1997.2,0.0,0.0
2026-03-10 15:43:00,2071.0,0.0,1993.3,0.0,0.0
2026-03-10 15:44:00,2073.2,0.0,1985.1,0.0,0.0
2026-03-10 15:45:00,2129.1,0.0,2052.6,0.0,0.0
2026-03-10 15:46:00,2067.0,0.0,1988.2,0.0,0.0
2026-03-10 15:47:00,2072.9,0.0,1999.8,0.0,0.0
2026-03-10 15:48:00,2080.1,0.0,1995.0,0.0,0.0
2026-03-10 15:49:00,2083.3,0.0,2007.8,0.0,0.0
2026-03-10 15:50:00,79.8,0.0,0.0,0.0,0.0
2026-03-10 15:51:00,2033.3,0.0,1949.0,0.0,0.0
2026-03-10 15:52:00,2063.3,0.0,1982.1,0.0,0.0
2026-03-10 15:53:00,2077.9,0.0,2001.4,0.0,0.0
2026-03-10 15:54:00,2091.7,0.0,2002.1,0.0,0.0
2026-03-10 15:55:00,2103.5,0.0,2028.3,0.0,0.0
2026-03-10 15:56:00,2051.5,0.0,1978.7,0.0,0.0
2026-03-10 15:57:00,2122.2,0.0,2040.6,0.0,0.0
2026-03-10 15:58:00,2100.3,0.0,2021.7,0.0,0.0
2026-03-10 15:59:00,2092.3,0.0,2009.3,0.0,0.0
2026-03-10 16:00:00,2257.2,152.6,2013.9,0.0,0.0
2026-03-10 16:01:00,2170.6,156.6,1930.2,0.0,0.0
2026-03-10 16:02:00,2243.5,151.9,2017.1,0.0,0.0
2026-03-10 16:03:00,2159.9,148.8,1944.1,0.0,0.0
2026-03-10 16:04:00,2209.3,151.1,1977.9,0.0,0.0
2026-03-10 16:05:00,2221.4,143.7,2009.0,0.0,0.0
2026-03-10 16:06:00,2246.0,149.2,2017.9,0.0,0.0
2026-03-10 16:07:00,2195.4,153.8,1961.6,0.0,0.0
2026-03-10 16:08:00,2224.8,151.4,2000.9,0.0,0.0
2026-03-10 16:09:00,2159.8,153.4,1930.3,0.0,0.0
2026-03-10 16:10:00,2258.4,147.7,2039.1,0.0,0.0
2026-03-10 16:11:00,2240.8,152.9,2001.2,0.0,0.0
2026-03-10 16:12:00,2250.1,149.2,2019.6,0.0,0.0
2026-03-10 16:13:00,2180.6,145.3,1963.8,0.0,0.0
2026-03-10 16:14:00,2147.1,142.0,1924.5,0.0,0.0
2026-03-10 16:15:00,2218.7,138.1,1998.5,0.0,0.0
2026-03-10 16:16:00,2196.7,145.3,1978.0,0.0,0.0
2026-03-10 16:17:00,2204.3,147.4,1980.1,0.0,0.0
2026-03-10 16:18:00,2223.7,150.7,1983.7,0.0,0.0
2026-03-10 16:19:00,2253.8,145.9,2022.4,0.0,0.0
2026-03-10 16:20:00,2230.8,143.9,2005.5,0.0,0.0
2026-03-10 16:21:00,2257.9,151.7,2034.0,0.0,0.0
2026-03-10 16:22:00,2218.3,152.3,1987.3,0.0,0.0
2026-03-10 16:23:00,2262.7,152.5,2030.3,0.0,0.0
2026-03-10 16:24:00,2219.7,151.9,1986.5,0.0,0.0
2026-03-10 16:25:00,2224.5,147.0,1994.8,0.0,0.0
2026-03-10 16:26:00,2193.5,152.1,1966.2,0.0,0.0
2026-03-10 16:27:00,2281.3,152.5,2041.7,0.0,0.0
2026-03-10 16:28:00,2258.1,154.7,2023.2,0.0,0.0
2026-03-10 16:29:00,2263.0,148.7,2032.2,0.0,0.0
2026-03-10 16:30:00,2220.0,144.7,1999.9,0.0,0.0
2026-03-10 16:31:00,2202.8,155.2,1977.0,0.0,0.0
2026-03-10 16:32:00,2219.7,154.8,1979.9,0.0,0.0
2026-03-10 16:33:00,2235.1,149.1,1993.8,0.0,0.0
2026-03-10 16:34:00,2233.5,138.9,2013.5,0.0,0.0
2026-03-10 16:35:00,2056.8,0.0,1967.1,0.0,0.0
2026-03-10 16:36:00,2028.6,0.0,1957.6,0.0,0.0
2026-03-10 16:37:00,2045.8,0.0,1970.8,0.0,0.0
2026-03-10 16:38:00,2071.0,0.0,1995.3,0.0,0.0
2026-03-10 16:39:00,2065.8,0.0,1977.4,0.0,0.0
2026-03-10 16:40:00,2071.3,0.0,1998.6,0.0,0.0
2026-03-10 16:41:00,2014.0,0.0,1933.1,0.0,0.0
2026-03-10 16:42:00,2076.2,0.0,1999.8,0.0,0.0
2026-03-10 16:43:00,2083.0,0.0,2009.1,0.0,0.0
2026-03-10 16:44:00,2067.4,0.0,1986.2,0.0,0.0
2026-03-10 16:45:00,2143.9,0.0,2060.3,0.0,0.0
2026-03-10 16:46:00,2089.7,0.0,2005.7,0.0,0.0
2026-03-10 16:47:00,2067.9,0.0,1989.0,0.0,0.0
2026-03-10 16:48:00,2071.6,0.0,1999.6,0.0,0.0
2026-03-10 16:49:00,2040.7,0.0,1952.2,0.0,0.0
2026-03-10 16:50:00,2082.0,0.0,1996.6,0.0,0.0
2026-03-10 16:51:00,2046.3,0.0,1971.5,0.0,0.0
2026-03-10 16:52:00,2042.5,0.0,1961.4,0.0,0.0
2026-03-10 16:53:00,2063.6,0.0,1981.5,0.0,0.0
2026-03-10 16:54:00,2055.4,0.0,1972.4,0.0,0.0
2026-03-10 16:55:00,2052.6,0.0,1963.2,0.0,0.0
2026-03-10 16:56:00,2082.8,0.0,1992.9,0.0,0.0
2026-03-10 16:57:00,2053.3,0.0,1977.3,0.0,0.0
2026-03-10 16:58:00,2078.5,0.0,1999.8,0.0,0.0
2026-03-10 16:59:00,2116.0,0.0,2041.7,0.0,0.0
2026-03-10 17:00:00,2238.9,141.0,2014.8,0.0,0.0
2026-03-10 17:01:00,2187.4,153.2,1955.8,0.0,0.0
2026-03-10 17:02:00,2206.8,142.7,1983.8,0.0,0.0
2026-03-10 17:03:00,2224.3,147.0,1992.4,0.0,0.0
2026-03-10 17:04:00,2284.4,153.3,2046.3,0.0,0.0
2026-03-10 17:05:00,2260.0,144.9,2045.1,0.0,0.0
2026-03-10 17:06:00,2211.8,151.8,1987.9,0.0,0.0
2026-03-10 17:07:00,2220.8,147.8,1994.0,0.0,0.0
2026-03-10 17:08:00,2235.9,153.6,1998.5,0.0,0.0
2026-03-10 17:09:00,2249.2,143.2,2028.0,0.0,0.0
2026-03-10 17:10:00,2234.4,160.1,1986.0,0.0,0.0
2026-03-10 17:11:00,2250.9,145.3,2025.0,0.0,0.0
2026-03-10 17:12:00,2299.1,146.8,2063.7,0.0,0.0
2026-03-10 17:13:00,2186.9,143.9,1965.9,0.0,0.0
2026-03-10 17:14:00,2284.7,156.6,2037.7,0.0,0.0
2026-03-10 17:15:00,2259.0,152.1,2024.6,0.0,0.0
2026-03-10 17:16:00,2235.2,150.5,2006.3,0.0,0.0
2026-03-10 17:17:00,2183.6,157.5,1953.3,0.0,0.0
2026-03-10 17:18:00,2249.1,144.2,2022.3,0.0,0.0
2026-03-10 17:19:00,2197.3,145.6,1973.6,0.0,0.0
2026-03-10 17:20:00,2225.7,151.5,2003.6,0.0,0.0
2026-03-10 17:21:00,2202.0,146.1,1974.8,0.0,0.0
2026-03-10 17:22:00,2227.7,148.5,1998.7,0.0,0.0
2026-03-10 17:23:00,2173.4,149.1,1941.0,0.0,0.0
2026-03-10 17:24:00,2174.7,148.7,1947.6,0.0,0.0
2026-03-10 17:25:00,2271.0,151.4,2036.2,0.0,0.0
2026-03-10 17:26:00,2256.0,144.5,2024.7,0.0,0.0
2026-03-10 17:27:00,2297.8,155.4,2055.0,0.0,0.0
2026-03-10 17:28:00,2252.4,150.2,2021.2,0.0,0.0
2026-03-10 17:29:00,2233.1,146.5,2003.6,0.0,0.0
2026-03-10 17:30:00,2263.8,147.4,2039.6,0.0,0.0
2026-03-10 17:31:00,2202.8,151.4,1975.6,0.0,0.0
2026-03-10 17:32:00,2247.4,149.5,2024.1,0.0,0.0
2026-03-10 17:33:00,2205.1,152.7,1969.8,0.0,0.0
2026-03-10 17:34:00,2230.3,157.3,1988.5,0.0,0.0
2026-03-10 17:35:00,2053.0,0.0,1974.5,0.0,0.0
2026-03-10 17:36:00,2065.2,0.0,1984.5,0.0,0.0
2026-03-10 17:37:00,2106.4,0.0,2033.9,0.0,0.0
2026-03-10 17:38:00,2130.1,0.0,2052.4,0.0,0.0
2026-03-10 17:39:00,2129.4,0.0,2051.8,0.0,0.0
2026-03-10 17:40:00,2076.4,0.0,1996.5,0.0,0.0
2026-03-10 17:41:00,2095.5,0.0,2018.8,0.0,0.0
2026-03-10 17:42:00,2102.0,0.0,2017.9,0.0,0.0
2026-03-10 17:43:00,2089.6,0.0,2006.3,0.0,0.0
2026-03-10 17:44:00,2082.1,0.0,1998.4,0.0,0.0
2026-03-10 17:45:00,2116.2,0.0,2036.7,0.0,0.0
2026-03-10 17:46:00,2049.7,0.0,1975.5,0.0,0.0
2026-03-10 17:47:00,2059.2,0.0,1968.8,0.0,0.0
2026-03-10 17:48:00,2075.2,0.0,1988.9,0.0,0.0
2026-03-10 17:49:00,2096.3,0.0,2024.8,0.0,0.0
2026-03-10 17:50:00,2091.2,0.0,2011.8,0.0,0.0
2026-03-10 17:51:00,2076.4,0.0,1995.7,0.0,0.0
2026-03-10 17:52:00,2092.8,0.0,2017.5,0.0,0.0
2026-03-10 17:53:00,2090.8,0.0,2013.0,0.0,0.0
2026-03-10 17:54:00,2070.4,0.0,1998.4,0.0,0.0
2026-03-10 17:55:00,2065.3,0.0,1987.5,0.0,0.0
2026-03-10 17:56:00,2001.4,0.0,1922.2,0.0,0.0
2026-03-10 17:57:00,2075.3,0.0,1993.2,0.0,0.0
2026-03-10 17:58:00,2028.7,0.0,1965.8,0.0,0.0
2026-03-10 17:59:00,2097.0,0.0,2020.3,0.0,0.0
2026-03-10 18:00:00,2403.2,157.1,2039.3,0.0,127.6
2026-03-10 18:01:00,2204.7,149.8,1979.5,0.0,0.0
2026-03-10 18:02:00,2400.3,145.9,2049.5,0.0,122.7
2026-03-10 18:03:00,2236.0,157.1,1990.2,0.0,0.0
2026-03-10 18:04:00,2216.6,154.4,1979.3,0.0,0.0
2026-03-10 18:05:00,2360.8,157.5,2005.8,0.0,113.5
2026-03-10 18:06:00,2350.0,143.2,2007.4,0.0,122.4
2026-03-10 18:07:00,2332.1,147.0,1990.4,0.0,113.7
2026-03-10 18:08:00,2342.0,149.6,1994.8,0.0,120.9
2026-03-10 18:09:00,2311.1,141.9,1974.3,0.0,115.4
2026-03-10 18:10:00,2339.1,150.6,1973.9,0.0,129.6
2026-03-10 18:11:00,2374.6,150.4,2009.9,0.0,125.5
2026-03-10 18:12:00,2344.6,148.9,1992.6,0.0,121.5
2026-03-10 18:13:00,2226.2,149.6,1998.9,0.0,0.0
2026-03-10 18:14:00,2309.9,142.5,1970.5,0.0,118.2
2026-03-10 18:15:00,2185.4,153.0,1958.0,0.0,0.0
2026-03-10 18:16:00,2354.8,157.0,1996.3,0.0,124.2
2026-03-10 18:17:00,2198.3,143.4,1975.9,0.0,0.0
2026-03-10 18:18:00,2204.4,144.2,1980.9,0.0,0.0
2026-03-10 18:19:00,2228.1,150.1,1988.0,0.0,0.0
2026-03-10 18:20:00,2223.3,144.2,1995.7,0.0,0.0
2026-03-10 18:21:00,2380.7,145.6,2027.2,0.0,129.3
2026-03-10 18:22:00,2190.9,148.1,1959.5,0.0,0.0
2026-03-10 18:23:00,2203.7,143.1,1975.5,0.0,0.0
2026-03-10 18:24:00,2193.2,141.6,1971.7,0.0,0.0
2026-03-10 18:25:00,2338.0,154.7,1986.0,0.0,121.2
2026-03-10 18:26:00,2274.5,144.7,1928.7,0.0,115.7
2026-03-10 18:27:00,2383.5,154.3,2024.2,0.0,127.6
2026-03-10 18:28:00,2333.7,145.9,1992.3,0.0,125.2
2026-03-10 18:29:00,2347.6,153.3,1997.8,0.0,116.5
2026-03-10 18:30:00,2225.2,147.5,1999.3,0.0,0.0
2026-03-10 18:31:00,2344.8,142.3,2002.5,0.0,122.2
2026-03-10 18:32:00,2387.4,152.3,2034.7,0.0,118.8
2026-03-10 18:33:00,2373.9,149.2,2033.9,0.0,117.6
2026-03-10 18:34:00,2376.9,146.3,2024.1,0.0,118.2
2026-03-10 18:35:00,2088.5,0.0,2012.2,0.0,0.0
2026-03-10 18:36:00,2134.2,0.0,1942.4,0.0,120.9
2026-03-10 18:37:00,2184.4,0.0,1985.5,0.0,118.7
2026-03-10 18:38:00,2089.3,0.0,2012.1,0.0,0.0
2026-03-10 18:39:00,2060.0,0.0,1980.9,0.0,0.0
2026-03-10 18:40:00,2206.6,0.0,1996.7,0.0,125.4
2026-03-10 18:41:00,2046.3,0.0,1963.7,0.0,0.0
2026-03-10 18:42:00,2197.4,0.0,2010.2,0.0,117.6
2026-03-10 18:43:00,2124.1,0.0,1922.8,0.0,122.4
2026-03-10 18:44:00,2055.0,0.0,1975.7,0.0,0.0
2026-03-10 18:45:00,2193.9,0.0,1997.2,0.0,120.5
2026-03-10 18:46:00,2135.3,0.0,1930.2,0.0,127.4
2026-03-10 18:47:00,2227.1,0.0,2021.0,0.0,117.9
2026-03-10 18:48:00,2155.7,0.0,1950.7,0.0,124.1
2026-03-10 18:49:00,2206.6,0.0,1997.8,0.0,121.5
2026-03-10 18:50:00,2113.6,0.0,2035.6,0.0,0.0
2026-03-10 18:51:00,2183.2,0.0,1976.2,0.0,127.4
2026-03-10 18:52:00,2066.3,0.0,1980.5,0.0,0.0
2026-03-10 18:53:00,2176.4,0.0,1983.4,0.0,116.2
2026-03-10 18:54:00,2110.0,0.0,2030.1,0.0,0.0
2026-03-10 18:55:00,2085.0,0.0,2011.1,0.0,0.0
2026-03-10 18:56:00,2069.1,0.0,1991.1,0.0,0.0
2026-03-10 18:57:00,2142.2,0.0,2058.6,0.0,0.0
2026-03-10 18:58:00,2100.5,0.0,2019.3,0.0,0.0
2026-03-10 18:59:00,2160.9,0.0,1967.5,0.0,120.8
2026-03-10 19:00:00,2372.9,156.8,2014.1,0.0,121.8
2026-03-10 19:01:00,2223.0,148.7,1989.9,0.0,0.0
2026-03-10 19:02:00,2389.9,147.7,2040.1,0.0,120.0
2026-03-10 19:03:00,2201.0,141.8,1992.3,0.0,0.0
2026-03-10 19:04:00,2212.6,142.7,1991.6,0.0,0.0
2026-03-10 19:05:00,2351.0,150.6,1995.4,0.0,122.5
2026-03-10 19:06:00,2388.2,155.3,2025.0,0.0,126.1
2026-03-10 19:07:00,2340.7,147.7,1992.4,0.0,120.5
2026-03-10 19:08:00,2294.3,146.2,1948.6,0.0,123.0
2026-03-10 19:09:00,2331.2,146.8,1983.4,0.0,121.7
2026-03-10 19:10:00,2248.6,152.9,2015.1,0.0,0.0
2026-03-10 19:11:00,2364.0,156.1,2019.1,0.0,120.7
2026-03-10 19:12:00,2371.5,149.8,2032.3,0.0,119.7
2026-03-10 19:13:00,2314.3,148.0,1957.4,0.0,122.8
2026-03-10 19:14:00,2214.9,151.1,1985.6,0.0,0.0
2026-03-10 19:15:00,2295.3,147.0,1952.4,0.0,107.6
2026-03-10 19:16:00,2174.8,149.6,1953.9,0.0,0.0
2026-03-10 19:17:00,2211.0,155.6,1982.0,0.0,0.0
2026-03-10 19:18:00,2364.5,152.3,2010.1,0.0,121.6
2026-03-10 19:19:00,2241.0,142.2,2022.3,0.0,0.0
2026-03-10 19:20:00,2326.7,159.8,1981.3,0.0,115.3
2026-03-10 19:21:00,2221.3,164.3,1964.9,0.0,0.0
2026-03-10 19:22:00,2203.0,142.6,1976.9,0.0,0.0
2026-03-10 19:23:00,2252.8,147.6,2023.6,0.0,0.0
2026-03-10 19:24:00,2259.7,153.1,2039.3,0.0,0.0
2026-03-10 19:25:00,2329.1,156.2,1978.1,0.0,119.2
2026-03-10 19:26:00,2185.1,140.7,1974.8,0.0,0.0
2026-03-10 19:27:00,2239.0,158.3,2002.2,0.0,0.0
2026-03-10 19:28:00,2366.6,156.1,2010.9,0.0,115.0
2026-03-10 19:29:00,2226.0,153.4,1996.0,0.0,0.0
2026-03-10 19:30:00,2356.0,149.6,2011.7,0.0,120.6
2026-03-10 19:31:00,2243.3,140.5,2008.3,0.0,0.0
2026-03-10 19:32:00,2208.4,150.8,1983.6,0.0,0.0
2026-03-10 19:33:00,2351.6,146.0,2014.6,0.0,117.4
2026-03-10 19:34:00,2392.5,151.9,2038.7,0.0,118.3
2026-03-10 19:35:00,2176.9,0.0,1973.7,0.0,125.2
2026-03-10 19:36:00,2056.3,0.0,1975.2,0.0,0.0
2026-03-10 19:37:00,2196.0,0.0,1991.6,0.0,119.6
2026-03-10 19:38:00,2238.2,0.0,2037.2,0.0,121.7
2026-03-10 19:39:00,2234.8,0.0,2030.7,0.0,124.1
2026-03-10 19:40:00,2227.5,0.0,2020.8,0.0,118.0
2026-03-10 19:41:00,2086.2,0.0,2003.0,0.0,0.0
2026-03-10 19:42:00,2214.4,0.0,2006.9,0.0,122.2
2026-03-10 19:43:00,2233.8,0.0,2030.7,0.0,121.4
2026-03-10 19:44:00,2139.5,0.0,1948.5,0.0,118.3
2026-03-10 19:45:00,2032.0,0.0,1954.3,0.0,0.0
2026-03-10 19:46:00,2248.7,0.0,2041.3,0.0,123.3
2026-03-10 19:47:00,2066.9,0.0,1987.2,0.0,0.0
2026-03-10 19:48:00,2095.7,0.0,2014.1,0.0,0.0
2026-03-10 19:49:00,2204.2,0.0,2006.9,0.0,119.2
2026-03-10 19:50:00,2191.7,0.0,1989.4,0.0,120.9
2026-03-10 19:51:00,2102.2,0.0,2021.8,0.0,0.0
2026-03-10 19:52:00,2037.1,0.0,1956.5,0.0,0.0
2026-03-10 19:53:00,2059.7,0.0,1989.7,0.0,0.0
2026-03-10 19:54:00,2087.4,0.0,2017.3,0.0,0.0
2026-03-10 19:55:00,2071.2,0.0,1994.5,0.0,0.0
2026-03-10 19:56:00,2188.5,0.0,1991.9,0.0,119.7
2026-03-10 19:57:00,2215.9,0.0,2017.9,0.0,124.6
2026-03-10 19:58:00,2219.1,0.0,2021.9,0.0,120.5
2026-03-10 19:59:00,2210.3,0.0,2003.6,0.0,120.6
2026-03-10 20:00:00,2307.1,154.4,1944.8,0.0,127.0
2026-03-10 20:01:00,2273.4,158.2,2037.1,0.0,0.0
2026-03-10 20:02:00,2167.6,153.7,1935.5,0.0,0.0
2026-03-10 20:03:00,2187.1,155.7,1954.3,0.0,0.0
2026-03-10 20:04:00,2400.1,144.8,2052.0,0.0,119.7
2026-03-10 20:05:00,2286.7,148.0,1955.1,0.0,117.3
2026-03-10 20:06:00,2315.2,145.8,1977.4,0.0,125.6
2026-03-10 20:07:00,2338.8,157.2,1983.5,0.0,114.7
2026-03-10 20:08:00,2190.4,149.5,1961.1,0.0,0.0
2026-03-10 20:09:00,2244.4,146.1,2027.4,0.0,0.0
2026-03-10 20:10:00,2332.9,149.7,1986.5,0.0,113.2
2026-03-10 20:11:00,2380.0,155.7,2024.9,0.0,124.4
2026-03-10 20:12:00,2246.4,143.5,2021.2,0.0,0.0
2026-03-10 20:13:00,2367.5,154.0,2005.0,0.0,121.6
2026-03-10 20:14:00,2348.9,150.7,1999.7,0.0,118.5
2026-03-10 20:15:00,2367.9,149.2,2022.7,0.0,116.3
2026-03-10 20:16:00,2248.5,151.9,2027.1,0.0,0.0
2026-03-10 20:17:00,2222.2,146.6,1998.7,0.0,0.0
2026-03-10 20:18:00,2343.4,144.9,2002.5,0.0,120.1
2026-03-10 20:19:00,2320.1,142.8,1976.9,0.0,120.2
2026-03-10 20:20:00,2231.6,151.8,1995.1,0.0,0.0
2026-03-10 20:21:00,2419.4,142.6,2070.7,0.0,120.1
2026-03-10 20:22:00,2349.6,147.0,1997.1,0.0,123.5
2026-03-10 20:23:00,2336.9,145.9,1995.3,0.0,116.8
2026-03-10 20:24:00,2387.3,154.6,2029.9,0.0,115.1
2026-03-10 20:25:00,2334.9,136.7,1987.9,0.0,121.8
2026-03-10 20:26:00,2304.5,148.1,1955.1,0.0,119.7
2026-03-10 20:27:00,2305.2,149.9,1962.1,0.0,119.9
2026-03-10 20:28:00,2391.5,151.1,2050.1,0.0,116.9
2026-03-10 20:29:00,2352.4,149.7,1993.5,0.0,123.3
2026-03-10 20:30:00,2337.2,154.4,1972.9,0.0,119.9
2026-03-10 20:31:00,2399.3,149.3,2041.3,0.0,118.2
2026-03-10 20:32:00,2363.0,147.7,2000.3,0.0,125.6
2026-03-10 20:33:00,2261.8,151.1,2026.8,0.0,0.0
2026-03-10 20:34:00,2373.6,151.6,2034.9,0.0,113.8
2026-03-10 20:35:00,2203.8,0.0,2017.0,0.0,113.0
2026-03-10 20:36:00,2184.2,0.0,1997.8,0.0,115.4
2026-03-10 20:37:00,2215.7,0.0,2005.2,0.0,123.7
2026-03-10 20:38:00,2148.9,0.0,2061.0,0.0,0.0
2026-03-10 20:39:00,2048.2,0.0,1969.2,0.0,0.0
2026-03-10 20:40:00,2077.5,0.0,1998.5,0.0,0.0
2026-03-10 20:41:00,2239.8,0.0,2047.6,0.0,120.1
2026-03-10 20:42:00,2205.9,0.0,1993.7,0.0,132.3
2026-03-10 20:43:00,2187.7,0.0,1971.3,0.0,128.8
2026-03-10 20:44:00,2140.1,0.0,2062.3,0.0,0.0
2026-03-10 20:45:00,2127.4,0.0,2056.6,0.0,0.0
2026-03-10 20:46:00,2241.5,0.0,2050.1,0.0,113.4
2026-03-10 20:47:00,2217.8,0.0,2020.4,0.0,122.4
2026-03-10 20:48:00,2173.2,0.0,1977.4,0.0,120.3
2026-03-10 20:49:00,2076.3,0.0,1999.5,0.0,0.0
2026-03-10 20:50:00,2203.1,0.0,1999.2,0.0,120.2
2026-03-10 20:51:00,2096.7,0.0,2020.3,0.0,0.0
2026-03-10 20:52:00,2196.8,0.0,1994.4,0.0,120.0
2026-03-10 20:53:00,2174.7,0.0,1973.1,0.0,128.3
2026-03-10 20:54:00,2066.7,0.0,1983.1,0.0,0.0
2026-03-10 20:55:00,2024.0,0.0,1950.2,0.0,0.0
2026-03-10 20:56:00,2016.8,0.0,1937.1,0.0,0.0
2026-03-10 20:57:00,2194.5,0.0,2001.8,0.0,124.9
2026-03-10 20:58:00,2201.6,0.0,2008.3,0.0,115.5
2026-03-10 20:59:00,2183.3,0.0,1972.4,0.0,123.5
2026-03-10 21:00:00,2331.8,149.2,1983.3,0.0,122.5
2026-03-10 21:01:00,2333.0,149.7,1965.9,0.0,127.0
2026-03-10 21:02:00,2261.7,139.2,2044.7,0.0,0.0
2026-03-10 21:03:00,2220.2,150.1,1984.4,0.0,0.0
2026-03-10 21:04:00,2239.5,147.1,2032.0,0.0,0.0
2026-03-10 21:05:00,2346.2,147.0,1998.7,0.0,122.1
2026-03-10 21:06:00,2192.3,140.3,1981.0,0.0,0.0
2026-03-10 21:07:00,2268.9,151.5,2037.6,0.0,0.0
2026-03-10 21:08:00,2385.6,156.8,2027.2,0.0,116.5
2026-03-10 21:09:00,2220.9,156.6,1993.6,0.0,0.0
2026-03-10 21:10:00,2240.8,156.1,2000.5,0.0,0.0
2026-03-10 21:11:00,2217.4,152.1,1982.4,0.0,0.0
2026-03-10 21:12:00,2300.4,154.6,1953.9,0.0,119.8
2026-03-10 21:13:00,2302.8,143.1,1965.3,0.0,113.8
2026-03-10 21:14:00,2375.4,147.4,2026.4,0.0,119.5
2026-03-10 21:15:00,2213.7,149.1,1993.5,0.0,0.0
2026-03-10 21:16:00,2246.1,150.2,2022.2,0.0,0.0
2026-03-10 21:17:00,2341.0,147.3,1987.6,0.0,115.2
2026-03-10 21:18:00,2315.0,149.4,1962.1,0.0,122.7
2026-03-10 21:19:00,2243.0,154.3,2013.7,0.0,0.0
2026-03-10 21:20:00,2202.3,143.5,1980.9,0.0,0.0
2026-03-10 21:21:00,2353.8,152.9,2000.3,0.0,131.3
2026-03-10 21:22:00,2251.9,149.7,2024.7,0.0,0.0
2026-03-10 21:23:00,2279.7,152.0,1943.4,0.0,116.2
2026-03-10 21:24:00,2248.0,151.0,2016.8,0.0,0.0
2026-03-10 21:25:00,2362.3,151.6,2006.3,0.0,117.9
2026-03-10 21:26:00,2209.2,148.4,1989.0,0.0,0.0
2026-03-10 21:27:00,2227.8,154.9,1996.8,0.0,0.0
2026-03-10 21:28:00,2334.5,155.3,1974.9,0.0,128.2
2026-03-10 21:29:00,2224.9,153.4,1991.8,0.0,0.0
2026-03-10 21:30:00,2328.4,146.0,1963.2,0.0,123.4
2026-03-10 21:31:00,2367.7,148.9,2010.9,0.0,129.3
2026-03-10 21:32:00,2200.6,151.1,1972.9,0.0,0.0
2026-03-10 21:33:00,2366.8,159.7,2008.4,0.0,120.9
2026-03-10 21:34:00,2308.4,153.7,1949.3,0.0,125.1
2026-03-10 21:35:00,2102.9,0.0,2025.5,0.0,0.0
2026-03-10 21:36:00,2188.6,0.0,1984.2,0.0,116.0
2026-03-10 21:37:00,2041.6,0.0,1967.4,0.0,0.0
2026-03-10 21:38:00,2163.5,0.0,1962.4,0.0,121.0
2026-03-10 21:39:00,2107.8,0.0,2029.6,0.0,0.0
2026-03-10 21:40:00,2169.9,0.0,1971.9,0.0,116.9
2026-03-10 21:41:00,2179.9,0.0,1991.2,0.0,114.1
2026-03-10 21:42:00,2193.3,0.0,1998.0,0.0,122.3
2026-03-10 21:43:00,2161.0,0.0,1975.1,0.0,114.6
2026-03-10 21:44:00,2205.4,0.0,1995.3,0.0,122.6
2026-03-10 21:45:00,2031.4,0.0,1945.5,0.0,0.0
2026-03-10 21:46:00,2196.3,0.0,2000.2,0.0,115.6
2026-03-10 21:47:00,2168.9,0.0,1969.7,0.0,119.4
2026-03-10 21:48:00,2215.5,0.0,1999.9,0.0,128.7
2026-03-10 21:49:00,2115.8,0.0,2046.8,0.0,0.0
2026-03-10 21:50:00,2094.2,0.0,2013.3,0.0,0.0
2026-03-10 21:51:00,2120.8,0.0,2040.1,0.0,0.0
2026-03-10 21:52:00,2195.2,0.0,2002.0,0.0,118.4
2026-03-10 21:53:00,2054.4,0.0,1981.1,0.0,0.0
2026-03-10 21:54:00,2231.3,0.0,2031.6,0.0,128.1
2026-03-10 21:55:00,2171.5,0.0,1966.7,0.0,119.5
2026-03-10 21:56:00,2223.6,0.0,2021.0,0.0,119.0
2026-03-10 21:57:00,2068.7,0.0,1986.0,0.0,0.0
2026-03-10 21:58:00,2221.8,0.0,2010.7,0.0,124.2
2026-03-10 21:59:00,2093.1,0.0,2013.3,0.0,0.0
2026-03-10 22:00:00,2256.3,153.0,2024.9,0.0,0.0
2026-03-10 22:01:00,2238.0,152.4,2007.2,0.0,0.0
2026-03-10 22:02:00,2332.1,153.8,1985.3,0.0,121.7
2026-03-10 22:03:00,2216.3,146.5,1990.9,0.0,0.0
2026-03-10 22:04:00,2191.7,147.8,1971.3,0.0,0.0
2026-03-10 22:05:00,2226.3,150.3,2000.6,0.0,0.0
2026-03-10 22:06:00,2264.4,156.9,2018.4,0.0,0.0
2026-03-10 22:07:00,2270.8,147.5,2029.0,0.0,0.0
2026-03-10 22:08:00,2264.9,143.1,2043.9,0.0,0.0
2026-03-10 22:09:00,2366.7,145.4,2017.8,0.0,121.3
2026-03-10 22:10:00,2357.2,157.1,2000.4,0.0,119.7
2026-03-10 22:11:00,2302.1,149.4,1957.1,0.0,121.1
2026-03-10 22:12:00,2342.4,143.6,2000.5,0.0,120.0
2026-03-10 22:13:00,2351.2,151.3,2005.8,0.0,116.9
2026-03-10 22:14:00,2342.5,153.6,1983.9,0.0,124.7
2026-03-10 22:15:00,2160.4,145.9,1935.2,0.0,0.0
2026-03-10 22:16:00,2415.5,146.6,2065.6,0.0,117.7
2026-03-10 22:17:00,2354.7,144.9,2003.2,0.0,123.2
2026-03-10 22:18:00,2202.9,141.6,1987.6,0.0,0.0
2026-03-10 22:19:00,2328.7,147.8,1978.7,0.0,127.3
2026-03-10 22:20:00,2331.7,153.4,1990.5,0.0,110.6
2026-03-10 22:21:00,2328.2,152.8,1983.3,0.0,120.0
2026-03-10 22:22:00,2356.0,149.4,2004.7,0.0,119.0
2026-03-10 22:23:00,2277.0,142.8,2047.4,0.0,0.0
2026-03-10 22:24:00,2354.9,150.4,1998.6,0.0,117.7
2026-03-10 22:25:00,2331.6,154.8,1985.9,0.0,112.3
2026-03-10 22:26:00,2247.1,155.2,2011.9,0.0,0.0
2026-03-10 22:27:00,2360.2,147.0,2008.5,0.0,119.3
2026-03-10 22:28:00,2386.4,145.3,2042.7,0.0,127.0
2026-03-10 22:29:00,2340.0,154.6,1975.9,0.0,126.5
2026-03-10 22:30:00,2363.2,150.5,2011.8,0.0,118.1
2026-03-10 22:31:00,2379.7,157.0,2020.8,0.0,129.7
2026-03-10 22:32:00,2198.2,154.4,1968.0,0.0,0.0
2026-03-10 22:33:00,2252.4,155.5,2028.8,0.0,0.0
2026-03-10 22:34:00,2314.3,150.1,1965.9,0.0,122.7
2026-03-10 22:35:00,2203.1,0.0,2008.1,0.0,114.1
2026-03-10 22:36:00,2244.1,0.0,2042.9,0.0,124.3
2026-03-10 22:37:00,2218.0,0.0,2016.4,0.0,121.2
2026-03-10 22:38:00,2079.3,0.0,2001.2,0.0,0.0
2026-03-10 22:39:00,2243.5,0.0,2031.4,0.0,124.0
2026-03-10 22:40:00,2222.5,0.0,2024.7,0.0,118.6
2026-03-10 22:41:00,2045.3,0.0,1968.8,0.0,0.0
2026-03-10 22:42:00,2124.7,0.0,1944.9,0.0,110.3
2026-03-10 22:43:00,2060.5,0.0,1989.2,0.0,0.0
2026-03-10 22:44:00,2194.5,0.0,1994.7,0.0,115.4
2026-03-10 22:45:00,2165.1,0.0,1967.9,0.0,113.2
2026-03-10 22:46:00,2101.6,0.0,2022.4,0.0,0.0
2026-03-10 22:47:00,2147.1,0.0,1947.6,0.0,119.7
2026-03-10 22:48:00,2198.8,0.0,1992.3,0.0,122.8
2026-03-10 22:49:00,2102.0,0.0,2017.3,0.0,0.0
2026-03-10 22:50:00,2116.2,0.0,2036.3,0.0,0.0
2026-03-10 22:51:00,2109.2,0.0,2031.0,0.0,0.0
2026-03-10 22:52:00,2063.6,0.0,1985.0,0.0,0.0
2026-03-10 22:53:00,2097.7,0.0,2015.8,0.0,0.0
2026-03-10 22:54:00,2169.4,0.0,1962.6,0.0,119.9
2026-03-10 22:55:00,2207.7,0.0,2010.0,0.0,123.4
2026-03-10 22:56:00,2077.5,0.0,2001.4,0.0,0.0
2026-03-10 22:57:00,2024.6,0.0,1949.7,0.0,0.0
2026-03-10 22:58:00,2073.0,0.0,1989.8,0.0,0.0
2026-03-10 22:59:00,2211.5,0.0,2005.4,0.0,122.6
2026-03-10 23:00:00,2250.2,148.8,2015.9,0.0,0.0
2026-03-10 23:01:00,2184.6,152.8,1956.6,0.0,0.0
2026-03-10 23:02:00,2231.1,140.4,2009.8,0.0,0.0
2026-03-10 23:03:00,2240.4,149.9,2011.4,0.0,0.0
2026-03-10 23:04:00,2258.4,154.2,2021.9,0.0,0.0
2026-03-10 23:05:00,2187.6,149.9,1957.5,0.0,0.0
2026-03-10 23:06:00,2280.6,144.9,2052.4,0.0,0.0
2026-03-10 23:07:00,2254.4,150.4,2014.4,0.0,0.0
2026-03-10 23:08:00,2230.1,158.0,1990.6,0.0,0.0
2026-03-10 23:09:00,2233.0,154.8,1993.6,0.0,0.0
2026-03-10 23:10:00,2187.9,156.1,1944.3,0.0,0.0
2026-03-10 23:11:00,2229.8,145.6,2012.5,0.0,0.0
2026-03-10 23:12:00,2192.1,149.9,1967.9,0.0,0.0
2026-03-10 23:13:00,2254.9,147.2,2022.7,0.0,0.0
2026-03-10 23:14:00,2261.4,149.2,2036.1,0.0,0.0
2026-03-10 23:15:00,2241.5,145.3,2006.2,0.0,0.0
2026-03-10 23:16:00,2178.7,146.6,1954.5,0.0,0.0
2026-03-10 23:17:00,2236.2,156.6,1995.0,0.0,0.0
2026-03-10 23:18:00,2230.3,144.0,2009.3,0.0,0.0
2026-03-10 23:19:00,2227.8,153.4,2004.8,0.0,0.0
2026-03-10 23:20:00,2235.1,149.2,1999.5,0.0,0.0
2026-03-10 23:21:00,2239.7,147.1,2017.4,0.0,0.0
2026-03-10 23:22:00,2195.8,153.6,1962.5,0.0,0.0
2026-03-10 23:23:00,2276.1,150.9,2049.5,0.0,0.0
2026-03-10 23:24:00,2215.2,156.7,1980.7,0.0,0.0
2026-03-10 23:25:00,2258.3,160.3,2010.7,0.0,0.0
2026-03-10 23:26:00,2266.0,153.4,2028.7,0.0,0.0
2026-03-10 23:27:00,2249.0,148.2,2023.3,0.0,0.0
2026-03-10 23:28:00,2208.3,147.0,1992.5,0.0,0.0
2026-03-10 23:29:00,2313.0,141.8,2082.6,0.0,0.0
2026-03-10 23:30:00,2251.7,150.4,2019.4,0.0,0.0
2026-03-10 23:31:00,2238.9,147.0,2014.3,0.0,0.0
2026-03-10 23:32:00,2241.6,160.8,2008.3,0.0,0.0
2026-03-10 23:33:00,2204.9,147.3,1975.4,0.0,0.0
2026-03-10 23:34:00,2241.1,146.9,2009.9,0.0,0.0
2026-03-10 23:35:00,2072.1,0.0,1994.5,0.0,0.0
2026-03-10 23:36:00,2071.4,0.0,1980.9,0.0,0.0
2026-03-10 23:37:00,2137.0,0.0,2050.1,0.0,0.0
2026-03-10 23:38:00,2088.4,0.0,2011.0,0.0,0.0
2026-03-10 23:39:00,2080.1,0.0,2003.6,0.0,0.0
2026-03-10 23:40:00,2054.3,0.0,1983.1,0.0,0.0
2026-03-10 23:41:00,2127.9,0.0,2057.2,0.0,0.0
2026-03-10 23:42:00,2086.7,0.0,2003.5,0.0,0.0
2026-03-10 23:43:00,2158.7,0.0,2080.2,0.0,0.0
2026-03-10 23:44:00,2051.2,0.0,1963.8,0.0,0.0
2026-03-10 23:45:00,2062.2,0.0,1980.8,0.0,0.0
2026-03-10 23:46:00,2054.0,0.0,1976.9,0.0,0.0
2026-03-10 23:47:00,2137.3,0.0,2056.1,0.0,0.0
2026-03-10 23:48:00,2113.0,0.0,2036.1,0.0,0.0
2026-03-10 23:49:00,2083.4,0.0,2005.2,0.0,0.0
2026-03-10 23:50:00,2130.0,0.0,2038.9,0.0,0.0
2026-03-10 23:51:00,2011.6,0.0,1934.5,0.0,0.0
2026-03-10 23:52:00,2050.9,0.0,1965.9,0.0,0.0
2026-03-10 23:53:00,2072.9,0.0,2000.1,0.0,0.0
2026-03-10 23:54:00,2046.0,0.0,1956.6,0.0,0.0
2026-03-10 23:55:00,2034.8,0.0,1952.2,0.0,0.0
2026-03-10 23:56:00,2070.7,0.0,1994.1,0.0,0.0
2026-03-10 23:57:00,2088.4,0.0,2004.3,0.0,0.0
2026-03-10 23:58:00,2011.0,0.0,1938.1,0.0,0.0
2026-03-10 23:59:00,2055.9,0.0,1980.3,0.0,0.0
2026-03-11 00:00:00,2202.8,151.6,1969.2,0.0,0.0
2026-03-11 00:01:00,2211.6,147.9,1990.3,0.0,0.0
2026-03-11 00:02:00,2210.0,149.6,1976.0,0.0,0.0
2026-03-11 00:03:00,2219.8,156.2,1984.9,0.0,0.0
2026-03-11 00:04:00,2245.2,138.0,2023.8,0.0,0.0
2026-03-11 00:05:00,2221.3,154.9,1991.0,0.0,0.0
2026-03-11 00:06:00,2307.7,155.9,2066.3,0.0,0.0
2026-03-11 00:07:00,2248.0,149.2,2014.4,0.0,0.0
2026-03-11 00:08:00,2224.5,155.7,1979.2,0.0,0.0
2026-03-11 00:09:00,2189.4,146.4,1960.1,0.0,0.0
2026-03-11 00:10:00,2176.8,144.6,1944.4,0.0,0.0
2026-03-11 00:11:00,2196.2,142.0,1982.9,0.0,0.0
2026-03-11 00:12:00,2233.1,149.1,2009.6,0.0,0.0
2026-03-11 00:13:00,2216.2,152.1,1971.7,0.0,0.0
2026-03-11 00:14:00,2223.6,150.8,1992.2,0.0,0.0
2026-03-11 00:15:00,2217.5,143.2,1997.5,0.0,0.0
2026-03-11 00:16:00,2206.6,150.2,1986.4,0.0,0.0
2026-03-11 00:17:00,2182.7,152.8,1954.3,0.0,0.0
2026-03-11 00:18:00,2178.0,152.2,1949.9,0.0,0.0
2026-03-11 00:19:00,2237.1,157.1,1993.5,0.0,0.0
2026-03-11 00:20:00,2243.4,144.8,2039.7,0.0,0.0
2026-03-11 00:21:00,2262.0,151.8,2016.7,0.0,0.0
2026-03-11 00:22:00,2262.6,149.2,2035.2,0.0,0.0
2026-03-11 00:23:00,2250.1,150.4,2031.0,0.0,0.0
2026-03-11 00:24:00,2257.4,147.2,2030.3,0.0,0.0
2026-03-11 00:25:00,2162.3,150.2,1949.5,0.0,0.0
2026-03-11 00:26:00,2237.2,143.2,2018.6,0.0,0.0
2026-03-11 00:27:00,2171.8,147.0,1936.2,0.0,0.0
2026-03-11 00:28:00,2197.4,154.8,1968.4,0.0,0.0
2026-03-11 00:29:00,2199.5,147.1,1968.7,0.0,0.0
2026-03-11 00:30:00,2209.2,148.4,1989.9,0.0,0.0
2026-03-11 00:31:00,2215.7,151.8,1979.9,0.0,0.0
2026-03-11 00:32:00,2274.1,152.7,2035.2,0.0,0.0
2026-03-11 00:33:00,2226.5,156.1,1996.8,0.0,0.0
2026-03-11 00:34:00,2196.7,146.0,1973.1,0.0,0.0
2026-03-11 00:35:00,88.2,0.0,0.0,0.0,0.0
2026-03-11 00:36:00,2089.0,0.0,2021.1,0.0,0.0
2026-03-11 00:37:00,78.5,0.0,0.0,0.0,0.0
2026-03-11 00:38:00,87.5,0.0,0.0,0.0,0.0
2026-03-11 00:39:00,2114.0,0.0,2038.4,0.0,0.0
2026-03-11 00:40:00,2047.0,0.0,1975.2,0.0,0.0
2026-03-11 00:41:00,2060.9,0.0,1983.4,0.0,0.0
2026-03-11 00:42:00,2067.9,0.0,1985.8,0.0,0.0
2026-03-11 00:43:00,2067.3,0.0,1980.0,0.0,0.0
2026-03-11 00:44:00,2057.7,0.0,1968.3,0.0,0.0
2026-03-11 00:45:00,75.9,0.0,0.0,0.0,0.0
2026-03-11 00:46:00,2051.8,0.0,1984.5,0.0,0.0
2026-03-11 00:47:00,2119.2,0.0,2047.2,0.0,0.0
2026-03-11 00:48:00,2054.9,0.0,1972.2,0.0,0.0
2026-03-11 00:49:00,2100.4,0.0,2023.8,0.0,0.0
2026-03-11 00:50:00,93.4,0.0,0.0,0.0,0.0
2026-03-11 00:51:00,80.2,0.0,0.0,0.0,0.0
2026-03-11 00:52:00,2130.1,0.0,2043.4,0.0,0.0
2026-03-11 00:53:00,2100.7,0.0,2020.1,0.0,0.0
2026-03-11 00:54:00,2041.7,0.0,1960.1,0.0,0.0
2026-03-11 00:55:00,2061.8,0.0,1971.6,0.0,0.0
2026-03-11 00:56:00,2060.4,0.0,1973.4,0.0,0.0
2026-03-11 00:57:00,2049.8,0.0,1978.4,0.0,0.0
2026-03-11 00:58:00,2090.0,0.0,2001.9,0.0,0.0
2026-03-11 00:59:00,2107.9,0.0,2030.3,0.0,0.0
2026-03-11 01:00:00,233.5,151.5,0.0,0.0,0.0
2026-03-11 01:01:00,234.9,149.6,0.0,0.0,0.0
2026-03-11 01:02:00,226.4,139.0,0.0,0.0,0.0
2026-03-11 01:03:00,2229.2,147.3,1991.1,0.0,0.0
2026-03-11 01:04:00,2218.0,155.3,1992.2,0.0,0.0
2026-03-11 01:05:00,220.3,151.6,0.0,0.0,0.0
2026-03-11 01:06:00,218.5,147.6,0.0,0.0,0.0
2026-03-11 01:07:00,230.5,147.2,0.0,0.0,0.0
2026-03-11 01:08:00,237.6,151.7,0.0,0.0,0.0
2026-03-11 01:09:00,2202.2,147.9,1975.8,0.0,0.0
2026-03-11 01:10:00,2174.4,142.2,1952.6,0.0,0.0
2026-03-11 01:11:00,2170.5,143.1,1945.4,0.0,0.0
2026-03-11 01:12:00,2186.0,161.4,1940.0,0.0,0.0
2026-03-11 01:13:00,2216.1,148.3,1977.7,0.0,0.0
2026-03-11 01:14:00,221.9,150.0,0.0,0.0,0.0
2026-03-11 01:15:00,218.8,150.7,0.0,0.0,0.0
2026-03-11 01:16:00,223.7,151.5,0.0,0.0,0.0
2026-03-11 01:17:00,230.5,153.2,0.0,0.0,0.0
2026-03-11 01:18:00,222.8,150.2,0.0,0.0,0.0
2026-03-11 01:19:00,238.1,147.9,0.0,0.0,0.0
2026-03-11 01:20:00,220.8,148.8,0.0,0.0,0.0
2026-03-11 01:21:00,230.0,149.5,0.0,0.0,0.0
2026-03-11 01:22:00,246.6,157.9,0.0,0.0,0.0
2026-03-11 01:23:00,238.7,158.3,0.0,0.0,0.0
2026-03-11 01:24:00,241.0,153.5,0.0,0.0,0.0
2026-03-11 01:25:00,244.6,158.4,0.0,0.0,0.0
2026-03-11 01:26:00,223.8,147.3,0.0,0.0,0.0
2026-03-11 01:27:00,214.8,146.0,0.0,0.0,0.0
2026-03-11 01:28:00,211.0,138.8,0.0,0.0,0.0
2026-03-11 01:29:00,240.0,154.0,0.0,0.0,0.0
2026-03-11 01:30:00,230.3,152.0,0.0,0.0,0.0
2026-03-11 01:31:00,224.5,143.8,0.0,0.0,0.0
2026-03-11 01:32:00,230.1,152.5,0.0,0.0,0.0
2026-03-11 01:33:00,231.5,148.4,0.0,0.0,0.0
2026-03-11 01:34:00,2247.5,151.0,2006.5,0.0,0.0
2026-03-11 01:35:00,87.0,0.0,0.0,0.0,0.0
2026-03-11 01:36:00,78.9,0.0,0.0,0.0,0.0
2026-03-11 01:37:00,75.5,0.0,0.0,0.0,0.0
2026-03-11 01:38:00,72.6,0.0,0.0,0.0,0.0
2026-03-11 01:39:00,81.9,0.0,0.0,0.0,0.0
2026-03-11 01:40:00,83.3,0.0,0.0,0.0,0.0
2026-03-11 01:41:00,78.1,0.0,0.0,0.0,0.0
2026-03-11 01:42:00,79.0,0.0,0.0,0.0,0.0
2026-03-11 01:43:00,75.3,0.0,0.0,0.0,0.0
2026-03-11 01:44:00,74.4,0.0,0.0,0.0,0.0
2026-03-11 01:45:00,84.4,0.0,0.0,0.0,0.0
2026-03-11 01:46:00,77.5,0.0,0.0,0.0,0.0
2026-03-11 01:47:00,83.2,0.0,0.0,0.0,0.0
2026-03-11 01:48:00,78.1,0.0,0.0,0.0,0.0
2026-03-11 01:49:00,84.4,0.0,0.0,0.0,0.0
2026-03-11 01:50:00,81.9,0.0,0.0,0.0,0.0
2026-03-11 01:51:00,81.9,0.0,0.0,0.0,0.0
2026-03-11 01:52:00,87.1,0.0,0.0,0.0,0.0
2026-03-11 01:53:00,74.0,0.0,0.0,0.0,0.0
2026-03-11 01:54:00,73.3,0.0,0.0,0.0,0.0
2026-03-11 01:55:00,74.9,0.0,0.0,0.0,0.0
2026-03-11 01:56:00,81.1,0.0,0.0,0.0,0.0
2026-03-11 01:57:00,90.6,0.0,0.0,0.0,0.0
2026-03-11 01:58:00,81.2,0.0,0.0,0.0,0.0
2026-03-11 01:59:00,69.8,0.0,0.0,0.0,0.0
2026-03-11 02:00:00,234.4,147.0,0.0,0.0,0.0
2026-03-11 02:01:00,243.0,151.9,0.0,0.0,0.0
2026-03-11 02:02:00,241.1,158.6,0.0,0.0,0.0
2026-03-11 02:03:00,226.8,148.0,0.0,0.0,0.0
2026-03-11 02:04:00,234.1,151.2,0.0,0.0,0.0
2026-03-11 02:05:00,245.2,153.2,0.0,0.0,0.0
2026-03-11 02:06:00,238.3,154.1,0.0,0.0,0.0
2026-03-11 02:07:00,223.5,154.8,0.0,0.0,0.0
2026-03-11 02:08:00,232.3,150.6,0.0,0.0,0.0
2026-03-11 02:09:00,233.1,150.3,0.0,0.0,0.0
2026-03-11 02:10:00,229.3,151.0,0.0,0.0,0.0
2026-03-11 02:11:00,224.5,147.7,0.0,0.0,0.0
2026-03-11 02:12:00,218.2,141.2,0.0,0.0,0.0
2026-03-11 02:13:00,230.5,151.6,0.0,0.0,0.0
2026-03-11 02:14:00,236.0,150.1,0.0,0.0,0.0
2026-03-11 02:15:00,233.5,162.9,0.0,0.0,0.0
2026-03-11 02:16:00,222.9,147.7,0.0,0.0,0.0
2026-03-11 02:17:00,222.9,144.0,0.0,0.0,0.0
2026-03-11 02:18:00,232.0,146.9,0.0,0.0,0.0
2026-03-11 02:19:00,225.1,147.3,0.0,0.0,0.0
2026-03-11 02:20:00,240.4,152.4,0.0,0.0,0.0
2026-03-11 02:21:00,235.4,147.6,0.0,0.0,0.0
2026-03-11 02:22:00,240.5,152.7,0.0,0.0,0.0
2026-03-11 02:23:00,227.0,147.1,0.0,0.0,0.0
2026-03-11 02:24:00,227.3,147.4,0.0,0.0,0.0
2026-03-11 02:25:00,227.8,150.7,0.0,0.0,0.0
2026-03-11 02:26:00,231.2,150.4,0.0,0.0,0.0
2026-03-11 02:27:00,229.9,143.1,0.0,0.0,0.0
2026-03-11 02:28:00,231.7,152.1,0.0,0.0,0.0
2026-03-11 02:29:00,222.6,148.8,0.0,0.0,0.0
2026-03-11 02:30:00,247.8,159.3,0.0,0.0,0.0
2026-03-11 02:31:00,230.6,148.9,0.0,0.0,0.0
2026-03-11 02:32:00,237.3,151.5,0.0,0.0,0.0
2026-03-11 02:33:00,231.9,145.2,0.0,0.0,0.0
2026-03-11 02:34:00,233.8,152.5,0.0,0.0,0.0
2026-03-11 02:35:00,69.9,0.0,0.0,0.0,0.0
2026-03-11 02:36:00,82.6,0.0,0.0,0.0,0.0
2026-03-11 02:37:00,74.9,0.0,0.0,0.0,0.0
2026-03-11 02:38:00,67.1,0.0,0.0,0.0,0.0
2026-03-11 02:39:00,74.0,0.0,0.0,0.0,0.0
2026-03-11 02:40:00,85.0,0.0,0.0,0.0,0.0
2026-03-11 02:41:00,83.1,0.0,0.0,0.0,0.0
2026-03-11 02:42:00,75.8,0.0,0.0,0.0,0.0
2026-03-11 02:43:00,80.0,0.0,0.0,0.0,0.0
2026-03-11 02:44:00,81.0,0.0,0.0,0.0,0.0
2026-03-11 02:45:00,77.4,0.0,0.0,0.0,0.0
2026-03-11 02:46:00,69.6,0.0,0.0,0.0,0.0
2026-03-11 02:47:00,75.9,0.0,0.0,0.0,0.0
2026-03-11 02:48:00,85.9,0.0,0.0,0.0,0.0
2026-03-11 02:49:00,78.1,0.0,0.0,0.0,0.0
2026-03-11 02:50:00,79.5,0.0,0.0,0.0,0.0
2026-03-11 02:51:00,77.1,0.0,0.0,0.0,0.0
2026-03-11 02:52:00,86.2,0.0,0.0,0.0,0.0
2026-03-11 02:53:00,83.8,0.0,0.0,0.0,0.0
2026-03-11 02:54:00,76.5,0.0,0.0,0.0,0.0
2026-03-11 02:55:00,77.0,0.0,0.0,0.0,0.0
2026-03-11 02:56:00,90.3,0.0,0.0,0.0,0.0
2026-03-11 02:57:00,79.4,0.0,0.0,0.0,0.0
2026-03-11 02:58:00,73.5,0.0,0.0,0.0,0.0
2026-03-11 02:59:00,80.6,0.0,0.0,0.0,0.0
2026-03-11 03:00:00,239.3,147.9,0.0,0.0,0.0
2026-03-11 03:01:00,223.2,145.3,0.0,0.0,0.0
2026-03-11 03:02:00,227.2,149.4,0.0,0.0,0.0
2026-03-11 03:03:00,243.5,161.9,0.0,0.0,0.0
2026-03-11 03:04:00,227.0,152.3,0.0,0.0,0.0
2026-03-11 03:05:00,241.8,152.5,0.0,0.0,0.0
2026-03-11 03:06:00,229.8,144.1,0.0,0.0,0.0
2026-03-11 03:07:00,242.7,153.0,0.0,0.0,0.0
2026-03-11 03:08:00,219.8,142.1,0.0,0.0,0.0
2026-03-11 03:09:00,233.8,146.9,0.0,0.0,0.0
2026-03-11 03:10:00,233.0,151.0,0.0,0.0,0.0
2026-03-11 03:11:00,234.1,160.3,0.0,0.0,0.0
2026-03-11 03:12:00,225.7,146.3,0.0,0.0,0.0
2026-03-11 03:13:00,221.6,152.4,0.0,0.0,0.0
2026-03-11 03:14:00,226.3,148.5,0.0,0.0,0.0
2026-03-11 03:15:00,224.1,140.6,0.0,0.0,0.0
2026-03-11 03:16:00,226.6,152.9,0.0,0.0,0.0
2026-03-11 03:17:00,241.9,161.7,0.0,0.0,0.0
2026-03-11 03:18:00,241.8,153.7,0.0,0.0,0.0
2026-03-11 03:19:00,225.4,145.9,0.0,0.0,0.0
2026-03-11 03:20:00,222.1,149.4,0.0,0.0,0.0
2026-03-11 03:21:00,231.9,152.4,0.0,0.0,0.0
2026-03-11 03:22:00,238.7,144.9,0.0,0.0,0.0
2026-03-11 03:23:00,237.0,150.7,0.0,0.0,0.0
2026-03-11 03:24:00,222.4,146.8,0.0,0.0,0.0
2026-03-11 03:25:00,226.8,149.9,0.0,0.0,0.0
2026-03-11 03:26:00,233.1,147.8,0.0,0.0,0.0
2026-03-11 03:27:00,229.9,150.2,0.0,0.0,0.0
2026-03-11 03:28:00,233.2,151.7,0.0,0.0,0.0
2026-03-11 03:29:00,225.6,146.3,0.0,0.0,0.0
2026-03-11 03:30:00,249.1,157.5,0.0,0.0,0.0
2026-03-11 03:31:00,214.1,144.7,0.0,0.0,0.0
2026-03-11 03:32:00,245.1,152.4,0.0,0.0,0.0
2026-03-11 03:33:00,242.0,159.6,0.0,0.0,0.0
2026-03-11 03:34:00,242.7,157.2,0.0,0.0,0.0
2026-03-11 03:35:00,79.7,0.0,0.0,0.0,0.0
2026-03-11 03:36:00,77.4,0.0,0.0,0.0,0.0
2026-03-11 03:37:00,78.9,0.0,0.0,0.0,0.0
2026-03-11 03:38:00,81.1,0.0,0.0,0.0,0.0
2026-03-11 03:39:00,77.7,0.0,0.0,0.0,0.0
2026-03-11 03:40:00,76.1,0.0,0.0,0.0,0.0
2026-03-11 03:41:00,80.9,0.0,0.0,0.0,0.0
2026-03-11 03:42:00,79.4,0.0,0.0,0.0,0.0
2026-03-11 03:43:00,72.1,0.0,0.0,0.0,0.0
2026-03-11 03:44:00,78.6,0.0,0.0,0.0,0.0
2026-03-11 03:45:00,86.2,0.0,0.0,0.0,0.0
2026-03-11 03:46:00,81.7,0.0,0.0,0.0,0.0
2026-03-11 03:47:00,78.4,0.0,0.0,0.0,0.0
2026-03-11 03:48:00,81.6,0.0,0.0,0.0,0.0
2026-03-11 03:49:00,71.3,0.0,0.0,0.0,0.0
2026-03-11 03:50:00,80.3,0.0,0.0,0.0,0.0
2026-03-11 03:51:00,86.3,0.0,0.0,0.0,0.0
2026-03-11 03:52:00,83.5,0.0,0.0,0.0,0.0
2026-03-11 03:53:00,77.6,0.0,0.0,0.0,0.0
2026-03-11 03:54:00,87.8,0.0,0.0,0.0,0.0
2026-03-11 03:55:00,83.2,0.0,0.0,0.0,0.0
2026-03-11 03:56:00,85.7,0.0,0.0,0.0,0.0
2026-03-11 03:57:00,78.7,0.0,0.0,0.0,0.0
2026-03-11 03:58:00,72.0,0.0,0.0,0.0,0.0
2026-03-11 03:59:00,83.0,0.0,0.0,0.0,0.0
2026-03-11 04:00:00,225.1,151.5,0.0,0.0,0.0
2026-03-11 04:01:00,237.4,156.3,0.0,0.0,0.0
2026-03-11 04:02:00,235.2,152.7,0.0,0.0,0.0
2026-03-11 04:03:00,223.5,147.0,0.0,0.0,0.0
2026-03-11 04:04:00,225.8,150.2,0.0,0.0,0.0
2026-03-11 04:05:00,238.0,150.1,0.0,0.0,0.0
2026-03-11 04:06:00,226.7,154.5,0.0,0.0,0.0
2026-03-11 04:07:00,238.9,153.0,0.0,0.0,0.0
2026-03-11 04:08:00,224.4,148.7,0.0,0.0,0.0
2026-03-11 04:09:00,234.6,154.5,0.0,0.0,0.0
2026-03-11 04:10:00,217.2,141.0,0.0,0.0,0.0
2026-03-11 04:11:00,214.4,140.9,0.0,0.0,0.0
2026-03-11 04:12:00,241.4,153.7,0.0,0.0,0.0
2026-03-11 04:13:00,227.0,140.6,0.0,0.0,0.0
2026-03-11 04:14:00,239.0,157.5,0.0,0.0,0.0
2026-03-11 04:15:00,227.4,151.4,0.0,0.0,0.0
2026-03-11 04:16:00,231.2,150.7,0.0,0.0,0.0
2026-03-11 04:17:00,238.6,156.1,0.0,0.0,0.0
2026-03-11 04:18:00,226.8,159.9,0.0,0.0,0.0
2026-03-11 04:19:00,223.8,150.4,0.0,0.0,0.0
2026-03-11 04:20:00,229.5,152.2,0.0,0.0,0.0
2026-03-11 04:21:00,208.7,145.4,0.0,0.0,0.0
2026-03-11 04:22:00,227.9,143.9,0.0,0.0,0.0
2026-03-11 04:23:00,223.5,143.8,0.0,0.0,0.0
2026-03-11 04:24:00,242.5,156.6,0.0,0.0,0.0
2026-03-11 04:25:00,234.5,148.1,0.0,0.0,0.0
2026-03-11 04:26:00,249.3,157.7,0.0,0.0,0.0
2026-03-11 04:27:00,230.9,144.4,0.0,0.0,0.0
2026-03-11 04:28:00,218.0,145.7,0.0,0.0,0.0
2026-03-11 04:29:00,230.8,150.8,0.0,0.0,0.0
2026-03-11 04:30:00,241.0,155.0,0.0,0.0,0.0
2026-03-11 04:31:00,223.0,145.6,0.0,0.0,0.0
2026-03-11 04:32:00,236.5,147.5,0.0,0.0,0.0
2026-03-11 04:33:00,231.0,146.4,0.0,0.0,0.0
2026-03-11 04:34:00,244.4,159.0,0.0,0.0,0.0
2026-03-11 04:35:00,79.3,0.0,0.0,0.0,0.0
2026-03-11 04:36:00,84.8,0.0,0.0,0.0,0.0
2026-03-11 04:37:00,73.5,0.0,0.0,0.0,0.0
2026-03-11 04:38:00,81.6,0.0,0.0,0.0,0.0
2026-03-11 04:39:00,84.6,0.0,0.0,0.0,0.0
2026-03-11 04:40:00,76.9,0.0,0.0,0.0,0.0
2026-03-11 04:41:00,82.3,0.0,0.0,0.0,0.0
2026-03-11 04:42:00,87.1,0.0,0.0,0.0,0.0
2026-03-11 04:43:00,80.9,0.0,0.0,0.0,0.0
2026-03-11 04:44:00,86.2,0.0,0.0,0.0,0.0
2026-03-11 04:45:00,67.8,0.0,0.0,0.0,0.0
2026-03-11 04:46:00,74.7,0.0,0.0,0.0,0.0
2026-03-11 04:47:00,71.2,0.0,0.0,0.0,0.0
2026-03-11 04:48:00,86.8,0.0,0.0,0.0,0.0
2026-03-11 04:49:00,82.8,0.0,0.0,0.0,0.0
2026-03-11 04:50:00,65.0,0.0,0.0,0.0,0.0
2026-03-11 04:51:00,78.5,0.0,0.0,0.0,0.0
2026-03-11 04:52:00,78.0,0.0,0.0,0.0,0.0
2026-03-11 04:53:00,79.5,0.0,0.0,0.0,0.0
2026-03-11 04:54:00,83.0,0.0,0.0,0.0,0.0
2026-03-11 04:55:00,79.6,0.0,0.0,0.0,0.0
2026-03-11 04:56:00,82.3,0.0,0.0,0.0,0.0
2026-03-11 04:57:00,80.2,0.0,0.0,0.0,0.0
2026-03-11 04:58:00,75.2,0.0,0.0,0.0,0.0
2026-03-11 04:59:00,82.0,0.0,0.0,0.0,0.0
2026-03-11 05:00:00,244.5,160.9,0.0,0.0,0.0
2026-03-11 05:01:00,228.6,151.8,0.0,0.0,0.0
2026-03-11 05:02:00,234.8,150.6,0.0,0.0,0.0
2026-03-11 05:03:00,223.4,149.0,0.0,0.0,0.0
2026-03-11 05:04:00,231.0,151.3,0.0,0.0,0.0
2026-03-11 05:05:00,242.5,152.9,0.0,0.0,0.0
2026-03-11 05:06:00,232.2,151.1,0.0,0.0,0.0
2026-03-11 05:07:00,231.4,143.0,0.0,0.0,0.0
2026-03-11 05:08:00,241.0,159.6,0.0,0.0,0.0
2026-03-11 05:09:00,232.5,146.8,0.0,0.0,0.0
2026-03-11 05:10:00,226.0,145.6,0.0,0.0,0.0
2026-03-11 05:11:00,235.3,145.0,0.0,0.0,0.0
2026-03-11 05:12:00,227.9,153.5,0.0,0.0,0.0
2026-03-11 05:13:00,233.0,146.0,0.0,0.0,0.0
2026-03-11 05:14:00,236.9,148.5,0.0,0.0,0.0
2026-03-11 05:15:00,249.0,157.7,0.0,0.0,0.0
2026-03-11 05:16:00,241.0,154.3,0.0,0.0,0.0
2026-03-11 05:17:00,220.4,149.9,0.0,0.0,0.0
2026-03-11 05:18:00,227.0,144.9,0.0,0.0,0.0
2026-03-11 05:19:00,223.5,149.5,0.0,0.0,0.0
2026-03-11 05:20:00,234.3,152.4,0.0,0.0,0.0
2026-03-11 05:21:00,217.4,145.0,0.0,0.0,0.0
2026-03-11 05:22:00,226.5,146.3,0.0,0.0,0.0
2026-03-11 05:23:00,225.0,152.9,0.0,0.0,0.0
2026-03-11 05:24:00,226.5,148.4,0.0,0.0,0.0
2026-03-11 05:25:00,244.3,157.1,0.0,0.0,0.0
2026-03-11 05:26:00,221.4,143.3,0.0,0.0,0.0
2026-03-11 05:27:00,227.3,147.2,0.0,0.0,0.0
2026-03-11 05:28:00,234.0,145.9,0.0,0.0,0.0
2026-03-11 05:29:00,230.0,151.4,0.0,0.0,0.0
2026-03-11 05:30:00,224.8,146.5,0.0,0.0,0.0
2026-03-11 05:31:00,238.9,154.7,0.0,0.0,0.0
2026-03-11 05:32:00,242.3,159.2,0.0,0.0,0.0
2026-03-11 05:33:00,237.8,149.8,0.0,0.0,0.0
2026-03-11 05:34:00,224.6,152.1,0.0,0.0,0.0
2026-03-11 05:35:00,81.3,0.0,0.0,0.0,0.0
2026-03-11 05:36:00,84.7,0.0,0.0,0.0,0.0
2026-03-11 05:37:00,85.9,0.0,0.0,0.0,0.0
2026-03-11 05:38:00,81.5,0.0,0.0,0.0,0.0
2026-03-11 05:39:00,85.7,0.0,0.0,0.0,0.0
2026-03-11 05:40:00,82.3,0.0,0.0,0.0,0.0
2026-03-11 05:41:00,78.8,0.0,0.0,0.0,0.0
2026-03-11 05:42:00,71.6,0.0,0.0,0.0,0.0
2026-03-11 05:43:00,71.2,0.0,0.0,0.0,0.0
2026-03-11 05:44:00,79.7,0.0,0.0,0.0,0.0
2026-03-11 05:45:00,66.9,0.0,0.0,0.0,0.0
2026-03-11 05:46:00,80.0,0.0,0.0,0.0,0.0
2026-03-11 05:47:00,88.4,0.0,0.0,0.0,0.0
2026-03-11 05:48:00,76.2,0.0,0.0,0.0,0.0
2026-03-11 05:49:00,82.6,0.0,0.0,0.0,0.0
2026-03-11 05:50:00,69.6,0.0,0.0,0.0,0.0
2026-03-11 05:51:00,80.8,0.0,0.0,0.0,0.0
2026-03-11 05:52:00,69.9,0.0,0.0,0.0,0.0
2026-03-11 05:53:00,81.6,0.0,0.0,0.0,0.0
2026-03-11 05:54:00,80.2,0.0,0.0,0.0,0.0
2026-03-11 05:55:00,82.5,0.0,0.0,0.0,0.0
2026-03-11 05:56:00,82.8,0.0,0.0,0.0,0.0
2026-03-11 05:57:00,74.5,0.0,0.0,0.0,0.0
2026-03-11 05:58:00,82.8,0.0,0.0,0.0,0.0
2026-03-11 05:59:00,74.5,0.0,0.0,0.0,0.0
2026-03-11 06:00:00,228.6,147.0,0.0,0.0,0.0
2026-03-11 06:01:00,215.7,148.2,0.0,0.0,0.0
2026-03-11 06:02:00,238.6,157.9,0.0,0.0,0.0
2026-03-11 06:03:00,239.0,150.9,0.0,0.0,0.0
2026-03-11 06:04:00,228.1,158.8,0.0,0.0,0.0
2026-03-11 06:05:00,232.2,149.1,0.0,0.0,0.0
2026-03-11 06:06:00,229.7,144.6,0.0,0.0,0.0
2026-03-11 06:07:00,231.7,149.7,0.0,0.0,0.0
2026-03-11 06:08:00,222.6,152.0,0.0,0.0,0.0
2026-03-11 06:09:00,231.7,149.0,0.0,0.0,0.0
2026-03-11 06:10:00,220.5,143.1,0.0,0.0,0.0
2026-03-11 06:11:00,224.9,141.6,0.0,0.0,0.0
2026-03-11 06:12:00,241.9,158.7,0.0,0.0,0.0
2026-03-11 06:13:00,227.9,145.9,0.0,0.0,0.0
2026-03-11 06:14:00,235.4,152.3,0.0,0.0,0.0
2026-03-11 06:15:00,227.9,154.6,0.0,0.0,0.0
2026-03-11 06:16:00,235.7,154.3,0.0,0.0,0.0
2026-03-11 06:17:00,224.8,134.3,0.0,0.0,0.0
2026-03-11 06:18:00,222.5,142.0,0.0,0.0,0.0
2026-03-11 06:19:00,216.2,143.2,0.0,0.0,0.0
2026-03-11 06:20:00,229.5,152.7,0.0,0.0,0.0
2026-03-11 06:21:00,231.0,147.3,0.0,0.0,0.0
2026-03-11 06:22:00,223.4,143.4,0.0,0.0,0.0
2026-03-11 06:23:00,228.9,152.7,0.0,0.0,0.0
2026-03-11 06:24:00,232.5,153.5,0.0,0.0,0.0
2026-03-11 06:25:00,228.6,149.9,0.0,0.0,0.0
2026-03-11 06:26:00,221.4,143.0,0.0,0.0,0.0
2026-03-11 06:27:00,230.7,151.3,0.0,0.0,0.0
2026-03-11 06:28:00,220.1,145.3,0.0,0.0,0.0
2026-03-11 06:29:00,222.3,149.0,0.0,0.0,0.0
2026-03-11 06:30:00,224.8,151.0,0.0,0.0,0.0
2026-03-11 06:31:00,220.7,150.7,0.0,0.0,0.0
2026-03-11 06:32:00,229.9,148.6,0.0,0.0,0.0
2026-03-11 06:33:00,232.0,149.3,0.0,0.0,0.0
2026-03-11 06:34:00,222.5,153.0,0.0,0.0,0.0
2026-03-11 06:35:00,81.4,0.0,0.0,0.0,0.0
2026-03-11 06:36:00,78.3,0.0,0.0,0.0,0.0
2026-03-11 06:37:00,75.1,0.0,0.0,0.0,0.0
2026-03-11 06:38:00,78.3,0.0,0.0,0.0,0.0
2026-03-11 06:39:00,83.7,0.0,0.0,0.0,0.0
2026-03-11 06:40:00,77.9,0.0,0.0,0.0,0.0
2026-03-11 06:41:00,69.4,0.0,0.0,0.0,0.0
2026-03-11 06:42:00,74.0,0.0,0.0,0.0,0.0
2026-03-11 06:43:00,76.1,0.0,0.0,0.0,0.0
2026-03-11 06:44:00,81.8,0.0,0.0,0.0,0.0
2026-03-11 06:45:00,73.2,0.0,0.0,0.0,0.0
2026-03-11 06:46:00,77.1,0.0,0.0,0.0,0.0
2026-03-11 06:47:00,77.3,0.0,0.0,0.0,0.0
2026-03-11 06:48:00,75.9,0.0,0.0,0.0,0.0
2026-03-11 06:49:00,81.0,0.0,0.0,0.0,0.0
2026-03-11 06:50:00,79.5,0.0,0.0,0.0,0.0
2026-03-11 06:51:00,76.4,0.0,0.0,0.0,0.0
2026-03-11 06:52:00,69.2,0.0,0.0,0.0,0.0
2026-03-11 06:53:00,87.5,0.0,0.0,0.0,0.0
2026-03-11 06:54:00,70.0,0.0,0.0,0.0,0.0
2026-03-11 06:55:00,872.9,0.0,0.0,788.0,0.0
2026-03-11 06:56:00,882.4,0.0,0.0,804.6,0.0
2026-03-11 06:57:00,876.8,0.0,0.0,802.3,0.0
2026-03-11 06:58:00,869.0,0.0,0.0,797.6,0.0
2026-03-11 06:59:00,860.3,0.0,0.0,782.8,0.0
2026-03-11 07:00:00,1037.0,155.4,0.0,810.0,0.0
2026-03-11 07:01:00,1010.2,155.1,0.0,787.1,0.0
2026-03-11 07:02:00,1049.1,154.6,0.0,806.9,0.0
2026-03-11 07:03:00,1026.7,158.0,0.0,795.9,0.0
2026-03-11 07:04:00,1010.3,139.9,0.0,801.3,0.0
2026-03-11 07:05:00,1033.0,150.7,0.0,797.3,0.0
2026-03-11 07:06:00,1012.0,146.8,0.0,790.5,0.0
2026-03-11 07:07:00,1031.2,155.1,0.0,791.9,0.0
2026-03-11 07:08:00,1020.4,145.0,0.0,794.6,0.0
2026-03-11 07:09:00,1029.5,152.1,0.0,797.1,0.0
2026-03-11 07:10:00,1039.8,154.2,0.0,808.5,0.0
2026-03-11 07:11:00,1040.4,154.9,0.0,802.5,0.0
2026-03-11 07:12:00,1029.1,157.9,0.0,787.8,0.0
2026-03-11 07:13:00,1026.7,157.5,0.0,795.1,0.0
2026-03-11 07:14:00,1040.6,150.6,0.0,811.4,0.0
2026-03-11 07:15:00,1428.3,142.4,0.0,1203.4,0.0
2026-03-11 07:16:00,1417.5,152.1,0.0,1195.8,0.0
2026-03-11 07:17:00,1442.8,157.5,0.0,1209.4,0.0
2026-03-11 07:18:00,1427.8,155.9,0.0,1195.1,0.0
2026-03-11 07:19:00,1433.8,140.0,0.0,1213.7,0.0
2026-03-11 07:20:00,1046.1,145.3,0.0,801.7,0.0
2026-03-11 07:21:00,1027.2,153.2,0.0,799.3,0.0
2026-03-11 07:22:00,1055.0,152.8,0.0,811.6,0.0
2026-03-11 07:23:00,1023.5,150.5,0.0,798.3,0.0
2026-03-11 07:24:00,1053.3,150.7,0.0,817.4,0.0
2026-03-11 07:25:00,1031.5,146.1,0.0,805.5,0.0
2026-03-11 07:26:00,1023.1,152.6,0.0,783.9,0.0
2026-03-11 07:27:00,1060.6,158.8,0.0,815.9,0.0
2026-03-11 07:28:00,1045.8,150.4,0.0,812.1,0.0
2026-03-11 07:29:00,1026.2,141.7,0.0,803.7,0.0
2026-03-11 07:30:00,1023.6,146.6,0.0,789.7,0.0
2026-03-11 07:31:00,1042.3,152.6,0.0,805.7,0.0
2026-03-11 07:32:00,1018.7,152.8,0.0,787.2,0.0
2026-03-11 07:33:00,1004.2,146.3,0.0,780.3,0.0
2026-03-11 07:34:00,1013.7,145.8,0.0,797.2,0.0
2026-03-11 07:35:00,880.8,0.0,0.0,799.1,0.0
2026-03-11 07:36:00,890.1,0.0,0.0,818.6,0.0
2026-03-11 07:37:00,874.9,0.0,0.0,792.2,0.0
2026-03-11 07:38:00,889.0,0.0,0.0,810.6,0.0
2026-03-11 07:39:00,883.6,0.0,0.0,802.7,0.0
2026-03-11 07:40:00,77.8,0.0,0.0,0.0,0.0
2026-03-11 07:41:00,70.6,0.0,0.0,0.0,0.0
2026-03-11 07:42:00,76.9,0.0,0.0,0.0,0.0
2026-03-11 07:43:00,76.3,0.0,0.0,0.0,0.0
2026-03-11 07:44:00,89.9,0.0,0.0,0.0,0.0
2026-03-11 07:45:00,86.3,0.0,0.0,0.0,0.0
2026-03-11 07:46:00,76.6,0.0,0.0,0.0,0.0
2026-03-11 07:47:00,85.6,0.0,0.0,0.0,0.0
2026-03-11 07:48:00,76.7,0.0,0.0,0.0,0.0
2026-03-11 07:49:00,81.7,0.0,0.0,0.0,0.0
2026-03-11 07:50:00,78.3,0.0,0.0,0.0,0.0
2026-03-11 07:51:00,83.1,0.0,0.0,0.0,0.0
2026-03-11 07:52:00,69.7,0.0,0.0,0.0,0.0
2026-03-11 07:53:00,79.1,0.0,0.0,0.0,0.0
2026-03-11 07:54:00,77.9,0.0,0.0,0.0,0.0
2026-03-11 07:55:00,83.9,0.0,0.0,0.0,0.0
2026-03-11 07:56:00,92.8,0.0,0.0,0.0,0.0
2026-03-11 07:57:00,72.5,0.0,0.0,0.0,0.0
2026-03-11 07:58:00,85.0,0.0,0.0,0.0,0.0
2026-03-11 07:59:00,74.5,0.0,0.0,0.0,0.0
2026-03-11 08:00:00,229.6,146.7,0.0,0.0,0.0
2026-03-11 08:01:00,226.7,147.8,0.0,0.0,0.0
2026-03-11 08:02:00,223.9,150.3,0.0,0.0,0.0
2026-03-11 08:03:00,234.6,152.3,0.0,0.0,0.0
2026-03-11 08:04:00,224.8,151.9,0.0,0.0,0.0
2026-03-11 08:05:00,226.2,151.5,0.0,0.0,0.0
2026-03-11 08:06:00,220.4,142.8,0.0,0.0,0.0
2026-03-11 08:07:00,230.7,160.9,0.0,0.0,0.0
2026-03-11 08:08:00,222.0,147.6,0.0,0.0,0.0
2026-03-11 08:09:00,243.0,156.1,0.0,0.0,0.0
2026-03-11 08:10:00,239.0,151.3,0.0,0.0,0.0
2026-03-11 08:11:00,218.0,150.8,0.0,0.0,0.0
2026-03-11 08:12:00,227.7,148.8,0.0,0.0,0.0
2026-03-11 08:13:00,237.7,149.7,0.0,0.0,0.0
2026-03-11 08:14:00,229.5,142.0,0.0,0.0,0.0
2026-03-11 08:15:00,229.5,148.2,0.0,0.0,0.0
2026-03-11 08:16:00,248.6,160.9,0.0,0.0,0.0
2026-03-11 08:17:00,234.8,153.4,0.0,0.0,0.0
2026-03-11 08:18:00,223.6,147.1,0.0,0.0,0.0
2026-03-11 08:19:00,233.5,148.0,0.0,0.0,0.0
2026-03-11 08:20:00,222.1,147.6,0.0,0.0,0.0
2026-03-11 08:21:00,219.8,149.1,0.0,0.0,0.0
2026-03-11 08:22:00,237.5,156.5,0.0,0.0,0.0
2026-03-11 08:23:00,237.6,152.5,0.0,0.0,0.0
2026-03-11 08:24:00,233.9,147.3,0.0,0.0,0.0
2026-03-11 08:25:00,220.5,139.2,0.0,0.0,0.0
2026-03-11 08:26:00,228.4,158.3,0.0,0.0,0.0
2026-03-11 08:27:00,232.1,155.6,0.0,0.0,0.0
2026-03-11 08:28:00,237.9,149.8,0.0,0.0,0.0
2026-03-11 08:29:00,229.3,151.8,0.0,0.0,0.0
2026-03-11 08:30:00,231.9,148.0,0.0,0.0,0.0
2026-03-11 08:31:00,232.3,146.6,0.0,0.0,0.0
2026-03-11 08:32:00,241.9,162.2,0.0,0.0,0.0
2026-03-11 08:33:00,227.2,138.3,0.0,0.0,0.0
2026-03-11 08:34:00,219.3,148.5,0.0,0.0,0.0
2026-03-11 08:35:00,73.3,0.0,0.0,0.0,0.0
2026-03-11 08:36:00,85.4,0.0,0.0,0.0,0.0
2026-03-11 08:37:00,86.4,0.0,0.0,0.0,0.0
2026-03-11 08:38:00,83.8,0.0,0.0,0.0,0.0
2026-03-11 08:39:00,78.5,0.0,0.0,0.0,0.0
2026-03-11 08:40:00,69.7,0.0,0.0,0.0,0.0
2026-03-11 08:41:00,71.0,0.0,0.0,0.0,0.0
2026-03-11 08:42:00,79.3,0.0,0.0,0.0,0.0
2026-03-11 08:43:00,80.2,0.0,0.0,0.0,0.0
2026-03-11 08:44:00,81.7,0.0,0.0,0.0,0.0
2026-03-11 08:45:00,75.0,0.0,0.0,0.0,0.0
2026-03-11 08:46:00,69.9,0.0,0.0,0.0,0.0
2026-03-11 08:47:00,81.9,0.0,0.0,0.0,0.0
2026-03-11 08:48:00,80.4,0.0,0.0,0.0,0.0
2026-03-11 08:49:00,82.8,0.0,0.0,0.0,0.0
2026-03-11 08:50:00,99.2,0.0,0.0,0.0,0.0
2026-03-11 08:51:00,84.6,0.0,0.0,0.0,0.0
2026-03-11 08:52:00,79.5,0.0,0.0,0.0,0.0
2026-03-11 08:53:00,78.1,0.0,0.0,0.0,0.0
2026-03-11 08:54:00,95.3,0.0,0.0,0.0,0.0
2026-03-11 08:55:00,76.3,0.0,0.0,0.0,0.0
2026-03-11 08:56:00,77.8,0.0,0.0,0.0,0.0
2026-03-11 08:57:00,72.8,0.0,0.0,0.0,0.0
2026-03-11 08:58:00,96.0,0.0,0.0,0.0,0.0
2026-03-11 08:59:00,84.8,0.0,0.0,0.0,0.0
2026-03-11 09:00:00,237.0,157.9,0.0,0.0,0.0
2026-03-11 09:01:00,248.0,157.7,0.0,0.0,0.0
2026-03-11 09:02:00,223.6,138.4,0.0,0.0,0.0
2026-03-11 09:03:00,245.2,161.8,0.0,0.0,0.0
2026-03-11 09:04:00,233.4,158.7,0.0,0.0,0.0
2026-03-11 09:05:00,226.3,146.5,0.0,0.0,0.0
2026-03-11 09:06:00,236.7,153.8,0.0,0.0,0.0
2026-03-11 09:07:00,233.9,154.7,0.0,0.0,0.0
2026-03-11 09:08:00,219.7,137.5,0.0,0.0,0.0
2026-03-11 09:09:00,234.2,149.2,0.0,0.0,0.0
2026-03-11 09:10:00,232.2,150.7,0.0,0.0,0.0
2026-03-11 09:11:00,234.8,149.0,0.0,0.0,0.0
2026-03-11 09:12:00,213.7,143.1,0.0,0.0,0.0
2026-03-11 09:13:00,236.2,149.4,0.0,0.0,0.0
2026-03-11 09:14:00,229.3,152.8,0.0,0.0,0.0
2026-03-11 09:15:00,227.6,152.1,0.0,0.0,0.0
2026-03-11 09:16:00,220.4,144.6,0.0,0.0,0.0
2026-03-11 09:17:00,240.3,161.6,0.0,0.0,0.0
2026-03-11 09:18:00,221.9,144.7,0.0,0.0,0.0
2026-03-11 09:19:00,239.6,146.9,0.0,0.0,0.0
2026-03-11 09:20:00,230.5,152.6,0.0,0.0,0.0
2026-03-11 09:21:00,232.6,147.4,0.0,0.0,0.0
2026-03-11 09:22:00,234.9,147.1,0.0,0.0,0.0
2026-03-11 09:23:00,233.3,147.3,0.0,0.0,0.0
2026-03-11 09:24:00,224.7,149.4,0.0,0.0,0.0
2026-03-11 09:25:00,234.2,161.9,0.0,0.0,0.0
2026-03-11 09:26:00,224.8,148.5,0.0,0.0,0.0
2026-03-11 09:27:00,227.8,147.2,0.0,0.0,0.0
2026-03-11 09:28:00,232.9,144.2,0.0,0.0,0.0
2026-03-11 09:29:00,227.9,151.0,0.0,0.0,0.0
2026-03-11 09:30:00,236.2,152.9,0.0,0.0,0.0
2026-03-11 09:31:00,232.2,145.8,0.0,0.0,0.0
2026-03-11 09:32:00,227.0,147.7,0.0,0.0,0.0
2026-03-11 09:33:00,230.1,151.8,0.0,0.0,0.0
2026-03-11 09:34:00,220.7,147.0,0.0,0.0,0.0
2026-03-11 09:35:00,93.4,0.0,0.0,0.0,0.0
2026-03-11 09:36:00,84.1,0.0,0.0,0.0,0.0
2026-03-11 09:37:00,85.7,0.0,0.0,0.0,0.0
2026-03-11 09:38:00,77.7,0.0,0.0,0.0,0.0
2026-03-11 09:39:00,76.3,0.0,0.0,0.0,0.0
2026-03-11 09:40:00,76.5,0.0,0.0,0.0,0.0
2026-03-11 09:41:00,87.5,0.0,0.0,0.0,0.0
2026-03-11 09:42:00,81.6,0.0,0.0,0.0,0.0
2026-03-11 09:43:00,76.6,0.0,0.0,0.0,0.0
2026-03-11 09:44:00,78.0,0.0,0.0,0.0,0.0
2026-03-11 09:45:00,75.0,0.0,0.0,0.0,0.0
2026-03-11 09:46:00,83.9,0.0,0.0,0.0,0.0
2026-03-11 09:47:00,83.6,0.0,0.0,0.0,0.0
2026-03-11 09:48:00,63.3,0.0,0.0,0.0,0.0
2026-03-11 09:49:00,94.8,0.0,0.0,0.0,0.0
2026-03-11 09:50:00,77.5,0.0,0.0,0.0,0.0
2026-03-11 09:51:00,78.7,0.0,0.0,0.0,0.0
2026-03-11 09:52:00,77.4,0.0,0.0,0.0,0.0
2026-03-11 09:53:00,71.6,0.0,0.0,0.0,0.0
2026-03-11 09:54:00,83.9,0.0,0.0,0.0,0.0
2026-03-11 09:55:00,79.5,0.0,0.0,0.0,0.0
2026-03-11 09:56:00,76.4,0.0,0.0,0.0,0.0
2026-03-11 09:57:00,87.6,0.0,0.0,0.0,0.0
2026-03-11 09:58:00,71.3,0.0,0.0,0.0,0.0
2026-03-11 09:59:00,79.9,0.0,0.0,0.0,0.0
2026-03-11 10:00:00,222.1,147.7,0.0,0.0,0.0
2026-03-11 10:01:00,230.4,153.0,0.0,0.0,0.0
2026-03-11 10:02:00,221.9,148.4,0.0,0.0,0.0
2026-03-11 10:03:00,224.8,150.9,0.0,0.0,0.0
2026-03-11 10:04:00,236.7,156.7,0.0,0.0,0.0
2026-03-11 10:05:00,238.4,152.6,0.0,0.0,0.0
2026-03-11 10:06:00,235.9,152.4,0.0,0.0,0.0
2026-03-11 10:07:00,226.4,149.6,0.0,0.0,0.0
2026-03-11 10:08:00,224.0,147.9,0.0,0.0,0.0
2026-03-11 10:09:00,222.7,142.4,0.0,0.0,0.0
2026-03-11 10:10:00,231.6,148.8,0.0,0.0,0.0
2026-03-11 10:11:00,234.1,155.4,0.0,0.0,0.0
2026-03-11 10:12:00,246.6,159.2,0.0,0.0,0.0
2026-03-11 10:13:00,236.0,147.0,0.0,0.0,0.0
2026-03-11 10:14:00,232.6,150.0,0.0,0.0,0.0
2026-03-11 10:15:00,221.1,152.4,0.0,0.0,0.0
2026-03-11 10:16:00,231.7,151.4,0.0,0.0,0.0
2026-03-11 10:17:00,224.6,147.9,0.0,0.0,0.0
2026-03-11 10:18:00,225.9,138.1,0.0,0.0,0.0
2026-03-11 10:19:00,224.1,147.6,0.0,0.0,0.0
2026-03-11 10:20:00,224.4,146.5,0.0,0.0,0.0
2026-03-11 10:21:00,225.7,148.2,0.0,0.0,0.0
2026-03-11 10:22:00,233.6,149.0,0.0,0.0,0.0
2026-03-11 10:23:00,220.5,146.3,0.0,0.0,0.0
2026-03-11 10:24:00,236.2,151.0,0.0,0.0,0.0
2026-03-11 10:25:00,229.9,146.5,0.0,0.0,0.0
2026-03-11 10:26:00,218.5,142.8,0.0,0.0,0.0
2026-03-11 10:27:00,229.5,151.7,0.0,0.0,0.0
2026-03-11 10:28:00,229.6,149.4,0.0,0.0,0.0
2026-03-11 10:29:00,228.2,151.8,0.0,0.0,0.0
2026-03-11 10:30:00,235.9,154.8,0.0,0.0,0.0
2026-03-11 10:31:00,230.1,142.3,0.0,0.0,0.0
2026-03-11 10:32:00,236.3,148.6,0.0,0.0,0.0
2026-03-11 10:33:00,221.4,143.5,0.0,0.0,0.0
2026-03-11 10:34:00,232.2,150.9,0.0,0.0,0.0
2026-03-11 10:35:00,88.1,0.0,0.0,0.0,0.0
2026-03-11 10:36:00,75.9,0.0,0.0,0.0,0.0
2026-03-11 10:37:00,73.1,0.0,0.0,0.0,0.0
2026-03-11 10:38:00,76.1,0.0,0.0,0.0,0.0
2026-03-11 10:39:00,83.6,0.0,0.0,0.0,0.0
2026-03-11 10:40:00,70.7,0.0,0.0,0.0,0.0
2026-03-11 10:41:00,90.3,0.0,0.0,0.0,0.0
2026-03-11 10:42:00,89.7,0.0,0.0,0.0,0.0
2026-03-11 10:43:00,79.7,0.0,0.0,0.0,0.0
2026-03-11 10:44:00,78.5,0.0,0.0,0.0,0.0
2026-03-11 10:45:00,77.0,0.0,0.0,0.0,0.0
2026-03-11 10:46:00,85.9,0.0,0.0,0.0,0.0
2026-03-11 10:47:00,74.5,0.0,0.0,0.0,0.0
2026-03-11 10:48:00,76.2,0.0,0.0,0.0,0.0
2026-03-11 10:49:00,77.3,0.0,0.0,0.0,0.0
2026-03-11 10:50:00,86.0,0.0,0.0,0.0,0.0
2026-03-11 10:51:00,89.6,0.0,0.0,0.0,0.0
2026-03-11 10:52:00,83.6,0.0,0.0,0.0,0.0
2026-03-11 10:53:00,88.0,0.0,0.0,0.0,0.0
2026-03-11 10:54:00,89.3,0.0,0.0,0.0,0.0
2026-03-11 10:55:00,86.4,0.0,0.0,0.0,0.0
2026-03-11 10:56:00,78.2,0.0,0.0,0.0,0.0
2026-03-11 10:57:00,75.5,0.0,0.0,0.0,0.0
2026-03-11 10:58:00,70.5,0.0,0.0,0.0,0.0
2026-03-11 10:59:00,76.9,0.0,0.0,0.0,0.0
2026-03-11 11:00:00,227.5,150.0,0.0,0.0,0.0
2026-03-11 11:01:00,231.7,156.5,0.0,0.0,0.0
2026-03-11 11:02:00,228.7,147.4,0.0,0.0,0.0
2026-03-11 11:03:00,224.2,141.4,0.0,0.0,0.0
2026-03-11 11:04:00,228.2,148.2,0.0,0.0,0.0
2026-03-11 11:05:00,223.7,143.6,0.0,0.0,0.0
2026-03-11 11:06:00,225.3,148.4,0.0,0.0,0.0
2026-03-11 11:07:00,214.3,141.8,0.0,0.0,0.0
2026-03-11 11:08:00,236.7,157.3,0.0,0.0,0.0
2026-03-11 11:09:00,227.9,149.5,0.0,0.0,0.0
2026-03-11 11:10:00,236.5,152.9,0.0,0.0,0.0
2026-03-11 11:11:00,236.1,149.9,0.0,0.0,0.0
2026-03-11 11:12:00,231.9,153.7,0.0,0.0,0.0
2026-03-11 11:13:00,225.6,148.4,0.0,0.0,0.0
2026-03-11 11:14:00,224.4,147.5,0.0,0.0,0.0
2026-03-11 11:15:00,225.8,145.1,0.0,0.0,0.0
2026-03-11 11:16:00,231.0,146.7,0.0,0.0,0.0
2026-03-11 11:17:00,232.1,153.9,0.0,0.0,0.0
2026-03-11 11:18:00,235.8,154.7,0.0,0.0,0.0
2026-03-11 11:19:00,217.7,147.0,0.0,0.0,0.0
2026-03-11 11:20:00,226.7,141.9,0.0,0.0,0.0
2026-03-11 11:21:00,241.1,154.1,0.0,0.0,0.0
2026-03-11 11:22:00,216.8,145.2,0.0,0.0,0.0
2026-03-11 11:23:00,231.7,146.1,0.0,0.0,0.0
2026-03-11 11:24:00,230.2,148.3,0.0,0.0,0.0
2026-03-11 11:25:00,248.3,154.5,0.0,0.0,0.0
2026-03-11 11:26:00,237.2,151.5,0.0,0.0,0.0
2026-03-11 11:27:00,227.8,148.3,0.0,0.0,0.0
2026-03-11 11:28:00,225.7,142.3,0.0,0.0,0.0
2026-03-11 11:29:00,233.5,149.9,0.0,0.0,0.0
2026-03-11 11:30:00,239.6,155.5,0.0,0.0,0.0
2026-03-11 11:31:00,219.6,150.5,0.0,0.0,0.0
2026-03-11 11:32:00,245.9,153.2,0.0,0.0,0.0
2026-03-11 11:33:00,225.2,150.3,0.0,0.0,0.0
2026-03-11 11:34:00,223.2,148.7,0.0,0.0,0.0
2026-03-11 11:35:00,83.1,0.0,0.0,0.0,0.0
2026-03-11 11:36:00,73.8,0.0,0.0,0.0,0.0
2026-03-11 11:37:00,74.3,0.0,0.0,0.0,0.0
2026-03-11 11:38:00,83.3,0.0,0.0,0.0,0.0
2026-03-11 11:39:00,83.3,0.0,0.0,0.0,0.0
2026-03-11 11:40:00,79.3,0.0,0.0,0.0,0.0
2026-03-11 11:41:00,71.3,0.0,0.0,0.0,0.0
2026-03-11 11:42:00,88.1,0.0,0.0,0.0,0.0
2026-03-11 11:43:00,69.5,0.0,0.0,0.0,0.0
2026-03-11 11:44:00,84.9,0.0,0.0,0.0,0.0
2026-03-11 11:45:00,86.1,0.0,0.0,0.0,0.0
2026-03-11 11:46:00,84.7,0.0,0.0,0.0,0.0
2026-03-11 11:47:00,77.7,0.0,0.0,0.0,0.0
2026-03-11 11:48:00,81.2,0.0,0.0,0.0,0.0
2026-03-11 11:49:00,88.9,0.0,0.0,0.0,0.0
2026-03-11 11:50:00,81.4,0.0,0.0,0.0,0.0
2026-03-11 11:51:00,76.4,0.0,0.0,0.0,0.0
2026-03-11 11:52:00,77.3,0.0,0.0,0.0,0.0
2026-03-11 11:53:00,74.2,0.0,0.0,0.0,0.0
2026-03-11 11:54:00,87.5,0.0,0.0,0.0,0.0
2026-03-11 11:55:00,84.7,0.0,0.0,0.0,0.0
2026-03-11 11:56:00,76.6,0.0,0.0,0.0,0.0
2026-03-11 11:57:00,84.2,0.0,0.0,0.0,0.0
2026-03-11 11:58:00,85.4,0.0,0.0,0.0,0.0
2026-03-11 11:59:00,81.3,0.0,0.0,0.0,0.0
2026-03-11 12:00:00,226.8,146.7,0.0,0.0,0.0
2026-03-11 12:01:00,228.8,152.7,0.0,0.0,0.0
2026-03-11 12:02:00,222.6,147.7,0.0,0.0,0.0
2026-03-11 12:03:00,221.9,150.4,0.0,0.0,0.0
2026-03-11 12:04:00,229.4,146.3,0.0,0.0,0.0
2026-03-11 12:05:00,232.0,147.4,0.0,0.0,0.0
2026-03-11 12:06:00,213.9,145.9,0.0,0.0,0.0
2026-03-11 12:07:00,238.8,151.9,0.0,0.0,0.0
2026-03-11 12:08:00,224.5,146.6,0.0,0.0,0.0
2026-03-11 12:09:00,228.4,144.9,0.0,0.0,0.0
2026-03-11 12:10:00,232.5,153.2,0.0,0.0,0.0
2026-03-11 12:11:00,227.8,151.9,0.0,0.0,0.0
2026-03-11 12:12:00,239.4,157.8,0.0,0.0,0.0
2026-03-11 12:13:00,220.6,149.5,0.0,0.0,0.0
2026-03-11 12:14:00,225.4,153.8,0.0,0.0,0.0
2026-03-11 12:15:00,233.8,146.8,0.0,0.0,0.0
2026-03-11 12:16:00,236.5,154.8,0.0,0.0,0.0
2026-03-11 12:17:00,244.7,157.3,0.0,0.0,0.0
2026-03-11 12:18:00,235.0,157.1,0.0,0.0,0.0
2026-03-11 12:19:00,217.4,141.1,0.0,0.0,0.0
2026-03-11 12:20:00,228.4,144.0,0.0,0.0,0.0
2026-03-11 12:21:00,227.9,140.0,0.0,0.0,0.0
2026-03-11 12:22:00,225.5,155.1,0.0,0.0,0.0
2026-03-11 12:23:00,225.1,156.1,0.0,0.0,0.0
2026-03-11 12:24:00,220.2,148.1,0.0,0.0,0.0
2026-03-11 12:25:00,227.7,145.5,0.0,0.0,0.0
2026-03-11 12:26:00,230.3,146.7,0.0,0.0,0.0
2026-03-11 12:27:00,223.4,145.3,0.0,0.0,0.0
2026-03-11 12:28:00,224.2,146.8,0.0,0.0,0.0
2026-03-11 12:29:00,225.1,145.9,0.0,0.0,0.0
2026-03-11 12:30:00,232.6,153.6,0.0,0.0,0.0
2026-03-11 12:31:00,232.9,160.1,0.0,0.0,0.0
2026-03-11 12:32:00,230.9,149.2,0.0,0.0,0.0
2026-03-11 12:33:00,235.0,154.0,0.0,0.0,0.0
2026-03-11 12:34:00,245.1,157.7,0.0,0.0,0.0
2026-03-11 12:35:00,83.8,0.0,0.0,0.0,0.0
2026-03-11 12:36:00,75.8,0.0,0.0,0.0,0.0
2026-03-11 12:37:00,72.6,0.0,0.0,0.0,0.0
2026-03-11 12:38:00,74.5,0.0,0.0,0.0,0.0
2026-03-11 12:39:00,83.0,0.0,0.0,0.0,0.0
2026-03-11 12:40:00,74.9,0.0,0.0,0.0,0.0
2026-03-11 12:41:00,78.3,0.0,0.0,0.0,0.0
2026-03-11 12:42:00,81.3,0.0,0.0,0.0,0.0
2026-03-11 12:43:00,87.0,0.0,0.0,0.0,0.0
2026-03-11 12:44:00,75.4,0.0,0.0,0.0,0.0
2026-03-11 12:45:00,77.5,0.0,0.0,0.0,0.0
2026-03-11 12:46:00,82.0,0.0,0.0,0.0,0.0
2026-03-11 12:47:00,85.6,0.0,0.0,0.0,0.0
2026-03-11 12:48:00,75.0,0.0,0.0,0.0,0.0
2026-03-11 12:49:00,82.7,0.0,0.0,0.0,0.0
2026-03-11 12:50:00,77.0,0.0,0.0,0.0,0.0
2026-03-11 12:51:00,69.3,0.0,0.0,0.0,0.0
2026-03-11 12:52:00,81.2,0.0,0.0,0.0,0.0
2026-03-11 12:53:00,80.3,0.0,0.0,0.0,0.0
2026-03-11 12:54:00,81.1,0.0,0.0,0.0,0.0
2026-03-11 12:55:00,90.2,0.0,0.0,0.0,0.0
2026-03-11 12:56:00,74.8,0.0,0.0,0.0,0.0
2026-03-11 12:57:00,81.2,0.0,0.0,0.0,0.0
2026-03-11 12:58:00,86.0,0.0,0.0,0.0,0.0
2026-03-11 12:59:00,89.4,0.0,0.0,0.0,0.0
2026-03-11 13:00:00,229.4,149.4,0.0,0.0,0.0
2026-03-11 13:01:00,229.1,152.3,0.0,0.0,0.0
2026-03-11 13:02:00,221.3,144.5,0.0,0.0,0.0
2026-03-11 13:03:00,231.0,146.0,0.0,0.0,0.0
2026-03-11 13:04:00,238.0,147.2,0.0,0.0,0.0
2026-03-11 13:05:00,224.4,143.1,0.0,0.0,0.0
2026-03-11 13:06:00,219.9,140.4,0.0,0.0,0.0
2026-03-11 13:07:00,216.0,144.2,0.0,0.0,0.0
2026-03-11 13:08:00,233.9,152.7,0.0,0.0,0.0
2026-03-11 13:09:00,239.6,148.8,0.0,0.0,0.0
2026-03-11 13:10:00,234.0,151.1,0.0,0.0,0.0
2026-03-11 13:11:00,225.5,149.6,0.0,0.0,0.0
2026-03-11 13:12:00,241.2,158.6,0.0,0.0,0.0
2026-03-11 13:13:00,233.7,147.7,0.0,0.0,0.0
2026-03-11 13:14:00,220.9,149.3,0.0,0.0,0.0
2026-03-11 13:15:00,244.4,154.1,0.0,0.0,0.0
2026-03-11 13:16:00,235.0,150.4,0.0,0.0,0.0
2026-03-11 13:17:00,229.2,151.3,0.0,0.0,0.0
2026-03-11 13:18:00,236.6,152.5,0.0,0.0,0.0
2026-03-11 13:19:00,224.7,145.1,0.0,0.0,0.0
2026-03-11 13:20:00,230.1,144.0,0.0,0.0,0.0
2026-03-11 13:21:00,230.2,146.7,0.0,0.0,0.0
2026-03-11 13:22:00,227.3,154.5,0.0,0.0,0.0
2026-03-11 13:23:00,249.3,162.7,0.0,0.0,0.0
2026-03-11 13:24:00,231.8,144.6,0.0,0.0,0.0
2026-03-11 13:25:00,229.1,151.8,0.0,0.0,0.0
2026-03-11 13:26:00,220.7,139.5,0.0,0.0,0.0
2026-03-11 13:27:00,239.5,149.2,0.0,0.0,0.0
2026-03-11 13:28:00,230.6,151.6,0.0,0.0,0.0
2026-03-11 13:29:00,225.8,150.5,0.0,0.0,0.0
2026-03-11 13:30:00,224.1,143.5,0.0,0.0,0.0
2026-03-11 13:31:00,233.5,148.0,0.0,0.0,0.0
2026-03-11 13:32:00,235.1,158.0,0.0,0.0,0.0
2026-03-11 13:33:00,225.8,150.6,0.0,0.0,0.0
2026-03-11 13:34:00,222.6,146.6,0.0,0.0,0.0
2026-03-11 13:35:00,76.3,0.0,0.0,0.0,0.0
2026-03-11 13:36:00,82.1,0.0,0.0,0.0,0.0
2026-03-11 13:37:00,82.1,0.0,0.0,0.0,0.0
2026-03-11 13:38:00,82.4,0.0,0.0,0.0,0.0
2026-03-11 13:39:00,84.1,0.0,0.0,0.0,0.0
2026-03-11 13:40:00,83.9,0.0,0.0,0.0,0.0
2026-03-11 13:41:00,82.9,0.0,0.0,0.0,0.0
2026-03-11 13:42:00,88.6,0.0,0.0,0.0,0.0
2026-03-11 13:43:00,82.0,0.0,0.0,0.0,0.0
2026-03-11 13:44:00,75.0,0.0,0.0,0.0,0.0
2026-03-11 13:45:00,84.4,0.0,0.0,0.0,0.0
2026-03-11 13:46:00,82.5,0.0,0.0,0.0,0.0
2026-03-11 13:47:00,85.3,0.0,0.0,0.0,0.0
2026-03-11 13:48:00,72.9,0.0,0.0,0.0,0.0
2026-03-11 13:49:00,90.7,0.0,0.0,0.0,0.0
2026-03-11 13:50:00,83.4,0.0,0.0,0.0,0.0
2026-03-11 13:51:00,86.4,0.0,0.0,0.0,0.0
2026-03-11 13:52:00,82.0,0.0,0.0,0.0,0.0
2026-03-11 13:53:00,76.3,0.0,0.0,0.0,0.0
2026-03-11 13:54:00,81.1,0.0,0.0,0.0,0.0
2026-03-11 13:55:00,79.5,0.0,0.0,0.0,0.0
2026-03-11 13:56:00,95.3,0.0,0.0,0.0,0.0
2026-03-11 13:57:00,74.3,0.0,0.0,0.0,0.0
2026-03-11 13:58:00,76.2,0.0,0.0,0.0,0.0
2026-03-11 13:59:00,80.4,0.0,0.0,0.0,0.0
2026-03-11 14:00:00,235.1,153.8,0.0,0.0,0.0
2026-03-11 14:01:00,225.6,150.7,0.0,0.0,0.0
2026-03-11 14:02:00,242.5,152.6,0.0,0.0,0.0
2026-03-11 14:03:00,225.3,143.3,0.0,0.0,0.0
2026-03-11 14:04:00,234.0,143.4,0.0,0.0,0.0
2026-03-11 14:05:00,224.2,144.6,0.0,0.0,0.0
2026-03-11 14:06:00,224.2,148.0,0.0,0.0,0.0
2026-03-11 14:07:00,225.6,144.8,0.0,0.0,0.0
2026-03-11 14:08:00,222.9,144.3,0.0,0.0,0.0
2026-03-11 14:09:00,2212.3,153.5,1978.4,0.0,0.0
2026-03-11 14:10:00,227.4,148.9,0.0,0.0,0.0
2026-03-11 14:11:00,224.2,143.2,0.0,0.0,0.0
2026-03-11 14:12:00,234.2,156.1,0.0,0.0,0.0
2026-03-11 14:13:00,230.1,156.1,0.0,0.0,0.0
2026-03-11 14:14:00,232.2,155.7,0.0,0.0,0.0
2026-03-11 14:15:00,219.5,138.3,0.0,0.0,0.0
2026-03-11 14:16:00,231.6,143.5,0.0,0.0,0.0
2026-03-11 14:17:00,220.0,144.2,0.0,0.0,0.0
2026-03-11 14:18:00,237.7,150.6,0.0,0.0,0.0
2026-03-11 14:19:00,238.2,152.6,0.0,0.0,0.0
2026-03-11 14:20:00,223.6,152.3,0.0,0.0,0.0
2026-03-11 14:21:00,228.2,146.5,0.0,0.0,0.0
2026-03-11 14:22:00,236.0,155.2,0.0,0.0,0.0
2026-03-11 14:23:00,242.2,160.3,0.0,0.0,0.0
2026-03-11 14:24:00,227.9,150.4,0.0,0.0,0.0
2026-03-11 14:25:00,233.7,155.5,0.0,0.0,0.0
2026-03-11 14:26:00,231.2,150.5,0.0,0.0,0.0
2026-03-11 14:27:00,216.4,137.0,0.0,0.0,0.0
2026-03-11 14:28:00,222.1,146.7,0.0,0.0,0.0
2026-03-11 14:29:00,238.4,148.1,0.0,0.0,0.0
2026-03-11 14:30:00,238.0,152.7,0.0,0.0,0.0
2026-03-11 14:31:00,227.9,154.1,0.0,0.0,0.0
2026-03-11 14:32:00,223.8,146.9,0.0,0.0,0.0
2026-03-11 14:33:00,232.2,144.7,0.0,0.0,0.0
2026-03-11 14:34:00,239.9,145.3,0.0,0.0,0.0
2026-03-11 14:35:00,78.5,0.0,0.0,0.0,0.0
2026-03-11 14:36:00,77.9,0.0,0.0,0.0,0.0
2026-03-11 14:37:00,78.2,0.0,0.0,0.0,0.0
2026-03-11 14:38:00,78.7,0.0,0.0,0.0,0.0
2026-03-11 14:39:00,69.2,0.0,0.0,0.0,0.0
2026-03-11 14:40:00,73.2,0.0,0.0,0.0,0.0
2026-03-11 14:41:00,82.9,0.0,0.0,0.0,0.0
2026-03-11 14:42:00,83.1,0.0,0.0,0.0,0.0
2026-03-11 14:43:00,85.5,0.0,0.0,0.0,0.0
2026-03-11 14:44:00,78.0,0.0,0.0,0.0,0.0
2026-03-11 14:45:00,82.7,0.0,0.0,0.0,0.0
2026-03-11 14:46:00,71.1,0.0,0.0,0.0,0.0
2026-03-11 14:47:00,77.0,0.0,0.0,0.0,0.0
2026-03-11 14:48:00,76.0,0.0,0.0,0.0,0.0
2026-03-11 14:49:00,74.0,0.0,0.0,0.0,0.0
2026-03-11 14:50:00,77.8,0.0,0.0,0.0,0.0
2026-03-11 14:51:00,88.6,0.0,0.0,0.0,0.0
2026-03-11 14:52:00,2127.4,0.0,2049.6,0.0,0.0
2026-03-11 14:53:00,94.7,0.0,0.0,0.0,0.0
2026-03-11 14:54:00,77.9,0.0,0.0,0.0,0.0
2026-03-11 14:55:00,2106.8,0.0,2025.9,0.0,0.0
2026-03-11 14:56:00,2132.9,0.0,2049.9,0.0,0.0
2026-03-11 14:57:00,2040.6,0.0,1951.0,0.0,0.0
2026-03-11 14:58:00,2140.5,0.0,2059.9,0.0,0.0
2026-03-11 14:59:00,79.4,0.0,0.0,0.0,0.0
2026-03-11 15:00:00,233.1,155.2,0.0,0.0,0.0
2026-03-11 15:01:00,2243.6,147.6,2025.2,0.0,0.0
2026-03-11 15:02:00,2188.7,156.0,1962.2,0.0,0.0
2026-03-11 15:03:00,2229.9,154.1,1993.8,0.0,0.0
2026-03-11 15:04:00,2250.2,153.1,2017.1,0.0,0.0
2026-03-11 15:05:00,2159.5,149.5,1930.8,0.0,0.0
2026-03-11 15:06:00,2207.0,147.1,1978.8,0.0,0.0
2026-03-11 15:07:00,2250.8,152.1,2022.3,0.0,0.0
2026-03-11 15:08:00,2206.8,144.2,1979.4,0.0,0.0
2026-03-11 15:09:00,2211.7,151.4,1985.0,0.0,0.0
2026-03-11 15:10:00,2202.4,145.4,1979.9,0.0,0.0
2026-03-11 15:11:00,2278.9,155.8,2046.7,0.0,0.0
2026-03-11 15:12:00,2244.2,150.5,2003.6,0.0,0.0
2026-03-11 15:13:00,2268.3,155.0,2029.5,0.0,0.0
2026-03-11 15:14:00,2212.3,144.9,1984.0,0.0,0.0
2026-03-11 15:15:00,2192.4,149.9,1960.0,0.0,0.0
2026-03-11 15:16:00,225.0,146.7,0.0,0.0,0.0
2026-03-11 15:17:00,2210.8,149.0,1987.9,0.0,0.0
2026-03-11 15:18:00,2232.5,144.1,2000.1,0.0,0.0
2026-03-11 15:19:00,2228.2,154.6,1987.8,0.0,0.0
2026-03-11 15:20:00,2191.5,145.8,1963.1,0.0,0.0
2026-03-11 15:21:00,2260.9,152.2,2025.8,0.0,0.0
2026-03-11 15:22:00,2193.2,152.7,1965.5,0.0,0.0
2026-03-11 15:23:00,2221.1,156.8,1995.3,0.0,0.0
2026-03-11 15:24:00,2251.3,153.0,2021.4,0.0,0.0
2026-03-11 15:25:00,2187.7,141.6,1967.4,0.0,0.0
2026-03-11 15:26:00,2242.8,146.0,2013.3,0.0,0.0
2026-03-11 15:27:00,2258.1,143.8,2026.8,0.0,0.0
2026-03-11 15:28:00,2212.9,143.5,1980.5,0.0,0.0
2026-03-11 15:29:00,2201.2,144.6,1970.6,0.0,0.0
2026-03-11 15:30:00,2173.9,153.5,1934.2,0.0,0.0
2026-03-11 15:31:00,2244.4,153.2,2008.8,0.0,0.0
2026-03-11 15:32:00,219.3,151.4,0.0,0.0,0.0
2026-03-11 15:33:00,215.1,144.5,0.0,0.0,0.0
2026-03-11 15:34:00,2255.8,147.3,2025.0,0.0,0.0
2026-03-11 15:35:00,2052.9,0.0,1968.1,0.0,0.0
2026-03-11 15:36:00,2112.4,0.0,2029.7,0.0,0.0
2026-03-11 15:37:00,2061.9,0.0,1976.8,0.0,0.0
2026-03-11 15:38:00,2093.3,0.0,2007.1,0.0,0.0
2026-03-11 15:39:00,2118.1,0.0,2040.5,0.0,0.0
2026-03-11 15:40:00,2059.9,0.0,1974.8,0.0,0.0
2026-03-11 15:41:00,2096.3,0.0,2020.1,0.0,0.0
2026-03-11 15:42:00,2101.4,0.0,2016.3,0.0,0.0
2026-03-11 15:43:00,2092.0,0.0,2005.3,0.0,0.0
2026-03-11 15:44:00,2112.8,0.0,2023.8,0.0,0.0
2026-03-11 15:45:00,2037.1,0.0,1954.4,0.0,0.0
2026-03-11 15:46:00,2091.8,0.0,2006.4,0.0,0.0
2026-03-11 15:47:00,2049.7,0.0,1972.6,0.0,0.0
2026-03-11 15:48:00,2065.4,0.0,1995.9,0.0,0.0
2026-03-11 15:49:00,2086.5,0.0,2015.1,0.0,0.0
2026-03-11 15:50:00,2107.7,0.0,2021.8,0.0,0.0
2026-03-11 15:51:00,2062.1,0.0,1986.7,0.0,0.0
2026-03-11 15:52:00,2040.7,0.0,1955.1,0.0,0.0
2026-03-11 15:53:00,2141.4,0.0,2054.2,0.0,0.0
2026-03-11 15:54:00,2066.0,0.0,1984.1,0.0,0.0
2026-03-11 15:55:00,2106.8,0.0,2030.0,0.0,0.0
2026-03-11 15:56:00,2105.9,0.0,2018.4,0.0,0.0
2026-03-11 15:57:00,2058.6,0.0,1979.0,0.0,0.0
2026-03-11 15:58:00,2096.3,0.0,2019.0,0.0,0.0
2026-03-11 15:59:00,2123.1,0.0,2045.9,0.0,0.0
2026-03-11 16:00:00,2242.0,159.6,2006.7,0.0,0.0
2026-03-11 16:01:00,2198.6,148.2,1981.5,0.0,0.0
2026-03-11 16:02:00,2194.5,151.2,1960.2,0.0,0.0
2026-03-11 16:03:00,2191.9,143.0,1976.1,0.0,0.0
2026-03-11 16:04:00,2248.6,149.6,2021.9,0.0,0.0
2026-03-11 16:05:00,2236.3,148.5,2006.0,0.0,0.0
2026-03-11 16:06:00,2268.1,151.3,2036.7,0.0,0.0
2026-03-11 16:07:00,2230.9,150.3,1997.6,0.0,0.0
2026-03-11 16:08:00,2224.6,149.3,2001.3,0.0,0.0
2026-03-11 16:09:00,2193.5,154.2,1954.3,0.0,0.0
2026-03-11 16:10:00,2199.5,146.9,1979.0,0.0,0.0
2026-03-11 16:11:00,2228.1,144.9,2007.1,0.0,0.0
2026-03-11 16:12:00,2165.2,155.7,1926.9,0.0,0.0
2026-03-11 16:13:00,2191.5,153.1,1967.0,0.0,0.0
2026-03-11 16:14:00,2240.4,145.5,2009.2,0.0,0.0
2026-03-11 16:15:00,2210.3,144.1,1995.9,0.0,0.0
2026-03-11 16:16:00,2149.4,144.4,1929.0,0.0,0.0
2026-03-11 16:17:00,2249.3,161.4,2009.5,0.0,0.0
2026-03-11 16:18:00,2216.2,153.8,1966.8,0.0,0.0
2026-03-11 16:19:00,2201.1,151.5,1957.0,0.0,0.0
2026-03-11 16:20:00,2245.1,153.8,2013.0,0.0,0.0
2026-03-11 16:21:00,2167.7,153.1,1934.7,0.0,0.0
2026-03-11 16:22:00,2236.2,162.4,1998.2,0.0,0.0
2026-03-11 16:23:00,2205.6,153.3,1971.9,0.0,0.0
2026-03-11 16:24:00,2211.5,152.8,1975.8,0.0,0.0
2026-03-11 16:25:00,2190.5,148.9,1963.6,0.0,0.0
2026-03-11 16:26:00,2263.9,154.9,2014.2,0.0,0.0
2026-03-11 16:27:00,2245.1,152.2,2017.9,0.0,0.0
2026-03-11 16:28:00,2264.0,151.2,2039.9,0.0,0.0
2026-03-11 16:29:00,2186.7,136.7,1964.3,0.0,0.0
2026-03-11 16:30:00,2200.6,149.2,1980.7,0.0,0.0
2026-03-11 16:31:00,2233.0,145.7,2003.7,0.0,0.0
2026-03-11 16:32:00,2259.5,153.8,2029.6,0.0,0.0
2026-03-11 16:33:00,2218.1,140.1,1999.7,0.0,0.0
2026-03-11 16:34:00,2214.0,147.1,1986.3,0.0,0.0
2026-03-11 16:35:00,2116.8,0.0,2034.5,0.0,0.0
2026-03-11 16:36:00,2039.4,0.0,1957.2,0.0,0.0
2026-03-11 16:37:00,2062.2,0.0,1980.8,0.0,0.0
2026-03-11 16:38:00,2041.4,0.0,1965.7,0.0,0.0
2026-03-11 16:39:00,2104.7,0.0,2022.3,0.0,0.0
2026-03-11 16:40:00,2091.2,0.0,2011.3,0.0,0.0
2026-03-11 16:41:00,2155.5,0.0,2082.4,0.0,0.0
2026-03-11 16:42:00,2079.4,0.0,2002.6,0.0,0.0
2026-03-11 16:43:00,2082.5,0.0,1998.6,0.0,0.0
2026-03-11 16:44:00,2056.9,0.0,1974.6,0.0,0.0
2026-03-11 16:45:00,2082.6,0.0,2002.5,0.0,0.0
2026-03-11 16:46:00,2067.5,0.0,1990.3,0.0,0.0
2026-03-11 16:47:00,2101.5,0.0,2029.1,0.0,0.0
2026-03-11 16:48:00,2056.1,0.0,1981.0,0.0,0.0
2026-03-11 16:49:00,2114.7,0.0,2025.3,0.0,0.0
2026-03-11 16:50:00,2081.2,0.0,1987.6,0.0,0.0
2026-03-11 16:51:00,2113.5,0.0,2040.3,0.0,0.0
2026-03-11 16:52:00,2093.2,0.0,2015.0,0.0,0.0
2026-03-11 16:53:00,2092.7,0.0,2011.5,0.0,0.0
2026-03-11 16:54:00,2076.1,0.0,1994.5,0.0,0.0
2026-03-11 16:55:00,2123.3,0.0,2045.8,0.0,0.0
2026-03-11 16:56:00,2108.3,0.0,2018.8,0.0,0.0
2026-03-11 16:57:00,2090.8,0.0,2008.1,0.0,0.0
2026-03-11 16:58:00,2069.2,0.0,1995.3,0.0,0.0
2026-03-11 16:59:00,2073.3,0.0,1987.0,0.0,0.0
2026-03-11 17:00:00,2195.5,154.6,1959.4,0.0,0.0
2026-03-11 17:01:00,2218.6,149.4,1992.2,0.0,0.0
2026-03-11 17:02:00,2231.3,155.5,1998.0,0.0,0.0
2026-03-11 17:03:00,2221.2,142.2,2011.0,0.0,0.0
2026-03-11 17:04:00,2221.3,144.0,1996.2,0.0,0.0
2026-03-11 17:05:00,2316.8,151.0,2076.2,0.0,0.0
2026-03-11 17:06:00,2246.5,143.6,2029.8,0.0,0.0
2026-03-11 17:07:00,2243.9,158.0,2006.6,0.0,0.0
2026-03-11 17:08:00,2243.9,149.9,2011.6,0.0,0.0
2026-03-11 17:09:00,2267.4,155.1,2032.1,0.0,0.0
2026-03-11 17:10:00,2178.9,150.6,1950.8,0.0,0.0
2026-03-11 17:11:00,2196.1,147.8,1976.0,0.0,0.0
2026-03-11 17:12:00,2230.2,149.0,2020.3,0.0,0.0
2026-03-11 17:13:00,2286.6,154.5,2058.3,0.0,0.0
2026-03-11 17:14:00,2176.6,148.7,1946.9,0.0,0.0
2026-03-11 17:15:00,2240.4,140.2,2013.0,0.0,0.0
2026-03-11 17:16:00,2231.8,157.2,1992.6,0.0,0.0
2026-03-11 17:17:00,2210.0,148.3,1988.0,0.0,0.0
2026-03-11 17:18:00,2268.2,148.7,2037.1,0.0,0.0
2026-03-11 17:19:00,2255.9,149.1,2027.3,0.0,0.0
2026-03-11 17:20:00,2257.0,145.2,2045.4,0.0,0.0
2026-03-11 17:21:00,2220.5,136.8,2010.4,0.0,0.0
2026-03-11 17:22:00,2248.3,147.2,2028.0,0.0,0.0
2026-03-11 17:23:00,2234.8,146.7,2007.8,0.0,0.0
2026-03-11 17:24:00,2241.1,150.9,2008.4,0.0,0.0
2026-03-11 17:25:00,2219.9,150.8,1998.5,0.0,0.0
2026-03-11 17:26:00,2201.5,147.8,1978.7,0.0,0.0
2026-03-11 17:27:00,2215.8,146.1,1987.2,0.0,0.0
2026-03-11 17:28:00,2218.6,158.4,1981.4,0.0,0.0
2026-03-11 17:29:00,2261.3,152.2,2030.4,0.0,0.0
2026-03-11 17:30:00,2190.2,149.9,1953.9,0.0,0.0
2026-03-11 17:31:00,2240.2,142.9,2022.6,0.0,0.0
2026-03-11 17:32:00,2278.2,147.0,2055.9,0.0,0.0
2026-03-11 17:33:00,2276.1,150.1,2038.7,0.0,0.0
2026-03-11 17:34:00,2237.0,144.5,2016.8,0.0,0.0
2026-03-11 17:35:00,2084.2,0.0,2008.4,0.0,0.0
2026-03-11 17:36:00,2049.0,0.0,1975.4,0.0,0.0
2026-03-11 17:37:00,2104.4,0.0,2027.4,0.0,0.0
2026-03-11 17:38:00,2056.0,0.0,1980.5,0.0,0.0
2026-03-11 17:39:00,2083.5,0.0,1994.6,0.0,0.0
2026-03-11 17:40:00,2040.3,0.0,1961.1,0.0,0.0
2026-03-11 17:41:00,2089.6,0.0,2008.6,0.0,0.0
2026-03-11 17:42:00,2074.6,0.0,1990.6,0.0,0.0
2026-03-11 17:43:00,2082.7,0.0,2007.3,0.0,0.0
2026-03-11 17:44:00,2094.0,0.0,2008.3,0.0,0.0
2026-03-11 17:45:00,2048.2,0.0,1967.1,0.0,0.0
2026-03-11 17:46:00,2037.5,0.0,1954.9,0.0,0.0
2026-03-11 17:47:00,2041.7,0.0,1970.1,0.0,0.0
2026-03-11 17:48:00,2082.6,0.0,1987.4,0.0,0.0
2026-03-11 17:49:00,2065.7,0.0,1977.0,0.0,0.0
2026-03-11 17:50:00,2073.1,0.0,2001.3,0.0,0.0
2026-03-11 17:51:00,2138.7,0.0,2048.8,0.0,0.0
2026-03-11 17:52:00,2102.4,0.0,2016.4,0.0,0.0
2026-03-11 17:53:00,2125.3,0.0,2037.6,0.0,0.0
2026-03-11 17:54:00,2081.6,0.0,2009.8,0.0,0.0
2026-03-11 17:55:00,2055.0,0.0,1984.3,0.0,0.0
2026-03-11 17:56:00,2066.2,0.0,1985.1,0.0,0.0
2026-03-11 17:57:00,2057.4,0.0,1969.5,0.0,0.0
2026-03-11 17:58:00,2048.0,0.0,1975.3,0.0,0.0
2026-03-11 17:59:00,2078.6,0.0,1999.8,0.0,0.0
2026-03-11 18:00:00,2239.2,151.8,2009.3,0.0,0.0
2026-03-11 18:01:00,2209.7,136.9,1995.6,0.0,0.0
2026-03-11 18:02:00,2266.9,149.4,2045.2,0.0,0.0
2026-03-11 18:03:00,2386.6,145.7,2028.1,0.0,125.4
2026-03-11 18:04:00,2405.4,153.6,2060.6,0.0,117.8
2026-03-11 18:05:00,2211.9,155.5,1980.2,0.0,0.0
2026-03-11 18:06:00,2378.9,151.4,2022.1,0.0,122.7
2026-03-11 18:07:00,2247.3,147.4,2010.1,0.0,0.0
2026-03-11 18:08:00,2133.8,152.2,1911.6,0.0,0.0
2026-03-11 18:09:00,2376.6,154.1,2012.4,0.0,116.5
2026-03-11 18:10:00,2337.6,155.7,1992.8,0.0,114.7
2026-03-11 18:11:00,2317.0,155.1,1956.7,0.0,120.7
2026-03-11 18:12:00,2276.6,148.8,1934.9,0.0,120.7
2026-03-11 18:13:00,2418.7,150.9,2066.0,0.0,131.4
2026-03-11 18:14:00,2377.0,150.1,2030.2,0.0,111.4
2026-03-11 18:15:00,2336.1,156.0,1981.5,0.0,122.9
2026-03-11 18:16:00,2318.3,142.6,1989.2,0.0,114.1
2026-03-11 18:17:00,2182.3,142.2,1953.0,0.0,0.0
2026-03-11 18:18:00,2393.3,155.5,2038.4,0.0,117.7
2026-03-11 18:19:00,2364.7,155.4,2001.5,0.0,120.6
2026-03-11 18:20:00,2301.6,153.4,1954.2,0.0,118.3
2026-03-11 18:21:00,2322.2,149.3,1964.5,0.0,127.8
2026-03-11 18:22:00,2392.2,154.8,2039.3,0.0,119.4
2026-03-11 18:23:00,2328.4,149.6,1980.5,0.0,121.4
2026-03-11 18:24:00,2279.6,146.8,2045.7,0.0,0.0
2026-03-11 18:25:00,2333.6,153.2,1988.3,0.0,115.9
2026-03-11 18:26:00,2320.4,144.3,1972.3,0.0,120.2
2026-03-11 18:27:00,2319.9,151.6,1962.4,0.0,120.8
2026-03-11 18:28:00,2269.5,148.7,2033.3,0.0,0.0
2026-03-11 18:29:00,2195.1,150.5,1960.6,0.0,0.0
2026-03-11 18:30:00,2198.5,159.0,1967.4,0.0,0.0
2026-03-11 18:31:00,2352.9,143.1,2012.7,0.0,126.0
2026-03-11 18:32:00,2228.7,151.6,1997.5,0.0,0.0
2026-03-11 18:33:00,2350.1,156.0,2003.5,0.0,119.9
2026-03-11 18:34:00,2257.9,154.4,2019.9,0.0,0.0
2026-03-11 18:35:00,2232.7,0.0,2032.8,0.0,125.7
2026-03-11 18:36:00,2059.5,0.0,1974.6,0.0,0.0
2026-03-11 18:37:00,2049.0,0.0,1956.9,0.0,0.0
2026-03-11 18:38:00,2162.9,0.0,1959.3,0.0,132.0
2026-03-11 18:39:00,2227.0,0.0,2021.7,0.0,118.8
2026-03-11 18:40:00,2167.3,0.0,1971.9,0.0,118.3
2026-03-11 18:41:00,2158.6,0.0,1971.4,0.0,116.3
2026-03-11 18:42:00,2204.7,0.0,1999.5,0.0,126.9
2026-03-11 18:43:00,2203.2,0.0,1994.4,0.0,123.4
2026-03-11 18:44:00,2162.5,0.0,1956.2,0.0,128.2
2026-03-11 18:45:00,2100.0,0.0,2012.6,0.0,0.0
2026-03-11 18:46:00,2185.4,0.0,2004.5,0.0,105.3
2026-03-11 18:47:00,2193.7,0.0,1988.2,0.0,120.1
2026-03-11 18:48:00,2229.4,0.0,2028.9,0.0,120.7
2026-03-11 18:49:00,2258.0,0.0,2065.9,0.0,113.7
2026-03-11 18:50:00,2228.2,0.0,2028.7,0.0,120.7
2026-03-11 18:51:00,2194.4,0.0,1994.5,0.0,120.6
2026-03-11 18:52:00,2200.9,0.0,1988.0,0.0,122.2
2026-03-11 18:53:00,2218.6,0.0,2013.6,0.0,119.9
2026-03-11 18:54:00,2064.7,0.0,1982.8,0.0,0.0
2026-03-11 18:55:00,2043.3,0.0,1978.8,0.0,0.0
2026-03-11 18:56:00,2191.9,0.0,1995.0,0.0,120.4
2026-03-11 18:57:00,2194.4,0.0,1983.3,0.0,128.5
2026-03-11 18:58:00,2226.4,0.0,2027.4,0.0,121.8
2026-03-11 18:59:00,2096.4,0.0,2020.3,0.0,0.0
2026-03-11 19:00:00,2244.9,147.6,2016.0,0.0,0.0
2026-03-11 19:01:00,2322.1,146.0,1972.7,0.0,124.7
2026-03-11 19:02:00,2240.6,160.4,1999.4,0.0,0.0
2026-03-11 19:03:00,2262.7,146.0,2028.9,0.0,0.0
2026-03-11 19:04:00,2364.8,145.0,2034.6,0.0,114.4
2026-03-11 19:05:00,2300.1,152.0,1943.3,0.0,115.7
2026-03-11 19:06:00,2268.1,153.0,2040.6,0.0,0.0
2026-03-11 19:07:00,2199.9,151.9,1960.4,0.0,0.0
2026-03-11 19:08:00,2360.0,145.0,2009.9,0.0,124.5
2026-03-11 19:09:00,2220.4,150.5,1997.0,0.0,0.0
2026-03-11 19:10:00,2213.9,154.2,1981.8,0.0,0.0
2026-03-11 19:11:00,2210.3,146.4,1989.7,0.0,0.0
2026-03-11 19:12:00,2397.3,158.0,2029.6,0.0,118.6
2026-03-11 19:13:00,2365.5,147.4,2011.0,0.0,120.8
2026-03-11 19:14:00,2239.3,152.4,2014.9,0.0,0.0
2026-03-11 19:15:00,2228.5,151.0,1999.4,0.0,0.0
2026-03-11 19:16:00,2401.4,148.4,2049.3,0.0,121.3
2026-03-11 19:17:00,2330.4,155.2,1969.4,0.0,120.1
2026-03-11 19:18:00,2352.5,143.0,2002.3,0.0,122.2
2026-03-11 19:19:00,2247.5,149.7,2014.7,0.0,0.0
2026-03-11 19:20:00,2227.7,144.0,2013.3,0.0,0.0
2026-03-11 19:21:00,2211.9,152.2,1979.5,0.0,0.0
2026-03-11 19:22:00,2261.7,140.9,2040.9,0.0,0.0
2026-03-11 19:23:00,2247.8,153.3,2005.4,0.0,0.0
2026-03-11 19:24:00,2199.3,146.9,1973.2,0.0,0.0
2026-03-11 19:25:00,2263.0,154.6,2027.2,0.0,0.0
2026-03-11 19:26:00,2366.7,148.1,2028.5,0.0,115.2
2026-03-11 19:27:00,2298.1,157.9,2062.7,0.0,0.0
2026-03-11 19:28:00,2328.1,148.9,1984.2,0.0,127.8
2026-03-11 19:29:00,2194.6,148.3,1967.5,0.0,0.0
2026-03-11 19:30:00,2366.7,147.1,2027.7,0.0,116.7
2026-03-11 19:31:00,2386.2,147.9,2033.6,0.0,127.8
2026-03-11 19:32:00,2396.6,142.7,2043.9,0.0,120.3
2026-03-11 19:33:00,2188.9,150.8,1960.4,0.0,0.0
2026-03-11 19:34:00,2188.2,141.2,1965.2,0.0,0.0
2026-03-11 19:35:00,2215.3,0.0,2009.5,0.0,124.7
2026-03-11 19:36:00,2191.7,0.0,2003.3,0.0,113.4
2026-03-11 19:37:00,2063.1,0.0,1981.7,0.0,0.0
2026-03-11 19:38:00,2181.8,0.0,1983.1,0.0,119.4
2026-03-11 19:39:00,2048.5,0.0,1965.3,0.0,0.0
2026-03-11 19:40:00,2220.5,0.0,2023.8,0.0,114.8
2026-03-11 19:41:00,2240.1,0.0,2026.1,0.0,130.1
2026-03-11 19:42:00,2053.7,0.0,1982.5,0.0,0.0
2026-03-11 19:43:00,2068.0,0.0,1982.6,0.0,0.0
2026-03-11 19:44:00,2146.1,0.0,2066.8,0.0,0.0
2026-03-11 19:45:00,2040.3,0.0,1963.7,0.0,0.0
2026-03-11 19:46:00,2034.0,0.0,1952.7,0.0,0.0
2026-03-11 19:47:00,2067.2,0.0,1990.8,0.0,0.0
2026-03-11 19:48:00,2048.5,0.0,1967.9,0.0,0.0
2026-03-11 19:49:00,2094.8,0.0,2017.4,0.0,0.0
2026-03-11 19:50:00,2162.6,0.0,1968.8,0.0,111.0
2026-03-11 19:51:00,2067.1,0.0,1993.9,0.0,0.0
2026-03-11 19:52:00,2160.1,0.0,1961.4,0.0,124.3
2026-03-11 19:53:00,2067.0,0.0,1974.4,0.0,0.0
2026-03-11 19:54:00,2169.0,0.0,1969.5,0.0,115.1
2026-03-11 19:55:00,2233.8,0.0,2034.2,0.0,113.9
2026-03-11 19:56:00,2187.6,0.0,1984.0,0.0,125.7
2026-03-11 19:57:00,2187.0,0.0,1986.2,0.0,123.4
2026-03-11 19:58:00,2185.1,0.0,1999.0,0.0,115.3
2026-03-11 19:59:00,2214.5,0.0,2016.6,0.0,125.6
2026-03-11 20:00:00,2169.7,141.3,1953.6,0.0,0.0
2026-03-11 20:01:00,2228.2,153.1,1991.2,0.0,0.0
2026-03-11 20:02:00,2369.5,158.4,2013.6,0.0,117.2
2026-03-11 20:03:00,2393.5,144.9,2038.6,0.0,123.7
2026-03-11 20:04:00,2210.5,146.8,1974.5,0.0,0.0
2026-03-11 20:05:00,2242.3,156.4,2005.7,0.0,0.0
2026-03-11 20:06:00,2216.0,143.7,2004.8,0.0,0.0
2026-03-11 20:07:00,2206.5,144.9,1979.3,0.0,0.0
2026-03-11 20:08:00,2378.9,152.3,2014.9,0.0,118.9
2026-03-11 20:09:00,2333.0,150.0,1976.1,0.0,122.1
2026-03-11 20:10:00,2359.9,153.1,1995.1,0.0,130.2
2026-03-11 20:11:00,2212.6,142.8,1997.9,0.0,0.0
2026-03-11 20:12:00,2386.0,153.7,2026.7,0.0,124.2
2026-03-11 20:13:00,2289.8,146.5,1953.1,0.0,124.5
2026-03-11 20:14:00,2231.2,155.5,1996.9,0.0,0.0
2026-03-11 20:15:00,2378.1,153.9,2030.0,0.0,119.1
2026-03-11 20:16:00,2354.1,147.3,1993.7,0.0,128.7
2026-03-11 20:17:00,2402.5,155.4,2040.8,0.0,122.8
2026-03-11 20:18:00,2362.7,148.8,2010.0,0.0,119.0
2026-03-11 20:19:00,2295.9,144.9,1971.6,0.0,112.0
2026-03-11 20:20:00,2215.9,147.8,1978.6,0.0,0.0
2026-03-11 20:21:00,2362.2,143.1,2012.4,0.0,123.1
2026-03-11 20:22:00,2327.8,148.7,1983.2,0.0,117.3
2026-03-11 20:23:00,2328.4,145.1,1979.1,0.0,121.9
2026-03-11 20:24:00,2348.3,155.7,1984.9,0.0,128.5
2026-03-11 20:25:00,2235.5,144.7,2006.8,0.0,0.0
2026-03-11 20:26:00,2383.9,156.1,2029.4,0.0,118.0
2026-03-11 20:27:00,2218.5,153.6,1976.1,0.0,0.0
2026-03-11 20:28:00,2308.0,141.7,1962.4,0.0,118.5
2026-03-11 20:29:00,2366.4,149.2,2017.5,0.0,120.6
2026-03-11 20:30:00,2365.3,148.6,2008.7,0.0,121.6
2026-03-11 20:31:00,2337.5,146.9,2002.8,0.0,122.6
2026-03-11 20:32:00,2173.7,149.0,1942.1,0.0,0.0
2026-03-11 20:33:00,2266.9,160.0,2027.1,0.0,0.0
2026-03-11 20:34:00,2317.0,149.1,1971.7,0.0,111.2
2026-03-11 20:35:00,2079.1,0.0,2008.5,0.0,0.0
2026-03-11 20:36:00,2095.2,0.0,2020.8,0.0,0.0
2026-03-11 20:37:00,2151.9,0.0,1956.6,0.0,118.3
2026-03-11 20:38:00,2193.5,0.0,1993.8,0.0,118.7
2026-03-11 20:39:00,2193.1,0.0,1999.0,0.0,111.2
2026-03-11 20:40:00,2216.1,0.0,2020.1,0.0,121.8
2026-03-11 20:41:00,2243.1,0.0,2042.7,0.0,120.6
2026-03-11 20:42:00,2233.8,0.0,2031.2,0.0,116.7
2026-03-11 20:43:00,2245.0,0.0,2052.0,0.0,116.0
2026-03-11 20:44:00,2141.6,0.0,1940.9,0.0,119.8
2026-03-11 20:45:00,2146.7,0.0,2069.4,0.0,0.0
2026-03-11 20:46:00,2059.4,0.0,1980.7,0.0,0.0
2026-03-11 20:47:00,2073.5,0.0,1995.8,0.0,0.0
2026-03-11 20:48:00,2176.0,0.0,1977.1,0.0,115.3
2026-03-11 20:49:00,2235.0,0.0,2030.0,0.0,119.7
2026-03-11 20:50:00,2231.6,0.0,2032.4,0.0,122.4
2026-03-11 20:51:00,2188.1,0.0,1986.6,0.0,121.5
2026-03-11 20:52:00,2089.2,0.0,2007.0,0.0,0.0
2026-03-11 20:53:00,2197.4,0.0,2002.5,0.0,118.1
2026-03-11 20:54:00,2205.2,0.0,2004.4,0.0,119.5
2026-03-11 20:55:00,2074.8,0.0,1999.5,0.0,0.0
2026-03-11 20:56:00,2087.9,0.0,2008.7,0.0,0.0
2026-03-11 20:57:00,2210.5,0.0,2004.2,0.0,129.0
2026-03-11 20:58:00,2097.0,0.0,2026.9,0.0,0.0
2026-03-11 20:59:00,2079.7,0.0,2007.6,0.0,0.0
2026-03-11 21:00:00,2174.8,151.3,1944.5,0.0,0.0
2026-03-11 21:01:00,2351.1,161.4,1992.8,0.0,111.7
2026-03-11 21:02:00,2211.0,148.7,1974.9,0.0,0.0
2026-03-11 21:03:00,2346.9,152.5,2001.2,0.0,119.6
2026-03-11 21:04:00,2321.3,152.2,1973.2,0.0,118.4
2026-03-11 21:05:00,2357.7,148.6,2013.0,0.0,119.3
2026-03-11 21:06:00,2325.0,142.3,1999.7,0.0,110.1
2026-03-11 21:07:00,2325.6,150.1,1966.3,0.0,125.1
2026-03-11 21:08:00,2254.1,139.7,2024.9,0.0,0.0
2026-03-11 21:09:00,2256.3,151.7,2027.4,0.0,0.0
2026-03-11 21:10:00,2260.5,142.6,2035.5,0.0,0.0
2026-03-11 21:11:00,2372.0,151.4,2022.5,0.0,118.7
2026-03-11 21:12:00,2231.7,155.1,1988.9,0.0,0.0
2026-03-11 21:13:00,2187.0,146.2,1972.8,0.0,0.0
2026-03-11 21:14:00,2316.1,152.9,1962.9,0.0,114.6
2026-03-11 21:15:00,2209.5,155.7,1972.5,0.0,0.0
2026-03-11 21:16:00,2355.2,144.5,2012.6,0.0,122.4
2026-03-11 21:17:00,2373.9,139.4,2022.4,0.0,126.8
2026-03-11 21:18:00,2324.5,146.8,1980.5,0.0,117.7
2026-03-11 21:19:00,2230.8,151.3,1999.0,0.0,0.0
2026-03-11 21:20:00,2364.3,144.7,2024.4,0.0,120.4
2026-03-11 21:21:00,2301.1,149.8,1964.1,0.0,114.8
2026-03-11 21:22:00,2257.3,151.0,2029.8,0.0,0.0
2026-03-11 21:23:00,2333.1,153.5,1987.3,0.0,121.5
2026-03-11 21:24:00,2362.2,155.7,2018.4,0.0,116.4
2026-03-11 21:25:00,2327.0,151.9,1979.6,0.0,117.3
2026-03-11 21:26:00,2324.1,145.7,1981.4,0.0,123.2
2026-03-11 21:27:00,2352.2,148.4,2007.5,0.0,115.5
2026-03-11 21:28:00,2339.7,141.9,2003.4,0.0,119.4
2026-03-11 21:29:00,2382.5,153.2,2023.6,0.0,121.4
2026-03-11 21:30:00,2390.6,160.2,2025.7,0.0,119.6
2026-03-11 21:31:00,2203.6,143.2,1984.2,0.0,0.0
2026-03-11 21:32:00,2193.4,152.5,1961.3,0.0,0.0
2026-03-11 21:33:00,2221.6,153.5,1997.6,0.0,0.0
2026-03-11 21:34:00,2404.1,164.9,2033.6,0.0,116.3
2026-03-11 21:35:00,2195.2,0.0,1998.3,0.0,114.3
2026-03-11 21:36:00,2164.0,0.0,1971.8,0.0,117.8
2026-03-11 21:37:00,2087.9,0.0,2011.1,0.0,0.0
2026-03-11 21:38:00,2224.3,0.0,2029.1,0.0,110.7
2026-03-11 21:39:00,2079.8,0.0,2004.5,0.0,0.0
2026-03-11 21:40:00,2169.0,0.0,1968.1,0.0,122.0
2026-03-11 21:41:00,2187.8,0.0,2004.2,0.0,107.5
2026-03-11 21:42:00,2137.9,0.0,2061.2,0.0,0.0
2026-03-11 21:43:00,2211.6,0.0,2019.3,0.0,119.8
2026-03-11 21:44:00,2227.5,0.0,2036.4,0.0,109.0
2026-03-11 21:45:00,2085.7,0.0,2011.4,0.0,0.0
2026-03-11 21:46:00,2102.7,0.0,2032.7,0.0,0.0
2026-03-11 21:47:00,2206.0,0.0,2001.2,0.0,121.2
2026-03-11 21:48:00,2185.6,0.0,1984.5,0.0,118.5
2026-03-11 21:49:00,2288.8,0.0,2090.1,0.0,118.3
2026-03-11 21:50:00,2199.2,0.0,1996.5,0.0,129.1
2026-03-11 21:51:00,2159.2,0.0,1957.6,0.0,119.7
2026-03-11 21:52:00,2182.1,0.0,1988.5,0.0,123.5
2026-03-11 21:53:00,2011.6,0.0,1938.9,0.0,0.0
2026-03-11 21:54:00,2172.2,0.0,1976.4,0.0,119.6
2026-03-11 21:55:00,2168.0,0.0,1968.6,0.0,117.9
2026-03-11 21:56:00,2200.1,0.0,2005.0,0.0,119.4
2026-03-11 21:57:00,2051.2,0.0,1975.8,0.0,0.0
2026-03-11 21:58:00,2182.7,0.0,1995.8,0.0,113.3
2026-03-11 21:59:00,2174.2,0.0,1978.9,0.0,120.1
2026-03-11 22:00:00,2231.8,146.6,2000.1,0.0,0.0
2026-03-11 22:01:00,2254.6,151.3,2028.9,0.0,0.0
2026-03-11 22:02:00,2219.0,154.1,1988.6,0.0,0.0
2026-03-11 22:03:00,2360.9,153.9,2019.2,0.0,109.9
2026-03-11 22:04:00,2311.4,155.0,1962.0,0.0,119.6
2026-03-11 22:05:00,2379.7,154.0,2024.8,0.0,122.0
2026-03-11 22:06:00,2278.6,153.0,2049.0,0.0,0.0
2026-03-11 22:07:00,2330.8,150.4,2112.0,0.0,0.0
2026-03-11 22:08:00,2273.3,148.6,2045.3,0.0,0.0
2026-03-11 22:09:00,2377.2,147.3,2035.6,0.0,121.3
2026-03-11 22:10:00,2258.8,161.5,2016.8,0.0,0.0
2026-03-11 22:11:00,2381.5,154.6,2021.6,0.0,123.9
2026-03-11 22:12:00,2273.3,151.5,2030.0,0.0,0.0
2026-03-11 22:13:00,2353.1,156.1,1985.5,0.0,128.2
2026-03-11 22:14:00,2388.8,152.8,2033.4,0.0,118.8
2026-03-11 22:15:00,2170.4,153.2,1941.1,0.0,0.0
2026-03-11 22:16:00,2365.8,151.4,2009.4,0.0,124.2
2026-03-11 22:17:00,2238.7,153.1,2004.7,0.0,0.0
2026-03-11 22:18:00,2324.7,151.1,1972.8,0.0,116.2
2026-03-11 22:19:00,2341.2,143.7,1999.0,0.0,115.7
2026-03-11 22:20:00,2214.9,151.5,1978.8,0.0,0.0
2026-03-11 22:21:00,2366.7,153.3,2015.5,0.0,115.4
2026-03-11 22:22:00,2372.2,150.4,2034.3,0.0,114.3
2026-03-11 22:23:00,2153.0,149.0,1938.9,0.0,0.0
2026-03-11 22:24:00,2367.9,151.3,2018.2,0.0,117.9
2026-03-11 22:25:00,2230.7,150.0,2002.9,0.0,0.0
2026-03-11 22:26:00,2239.3,144.6,2011.7,0.0,0.0
2026-03-11 22:27:00,2361.8,149.9,2011.5,0.0,114.1
2026-03-11 22:28:00,2320.9,146.4,1973.4,0.0,122.3
2026-03-11 22:29:00,2219.3,143.8,1991.3,0.0,0.0
2026-03-11 22:30:00,2228.6,152.2,2000.9,0.0,0.0
2026-03-11 22:31:00,2275.1,151.5,2042.9,0.0,0.0
2026-03-11 22:32:00,2251.7,154.4,2014.7,0.0,0.0
2026-03-11 22:33:00,2296.1,148.8,1937.9,0.0,125.3
2026-03-11 22:34:00,2230.1,152.4,1993.3,0.0,0.0
2026-03-11 22:35:00,2114.7,0.0,2030.5,0.0,0.0
2026-03-11 22:36:00,2186.4,0.0,1975.2,0.0,126.1
2026-03-11 22:37:00,2235.7,0.0,2041.1,0.0,115.3
2026-03-11 22:38:00,2049.6,0.0,1971.5,0.0,0.0
2026-03-11 22:39:00,2214.8,0.0,2012.9,0.0,123.7
2026-03-11 22:40:00,2089.2,0.0,2008.0,0.0,0.0
2026-03-11 22:41:00,2229.8,0.0,2024.1,0.0,124.7
2026-03-11 22:42:00,2165.7,0.0,1973.5,0.0,115.8
2026-03-11 22:43:00,2055.3,0.0,1976.7,0.0,0.0
2026-03-11 22:44:00,2187.9,0.0,1987.1,0.0,116.9
2026-03-11 22:45:00,2256.0,0.0,2055.3,0.0,115.9
2026-03-11 22:46:00,2197.9,0.0,1991.2,0.0,128.1
2026-03-11 22:47:00,2193.2,0.0,1985.9,0.0,124.1
2026-03-11 22:48:00,2170.2,0.0,1980.1,0.0,117.6
2026-03-11 22:49:00,2062.9,0.0,1977.6,0.0,0.0
2026-03-11 22:50:00,2098.6,0.0,2018.6,0.0,0.0
2026-03-11 22:51:00,2206.0,0.0,2000.5,0.0,123.2
2026-03-11 22:52:00,2158.1,0.0,1955.9,0.0,125.8
2026-03-11 22:53:00,2100.3,0.0,2015.8,0.0,0.0
2026-03-11 22:54:00,2232.2,0.0,2029.9,0.0,119.7
2026-03-11 22:55:00,2070.8,0.0,1989.7,0.0,0.0
2026-03-11 22:56:00,2217.9,0.0,2020.0,0.0,114.7
2026-03-11 22:57:00,2099.0,0.0,2020.8,0.0,0.0
2026-03-11 22:58:00,2053.9,0.0,1979.9,0.0,0.0
2026-03-11 22:59:00,2205.0,0.0,2010.7,0.0,113.8
2026-03-11 23:00:00,2216.5,147.1,1994.0,0.0,0.0
2026-03-11 23:01:00,2260.3,146.1,2038.8,0.0,0.0
2026-03-11 23:02:00,2248.7,148.4,2017.8,0.0,0.0
2026-03-11 23:03:00,2257.1,152.8,2021.6,0.0,0.0
2026-03-11 23:04:00,2202.1,153.3,1979.2,0.0,0.0
2026-03-11 23:05:00,2204.7,155.3,1967.7,0.0,0.0
2026-03-11 23:06:00,2185.7,148.4,1956.5,0.0,0.0
2026-03-11 23:07:00,2227.1,149.3,2000.1,0.0,0.0
2026-03-11 23:08:00,2174.0,147.9,1945.0,0.0,0.0
2026-03-11 23:09:00,2232.2,132.9,2027.6,0.0,0.0
2026-03-11 23:10:00,2270.6,150.1,2036.2,0.0,0.0
2026-03-11 23:11:00,2174.1,150.3,1947.7,0.0,0.0
2026-03-11 23:12:00,2241.2,147.4,2008.3,0.0,0.0
2026-03-11 23:13:00,2186.8,150.9,1963.6,0.0,0.0
2026-03-11 23:14:00,2255.5,155.5,2016.9,0.0,0.0
2026-03-11 23:15:00,2211.0,143.9,1990.7,0.0,0.0
2026-03-11 23:16:00,2218.1,152.0,1981.9,0.0,0.0
2026-03-11 23:17:00,2250.9,146.8,2028.9,0.0,0.0
2026-03-11 23:18:00,2193.0,149.2,1970.0,0.0,0.0
2026-03-11 23:19:00,2259.8,149.0,2032.5,0.0,0.0
2026-03-11 23:20:00,2188.6,148.7,1967.4,0.0,0.0
2026-03-11 23:21:00,2249.2,157.5,2006.7,0.0,0.0
2026-03-11 23:22:00,2293.2,149.5,2057.6,0.0,0.0
2026-03-11 23:23:00,2194.1,148.8,1968.3,0.0,0.0
2026-03-11 23:24:00,2176.7,144.6,1969.1,0.0,0.0
2026-03-11 23:25:00,2274.2,158.1,2038.8,0.0,0.0
2026-03-11 23:26:00,2241.8,152.4,2006.4,0.0,0.0
2026-03-11 23:27:00,2272.9,150.2,2038.1,0.0,0.0
2026-03-11 23:28:00,2229.0,145.8,2011.3,0.0,0.0
2026-03-11 23:29:00,2244.8,148.3,2026.2,0.0,0.0
2026-03-11 23:30:00,2265.3,158.3,2030.4,0.0,0.0
2026-03-11 23:31:00,2188.5,145.7,1955.6,0.0,0.0
2026-03-11 23:32:00,2229.8,145.1,2010.6,0.0,0.0
2026-03-11 23:33:00,2248.3,157.0,2015.9,0.0,0.0
2026-03-11 23:34:00,2245.9,145.1,2016.1,0.0,0.0
2026-03-11 23:35:00,2081.9,0.0,2006.5,0.0,0.0
2026-03-11 23:36:00,2093.6,0.0,2001.6,0.0,0.0
2026-03-11 23:37:00,2117.5,0.0,2034.8,0.0,0.0
2026-03-11 23:38:00,2069.9,0.0,1984.8,0.0,0.0
2026-03-11 23:39:00,2061.7,0.0,1974.3,0.0,0.0
2026-03-11 23:40:00,2126.2,0.0,2052.6,0.0,0.0
2026-03-11 23:41:00,2062.6,0.0,1986.9,0.0,0.0
2026-03-11 23:42:00,2041.3,0.0,1958.0,0.0,0.0
2026-03-11 23:43:00,2113.1,0.0,2041.6,0.0,0.0
2026-03-11 23:44:00,2056.6,0.0,1982.2,0.0,0.0
2026-03-11 23:45:00,2077.6,0.0,1996.7,0.0,0.0
2026-03-11 23:46:00,2062.7,0.0,1985.0,0.0,0.0
2026-03-11 23:47:00,2032.6,0.0,1947.8,0.0,0.0
2026-03-11 23:48:00,2125.8,0.0,2049.3,0.0,0.0
2026-03-11 23:49:00,2107.2,0.0,2030.7,0.0,0.0
2026-03-11 23:50:00,2100.8,0.0,2013.5,0.0,0.0
2026-03-11 23:51:00,2059.9,0.0,1976.8,0.0,0.0
2026-03-11 23:52:00,2071.4,0.0,1990.4,0.0,0.0
2026-03-11 23:53:00,2082.1,0.0,1997.6,0.0,0.0
2026-03-11 23:54:00,2071.0,0.0,2001.0,0.0,0.0
2026-03-11 23:55:00,2042.6,0.0,1972.3,0.0,0.0
2026-03-11 23:56:00,2121.6,0.0,2038.5,0.0,0.0
2026-03-11 23:57:00,2103.9,0.0,2017.6,0.0,0.0
2026-03-11 23:58:00,2086.7,0.0,2003.5,0.0,0.0
2026-03-11 23:59:00,2083.2,0.0,2010.1,0.0,0.0
2026-03-12 00:00:00,2241.7,153.7,2003.8,0.0,0.0
2026-03-12 00:01:00,2257.3,147.2,2028.6,0.0,0.0
2026-03-12 00:02:00,2249.3,156.2,2005.1,0.0,0.0
2026-03-12 00:03:00,2226.6,154.6,1994.1,0.0,0.0
2026-03-12 00:04:00,2313.4,161.8,2074.6,0.0,0.0
2026-03-12 00:05:00,2251.6,149.9,2020.5,0.0,0.0
2026-03-12 00:06:00,2250.9,150.2,2027.0,0.0,0.0
2026-03-12 00:07:00,2275.1,147.7,2036.6,0.0,0.0
2026-03-12 00:08:00,2177.2,144.9,1959.4,0.0,0.0
2026-03-12 00:09:00,2274.5,152.1,2034.3,0.0,0.0
2026-03-12 00:10:00,2197.0,161.0,1950.4,0.0,0.0
2026-03-12 00:11:00,2228.2,147.0,2002.0,0.0,0.0
2026-03-12 00:12:00,2208.0,146.0,1993.6,0.0,0.0
2026-03-12 00:13:00,2160.3,150.8,1944.4,0.0,0.0
2026-03-12 00:14:00,2273.6,146.6,2047.3,0.0,0.0
2026-03-12 00:15:00,2235.6,152.6,2008.3,0.0,0.0
2026-03-12 00:16:00,2220.9,148.8,2000.7,0.0,0.0
2026-03-12 00:17:00,2211.8,147.6,1985.3,0.0,0.0
2026-03-12 00:18:00,2304.9,147.5,2089.0,0.0,0.0
2026-03-12 00:19:00,2175.2,150.4,1949.2,0.0,0.0
2026-03-12 00:20:00,2251.6,157.3,2011.3,0.0,0.0
2026-03-12 00:21:00,2205.9,140.3,1987.5,0.0,0.0
2026-03-12 00:22:00,2268.3,159.6,2028.0,0.0,0.0
2026-03-12 00:23:00,2176.8,152.0,1944.0,0.0,0.0
2026-03-12 00:24:00,2229.8,157.3,2001.6,0.0,0.0
2026-03-12 00:25:00,2224.1,154.6,1994.1,0.0,0.0
2026-03-12 00:26:00,2256.1,153.1,2027.8,0.0,0.0
2026-03-12 00:27:00,2233.0,145.9,1999.5,0.0,0.0
2026-03-12 00:28:00,2210.2,145.8,1969.8,0.0,0.0
2026-03-12 00:29:00,2252.7,154.1,2011.8,0.0,0.0
2026-03-12 00:30:00,2244.2,152.9,2012.0,0.0,0.0
2026-03-12 00:31:00,2298.4,160.5,2053.3,0.0,0.0
2026-03-12 00:32:00,2212.2,133.9,1993.6,0.0,0.0
2026-03-12 00:33:00,2226.5,147.0,1999.7,0.0,0.0
2026-03-12 00:34:00,213.0,136.9,0.0,0.0,0.0
2026-03-12 00:35:00,76.5,0.0,0.0,0.0,0.0
2026-03-12 00:36:00,77.8,0.0,0.0,0.0,0.0
2026-03-12 00:37:00,2098.6,0.0,2018.6,0.0,0.0
2026-03-12 00:38:00,2095.6,0.0,2013.8,0.0,0.0
2026-03-12 00:39:00,2113.2,0.0,2030.6,0.0,0.0
2026-03-12 00:40:00,81.8,0.0,0.0,0.0,0.0
2026-03-12 00:41:00,2108.7,0.0,2028.1,0.0,0.0
2026-03-12 00:42:00,2111.6,0.0,2027.2,0.0,0.0
2026-03-12 00:43:00,2096.2,0.0,2012.5,0.0,0.0
2026-03-12 00:44:00,2098.8,0.0,2016.0,0.0,0.0
2026-03-12 00:45:00,2079.6,0.0,1997.5,0.0,0.0
2026-03-12 00:46:00,2056.1,0.0,1975.1,0.0,0.0
2026-03-12 00:47:00,2044.8,0.0,1964.4,0.0,0.0
2026-03-12 00:48:00,2081.2,0.0,2005.2,0.0,0.0
2026-03-12 00:49:00,2095.4,0.0,2022.6,0.0,0.0
2026-03-12 00:50:00,2057.9,0.0,1973.6,0.0,0.0
2026-03-12 00:51:00,89.7,0.0,0.0,0.0,0.0
2026-03-12 00:52:00,83.1,0.0,0.0,0.0,0.0
2026-03-12 00:53:00,2083.7,0.0,1990.8,0.0,0.0
2026-03-12 00:54:00,77.3,0.0,0.0,0.0,0.0
2026-03-12 00:55:00,72.4,0.0,0.0,0.0,0.0
2026-03-12 00:56:00,75.7,0.0,0.0,0.0,0.0
2026-03-12 00:57:00,2068.0,0.0,1998.2,0.0,0.0
2026-03-12 00:58:00,2078.6,0.0,1992.2,0.0,0.0
2026-03-12 00:59:00,2067.2,0.0,1987.5,0.0,0.0
2026-03-12 01:00:00,2228.5,155.6,1999.7,0.0,0.0
2026-03-12 01:01:00,2238.2,160.7,2004.3,0.0,0.0
2026-03-12 01:02:00,226.5,141.7,0.0,0.0,0.0
2026-03-12 01:03:00,228.3,143.5,0.0,0.0,0.0
2026-03-12 01:04:00,2199.3,156.4,1966.2,0.0,0.0
2026-03-12 01:05:00,2283.3,153.2,2058.2,0.0,0.0
2026-03-12 01:06:00,2197.8,147.6,1974.2,0.0,0.0
2026-03-12 01:07:00,2217.7,151.4,1995.4,0.0,0.0
2026-03-12 01:08:00,2205.7,155.6,1971.4,0.0,0.0
2026-03-12 01:09:00,2231.5,153.0,2000.7,0.0,0.0
2026-03-12 01:10:00,2237.8,140.9,2019.7,0.0,0.0
2026-03-12 01:11:00,232.0,149.8,0.0,0.0,0.0
2026-03-12 01:12:00,236.2,150.9,0.0,0.0,0.0
2026-03-12 01:13:00,233.6,155.6,0.0,0.0,0.0
2026-03-12 01:14:00,234.0,156.2,0.0,0.0,0.0
2026-03-12 01:15:00,226.5,150.6,0.0,0.0,0.0
2026-03-12 01:16:00,233.3,152.7,0.0,0.0,0.0
2026-03-12 01:17:00,225.1,148.1,0.0,0.0,0.0
2026-03-12 01:18:00,230.1,145.6,0.0,0.0,0.0
2026-03-12 01:19:00,215.8,151.2,0.0,0.0,0.0
2026-03-12 01:20:00,229.3,142.8,0.0,0.0,0.0
2026-03-12 01:21:00,213.6,139.5,0.0,0.0,0.0
2026-03-12 01:22:00,228.0,143.0,0.0,0.0,0.0
2026-03-12 01:23:00,238.8,152.9,0.0,0.0,0.0
2026-03-12 01:24:00,226.3,150.4,0.0,0.0,0.0
2026-03-12 01:25:00,236.4,149.4,0.0,0.0,0.0
2026-03-12 01:26:00,243.8,157.7,0.0,0.0,0.0
2026-03-12 01:27:00,222.0,151.8,0.0,0.0,0.0
2026-03-12 01:28:00,234.7,148.3,0.0,0.0,0.0
2026-03-12 01:29:00,228.1,156.1,0.0,0.0,0.0
2026-03-12 01:30:00,232.3,149.9,0.0,0.0,0.0
2026-03-12 01:31:00,223.5,141.7,0.0,0.0,0.0
2026-03-12 01:32:00,217.5,146.8,0.0,0.0,0.0
2026-03-12 01:33:00,222.5,147.1,0.0,0.0,0.0
2026-03-12 01:34:00,221.6,151.3,0.0,0.0,0.0
2026-03-12 01:35:00,77.4,0.0,0.0,0.0,0.0
2026-03-12 01:36:00,73.0,0.0,0.0,0.0,0.0
2026-03-12 01:37:00,89.5,0.0,0.0,0.0,0.0
2026-03-12 01:38:00,83.0,0.0,0.0,0.0,0.0
2026-03-12 01:39:00,74.4,0.0,0.0,0.0,0.0
2026-03-12 01:40:00,80.1,0.0,0.0,0.0,0.0
2026-03-12 01:41:00,92.2,0.0,0.0,0.0,0.0
2026-03-12 01:42:00,80.5,0.0,0.0,0.0,0.0
2026-03-12 01:43:00,83.5,0.0,0.0,0.0,0.0
2026-03-12 01:44:00,73.2,0.0,0.0,0.0,0.0
2026-03-12 01:45:00,82.2,0.0,0.0,0.0,0.0
2026-03-12 01:46:00,77.2,0.0,0.0,0.0,0.0
2026-03-12 01:47:00,89.1,0.0,0.0,0.0,0.0
2026-03-12 01:48:00,84.3,0.0,0.0,0.0,0.0
2026-03-12 01:49:00,78.4,0.0,0.0,0.0,0.0
2026-03-12 01:50:00,81.6,0.0,0.0,0.0,0.0
2026-03-12 01:51:00,85.7,0.0,0.0,0.0,0.0
2026-03-12 01:52:00,77.8,0.0,0.0,0.0,0.0
2026-03-12 01:53:00,79.8,0.0,0.0,0.0,0.0
2026-03-12 01:54:00,87.9,0.0,0.0,0.0,0.0
2026-03-12 01:55:00,70.9,0.0,0.0,0.0,0.0
2026-03-12 01:56:00,87.3,0.0,0.0,0.0,0.0
2026-03-12 01:57:00,77.0,0.0,0.0,0.0,0.0
2026-03-12 01:58:00,79.9,0.0,0.0,0.0,0.0
2026-03-12 01:59:00,80.5,0.0,0.0,0.0,0.0
2026-03-12 02:00:00,234.2,147.2,0.0,0.0,0.0
2026-03-12 02:01:00,221.0,150.5,0.0,0.0,0.0
2026-03-12 02:02:00,236.9,152.9,0.0,0.0,0.0
2026-03-12 02:03:00,223.5,141.5,0.0,0.0,0.0
2026-03-12 02:04:00,234.5,159.7,0.0,0.0,0.0
2026-03-12 02:05:00,229.9,149.3,0.0,0.0,0.0
2026-03-12 02:06:00,233.2,153.4,0.0,0.0,0.0
2026-03-12 02:07:00,223.3,138.9,0.0,0.0,0.0
2026-03-12 02:08:00,219.1,150.6,0.0,0.0,0.0
2026-03-12 02:09:00,220.9,144.3,0.0,0.0,0.0
2026-03-12 02:10:00,223.3,149.5,0.0,0.0,0.0
2026-03-12 02:11:00,225.0,144.2,0.0,0.0,0.0
2026-03-12 02:12:00,221.0,144.5,0.0,0.0,0.0
2026-03-12 02:13:00,216.1,141.4,0.0,0.0,0.0
2026-03-12 02:14:00,223.6,156.3,0.0,0.0,0.0
2026-03-12 02:15:00,215.5,146.2,0.0,0.0,0.0
2026-03-12 02:16:00,213.3,144.3,0.0,0.0,0.0
2026-03-12 02:17:00,228.3,142.2,0.0,0.0,0.0
2026-03-12 02:18:00,227.8,149.1,0.0,0.0,0.0
2026-03-12 02:19:00,236.6,157.9,0.0,0.0,0.0
2026-03-12 02:20:00,213.2,149.4,0.0,0.0,0.0
2026-03-12 02:21:00,220.9,145.3,0.0,0.0,0.0
2026-03-12 02:22:00,224.7,149.2,0.0,0.0,0.0
2026-03-12 02:23:00,227.8,146.4,0.0,0.0,0.0
2026-03-12 02:24:00,219.2,148.7,0.0,0.0,0.0
2026-03-12 02:25:00,222.6,146.0,0.0,0.0,0.0
2026-03-12 02:26:00,247.6,157.0,0.0,0.0,0.0
2026-03-12 02:27:00,246.9,160.9,0.0,0.0,0.0
2026-03-12 02:28:00,220.3,148.0,0.0,0.0,0.0
2026-03-12 02:29:00,227.1,145.2,0.0,0.0,0.0
2026-03-12 02:30:00,230.7,151.0,0.0,0.0,0.0
2026-03-12 02:31:00,234.4,150.5,0.0,0.0,0.0
2026-03-12 02:32:00,236.9,154.9,0.0,0.0,0.0
2026-03-12 02:33:00,224.6,147.2,0.0,0.0,0.0
2026-03-12 02:34:00,230.1,149.0,0.0,0.0,0.0
2026-03-12 02:35:00,79.9,0.0,0.0,0.0,0.0
2026-03-12 02:36:00,75.5,0.0,0.0,0.0,0.0
2026-03-12 02:37:00,78.3,0.0,0.0,0.0,0.0
2026-03-12 02:38:00,76.0,0.0,0.0,0.0,0.0
2026-03-12 02:39:00,75.4,0.0,0.0,0.0,0.0
2026-03-12 02:40:00,73.9,0.0,0.0,0.0,0.0
2026-03-12 02:41:00,81.0,0.0,0.0,0.0,0.0
2026-03-12 02:42:00,77.9,0.0,0.0,0.0,0.0
2026-03-12 02:43:00,87.4,0.0,0.0,0.0,0.0
2026-03-12 02:44:00,74.6,0.0,0.0,0.0,0.0
2026-03-12 02:45:00,78.4,0.0,0.0,0.0,0.0
2026-03-12 02:46:00,81.7,0.0,0.0,0.0,0.0
2026-03-12 02:47:00,79.9,0.0,0.0,0.0,0.0
2026-03-12 02:48:00,81.8,0.0,0.0,0.0,0.0
2026-03-12 02:49:00,80.4,0.0,0.0,0.0,0.0
2026-03-12 02:50:00,71.9,0.0,0.0,0.0,0.0
2026-03-12 02:51:00,83.5,0.0,0.0,0.0,0.0
2026-03-12 02:52:00,79.4,0.0,0.0,0.0,0.0
2026-03-12 02:53:00,77.0,0.0,0.0,0.0,0.0
2026-03-12 02:54:00,87.3,0.0,0.0,0.0,0.0
2026-03-12 02:55:00,73.4,0.0,0.0,0.0,0.0
2026-03-12 02:56:00,87.1,0.0,0.0,0.0,0.0
2026-03-12 02:57:00,71.9,0.0,0.0,0.0,0.0
2026-03-12 02:58:00,90.0,0.0,0.0,0.0,0.0
2026-03-12 02:59:00,77.0,0.0,0.0,0.0,0.0
2026-03-12 03:00:00,239.9,158.1,0.0,0.0,0.0
2026-03-12 03:01:00,236.6,152.6,0.0,0.0,0.0
2026-03-12 03:02:00,212.4,145.7,0.0,0.0,0.0
2026-03-12 03:03:00,247.3,152.2,0.0,0.0,0.0
2026-03-12 03:04:00,219.3,147.9,0.0,0.0,0.0
2026-03-12 03:05:00,236.4,155.8,0.0,0.0,0.0
2026-03-12 03:06:00,232.0,150.3,0.0,0.0,0.0
2026-03-12 03:07:00,220.9,149.4,0.0,0.0,0.0
2026-03-12 03:08:00,241.1,150.0,0.0,0.0,0.0
2026-03-12 03:09:00,230.7,144.4,0.0,0.0,0.0
2026-03-12 03:10:00,229.4,150.6,0.0,0.0,0.0
2026-03-12 03:11:00,211.8,148.9,0.0,0.0,0.0
2026-03-12 03:12:00,230.1,150.4,0.0,0.0,0.0
2026-03-12 03:13:00,240.1,155.5,0.0,0.0,0.0
2026-03-12 03:14:00,216.0,144.1,0.0,0.0,0.0
2026-03-12 03:15:00,234.8,149.6,0.0,0.0,0.0
2026-03-12 03:16:00,226.7,157.6,0.0,0.0,0.0
2026-03-12 03:17:00,230.7,149.2,0.0,0.0,0.0
2026-03-12 03:18:00,233.3,148.2,0.0,0.0,0.0
2026-03-12 03:19:00,232.6,151.1,0.0,0.0,0.0
2026-03-12 03:20:00,237.8,156.1,0.0,0.0,0.0
2026-03-12 03:21:00,235.5,150.4,0.0,0.0,0.0
2026-03-12 03:22:00,241.2,155.9,0.0,0.0,0.0
2026-03-12 03:23:00,219.9,144.9,0.0,0.0,0.0
2026-03-12 03:24:00,247.9,156.9,0.0,0.0,0.0
2026-03-12 03:25:00,238.2,148.5,0.0,0.0,0.0
2026-03-12 03:26:00,234.7,153.2,0.0,0.0,0.0
2026-03-12 03:27:00,235.6,155.3,0.0,0.0,0.0
2026-03-12 03:28:00,237.0,146.8,0.0,0.0,0.0
2026-03-12 03:29:00,248.5,160.0,0.0,0.0,0.0
2026-03-12 03:30:00,226.7,151.2,0.0,0.0,0.0
2026-03-12 03:31:00,235.7,148.0,0.0,0.0,0.0
2026-03-12 03:32:00,236.6,158.4,0.0,0.0,0.0
2026-03-12 03:33:00,237.5,153.9,0.0,0.0,0.0
2026-03-12 03:34:00,244.4,161.3,0.0,0.0,0.0
2026-03-12 03:35:00,78.3,0.0,0.0,0.0,0.0
2026-03-12 03:36:00,78.9,0.0,0.0,0.0,0.0
2026-03-12 03:37:00,83.7,0.0,0.0,0.0,0.0
2026-03-12 03:38:00,72.9,0.0,0.0,0.0,0.0
2026-03-12 03:39:00,75.8,0.0,0.0,0.0,0.0
2026-03-12 03:40:00,84.4,0.0,0.0,0.0,0.0
2026-03-12 03:41:00,82.4,0.0,0.0,0.0,0.0
2026-03-12 03:42:00,80.5,0.0,0.0,0.0,0.0
2026-03-12 03:43:00,90.3,0.0,0.0,0.0,0.0
2026-03-12 03:44:00,80.4,0.0,0.0,0.0,0.0
2026-03-12 03:45:00,72.4,0.0,0.0,0.0,0.0
2026-03-12 03:46:00,82.0,0.0,0.0,0.0,0.0
2026-03-12 03:47:00,74.1,0.0,0.0,0.0,0.0
2026-03-12 03:48:00,75.4,0.0,0.0,0.0,0.0
2026-03-12 03:49:00,87.1,0.0,0.0,0.0,0.0
2026-03-12 03:50:00,86.5,0.0,0.0,0.0,0.0
2026-03-12 03:51:00,76.4,0.0,0.0,0.0,0.0
2026-03-12 03:52:00,75.7,0.0,0.0,0.0,0.0
2026-03-12 03:53:00,67.0,0.0,0.0,0.0,0.0
2026-03-12 03:54:00,79.8,0.0,0.0,0.0,0.0
2026-03-12 03:55:00,82.8,0.0,0.0,0.0,0.0
2026-03-12 03:56:00,78.3,0.0,0.0,0.0,0.0
2026-03-12 03:57:00,85.6,0.0,0.0,0.0,0.0
2026-03-12 03:58:00,71.6,0.0,0.0,0.0,0.0
2026-03-12 03:59:00,87.2,0.0,0.0,0.0,0.0
2026-03-12 04:00:00,242.2,148.8,0.0,0.0,0.0
2026-03-12 04:01:00,224.4,145.0,0.0,0.0,0.0
2026-03-12 04:02:00,223.6,148.5,0.0,0.0,0.0
2026-03-12 04:03:00,238.4,154.4,0.0,0.0,0.0
2026-03-12 04:04:00,220.7,149.5,0.0,0.0,0.0
2026-03-12 04:05:00,226.8,147.0,0.0,0.0,0.0
2026-03-12 04:06:00,236.0,148.8,0.0,0.0,0.0
2026-03-12 04:07:00,241.1,144.8,0.0,0.0,0.0
2026-03-12 04:08:00,221.0,150.9,0.0,0.0,0.0
2026-03-12 04:09:00,243.9,154.6,0.0,0.0,0.0
2026-03-12 04:10:00,230.2,155.1,0.0,0.0,0.0
2026-03-12 04:11:00,229.4,159.1,0.0,0.0,0.0
2026-03-12 04:12:00,228.7,153.3,0.0,0.0,0.0
2026-03-12 04:13:00,219.8,138.7,0.0,0.0,0.0
2026-03-12 04:14:00,236.6,151.9,0.0,0.0,0.0
2026-03-12 04:15:00,231.3,143.0,0.0,0.0,0.0
2026-03-12 04:16:00,243.4,147.8,0.0,0.0,0.0
2026-03-12 04:17:00,228.3,146.3,0.0,0.0,0.0
2026-03-12 04:18:00,230.5,152.4,0.0,0.0,0.0
2026-03-12 04:19:00,230.8,149.7,0.0,0.0,0.0
2026-03-12 04:20:00,233.6,147.5,0.0,0.0,0.0
2026-03-12 04:21:00,228.8,150.3,0.0,0.0,0.0
2026-03-12 04:22:00,228.9,142.0,0.0,0.0,0.0
2026-03-12 04:23:00,234.2,145.0,0.0,0.0,0.0
2026-03-12 04:24:00,242.1,152.9,0.0,0.0,0.0
2026-03-12 04:25:00,244.2,159.1,0.0,0.0,0.0
2026-03-12 04:26:00,226.2,146.9,0.0,0.0,0.0
2026-03-12 04:27:00,237.9,156.3,0.0,0.0,0.0
2026-03-12 04:28:00,221.2,148.7,0.0,0.0,0.0
2026-03-12 04:29:00,245.9,155.8,0.0,0.0,0.0
2026-03-12 04:30:00,239.4,143.8,0.0,0.0,0.0
2026-03-12 04:31:00,232.0,151.1,0.0,0.0,0.0
2026-03-12 04:32:00,230.8,155.7,0.0,0.0,0.0
2026-03-12 04:33:00,223.2,143.9,0.0,0.0,0.0
2026-03-12 04:34:00,222.9,149.9,0.0,0.0,0.0
2026-03-12 04:35:00,72.3,0.0,0.0,0.0,0.0
2026-03-12 04:36:00,78.5,0.0,0.0,0.0,0.0
2026-03-12 04:37:00,80.3,0.0,0.0,0.0,0.0
2026-03-12 04:38:00,76.0,0.0,0.0,0.0,0.0
2026-03-12 04:39:00,80.1,0.0,0.0,0.0,0.0
2026-03-12 04:40:00,77.6,0.0,0.0,0.0,0.0
2026-03-12 04:41:00,78.1,0.0,0.0,0.0,0.0
2026-03-12 04:42:00,85.0,0.0,0.0,0.0,0.0
2026-03-12 04:43:00,78.8,0.0,0.0,0.0,0.0
2026-03-12 04:44:00,81.2,0.0,0.0,0.0,0.0
2026-03-12 04:45:00,79.8,0.0,0.0,0.0,0.0
2026-03-12 04:46:00,84.0,0.0,0.0,0.0,0.0
2026-03-12 04:47:00,77.0,0.0,0.0,0.0,0.0
2026-03-12 04:48:00,84.7,0.0,0.0,0.0,0.0
2026-03-12 04:49:00,75.6,0.0,0.0,0.0,0.0
2026-03-12 04:50:00,69.3,0.0,0.0,0.0,0.0
2026-03-12 04:51:00,85.3,0.0,0.0,0.0,0.0
2026-03-12 04:52:00,75.7,0.0,0.0,0.0,0.0
2026-03-12 04:53:00,80.1,0.0,0.0,0.0,0.0
2026-03-12 04:54:00,85.8,0.0,0.0,0.0,0.0
2026-03-12 04:55:00,83.4,0.0,0.0,0.0,0.0
2026-03-12 04:56:00,80.2,0.0,0.0,0.0,0.0
2026-03-12 04:57:00,71.8,0.0,0.0,0.0,0.0
2026-03-12 04:58:00,81.1,0.0,0.0,0.0,0.0
2026-03-12 04:59:00,78.4,0.0,0.0,0.0,0.0
2026-03-12 05:00:00,246.8,159.4,0.0,0.0,0.0
2026-03-12 05:01:00,224.2,144.6,0.0,0.0,0.0
2026-03-12 05:02:00,223.9,148.1,0.0,0.0,0.0
2026-03-12 05:03:00,228.8,148.8,0.0,0.0,0.0
2026-03-12 05:04:00,228.0,145.8,0.0,0.0,0.0
2026-03-12 05:05:00,216.1,139.0,0.0,0.0,0.0
2026-03-12 05:06:00,231.2,155.1,0.0,0.0,0.0
2026-03-12 05:07:00,241.7,167.0,0.0,0.0,0.0
2026-03-12 05:08:00,231.2,155.4,0.0,0.0,0.0
2026-03-12 05:09:00,228.7,140.7,0.0,0.0,0.0
2026-03-12 05:10:00,228.3,149.9,0.0,0.0,0.0
2026-03-12 05:11:00,222.5,148.5,0.0,0.0,0.0
2026-03-12 05:12:00,240.0,155.8,0.0,0.0,0.0
2026-03-12 05:13:00,226.7,150.4,0.0,0.0,0.0
2026-03-12 05:14:00,228.8,148.8,0.0,0.0,0.0
2026-03-12 05:15:00,235.1,145.8,0.0,0.0,0.0
2026-03-12 05:16:00,235.3,151.9,0.0,0.0,0.0
2026-03-12 05:17:00,225.1,148.0,0.0,0.0,0.0
2026-03-12 05:18:00,237.9,151.2,0.0,0.0,0.0
2026-03-12 05:19:00,229.4,151.8,0.0,0.0,0.0
2026-03-12 05:20:00,240.4,150.0,0.0,0.0,0.0
2026-03-12 05:21:00,223.1,149.6,0.0,0.0,0.0
2026-03-12 05:22:00,221.6,148.1,0.0,0.0,0.0
2026-03-12 05:23:00,233.5,149.5,0.0,0.0,0.0
2026-03-12 05:24:00,227.5,143.0,0.0,0.0,0.0
2026-03-12 05:25:00,217.1,138.9,0.0,0.0,0.0
2026-03-12 05:26:00,223.2,148.7,0.0,0.0,0.0
2026-03-12 05:27:00,225.9,153.2,0.0,0.0,0.0
2026-03-12 05:28:00,229.0,147.6,0.0,0.0,0.0
2026-03-12 05:29:00,225.7,145.8,0.0,0.0,0.0
2026-03-12 05:30:00,225.5,150.0,0.0,0.0,0.0
2026-03-12 05:31:00,230.6,144.5,0.0,0.0,0.0
2026-03-12 05:32:00,226.7,144.6,0.0,0.0,0.0
2026-03-12 05:33:00,228.0,147.5,0.0,0.0,0.0
2026-03-12 05:34:00,236.3,150.1,0.0,0.0,0.0
2026-03-12 05:35:00,80.3,0.0,0.0,0.0,0.0
2026-03-12 05:36:00,82.2,0.0,0.0,0.0,0.0
2026-03-12 05:37:00,78.7,0.0,0.0,0.0,0.0
2026-03-12 05:38:00,86.1,0.0,0.0,0.0,0.0
2026-03-12 05:39:00,76.7,0.0,0.0,0.0,0.0
2026-03-12 05:40:00,84.3,0.0,0.0,0.0,0.0
2026-03-12 05:41:00,82.3,0.0,0.0,0.0,0.0
2026-03-12 05:42:00,76.3,0.0,0.0,0.0,0.0
2026-03-12 05:43:00,82.1,0.0,0.0,0.0,0.0
2026-03-12 05:44:00,89.9,0.0,0.0,0.0,0.0
2026-03-12 05:45:00,70.9,0.0,0.0,0.0,0.0
2026-03-12 05:46:00,78.2,0.0,0.0,0.0,0.0
2026-03-12 05:47:00,87.9,0.0,0.0,0.0,0.0
2026-03-12 05:48:00,75.2,0.0,0.0,0.0,0.0
2026-03-12 05:49:00,91.8,0.0,0.0,0.0,0.0
2026-03-12 05:50:00,83.4,0.0,0.0,0.0,0.0
2026-03-12 05:51:00,80.3,0.0,0.0,0.0,0.0
2026-03-12 05:52:00,70.6,0.0,0.0,0.0,0.0
2026-03-12 05:53:00,74.6,0.0,0.0,0.0,0.0
2026-03-12 05:54:00,76.8,0.0,0.0,0.0,0.0
2026-03-12 05:55:00,80.5,0.0,0.0,0.0,0.0
2026-03-12 05:56:00,69.5,0.0,0.0,0.0,0.0
2026-03-12 05:57:00,74.9,0.0,0.0,0.0,0.0
2026-03-12 05:58:00,75.5,0.0,0.0,0.0,0.0
2026-03-12 05:59:00,68.0,0.0,0.0,0.0,0.0
2026-03-12 06:00:00,231.4,154.5,0.0,0.0,0.0
2026-03-12 06:01:00,252.3,162.1,0.0,0.0,0.0
2026-03-12 06:02:00,229.3,144.8,0.0,0.0,0.0
2026-03-12 06:03:00,238.0,150.0,0.0,0.0,0.0
2026-03-12 06:04:00,243.3,158.9,0.0,0.0,0.0
2026-03-12 06:05:00,238.2,159.6,0.0,0.0,0.0
2026-03-12 06:06:00,239.9,158.1,0.0,0.0,0.0
2026-03-12 06:07:00,222.1,149.6,0.0,0.0,0.0
2026-03-12 06:08:00,233.7,156.8,0.0,0.0,0.0
2026-03-12 06:09:00,238.1,150.4,0.0,0.0,0.0
2026-03-12 06:10:00,226.9,145.0,0.0,0.0,0.0
2026-03-12 06:11:00,221.5,151.7,0.0,0.0,0.0
2026-03-12 06:12:00,226.0,152.3,0.0,0.0,0.0
2026-03-12 06:13:00,235.6,157.5,0.0,0.0,0.0
2026-03-12 06:14:00,223.0,147.2,0.0,0.0,0.0
2026-03-12 06:15:00,224.9,145.7,0.0,0.0,0.0
2026-03-12 06:16:00,230.3,151.8,0.0,0.0,0.0
2026-03-12 06:17:00,233.7,153.1,0.0,0.0,0.0
2026-03-12 06:18:00,236.6,158.5,0.0,0.0,0.0
2026-03-12 06:19:00,229.8,151.9,0.0,0.0,0.0
2026-03-12 06:20:00,236.1,147.6,0.0,0.0,0.0
2026-03-12 06:21:00,232.6,150.2,0.0,0.0,0.0
2026-03-12 06:22:00,241.0,164.6,0.0,0.0,0.0
2026-03-12 06:23:00,224.9,140.5,0.0,0.0,0.0
2026-03-12 06:24:00,225.7,149.9,0.0,0.0,0.0
2026-03-12 06:25:00,232.0,158.6,0.0,0.0,0.0
2026-03-12 06:26:00,228.9,150.9,0.0,0.0,0.0
2026-03-12 06:27:00,219.0,145.6,0.0,0.0,0.0
2026-03-12 06:28:00,237.3,147.2,0.0,0.0,0.0
2026-03-12 06:29:00,232.7,154.0,0.0,0.0,0.0
2026-03-12 06:30:00,226.8,145.2,0.0,0.0,0.0
2026-03-12 06:31:00,236.8,151.3,0.0,0.0,0.0
2026-03-12 06:32:00,232.8,150.3,0.0,0.0,0.0
2026-03-12 06:33:00,239.1,153.3,0.0,0.0,0.0
2026-03-12 06:34:00,231.8,154.1,0.0,0.0,0.0
2026-03-12 06:35:00,82.1,0.0,0.0,0.0,0.0
2026-03-12 06:36:00,76.8,0.0,0.0,0.0,0.0
2026-03-12 06:37:00,84.7,0.0,0.0,0.0,0.0
2026-03-12 06:38:00,86.2,0.0,0.0,0.0,0.0
2026-03-12 06:39:00,78.5,0.0,0.0,0.0,0.0
2026-03-12 06:40:00,88.8,0.0,0.0,0.0,0.0
2026-03-12 06:41:00,87.4,0.0,0.0,0.0,0.0
2026-03-12 06:42:00,83.7,0.0,0.0,0.0,0.0
2026-03-12 06:43:00,85.0,0.0,0.0,0.0,0.0
2026-03-12 06:44:00,80.6,0.0,0.0,0.0,0.0
2026-03-12 06:45:00,81.4,0.0,0.0,0.0,0.0
2026-03-12 06:46:00,87.1,0.0,0.0,0.0,0.0
2026-03-12 06:47:00,73.9,0.0,0.0,0.0,0.0
2026-03-12 06:48:00,74.4,0.0,0.0,0.0,0.0
2026-03-12 06:49:00,78.5,0.0,0.0,0.0,0.0
2026-03-12 06:50:00,75.9,0.0,0.0,0.0,0.0
2026-03-12 06:51:00,87.6,0.0,0.0,0.0,0.0
2026-03-12 06:52:00,83.2,0.0,0.0,0.0,0.0
2026-03-12 06:53:00,78.4,0.0,0.0,0.0,0.0
2026-03-12 06:54:00,83.3,0.0,0.0,0.0,0.0
2026-03-12 06:55:00,87.3,0.0,0.0,0.0,0.0
2026-03-12 06:56:00,87.3,0.0,0.0,0.0,0.0
2026-03-12 06:57:00,87.7,0.0,0.0,0.0,0.0
2026-03-12 06:58:00,73.4,0.0,0.0,0.0,0.0
2026-03-12 06:59:00,85.3,0.0,0.0,0.0,0.0
2026-03-12 07:00:00,218.7,144.8,0.0,0.0,0.0
2026-03-12 07:01:00,236.6,152.7,0.0,0.0,0.0
2026-03-12 07:02:00,226.7,142.3,0.0,0.0,0.0
2026-03-12 07:03:00,245.0,155.6,0.0,0.0,0.0
2026-03-12 07:04:00,234.2,152.8,0.0,0.0,0.0
2026-03-12 07:05:00,214.9,146.7,0.0,0.0,0.0
2026-03-12 07:06:00,235.3,150.1,0.0,0.0,0.0
2026-03-12 07:07:00,226.6,147.3,0.0,0.0,0.0
2026-03-12 07:08:00,233.6,151.9,0.0,0.0,0.0
2026-03-12 07:09:00,242.5,156.3,0.0,0.0,0.0
2026-03-12 07:10:00,235.0,148.9,0.0,0.0,0.0
2026-03-12 07:11:00,236.8,151.5,0.0,0.0,0.0
2026-03-12 07:12:00,233.1,156.2,0.0,0.0,0.0
2026-03-12 07:13:00,225.2,149.7,0.0,0.0,0.0
2026-03-12 07:14:00,239.8,154.8,0.0,0.0,0.0
2026-03-12 07:15:00,237.1,146.4,0.0,0.0,0.0
2026-03-12 07:16:00,224.1,148.9,0.0,0.0,0.0
2026-03-12 07:17:00,242.8,154.2,0.0,0.0,0.0
2026-03-12 07:18:00,234.7,156.2,0.0,0.0,0.0
2026-03-12 07:19:00,222.9,144.1,0.0,0.0,0.0
2026-03-12 07:20:00,236.7,149.7,0.0,0.0,0.0
2026-03-12 07:21:00,240.2,156.7,0.0,0.0,0.0
2026-03-12 07:22:00,229.5,152.0,0.0,0.0,0.0
2026-03-12 07:23:00,225.8,146.2,0.0,0.0,0.0
2026-03-12 07:24:00,223.5,152.0,0.0,0.0,0.0
2026-03-12 07:25:00,220.5,147.6,0.0,0.0,0.0
2026-03-12 07:26:00,239.3,156.6,0.0,0.0,0.0
2026-03-12 07:27:00,223.8,146.2,0.0,0.0,0.0
2026-03-12 07:28:00,223.8,144.9,0.0,0.0,0.0
2026-03-12 07:29:00,230.3,150.7,0.0,0.0,0.0
2026-03-12 07:30:00,241.7,150.0,0.0,0.0,0.0
2026-03-12 07:31:00,226.9,150.0,0.0,0.0,0.0
2026-03-12 07:32:00,225.5,145.7,0.0,0.0,0.0
2026-03-12 07:33:00,222.4,153.7,0.0,0.0,0.0
2026-03-12 07:34:00,225.9,149.3,0.0,0.0,0.0
2026-03-12 07:35:00,85.9,0.0,0.0,0.0,0.0
2026-03-12 07:36:00,71.2,0.0,0.0,0.0,0.0
2026-03-12 07:37:00,72.5,0.0,0.0,0.0,0.0
2026-03-12 07:38:00,76.8,0.0,0.0,0.0,0.0
2026-03-12 07:39:00,74.5,0.0,0.0,0.0,0.0
2026-03-12 07:40:00,79.0,0.0,0.0,0.0,0.0
2026-03-12 07:41:00,76.0,0.0,0.0,0.0,0.0
2026-03-12 07:42:00,83.9,0.0,0.0,0.0,0.0
2026-03-12 07:43:00,77.4,0.0,0.0,0.0,0.0
2026-03-12 07:44:00,76.9,0.0,0.0,0.0,0.0
2026-03-12 07:45:00,77.0,0.0,0.0,0.0,0.0
2026-03-12 07:46:00,67.0,0.0,0.0,0.0,0.0
2026-03-12 07:47:00,75.0,0.0,0.0,0.0,0.0
2026-03-12 07:48:00,79.2,0.0,0.0,0.0,0.0
2026-03-12 07:49:00,69.7,0.0,0.0,0.0,0.0
2026-03-12 07:50:00,86.4,0.0,0.0,0.0,0.0
2026-03-12 07:51:00,81.6,0.0,0.0,0.0,0.0
2026-03-12 07:52:00,74.6,0.0,0.0,0.0,0.0
2026-03-12 07:53:00,76.7,0.0,0.0,0.0,0.0
2026-03-12 07:54:00,76.2,0.0,0.0,0.0,0.0
2026-03-12 07:55:00,78.8,0.0,0.0,0.0,0.0
2026-03-12 07:56:00,78.2,0.0,0.0,0.0,0.0
2026-03-12 07:57:00,82.0,0.0,0.0,0.0,0.0
2026-03-12 07:58:00,83.6,0.0,0.0,0.0,0.0
2026-03-12 07:59:00,76.0,0.0,0.0,0.0,0.0
2026-03-12 08:00:00,229.1,153.4,0.0,0.0,0.0
2026-03-12 08:01:00,231.7,150.2,0.0,0.0,0.0
2026-03-12 08:02:00,222.1,147.5,0.0,0.0,0.0
2026-03-12 08:03:00,235.9,161.8,0.0,0.0,0.0
2026-03-12 08:04:00,227.5,146.5,0.0,0.0,0.0
2026-03-12 08:05:00,247.6,152.8,0.0,0.0,0.0
2026-03-12 08:06:00,218.5,146.9,0.0,0.0,0.0
2026-03-12 08:07:00,229.6,146.7,0.0,0.0,0.0
2026-03-12 08:08:00,216.7,146.5,0.0,0.0,0.0
2026-03-12 08:09:00,252.8,158.3,0.0,0.0,0.0
2026-03-12 08:10:00,229.8,148.5,0.0,0.0,0.0
2026-03-12 08:11:00,221.5,141.9,0.0,0.0,0.0
2026-03-12 08:12:00,222.7,145.3,0.0,0.0,0.0
2026-03-12 08:13:00,224.4,143.3,0.0,0.0,0.0
2026-03-12 08:14:00,222.5,148.3,0.0,0.0,0.0
2026-03-12 08:15:00,222.6,147.7,0.0,0.0,0.0
2026-03-12 08:16:00,242.3,157.9,0.0,0.0,0.0
2026-03-12 08:17:00,221.8,145.7,0.0,0.0,0.0
2026-03-12 08:18:00,234.3,144.6,0.0,0.0,0.0
2026-03-12 08:19:00,227.7,151.4,0.0,0.0,0.0
2026-03-12 08:20:00,245.1,159.9,0.0,0.0,0.0
2026-03-12 08:21:00,228.7,148.6,0.0,0.0,0.0
2026-03-12 08:22:00,232.9,146.7,0.0,0.0,0.0
2026-03-12 08:23:00,236.2,157.4,0.0,0.0,0.0
2026-03-12 08:24:00,232.2,141.9,0.0,0.0,0.0
2026-03-12 08:25:00,231.6,150.2,0.0,0.0,0.0
2026-03-12 08:26:00,216.5,148.2,0.0,0.0,0.0
2026-03-12 08:27:00,237.3,153.6,0.0,0.0,0.0
2026-03-12 08:28:00,221.0,152.7,0.0,0.0,0.0
2026-03-12 08:29:00,239.9,149.5,0.0,0.0,0.0
2026-03-12 08:30:00,227.2,148.5,0.0,0.0,0.0
2026-03-12 08:31:00,238.2,150.5,0.0,0.0,0.0
2026-03-12 08:32:00,231.0,148.7,0.0,0.0,0.0
2026-03-12 08:33:00,226.2,147.5,0.0,0.0,0.0
2026-03-12 08:34:00,233.9,150.5,0.0,0.0,0.0
2026-03-12 08:35:00,82.8,0.0,0.0,0.0,0.0
2026-03-12 08:36:00,73.9,0.0,0.0,0.0,0.0
2026-03-12 08:37:00,79.7,0.0,0.0,0.0,0.0
2026-03-12 08:38:00,68.1,0.0,0.0,0.0,0.0
2026-03-12 08:39:00,79.2,0.0,0.0,0.0,0.0
2026-03-12 08:40:00,89.7,0.0,0.0,0.0,0.0
2026-03-12 08:41:00,71.6,0.0,0.0,0.0,0.0
2026-03-12 08:42:00,87.9,0.0,0.0,0.0,0.0
2026-03-12 08:43:00,79.6,0.0,0.0,0.0,0.0
2026-03-12 08:44:00,90.1,0.0,0.0,0.0,0.0
2026-03-12 08:45:00,90.0,0.0,0.0,0.0,0.0
2026-03-12 08:46:00,84.0,0.0,0.0,0.0,0.0
2026-03-12 08:47:00,77.5,0.0,0.0,0.0,0.0
2026-03-12 08:48:00,75.2,0.0,0.0,0.0,0.0
2026-03-12 08:49:00,83.5,0.0,0.0,0.0,0.0
2026-03-12 08:50:00,83.0,0.0,0.0,0.0,0.0
2026-03-12 08:51:00,72.6,0.0,0.0,0.0,0.0
2026-03-12 08:52:00,72.5,0.0,0.0,0.0,0.0
2026-03-12 08:53:00,86.0,0.0,0.0,0.0,0.0
2026-03-12 08:54:00,80.5,0.0,0.0,0.0,0.0
2026-03-12 08:55:00,74.5,0.0,0.0,0.0,0.0
2026-03-12 08:56:00,77.2,0.0,0.0,0.0,0.0
2026-03-12 08:57:00,76.0,0.0,0.0,0.0,0.0
2026-03-12 08:58:00,78.5,0.0,0.0,0.0,0.0
2026-03-12 08:59:00,86.3,0.0,0.0,0.0,0.0
2026-03-12 09:00:00,223.6,144.2,0.0,0.0,0.0
2026-03-12 09:01:00,218.9,140.2,0.0,0.0,0.0
2026-03-12 09:02:00,241.7,154.5,0.0,0.0,0.0
2026-03-12 09:03:00,234.3,150.5,0.0,0.0,0.0
2026-03-12 09:04:00,226.8,146.1,0.0,0.0,0.0
2026-03-12 09:05:00,230.9,151.5,0.0,0.0,0.0
2026-03-12 09:06:00,229.8,148.9,0.0,0.0,0.0
2026-03-12 09:07:00,231.8,153.9,0.0,0.0,0.0
2026-03-12 09:08:00,233.7,148.3,0.0,0.0,0.0
2026-03-12 09:09:00,227.9,152.7,0.0,0.0,0.0
2026-03-12 09:10:00,219.6,138.3,0.0,0.0,0.0
2026-03-12 09:11:00,239.2,159.8,0.0,0.0,0.0
2026-03-12 09:12:00,228.2,153.8,0.0,0.0,0.0
2026-03-12 09:13:00,213.6,147.0,0.0,0.0,0.0
2026-03-12 09:14:00,231.0,144.0,0.0,0.0,0.0
2026-03-12 09:15:00,211.5,138.7,0.0,0.0,0.0
2026-03-12 09:16:00,222.2,147.6,0.0,0.0,0.0
2026-03-12 09:17:00,219.8,146.5,0.0,0.0,0.0
2026-03-12 09:18:00,232.6,148.4,0.0,0.0,0.0
2026-03-12 09:19:00,232.8,148.4,0.0,0.0,0.0
2026-03-12 09:20:00,227.6,150.3,0.0,0.0,0.0
2026-03-12 09:21:00,227.4,140.6,0.0,0.0,0.0
2026-03-12 09:22:00,220.4,140.7,0.0,0.0,0.0
2026-03-12 09:23:00,229.0,154.3,0.0,0.0,0.0
2026-03-12 09:24:00,232.2,149.8,0.0,0.0,0.0
2026-03-12 09:25:00,239.8,156.1,0.0,0.0,0.0
2026-03-12 09:26:00,225.3,143.7,0.0,0.0,0.0
2026-03-12 09:27:00,233.4,148.1,0.0,0.0,0.0
2026-03-12 09:28:00,218.8,143.8,0.0,0.0,0.0
2026-03-12 09:29:00,246.5,163.2,0.0,0.0,0.0
2026-03-12 09:30:00,212.4,140.6,0.0,0.0,0.0
2026-03-12 09:31:00,212.6,144.4,0.0,0.0,0.0
2026-03-12 09:32:00,233.0,152.0,0.0,0.0,0.0
2026-03-12 09:33:00,240.7,155.3,0.0,0.0,0.0
2026-03-12 09:34:00,225.4,139.4,0.0,0.0,0.0
2026-03-12 09:35:00,87.8,0.0,0.0,0.0,0.0
2026-03-12 09:36:00,75.8,0.0,0.0,0.0,0.0
2026-03-12 09:37:00,69.0,0.0,0.0,0.0,0.0
2026-03-12 09:38:00,86.7,0.0,0.0,0.0,0.0
2026-03-12 09:39:00,84.5,0.0,0.0,0.0,0.0
2026-03-12 09:40:00,82.8,0.0,0.0,0.0,0.0
2026-03-12 09:41:00,79.5,0.0,0.0,0.0,0.0
2026-03-12 09:42:00,69.3,0.0,0.0,0.0,0.0
2026-03-12 09:43:00,83.0,0.0,0.0,0.0,0.0
2026-03-12 09:44:00,80.7,0.0,0.0,0.0,0.0
2026-03-12 09:45:00,91.5,0.0,0.0,0.0,0.0
2026-03-12 09:46:00,80.7,0.0,0.0,0.0,0.0
2026-03-12 09:47:00,77.9,0.0,0.0,0.0,0.0
2026-03-12 09:48:00,75.2,0.0,0.0,0.0,0.0
2026-03-12 09:49:00,77.7,0.0,0.0,0.0,0.0
2026-03-12 09:50:00,79.4,0.0,0.0,0.0,0.0
2026-03-12 09:51:00,85.5,0.0,0.0,0.0,0.0
2026-03-12 09:52:00,84.0,0.0,0.0,0.0,0.0
2026-03-12 09:53:00,80.2,0.0,0.0,0.0,0.0
2026-03-12 09:54:00,74.2,0.0,0.0,0.0,0.0
2026-03-12 09:55:00,82.0,0.0,0.0,0.0,0.0
2026-03-12 09:56:00,71.4,0.0,0.0,0.0,0.0
2026-03-12 09:57:00,72.6,0.0,0.0,0.0,0.0
2026-03-12 09:58:00,85.3,0.0,0.0,0.0,0.0
2026-03-12 09:59:00,87.2,0.0,0.0,0.0,0.0
2026-03-12 10:00:00,235.4,149.4,0.0,0.0,0.0
2026-03-12 10:01:00,235.3,147.5,0.0,0.0,0.0
2026-03-12 10:02:00,225.4,146.1,0.0,0.0,0.0
2026-03-12 10:03:00,240.2,158.6,0.0,0.0,0.0
2026-03-12 10:04:00,231.1,153.5,0.0,0.0,0.0
2026-03-12 10:05:00,222.0,141.8,0.0,0.0,0.0
2026-03-12 10:06:00,228.0,145.2,0.0,0.0,0.0
2026-03-12 10:07:00,228.3,145.9,0.0,0.0,0.0
2026-03-12 10:08:00,226.3,143.4,0.0,0.0,0.0
2026-03-12 10:09:00,233.2,155.4,0.0,0.0,0.0
2026-03-12 10:10:00,230.8,149.1,0.0,0.0,0.0
2026-03-12 10:11:00,233.8,153.4,0.0,0.0,0.0
2026-03-12 10:12:00,229.0,150.9,0.0,0.0,0.0
2026-03-12 10:13:00,217.7,141.5,0.0,0.0,0.0
2026-03-12 10:14:00,230.0,147.0,0.0,0.0,0.0
2026-03-12 10:15:00,231.8,144.7,0.0,0.0,0.0
2026-03-12 10:16:00,222.1,154.7,0.0,0.0,0.0
2026-03-12 10:17:00,234.6,152.0,0.0,0.0,0.0
2026-03-12 10:18:00,218.4,147.0,0.0,0.0,0.0
2026-03-12 10:19:00,238.1,157.2,0.0,0.0,0.0
2026-03-12 10:20:00,254.8,162.6,0.0,0.0,0.0
2026-03-12 10:21:00,223.9,145.0,0.0,0.0,0.0
2026-03-12 10:22:00,223.0,140.5,0.0,0.0,0.0
2026-03-12 10:23:00,217.5,151.3,0.0,0.0,0.0
2026-03-12 10:24:00,226.8,152.4,0.0,0.0,0.0
2026-03-12 10:25:00,220.1,140.7,0.0,0.0,0.0
2026-03-12 10:26:00,222.7,143.5,0.0,0.0,0.0
2026-03-12 10:27:00,225.0,145.4,0.0,0.0,0.0
2026-03-12 10:28:00,233.9,153.2,0.0,0.0,0.0
2026-03-12 10:29:00,234.4,151.4,0.0,0.0,0.0
2026-03-12 10:30:00,232.0,143.1,0.0,0.0,0.0
2026-03-12 10:31:00,236.5,145.0,0.0,0.0,0.0
2026-03-12 10:32:00,217.4,144.0,0.0,0.0,0.0
2026-03-12 10:33:00,229.2,150.0,0.0,0.0,0.0
2026-03-12 10:34:00,235.5,160.7,0.0,0.0,0.0
2026-03-12 10:35:00,74.9,0.0,0.0,0.0,0.0
2026-03-12 10:36:00,87.4,0.0,0.0,0.0,0.0
2026-03-12 10:37:00,85.7,0.0,0.0,0.0,0.0
2026-03-12 10:38:00,85.2,0.0,0.0,0.0,0.0
2026-03-12 10:39:00,86.2,0.0,0.0,0.0,0.0
2026-03-12 10:40:00,82.6,0.0,0.0,0.0,0.0
2026-03-12 10:41:00,84.4,0.0,0.0,0.0,0.0
2026-03-12 10:42:00,83.2,0.0,0.0,0.0,0.0
2026-03-12 10:43:00,75.5,0.0,0.0,0.0,0.0
2026-03-12 10:44:00,78.2,0.0,0.0,0.0,0.0
2026-03-12 10:45:00,93.4,0.0,0.0,0.0,0.0
2026-03-12 10:46:00,80.6,0.0,0.0,0.0,0.0
2026-03-12 10:47:00,83.5,0.0,0.0,0.0,0.0
2026-03-12 10:48:00,77.1,0.0,0.0,0.0,0.0
2026-03-12 10:49:00,80.1,0.0,0.0,0.0,0.0
2026-03-12 10:50:00,76.6,0.0,0.0,0.0,0.0
2026-03-12 10:51:00,89.0,0.0,0.0,0.0,0.0
2026-03-12 10:52:00,72.6,0.0,0.0,0.0,0.0
2026-03-12 10:53:00,76.3,0.0,0.0,0.0,0.0
2026-03-12 10:54:00,70.2,0.0,0.0,0.0,0.0
2026-03-12 10:55:00,75.5,0.0,0.0,0.0,0.0
2026-03-12 10:56:00,75.0,0.0,0.0,0.0,0.0
2026-03-12 10:57:00,85.3,0.0,0.0,0.0,0.0
2026-03-12 10:58:00,82.9,0.0,0.0,0.0,0.0
2026-03-12 10:59:00,80.6,0.0,0.0,0.0,0.0
2026-03-12 11:00:00,230.5,148.6,0.0,0.0,0.0
2026-03-12 11:01:00,224.0,142.6,0.0,0.0,0.0
2026-03-12 11:02:00,224.5,144.8,0.0,0.0,0.0
2026-03-12 11:03:00,225.6,147.1,0.0,0.0,0.0
2026-03-12 11:04:00,235.4,147.4,0.0,0.0,0.0
2026-03-12 11:05:00,227.8,149.0,0.0,0.0,0.0
2026-03-12 11:06:00,230.5,148.4,0.0,0.0,0.0
2026-03-12 11:07:00,229.0,144.5,0.0,0.0,0.0
2026-03-12 11:08:00,224.5,141.2,0.0,0.0,0.0
2026-03-12 11:09:00,234.3,156.7,0.0,0.0,0.0
2026-03-12 11:10:00,238.3,157.6,0.0,0.0,0.0
2026-03-12 11:11:00,230.1,150.1,0.0,0.0,0.0
2026-03-12 11:12:00,239.8,155.4,0.0,0.0,0.0
2026-03-12 11:13:00,226.1,154.7,0.0,0.0,0.0
2026-03-12 11:14:00,238.5,154.6,0.0,0.0,0.0
2026-03-12 11:15:00,225.9,146.7,0.0,0.0,0.0
2026-03-12 11:16:00,231.5,150.6,0.0,0.0,0.0
2026-03-12 11:17:00,229.7,147.5,0.0,0.0,0.0
2026-03-12 11:18:00,213.8,141.8,0.0,0.0,0.0
2026-03-12 11:19:00,221.7,143.3,0.0,0.0,0.0
2026-03-12 11:20:00,235.6,151.1,0.0,0.0,0.0
2026-03-12 11:21:00,234.7,150.0,0.0,0.0,0.0
2026-03-12 11:22:00,229.6,152.4,0.0,0.0,0.0
2026-03-12 11:23:00,229.6,150.3,0.0,0.0,0.0
2026-03-12 11:24:00,235.7,150.8,0.0,0.0,0.0
2026-03-12 11:25:00,239.1,151.5,0.0,0.0,0.0
2026-03-12 11:26:00,236.1,144.5,0.0,0.0,0.0
2026-03-12 11:27:00,235.8,146.1,0.0,0.0,0.0
2026-03-12 11:28:00,242.0,161.6,0.0,0.0,0.0
2026-03-12 11:29:00,236.9,151.9,0.0,0.0,0.0
2026-03-12 11:30:00,242.6,156.4,0.0,0.0,0.0
2026-03-12 11:31:00,232.2,147.4,0.0,0.0,0.0
2026-03-12 11:32:00,222.1,150.4,0.0,0.0,0.0
2026-03-12 11:33:00,230.8,157.1,0.0,0.0,0.0
2026-03-12 11:34:00,230.4,151.7,0.0,0.0,0.0
2026-03-12 11:35:00,71.9,0.0,0.0,0.0,0.0
2026-03-12 11:36:00,89.1,0.0,0.0,0.0,0.0
2026-03-12 11:37:00,85.1,0.0,0.0,0.0,0.0
2026-03-12 11:38:00,84.2,0.0,0.0,0.0,0.0
2026-03-12 11:39:00,71.8,0.0,0.0,0.0,0.0
2026-03-12 11:40:00,81.0,0.0,0.0,0.0,0.0
2026-03-12 11:41:00,80.7,0.0,0.0,0.0,0.0
2026-03-12 11:42:00,83.7,0.0,0.0,0.0,0.0
2026-03-12 11:43:00,67.2,0.0,0.0,0.0,0.0
2026-03-12 11:44:00,85.1,0.0,0.0,0.0,0.0
2026-03-12 11:45:00,80.2,0.0,0.0,0.0,0.0
2026-03-12 11:46:00,88.9,0.0,0.0,0.0,0.0
2026-03-12 11:47:00,75.4,0.0,0.0,0.0,0.0
2026-03-12 11:48:00,75.3,0.0,0.0,0.0,0.0
2026-03-12 11:49:00,77.0,0.0,0.0,0.0,0.0
2026-03-12 11:50:00,86.9,0.0,0.0,0.0,0.0
2026-03-12 11:51:00,85.6,0.0,0.0,0.0,0.0
2026-03-12 11:52:00,77.4,0.0,0.0,0.0,0.0
2026-03-12 11:53:00,81.8,0.0,0.0,0.0,0.0
2026-03-12 11:54:00,82.9,0.0,0.0,0.0,0.0
2026-03-12 11:55:00,74.3,0.0,0.0,0.0,0.0
2026-03-12 11:56:00,93.0,0.0,0.0,0.0,0.0
2026-03-12 11:57:00,76.0,0.0,0.0,0.0,0.0
2026-03-12 11:58:00,79.5,0.0,0.0,0.0,0.0
2026-03-12 11:59:00,82.5,0.0,0.0,0.0,0.0
2026-03-12 12:00:00,223.3,153.2,0.0,0.0,0.0
2026-03-12 12:01:00,234.4,155.5,0.0,0.0,0.0
2026-03-12 12:02:00,241.6,148.2,0.0,0.0,0.0
2026-03-12 12:03:00,224.9,148.0,0.0,0.0,0.0
2026-03-12 12:04:00,234.2,145.3,0.0,0.0,0.0
2026-03-12 12:05:00,220.7,147.4,0.0,0.0,0.0
2026-03-12 12:06:00,227.3,147.0,0.0,0.0,0.0
2026-03-12 12:07:00,222.7,142.1,0.0,0.0,0.0
2026-03-12 12:08:00,232.3,156.7,0.0,0.0,0.0
2026-03-12 12:09:00,227.1,145.0,0.0,0.0,0.0
2026-03-12 12:10:00,230.8,154.6,0.0,0.0,0.0
2026-03-12 12:11:00,229.1,144.1,0.0,0.0,0.0
2026-03-12 12:12:00,236.7,150.6,0.0,0.0,0.0
2026-03-12 12:13:00,226.0,145.1,0.0,0.0,0.0
2026-03-12 12:14:00,229.2,147.5,0.0,0.0,0.0
2026-03-12 12:15:00,235.8,149.1,0.0,0.0,0.0
2026-03-12 12:16:00,219.3,147.1,0.0,0.0,0.0
2026-03-12 12:17:00,230.1,149.3,0.0,0.0,0.0
2026-03-12 12:18:00,228.8,148.4,0.0,0.0,0.0
2026-03-12 12:19:00,228.4,145.2,0.0,0.0,0.0
2026-03-12 12:20:00,235.4,149.8,0.0,0.0,0.0
2026-03-12 12:21:00,229.4,150.2,0.0,0.0,0.0
2026-03-12 12:22:00,228.9,154.1,0.0,0.0,0.0
2026-03-12 12:23:00,230.8,148.7,0.0,0.0,0.0
2026-03-12 12:24:00,226.0,143.7,0.0,0.0,0.0
2026-03-12 12:25:00,216.6,146.6,0.0,0.0,0.0
2026-03-12 12:26:00,223.7,149.5,0.0,0.0,0.0
2026-03-12 12:27:00,233.6,148.7,0.0,0.0,0.0
2026-03-12 12:28:00,234.3,153.6,0.0,0.0,0.0
2026-03-12 12:29:00,238.3,157.8,0.0,0.0,0.0
2026-03-12 12:30:00,219.8,152.2,0.0,0.0,0.0
2026-03-12 12:31:00,236.9,152.3,0.0,0.0,0.0
2026-03-12 12:32:00,229.9,153.3,0.0,0.0,0.0
2026-03-12 12:33:00,223.4,148.7,0.0,0.0,0.0
2026-03-12 12:34:00,221.2,150.6,0.0,0.0,0.0
2026-03-12 12:35:00,75.9,0.0,0.0,0.0,0.0
2026-03-12 12:36:00,75.4,0.0,0.0,0.0,0.0
2026-03-12 12:37:00,76.3,0.0,0.0,0.0,0.0
2026-03-12 12:38:00,77.7,0.0,0.0,0.0,0.0
2026-03-12 12:39:00,87.6,0.0,0.0,0.0,0.0
2026-03-12 12:40:00,88.8,0.0,0.0,0.0,0.0
2026-03-12 12:41:00,82.3,0.0,0.0,0.0,0.0
2026-03-12 12:42:00,89.4,0.0,0.0,0.0,0.0
2026-03-12 12:43:00,82.3,0.0,0.0,0.0,0.0
2026-03-12 12:44:00,76.5,0.0,0.0,0.0,0.0
2026-03-12 12:45:00,79.5,0.0,0.0,0.0,0.0
2026-03-12 12:46:00,71.6,0.0,0.0,0.0,0.0
2026-03-12 12:47:00,79.7,0.0,0.0,0.0,0.0
2026-03-12 12:48:00,75.0,0.0,0.0,0.0,0.0
2026-03-12 12:49:00,84.2,0.0,0.0,0.0,0.0
2026-03-12 12:50:00,75.1,0.0,0.0,0.0,0.0
2026-03-12 12:51:00,73.0,0.0,0.0,0.0,0.0
2026-03-12 12:52:00,80.5,0.0,0.0,0.0,0.0
2026-03-12 12:53:00,71.3,0.0,0.0,0.0,0.0
2026-03-12 12:54:00,89.2,0.0,0.0,0.0,0.0
2026-03-12 12:55:00,70.9,0.0,0.0,0.0,0.0
2026-03-12 12:56:00,74.0,0.0,0.0,0.0,0.0
2026-03-12 12:57:00,80.8,0.0,0.0,0.0,0.0
2026-03-12 12:58:00,78.7,0.0,0.0,0.0,0.0
2026-03-12 12:59:00,72.7,0.0,0.0,0.0,0.0
2026-03-12 13:00:00,238.8,157.8,0.0,0.0,0.0
2026-03-12 13:01:00,231.2,153.1,0.0,0.0,0.0
2026-03-12 13:02:00,221.8,149.5,0.0,0.0,0.0
2026-03-12 13:03:00,232.5,159.6,0.0,0.0,0.0
2026-03-12 13:04:00,233.9,157.7,0.0,0.0,0.0
2026-03-12 13:05:00,240.1,156.8,0.0,0.0,0.0
2026-03-12 13:06:00,226.9,144.7,0.0,0.0,0.0
2026-03-12 13:07:00,244.5,160.5,0.0,0.0,0.0
2026-03-12 13:08:00,234.2,152.5,0.0,0.0,0.0
2026-03-12 13:09:00,235.2,158.5,0.0,0.0,0.0
2026-03-12 13:10:00,216.9,145.9,0.0,0.0,0.0
2026-03-12 13:11:00,230.8,149.8,0.0,0.0,0.0
2026-03-12 13:12:00,228.9,146.2,0.0,0.0,0.0
2026-03-12 13:13:00,230.4,147.5,0.0,0.0,0.0
2026-03-12 13:14:00,224.2,145.8,0.0,0.0,0.0
2026-03-12 13:15:00,238.4,145.5,0.0,0.0,0.0
2026-03-12 13:16:00,236.3,154.8,0.0,0.0,0.0
2026-03-12 13:17:00,229.1,149.4,0.0,0.0,0.0
2026-03-12 13:18:00,227.3,148.8,0.0,0.0,0.0
2026-03-12 13:19:00,219.4,140.3,0.0,0.0,0.0
2026-03-12 13:20:00,235.1,150.7,0.0,0.0,0.0
2026-03-12 13:21:00,226.7,144.1,0.0,0.0,0.0
2026-03-12 13:22:00,236.4,154.9,0.0,0.0,0.0
2026-03-12 13:23:00,218.2,148.2,0.0,0.0,0.0
2026-03-12 13:24:00,230.9,152.4,0.0,0.0,0.0
2026-03-12 13:25:00,224.7,148.4,0.0,0.0,0.0
2026-03-12 13:26:00,227.0,145.6,0.0,0.0,0.0
2026-03-12 13:27:00,223.2,143.5,0.0,0.0,0.0
2026-03-12 13:28:00,241.2,154.6,0.0,0.0,0.0
2026-03-12 13:29:00,228.1,150.3,0.0,0.0,0.0
2026-03-12 13:30:00,218.6,144.2,0.0,0.0,0.0
2026-03-12 13:31:00,229.1,150.9,0.0,0.0,0.0
2026-03-12 13:32:00,234.0,155.0,0.0,0.0,0.0
2026-03-12 13:33:00,237.7,150.4,0.0,0.0,0.0
2026-03-12 13:34:00,233.2,153.8,0.0,0.0,0.0
2026-03-12 13:35:00,81.4,0.0,0.0,0.0,0.0
2026-03-12 13:36:00,86.3,0.0,0.0,0.0,0.0
2026-03-12 13:37:00,80.0,0.0,0.0,0.0,0.0
2026-03-12 13:38:00,77.5,0.0,0.0,0.0,0.0
2026-03-12 13:39:00,74.2,0.0,0.0,0.0,0.0
2026-03-12 13:40:00,83.3,0.0,0.0,0.0,0.0
2026-03-12 13:41:00,84.8,0.0,0.0,0.0,0.0
2026-03-12 13:42:00,87.6,0.0,0.0,0.0,0.0
2026-03-12 13:43:00,79.9,0.0,0.0,0.0,0.0
2026-03-12 13:44:00,81.3,0.0,0.0,0.0,0.0
2026-03-12 13:45:00,77.1,0.0,0.0,0.0,0.0
2026-03-12 13:46:00,78.6,0.0,0.0,0.0,0.0
2026-03-12 13:47:00,79.7,0.0,0.0,0.0,0.0
2026-03-12 13:48:00,74.9,0.0,0.0,0.0,0.0
2026-03-12 13:49:00,78.9,0.0,0.0,0.0,0.0
2026-03-12 13:50:00,84.0,0.0,0.0,0.0,0.0
2026-03-12 13:51:00,82.0,0.0,0.0,0.0,0.0
2026-03-12 13:52:00,83.9,0.0,0.0,0.0,0.0
2026-03-12 13:53:00,76.4,0.0,0.0,0.0,0.0
2026-03-12 13:54:00,82.1,0.0,0.0,0.0,0.0
2026-03-12 13:55:00,87.0,0.0,0.0,0.0,0.0
2026-03-12 13:56:00,81.4,0.0,0.0,0.0,0.0
2026-03-12 13:57:00,87.6,0.0,0.0,0.0,0.0
2026-03-12 13:58:00,69.8,0.0,0.0,0.0,0.0
2026-03-12 13:59:00,88.0,0.0,0.0,0.0,0.0
2026-03-12 14:00:00,225.6,147.8,0.0,0.0,0.0
2026-03-12 14:01:00,234.8,158.5,0.0,0.0,0.0
2026-03-12 14:02:00,216.4,144.3,0.0,0.0,0.0
2026-03-12 14:03:00,217.1,143.2,0.0,0.0,0.0
2026-03-12 14:04:00,238.9,150.6,0.0,0.0,0.0
2026-03-12 14:05:00,240.8,153.5,0.0,0.0,0.0
2026-03-12 14:06:00,242.4,150.4,0.0,0.0,0.0
2026-03-12 14:07:00,215.1,145.9,0.0,0.0,0.0
2026-03-12 14:08:00,239.7,154.7,0.0,0.0,0.0
2026-03-12 14:09:00,225.2,139.3,0.0,0.0,0.0
2026-03-12 14:10:00,231.1,143.4,0.0,0.0,0.0
2026-03-12 14:11:00,230.3,148.2,0.0,0.0,0.0
2026-03-12 14:12:00,223.8,140.3,0.0,0.0,0.0
2026-03-12 14:13:00,233.4,149.5,0.0,0.0,0.0
2026-03-12 14:14:00,222.2,147.4,0.0,0.0,0.0
2026-03-12 14:15:00,220.0,148.7,0.0,0.0,0.0
2026-03-12 14:16:00,232.0,150.1,0.0,0.0,0.0
2026-03-12 14:17:00,233.2,152.4,0.0,0.0,0.0
2026-03-12 14:18:00,235.3,150.5,0.0,0.0,0.0
2026-03-12 14:19:00,225.5,150.1,0.0,0.0,0.0
2026-03-12 14:20:00,219.8,140.1,0.0,0.0,0.0
2026-03-12 14:21:00,228.8,148.3,0.0,0.0,0.0
2026-03-12 14:22:00,226.6,145.0,0.0,0.0,0.0
2026-03-12 14:23:00,232.7,146.2,0.0,0.0,0.0
2026-03-12 14:24:00,214.6,136.8,0.0,0.0,0.0
2026-03-12 14:25:00,215.1,144.0,0.0,0.0,0.0
2026-03-12 14:26:00,231.7,147.7,0.0,0.0,0.0
2026-03-12 14:27:00,240.1,156.1,0.0,0.0,0.0
2026-03-12 14:28:00,230.2,143.5,0.0,0.0,0.0
2026-03-12 14:29:00,220.7,140.7,0.0,0.0,0.0
2026-03-12 14:30:00,232.3,149.9,0.0,0.0,0.0
2026-03-12 14:31:00,248.4,158.5,0.0,0.0,0.0
2026-03-12 14:32:00,230.4,153.5,0.0,0.0,0.0
2026-03-12 14:33:00,234.9,148.0,0.0,0.0,0.0
2026-03-12 14:34:00,232.5,151.4,0.0,0.0,0.0
2026-03-12 14:35:00,2081.2,0.0,2012.0,0.0,0.0
2026-03-12 14:36:00,69.9,0.0,0.0,0.0,0.0
2026-03-12 14:37:00,81.3,0.0,0.0,0.0,0.0
2026-03-12 14:38:00,79.3,0.0,0.0,0.0,0.0
2026-03-12 14:39:00,81.7,0.0,0.0,0.0,0.0
2026-03-12 14:40:00,80.7,0.0,0.0,0.0,0.0
2026-03-12 14:41:00,76.6,0.0,0.0,0.0,0.0
2026-03-12 14:42:00,91.2,0.0,0.0,0.0,0.0
2026-03-12 14:43:00,2025.8,0.0,1940.4,0.0,0.0
2026-03-12 14:44:00,82.6,0.0,0.0,0.0,0.0
2026-03-12 14:45:00,79.1,0.0,0.0,0.0,0.0
2026-03-12 14:46:00,2115.9,0.0,2045.8,0.0,0.0
2026-03-12 14:47:00,2074.1,0.0,1990.1,0.0,0.0
2026-03-12 14:48:00,77.9,0.0,0.0,0.0,0.0
2026-03-12 14:49:00,81.6,0.0,0.0,0.0,0.0
2026-03-12 14:50:00,76.1,0.0,0.0,0.0,0.0
2026-03-12 14:51:00,78.1,0.0,0.0,0.0,0.0
2026-03-12 14:52:00,70.8,0.0,0.0,0.0,0.0
2026-03-12 14:53:00,2093.0,0.0,2011.3,0.0,0.0
2026-03-12 14:54:00,77.6,0.0,0.0,0.0,0.0
2026-03-12 14:55:00,2036.5,0.0,1965.6,0.0,0.0
2026-03-12 14:56:00,2138.4,0.0,2051.1,0.0,0.0
2026-03-12 14:57:00,2115.9,0.0,2031.1,0.0,0.0
2026-03-12 14:58:00,2068.9,0.0,1984.1,0.0,0.0
2026-03-12 14:59:00,2077.6,0.0,1998.3,0.0,0.0
2026-03-12 15:00:00,2223.6,157.0,1986.5,0.0,0.0
2026-03-12 15:01:00,2232.2,152.4,1990.9,0.0,0.0
2026-03-12 15:02:00,2201.0,153.6,1975.2,0.0,0.0
2026-03-12 15:03:00,231.9,152.2,0.0,0.0,0.0
2026-03-12 15:04:00,2240.0,155.8,2007.7,0.0,0.0
2026-03-12 15:05:00,2242.5,152.9,2019.5,0.0,0.0
2026-03-12 15:06:00,2225.6,148.8,1995.4,0.0,0.0
2026-03-12 15:07:00,2265.3,147.0,2036.6,0.0,0.0
2026-03-12 15:08:00,2236.8,147.1,2020.2,0.0,0.0
2026-03-12 15:09:00,227.5,150.5,0.0,0.0,0.0
2026-03-12 15:10:00,235.4,145.9,0.0,0.0,0.0
2026-03-12 15:11:00,2225.5,149.6,1998.2,0.0,0.0
2026-03-12 15:12:00,2217.0,146.1,1991.7,0.0,0.0
2026-03-12 15:13:00,2272.4,150.2,2030.3,0.0,0.0
2026-03-12 15:14:00,2284.1,149.5,2051.5,0.0,0.0
2026-03-12 15:15:00,232.7,151.2,0.0,0.0,0.0
2026-03-12 15:16:00,242.2,155.8,0.0,0.0,0.0
2026-03-12 15:17:00,2155.1,150.3,1934.4,0.0,0.0
2026-03-12 15:18:00,2216.4,141.2,1997.1,0.0,0.0
2026-03-12 15:19:00,236.9,153.3,0.0,0.0,0.0
2026-03-12 15:20:00,2244.4,150.6,2011.1,0.0,0.0
2026-03-12 15:21:00,232.9,151.2,0.0,0.0,0.0
2026-03-12 15:22:00,223.5,149.5,0.0,0.0,0.0
2026-03-12 15:23:00,234.5,146.4,0.0,0.0,0.0
2026-03-12 15:24:00,2253.1,143.1,2027.4,0.0,0.0
2026-03-12 15:25:00,2264.7,152.3,2049.3,0.0,0.0
2026-03-12 15:26:00,2250.0,154.0,2017.3,0.0,0.0
2026-03-12 15:27:00,2213.1,141.4,1988.7,0.0,0.0
2026-03-12 15:28:00,2222.9,147.1,1998.6,0.0,0.0
2026-03-12 15:29:00,2196.5,140.1,1978.2,0.0,0.0
2026-03-12 15:30:00,2196.9,141.3,1982.6,0.0,0.0
2026-03-12 15:31:00,2247.2,154.6,2018.0,0.0,0.0
2026-03-12 15:32:00,2244.2,149.1,2012.9,0.0,0.0
2026-03-12 15:33:00,229.2,157.3,0.0,0.0,0.0
2026-03-12 15:34:00,219.4,142.2,0.0,0.0,0.0
2026-03-12 15:35:00,83.0,0.0,0.0,0.0,0.0
2026-03-12 15:36:00,2066.0,0.0,1994.6,0.0,0.0
2026-03-12 15:37:00,2143.6,0.0,2052.5,0.0,0.0
2026-03-12 15:38:00,2110.9,0.0,2029.9,0.0,0.0
2026-03-12 15:39:00,2069.1,0.0,1993.5,0.0,0.0
2026-03-12 15:40:00,2092.4,0.0,2011.9,0.0,0.0
2026-03-12 15:41:00,2108.7,0.0,2023.6,0.0,0.0
2026-03-12 15:42:00,2066.5,0.0,1992.7,0.0,0.0
2026-03-12 15:43:00,2069.2,0.0,1996.2,0.0,0.0
2026-03-12 15:44:00,2014.5,0.0,1940.8,0.0,0.0
2026-03-12 15:45:00,2082.3,0.0,1996.3,0.0,0.0
2026-03-12 15:46:00,2073.6,0.0,2000.5,0.0,0.0
2026-03-12 15:47:00,2057.7,0.0,1978.0,0.0,0.0
2026-03-12 15:48:00,2130.8,0.0,2053.7,0.0,0.0
2026-03-12 15:49:00,2111.8,0.0,2030.5,0.0,0.0
2026-03-12 15:50:00,2051.6,0.0,1972.3,0.0,0.0
2026-03-12 15:51:00,2036.1,0.0,1958.6,0.0,0.0
2026-03-12 15:52:00,2100.3,0.0,2022.6,0.0,0.0
2026-03-12 15:53:00,2072.7,0.0,1991.6,0.0,0.0
2026-03-12 15:54:00,2082.1,0.0,1996.2,0.0,0.0
2026-03-12 15:55:00,2074.4,0.0,2001.9,0.0,0.0
2026-03-12 15:56:00,2071.6,0.0,1987.8,0.0,0.0
2026-03-12 15:57:00,2049.9,0.0,1970.3,0.0,0.0
2026-03-12 15:58:00,2143.2,0.0,2060.4,0.0,0.0
2026-03-12 15:59:00,2073.0,0.0,1991.5,0.0,0.0
2026-03-12 16:00:00,2250.3,156.2,2007.5,0.0,0.0
2026-03-12 16:01:00,2245.0,153.8,2015.2,0.0,0.0
2026-03-12 16:02:00,2236.4,153.8,1997.2,0.0,0.0
2026-03-12 16:03:00,2236.2,148.0,2013.2,0.0,0.0
2026-03-12 16:04:00,2226.1,151.1,1991.2,0.0,0.0
2026-03-12 16:05:00,2211.2,155.3,1979.0,0.0,0.0
2026-03-12 16:06:00,227.5,144.5,0.0,0.0,0.0
2026-03-12 16:07:00,2252.4,154.6,2029.3,0.0,0.0
2026-03-12 16:08:00,2223.2,151.2,2000.1,0.0,0.0
2026-03-12 16:09:00,2207.9,147.1,1992.0,0.0,0.0
2026-03-12 16:10:00,2210.5,153.1,1979.0,0.0,0.0
2026-03-12 16:11:00,2234.4,152.4,1996.3,0.0,0.0
2026-03-12 16:12:00,2199.8,147.1,1980.9,0.0,0.0
2026-03-12 16:13:00,2283.1,149.2,2042.0,0.0,0.0
2026-03-12 16:14:00,2192.7,146.0,1965.5,0.0,0.0
2026-03-12 16:15:00,2281.7,148.9,2041.3,0.0,0.0
2026-03-12 16:16:00,2215.7,144.5,1993.1,0.0,0.0
2026-03-12 16:17:00,2202.4,142.8,1981.0,0.0,0.0
2026-03-12 16:18:00,2252.3,154.3,2015.4,0.0,0.0
2026-03-12 16:19:00,2211.8,142.2,1990.2,0.0,0.0
2026-03-12 16:20:00,2186.1,143.1,1962.1,0.0,0.0
2026-03-12 16:21:00,2210.9,145.1,1977.5,0.0,0.0
2026-03-12 16:22:00,2239.5,160.6,1995.7,0.0,0.0
2026-03-12 16:23:00,2218.8,142.6,1988.7,0.0,0.0
2026-03-12 16:24:00,2209.4,147.8,1985.2,0.0,0.0
2026-03-12 16:25:00,2257.9,146.5,2022.7,0.0,0.0
2026-03-12 16:26:00,2278.4,154.0,2036.7,0.0,0.0
2026-03-12 16:27:00,2245.4,146.3,2005.4,0.0,0.0
2026-03-12 16:28:00,2282.1,156.3,2049.5,0.0,0.0
2026-03-12 16:29:00,2279.9,149.9,2049.3,0.0,0.0
2026-03-12 16:30:00,2245.7,156.7,2009.3,0.0,0.0
2026-03-12 16:31:00,2251.1,151.7,2015.8,0.0,0.0
2026-03-12 16:32:00,2226.0,149.8,1992.5,0.0,0.0
2026-03-12 16:33:00,2263.1,143.8,2034.9,0.0,0.0
2026-03-12 16:34:00,2206.0,147.0,1984.6,0.0,0.0
2026-03-12 16:35:00,2069.6,0.0,1991.6,0.0,0.0
2026-03-12 16:36:00,2055.1,0.0,1972.0,0.0,0.0
2026-03-12 16:37:00,2085.4,0.0,2017.7,0.0,0.0
2026-03-12 16:38:00,2070.2,0.0,1991.7,0.0,0.0
2026-03-12 16:39:00,2101.8,0.0,2017.7,0.0,0.0
2026-03-12 16:40:00,2079.9,0.0,1989.8,0.0,0.0
2026-03-12 16:41:00,2092.5,0.0,2008.7,0.0,0.0
2026-03-12 16:42:00,2062.7,0.0,1982.4,0.0,0.0
2026-03-12 16:43:00,2125.8,0.0,2059.7,0.0,0.0
2026-03-12 16:44:00,2093.8,0.0,2014.0,0.0,0.0
2026-03-12 16:45:00,2094.0,0.0,2019.2,0.0,0.0
2026-03-12 16:46:00,2086.1,0.0,2003.8,0.0,0.0
2026-03-12 16:47:00,2064.1,0.0,1982.9,0.0,0.0
2026-03-12 16:48:00,2090.4,0.0,2001.9,0.0,0.0
2026-03-12 16:49:00,2086.5,0.0,2007.0,0.0,0.0
2026-03-12 16:50:00,2084.8,0.0,2015.4,0.0,0.0
2026-03-12 16:51:00,2060.0,0.0,1976.1,0.0,0.0
2026-03-12 16:52:00,2106.2,0.0,2014.1,0.0,0.0
2026-03-12 16:53:00,2059.0,0.0,1980.9,0.0,0.0
2026-03-12 16:54:00,2031.9,0.0,1952.4,0.0,0.0
2026-03-12 16:55:00,2095.4,0.0,2022.7,0.0,0.0
2026-03-12 16:56:00,2082.4,0.0,2001.0,0.0,0.0
2026-03-12 16:57:00,2063.2,0.0,1981.2,0.0,0.0
2026-03-12 16:58:00,2105.6,0.0,2025.6,0.0,0.0
2026-03-12 16:59:00,2087.4,0.0,1999.0,0.0,0.0
2026-03-12 17:00:00,2262.0,156.7,2018.0,0.0,0.0
2026-03-12 17:01:00,2218.3,143.0,2001.5,0.0,0.0
2026-03-12 17:02:00,2248.4,151.9,2015.8,0.0,0.0
2026-03-12 17:03:00,2217.6,142.7,1995.6,0.0,0.0
2026-03-12 17:04:00,2219.1,153.7,1987.2,0.0,0.0
2026-03-12 17:05:00,2294.6,153.0,2056.5,0.0,0.0
2026-03-12 17:06:00,2189.9,150.6,1957.5,0.0,0.0
2026-03-12 17:07:00,2265.9,147.2,2041.4,0.0,0.0
2026-03-12 17:08:00,2250.2,149.9,2022.7,0.0,0.0
2026-03-12 17:09:00,2219.0,151.5,1991.3,0.0,0.0
2026-03-12 17:10:00,2205.0,148.2,1981.1,0.0,0.0
2026-03-12 17:11:00,2190.3,139.6,1965.8,0.0,0.0
2026-03-12 17:12:00,2231.5,153.5,1983.4,0.0,0.0
2026-03-12 17:13:00,2238.3,150.2,2003.9,0.0,0.0
2026-03-12 17:14:00,2197.9,149.3,1968.7,0.0,0.0
2026-03-12 17:15:00,2269.4,147.6,2047.3,0.0,0.0
2026-03-12 17:16:00,2198.8,132.7,1989.1,0.0,0.0
2026-03-12 17:17:00,2229.0,149.1,1999.1,0.0,0.0
2026-03-12 17:18:00,2204.2,147.9,1971.0,0.0,0.0
2026-03-12 17:19:00,2212.6,152.4,1977.1,0.0,0.0
2026-03-12 17:20:00,2248.6,151.2,2025.6,0.0,0.0
2026-03-12 17:21:00,2156.7,146.1,1935.2,0.0,0.0
2026-03-12 17:22:00,2252.2,152.5,2012.3,0.0,0.0
2026-03-12 17:23:00,2258.8,148.9,2041.3,0.0,0.0
2026-03-12 17:24:00,2255.3,151.0,2023.3,0.0,0.0
2026-03-12 17:25:00,2269.4,149.2,2039.0,0.0,0.0
2026-03-12 17:26:00,2199.7,152.8,1976.6,0.0,0.0
2026-03-12 17:27:00,2294.5,153.1,2061.4,0.0,0.0
2026-03-12 17:28:00,2238.7,152.3,2015.0,0.0,0.0
2026-03-12 17:29:00,2247.0,157.8,2005.1,0.0,0.0
2026-03-12 17:30:00,2207.7,155.6,1979.6,0.0,0.0
2026-03-12 17:31:00,2205.5,152.5,1978.7,0.0,0.0
2026-03-12 17:32:00,2223.5,147.8,1998.3,0.0,0.0
2026-03-12 17:33:00,2222.6,148.7,1999.0,0.0,0.0
2026-03-12 17:34:00,2269.8,150.5,2032.5,0.0,0.0
2026-03-12 17:35:00,2102.4,0.0,2027.4,0.0,0.0
2026-03-12 17:36:00,2085.0,0.0,2005.4,0.0,0.0
2026-03-12 17:37:00,2119.9,0.0,2036.7,0.0,0.0
2026-03-12 17:38:00,2041.3,0.0,1964.4,0.0,0.0
2026-03-12 17:39:00,2096.2,0.0,2013.9,0.0,0.0
2026-03-12 17:40:00,2092.2,0.0,2007.7,0.0,0.0
2026-03-12 17:41:00,2110.7,0.0,2031.3,0.0,0.0
2026-03-12 17:42:00,2070.9,0.0,1993.9,0.0,0.0
2026-03-12 17:43:00,2100.8,0.0,2016.2,0.0,0.0
2026-03-12 17:44:00,2065.4,0.0,1991.4,0.0,0.0
2026-03-12 17:45:00,2095.2,0.0,2007.3,0.0,0.0
2026-03-12 17:46:00,2070.5,0.0,1990.6,0.0,0.0
2026-03-12 17:47:00,2095.0,0.0,2008.5,0.0,0.0
2026-03-12 17:48:00,2078.4,0.0,2004.4,0.0,0.0
2026-03-12 17:49:00,2110.5,0.0,2023.2,0.0,0.0
2026-03-12 17:50:00,2082.1,0.0,2007.8,0.0,0.0
2026-03-12 17:51:00,2108.8,0.0,2029.2,0.0,0.0
2026-03-12 17:52:00,2129.4,0.0,2045.1,0.0,0.0
2026-03-12 17:53:00,2074.2,0.0,1994.3,0.0,0.0
2026-03-12 17:54:00,2080.4,0.0,1998.6,0.0,0.0
2026-03-12 17:55:00,2075.7,0.0,1994.5,0.0,0.0
2026-03-12 17:56:00,2090.5,0.0,2004.8,0.0,0.0
2026-03-12 17:57:00,2085.6,0.0,2006.6,0.0,0.0
2026-03-12 17:58:00,2092.0,0.0,1997.8,0.0,0.0
2026-03-12 17:59:00,2035.0,0.0,1951.3,0.0,0.0
2026-03-12 18:00:00,2363.4,152.8,2008.5,0.0,121.5
2026-03-12 18:01:00,2213.7,147.7,1980.9,0.0,0.0
2026-03-12 18:02:00,2362.4,158.3,2009.0,0.0,121.5
2026-03-12 18:03:00,2210.1,146.3,1984.4,0.0,0.0
2026-03-12 18:04:00,2288.2,154.1,2044.7,0.0,0.0
2026-03-12 18:05:00,2399.0,155.9,2045.5,0.0,117.9
2026-03-12 18:06:00,2221.1,151.0,1987.9,0.0,0.0
2026-03-12 18:07:00,2352.6,153.1,2001.7,0.0,116.1
2026-03-12 18:08:00,2234.8,146.8,2000.5,0.0,0.0
2026-03-12 18:09:00,2404.2,156.7,2046.4,0.0,123.5
2026-03-12 18:10:00,2359.2,150.7,2010.5,0.0,126.6
2026-03-12 18:11:00,2337.8,147.0,1987.1,0.0,115.9
2026-03-12 18:12:00,2220.4,150.3,1987.0,0.0,0.0
2026-03-12 18:13:00,2201.8,156.1,1978.5,0.0,0.0
2026-03-12 18:14:00,2340.0,149.3,1995.8,0.0,114.8
2026-03-12 18:15:00,2315.6,142.5,1971.1,0.0,120.5
2026-03-12 18:16:00,2214.6,145.2,1990.6,0.0,0.0
2026-03-12 18:17:00,2348.7,156.3,1993.1,0.0,123.7
2026-03-12 18:18:00,2455.8,149.5,2121.6,0.0,116.1
2026-03-12 18:19:00,2187.1,145.4,1969.6,0.0,0.0
2026-03-12 18:20:00,2374.1,151.3,2018.5,0.0,116.2
2026-03-12 18:21:00,2371.8,152.2,2006.5,0.0,131.6
2026-03-12 18:22:00,2326.5,152.9,1960.0,0.0,132.5
2026-03-12 18:23:00,2341.9,147.6,1987.1,0.0,125.0
2026-03-12 18:24:00,2353.3,150.7,1990.8,0.0,118.0
2026-03-12 18:25:00,2264.2,150.9,2027.3,0.0,0.0
2026-03-12 18:26:00,2311.7,150.7,2069.0,0.0,0.0
2026-03-12 18:27:00,2249.0,151.1,2011.2,0.0,0.0
2026-03-12 18:28:00,2331.6,150.3,1995.8,0.0,113.2
2026-03-12 18:29:00,2233.9,150.4,1994.8,0.0,0.0
2026-03-12 18:30:00,2198.5,143.4,1976.6,0.0,0.0
2026-03-12 18:31:00,2332.6,145.3,1980.1,0.0,123.3
2026-03-12 18:32:00,2364.3,156.1,2009.0,0.0,116.3
2026-03-12 18:33:00,2199.2,149.8,1960.9,0.0,0.0
2026-03-12 18:34:00,2328.5,147.2,1995.9,0.0,118.8
2026-03-12 18:35:00,2227.0,0.0,2023.0,0.0,116.2
2026-03-12 18:36:00,2072.7,0.0,1991.5,0.0,0.0
2026-03-12 18:37:00,2267.8,0.0,2065.6,0.0,122.2
2026-03-12 18:38:00,2068.2,0.0,1990.6,0.0,0.0
2026-03-12 18:39:00,2044.4,0.0,1957.6,0.0,0.0
2026-03-12 18:40:00,2159.2,0.0,1960.1,0.0,119.9
2026-03-12 18:41:00,2187.4,0.0,1991.7,0.0,120.5
2026-03-12 18:42:00,2084.9,0.0,2010.5,0.0,0.0
2026-03-12 18:43:00,2078.5,0.0,1995.8,0.0,0.0
2026-03-12 18:44:00,2103.6,0.0,2017.2,0.0,0.0
2026-03-12 18:45:00,2202.9,0.0,1999.0,0.0,117.3
2026-03-12 18:46:00,2078.2,0.0,1998.7,0.0,0.0
2026-03-12 18:47:00,2233.6,0.0,2024.7,0.0,120.9
2026-03-12 18:48:00,2220.7,0.0,2029.8,0.0,114.9
2026-03-12 18:49:00,2297.8,0.0,2094.0,0.0,119.1
2026-03-12 18:50:00,2090.5,0.0,2009.6,0.0,0.0
2026-03-12 18:51:00,2170.2,0.0,1987.2,0.0,110.8
2026-03-12 18:52:00,2045.8,0.0,1962.7,0.0,0.0
2026-03-12 18:53:00,2205.2,0.0,2007.6,0.0,118.8
2026-03-12 18:54:00,2102.6,0.0,2030.1,0.0,0.0
2026-03-12 18:55:00,2188.6,0.0,1996.0,0.0,114.3
2026-03-12 18:56:00,2081.2,0.0,1999.1,0.0,0.0
2026-03-12 18:57:00,2250.0,0.0,2030.1,0.0,128.4
2026-03-12 18:58:00,2097.6,0.0,1901.3,0.0,124.3
2026-03-12 18:59:00,2077.5,0.0,1992.3,0.0,0.0
2026-03-12 19:00:00,2239.0,153.6,2001.9,0.0,0.0
2026-03-12 19:01:00,2197.6,152.4,1961.0,0.0,0.0
2026-03-12 19:02:00,2361.1,152.5,1987.1,0.0,130.5
2026-03-12 19:03:00,2367.3,147.3,2018.0,0.0,117.1
2026-03-12 19:04:00,2349.6,147.3,2001.1,0.0,121.0
2026-03-12 19:05:00,2338.5,137.6,1997.6,0.0,117.7
2026-03-12 19:06:00,2339.7,150.3,1996.5,0.0,112.9
2026-03-12 19:07:00,2396.2,146.5,2045.0,0.0,119.7
2026-03-12 19:08:00,2171.9,150.7,1944.2,0.0,0.0
2026-03-12 19:09:00,2364.0,150.8,2018.4,0.0,118.4
2026-03-12 19:10:00,2363.8,151.2,2026.5,0.0,122.2
2026-03-12 19:11:00,2367.0,144.6,2022.9,0.0,123.7
2026-03-12 19:12:00,2387.5,153.8,2019.6,0.0,125.5
2026-03-12 19:13:00,2218.9,152.3,1997.2,0.0,0.0
2026-03-12 19:14:00,2224.7,147.5,1996.0,0.0,0.0
2026-03-12 19:15:00,2183.3,143.5,1951.8,0.0,0.0
2026-03-12 19:16:00,2305.6,147.3,1961.6,0.0,111.8
2026-03-12 19:17:00,2338.9,142.3,1992.9,0.0,115.6
2026-03-12 19:18:00,2208.1,150.5,1982.5,0.0,0.0
2026-03-12 19:19:00,2238.2,147.4,2017.1,0.0,0.0
2026-03-12 19:20:00,2323.1,158.3,1975.4,0.0,106.5
2026-03-12 19:21:00,2365.7,154.8,2003.0,0.0,120.4
2026-03-12 19:22:00,2216.6,146.6,1994.7,0.0,0.0
2026-03-12 19:23:00,2416.4,147.4,2062.9,0.0,118.5
2026-03-12 19:24:00,2402.0,148.1,2051.2,0.0,119.8
2026-03-12 19:25:00,2357.8,145.5,2019.0,0.0,119.9
2026-03-12 19:26:00,2226.7,154.3,2006.6,0.0,0.0
2026-03-12 19:27:00,2350.7,147.7,2007.8,0.0,111.4
2026-03-12 19:28:00,2400.7,138.0,2063.1,0.0,111.6
2026-03-12 19:29:00,2355.0,147.7,2003.7,0.0,124.9
2026-03-12 19:30:00,2246.3,137.2,2032.6,0.0,0.0
2026-03-12 19:31:00,2194.4,149.3,1978.1,0.0,0.0
2026-03-12 19:32:00,2337.2,153.0,1973.1,0.0,118.2
2026-03-12 19:33:00,2368.5,147.6,2028.1,0.0,124.5
2026-03-12 19:34:00,2393.1,141.3,2053.9,0.0,119.0
2026-03-12 19:35:00,2093.8,0.0,2001.9,0.0,0.0
2026-03-12 19:36:00,2181.7,0.0,1977.1,0.0,120.0
2026-03-12 19:37:00,2142.1,0.0,1945.3,0.0,115.6
2026-03-12 19:38:00,2156.7,0.0,1953.0,0.0,125.5
2026-03-12 19:39:00,2046.8,0.0,1971.8,0.0,0.0
2026-03-12 19:40:00,2023.5,0.0,1942.2,0.0,0.0
2026-03-12 19:41:00,2072.6,0.0,2000.9,0.0,0.0
2026-03-12 19:42:00,2211.4,0.0,2013.5,0.0,119.1
2026-03-12 19:43:00,2165.3,0.0,1967.3,0.0,124.9
2026-03-12 19:44:00,2235.5,0.0,2033.9,0.0,128.2
2026-03-12 19:45:00,2165.8,0.0,1963.6,0.0,123.4
2026-03-12 19:46:00,2011.5,0.0,1937.9,0.0,0.0
2026-03-12 19:47:00,2051.2,0.0,1964.1,0.0,0.0
2026-03-12 19:48:00,2182.2,0.0,1991.9,0.0,114.0
2026-03-12 19:49:00,2175.8,0.0,1983.5,0.0,117.0
2026-03-12 19:50:00,2195.8,0.0,1993.2,0.0,117.7
2026-03-12 19:51:00,2262.6,0.0,2046.2,0.0,124.7
2026-03-12 19:52:00,2217.3,0.0,2002.7,0.0,128.0
2026-03-12 19:53:00,2172.7,0.0,1963.5,0.0,123.1
2026-03-12 19:54:00,2039.4,0.0,1956.1,0.0,0.0
2026-03-12 19:55:00,2193.9,0.0,2005.2,0.0,116.3
2026-03-12 19:56:00,2247.6,0.0,2043.5,0.0,124.4
2026-03-12 19:57:00,2208.7,0.0,2006.9,0.0,123.3
2026-03-12 19:58:00,2184.1,0.0,1974.7,0.0,121.6
2026-03-12 19:59:00,2125.0,0.0,1935.5,0.0,114.7
2026-03-12 20:00:00,2275.2,162.3,2039.3,0.0,0.0
2026-03-12 20:01:00,2332.6,147.8,1982.9,0.0,121.8
2026-03-12 20:02:00,2154.6,143.8,1939.4,0.0,0.0
2026-03-12 20:03:00,2275.5,147.6,2044.9,0.0,0.0
2026-03-12 20:04:00,2287.2,161.6,2029.0,0.0,0.0
2026-03-12 20:05:00,2364.7,157.6,2009.8,0.0,122.5
2026-03-12 20:06:00,2353.0,153.4,2003.4,0.0,118.6
2026-03-12 20:07:00,2305.3,147.4,1961.6,0.0,122.9
2026-03-12 20:08:00,2329.1,154.4,1959.9,0.0,115.7
2026-03-12 20:09:00,2375.1,157.2,2026.7,0.0,115.3
2026-03-12 20:10:00,2374.5,149.6,2013.9,0.0,126.7
2026-03-12 20:11:00,2214.3,147.7,1991.4,0.0,0.0
2026-03-12 20:12:00,2399.5,150.6,2040.6,0.0,123.7
2026-03-12 20:13:00,2397.7,152.2,2034.5,0.0,120.1
2026-03-12 20:14:00,2228.3,147.1,1996.6,0.0,0.0
2026-03-12 20:15:00,2370.2,139.0,2028.4,0.0,116.9
2026-03-12 20:16:00,2371.8,158.6,2005.1,0.0,124.3
2026-03-12 20:17:00,2358.5,153.4,1988.1,0.0,120.9
2026-03-12 20:18:00,2328.6,146.0,1996.7,0.0,113.3
2026-03-12 20:19:00,2305.5,151.4,1957.2,0.0,120.1
2026-03-12 20:20:00,2295.2,154.2,1943.5,0.0,112.3
2026-03-12 20:21:00,2214.9,155.3,1976.0,0.0,0.0
2026-03-12 20:22:00,2341.0,148.2,1996.6,0.0,114.3
2026-03-12 20:23:00,2414.4,147.6,2062.5,0.0,131.2
2026-03-12 20:24:00,2365.5,148.7,2025.6,0.0,110.4
2026-03-12 20:25:00,2368.8,152.3,2022.8,0.0,118.3
2026-03-12 20:26:00,2358.1,138.1,2015.5,0.0,123.6
2026-03-12 20:27:00,2209.3,158.8,1979.6,0.0,0.0
2026-03-12 20:28:00,2360.2,148.5,1993.8,0.0,128.9
2026-03-12 20:29:00,2331.4,149.8,1989.1,0.0,121.4
2026-03-12 20:30:00,2224.0,146.2,1998.7,0.0,0.0
2026-03-12 20:31:00,2203.5,146.1,1973.6,0.0,0.0
2026-03-12 20:32:00,2386.3,150.8,2025.8,0.0,116.6
2026-03-12 20:33:00,2238.6,148.5,1998.3,0.0,0.0
2026-03-12 20:34:00,2225.5,149.9,1990.3,0.0,0.0
2026-03-12 20:35:00,2082.0,0.0,2004.1,0.0,0.0
2026-03-12 20:36:00,2127.1,0.0,2043.5,0.0,0.0
2026-03-12 20:37:00,2241.8,0.0,2044.5,0.0,117.9
2026-03-12 20:38:00,2184.3,0.0,2000.5,0.0,111.3
2026-03-12 20:39:00,2176.1,0.0,1990.9,0.0,113.0
2026-03-12 20:40:00,2214.7,0.0,2019.5,0.0,120.5
2026-03-12 20:41:00,2022.3,0.0,1947.0,0.0,0.0
2026-03-12 20:42:00,2169.2,0.0,1959.7,0.0,126.5
2026-03-12 20:43:00,2090.3,0.0,2008.4,0.0,0.0
2026-03-12 20:44:00,2232.3,0.0,2028.6,0.0,117.2
2026-03-12 20:45:00,2199.6,0.0,1988.4,0.0,124.7
2026-03-12 20:46:00,2093.5,0.0,2011.3,0.0,0.0
2026-03-12 20:47:00,2168.4,0.0,1969.9,0.0,120.7
2026-03-12 20:48:00,2188.0,0.0,1985.9,0.0,118.3
2026-03-12 20:49:00,2187.7,0.0,1979.5,0.0,129.8
2026-03-12 20:50:00,2048.1,0.0,1966.6,0.0,0.0
2026-03-12 20:51:00,2197.9,0.0,1990.1,0.0,122.9
2026-03-12 20:52:00,2215.6,0.0,2022.9,0.0,112.6
2026-03-12 20:53:00,2226.6,0.0,2026.5,0.0,114.8
2026-03-12 20:54:00,2270.3,0.0,2071.0,0.0,127.1
2026-03-12 20:55:00,2236.6,0.0,2046.1,0.0,116.3
2026-03-12 20:56:00,2088.0,0.0,2006.4,0.0,0.0
2026-03-12 20:57:00,2151.3,0.0,1948.7,0.0,119.6
2026-03-12 20:58:00,2126.4,0.0,2045.1,0.0,0.0
2026-03-12 20:59:00,2192.9,0.0,2007.7,0.0,112.8
2026-03-12 21:00:00,2242.8,151.1,2009.0,0.0,0.0
2026-03-12 21:01:00,2347.0,145.2,2010.6,0.0,119.7
2026-03-12 21:02:00,2366.2,153.4,2017.6,0.0,117.8
2026-03-12 21:03:00,2391.8,147.4,2027.5,0.0,125.1
2026-03-12 21:04:00,2342.2,152.9,1995.0,0.0,118.6
2026-03-12 21:05:00,2361.8,147.0,2011.0,0.0,119.6
2026-03-12 21:06:00,2211.8,139.8,1986.1,0.0,0.0
2026-03-12 21:07:00,2199.3,153.1,1960.8,0.0,0.0
2026-03-12 21:08:00,2220.9,148.1,1976.8,0.0,0.0
2026-03-12 21:09:00,2368.0,161.4,2005.1,0.0,115.1
2026-03-12 21:10:00,2367.4,150.7,2023.0,0.0,119.9
2026-03-12 21:11:00,2352.5,142.7,2006.3,0.0,118.6
2026-03-12 21:12:00,2242.3,147.6,2013.0,0.0,0.0
2026-03-12 21:13:00,2230.6,157.5,1992.2,0.0,0.0
2026-03-12 21:14:00,2357.2,149.1,2011.5,0.0,120.3
2026-03-12 21:15:00,2352.7,146.9,1999.5,0.0,128.4
2026-03-12 21:16:00,2252.0,148.8,2016.7,0.0,0.0
2026-03-12 21:17:00,2223.8,150.2,1994.0,0.0,0.0
2026-03-12 21:18:00,2344.7,147.2,2002.6,0.0,112.3
2026-03-12 21:19:00,2372.6,144.3,2029.4,0.0,121.1
2026-03-12 21:20:00,2338.3,142.6,1998.8,0.0,118.8
2026-03-12 21:21:00,2341.5,154.7,1991.8,0.0,119.7
2026-03-12 21:22:00,2253.9,163.6,2017.6,0.0,0.0
2026-03-12 21:23:00,2210.4,152.2,1985.3,0.0,0.0
2026-03-12 21:24:00,2252.6,156.9,2014.6,0.0,0.0
2026-03-12 21:25:00,2372.0,153.4,2010.3,0.0,127.9
2026-03-12 21:26:00,2185.5,151.4,1964.1,0.0,0.0
2026-03-12 21:27:00,2281.1,142.8,1937.8,0.0,126.5
2026-03-12 21:28:00,2365.7,150.1,2012.9,0.0,124.7
2026-03-12 21:29:00,2288.1,151.2,1954.4,0.0,110.3
2026-03-12 21:30:00,2400.7,149.1,2050.4,0.0,122.0
2026-03-12 21:31:00,2355.5,148.0,2000.7,0.0,124.2
2026-03-12 21:32:00,2222.5,150.3,1991.3,0.0,0.0
2026-03-12 21:33:00,2353.7,149.9,2019.5,0.0,114.9
2026-03-12 21:34:00,2290.9,148.5,1956.9,0.0,112.9
2026-03-12 21:35:00,2160.2,0.0,2078.0,0.0,0.0
2026-03-12 21:36:00,2224.2,0.0,2019.0,0.0,122.0
2026-03-12 21:37:00,2213.9,0.0,2011.5,0.0,123.0
2026-03-12 21:38:00,2188.1,0.0,1978.0,0.0,121.5
2026-03-12 21:39:00,2076.7,0.0,2002.2,0.0,0.0
2026-03-12 21:40:00,2197.8,0.0,1999.3,0.0,122.0
2026-03-12 21:41:00,2212.5,0.0,2013.5,0.0,124.0
2026-03-12 21:42:00,2181.5,0.0,1976.6,0.0,126.5
2026-03-12 21:43:00,2049.4,0.0,1968.6,0.0,0.0
2026-03-12 21:44:00,2234.5,0.0,2044.3,0.0,114.3
2026-03-12 21:45:00,2063.6,0.0,1986.0,0.0,0.0
2026-03-12 21:46:00,2059.4,0.0,1981.3,0.0,0.0
2026-03-12 21:47:00,2055.9,0.0,1967.0,0.0,0.0
2026-03-12 21:48:00,2038.3,0.0,1961.6,0.0,0.0
2026-03-12 21:49:00,2138.6,0.0,2063.1,0.0,0.0
2026-03-12 21:50:00,2054.0,0.0,1977.2,0.0,0.0
2026-03-12 21:51:00,2151.0,0.0,1946.6,0.0,121.1
2026-03-12 21:52:00,2211.8,0.0,2001.8,0.0,123.7
2026-03-12 21:53:00,2183.1,0.0,1991.1,0.0,119.6
2026-03-12 21:54:00,2158.0,0.0,1956.3,0.0,119.1
2026-03-12 21:55:00,2043.7,0.0,1962.9,0.0,0.0
2026-03-12 21:56:00,2070.1,0.0,1990.3,0.0,0.0
2026-03-12 21:57:00,2180.2,0.0,1984.4,0.0,122.8
2026-03-12 21:58:00,2101.4,0.0,2026.5,0.0,0.0
2026-03-12 21:59:00,2191.0,0.0,1990.1,0.0,120.4
2026-03-12 22:00:00,2379.4,158.7,2014.1,0.0,120.3
2026-03-12 22:01:00,2348.3,150.6,2002.0,0.0,119.7
2026-03-12 22:02:00,2323.2,151.0,1984.5,0.0,111.4
2026-03-12 22:03:00,2337.6,140.4,1978.7,0.0,127.1
2026-03-12 22:04:00,2261.6,146.8,2037.0,0.0,0.0
2026-03-12 22:05:00,2405.4,152.5,2041.9,0.0,121.6
2026-03-12 22:06:00,2407.8,144.1,2059.3,0.0,121.6
2026-03-12 22:07:00,2248.2,145.6,2011.6,0.0,0.0
2026-03-12 22:08:00,2386.4,154.5,2033.1,0.0,115.8
2026-03-12 22:09:00,2179.7,144.2,1965.7,0.0,0.0
2026-03-12 22:10:00,2283.5,150.0,2050.5,0.0,0.0
2026-03-12 22:11:00,2313.6,148.1,1965.0,0.0,116.0
2026-03-12 22:12:00,2390.8,143.5,2039.9,0.0,124.0
2026-03-12 22:13:00,2320.8,150.0,1960.6,0.0,126.0
2026-03-12 22:14:00,2241.2,151.3,2010.5,0.0,0.0
2026-03-12 22:15:00,2380.2,139.9,2051.4,0.0,113.7
2026-03-12 22:16:00,2247.4,155.0,2003.8,0.0,0.0
2026-03-12 22:17:00,2183.7,145.3,1964.1,0.0,0.0
2026-03-12 22:18:00,2220.7,145.9,1998.4,0.0,0.0
2026-03-12 22:19:00,2264.4,150.8,2037.8,0.0,0.0
2026-03-12 22:20:00,2235.1,153.4,1995.4,0.0,0.0
2026-03-12 22:21:00,2360.6,154.8,1999.1,0.0,120.3
2026-03-12 22:22:00,2347.2,142.4,2007.0,0.0,119.4
2026-03-12 22:23:00,2194.7,149.7,1968.3,0.0,0.0
2026-03-12 22:24:00,2420.8,154.3,2072.2,0.0,112.7
2026-03-12 22:25:00,2263.3,146.7,2038.7,0.0,0.0
2026-03-12 22:26:00,2327.4,146.5,1970.2,0.0,131.8
2026-03-12 22:27:00,2345.1,149.6,2006.5,0.0,115.5
2026-03-12 22:28:00,2262.5,154.7,2016.6,0.0,0.0
2026-03-12 22:29:00,2256.7,154.1,2021.5,0.0,0.0
2026-03-12 22:30:00,2298.4,151.8,1931.2,0.0,123.1
2026-03-12 22:31:00,2356.7,149.2,2014.5,0.0,119.4
2026-03-12 22:32:00,2380.3,144.6,2031.6,0.0,120.0
2026-03-12 22:33:00,2196.9,146.1,1974.1,0.0,0.0
2026-03-12 22:34:00,2323.1,141.3,1999.8,0.0,111.8
2026-03-12 22:35:00,2162.7,0.0,1970.0,0.0,114.3
2026-03-12 22:36:00,2104.1,0.0,2015.4,0.0,0.0
2026-03-12 22:37:00,2231.6,0.0,2033.6,0.0,120.4
2026-03-12 22:38:00,2236.1,0.0,2037.2,0.0,120.9
2026-03-12 22:39:00,2164.5,0.0,1970.6,0.0,120.8
2026-03-12 22:40:00,2143.6,0.0,1947.4,0.0,118.9
2026-03-12 22:41:00,2115.2,0.0,2034.8,0.0,0.0
2026-03-12 22:42:00,2056.8,0.0,1980.3,0.0,0.0
2026-03-12 22:43:00,2158.7,0.0,1983.1,0.0,104.6
2026-03-12 22:44:00,2119.5,0.0,1930.2,0.0,120.0
2026-03-12 22:45:00,2252.9,0.0,2037.4,0.0,127.1
2026-03-12 22:46:00,2060.9,0.0,1979.1,0.0,0.0
2026-03-12 22:47:00,2230.6,0.0,2023.0,0.0,114.7
2026-03-12 22:48:00,2058.0,0.0,1981.8,0.0,0.0
2026-03-12 22:49:00,2246.4,0.0,2024.0,0.0,131.8
2026-03-12 22:50:00,2090.3,0.0,2004.4,0.0,0.0
2026-03-12 22:51:00,2224.5,0.0,2007.5,0.0,125.5
2026-03-12 22:52:00,2063.1,0.0,1979.9,0.0,0.0
2026-03-12 22:53:00,2118.3,0.0,2033.3,0.0,0.0
2026-03-12 22:54:00,2104.1,0.0,2022.4,0.0,0.0
2026-03-12 22:55:00,2156.6,0.0,1951.8,0.0,124.3
2026-03-12 22:56:00,2211.1,0.0,2013.7,0.0,118.2
2026-03-12 22:57:00,2049.6,0.0,1974.2,0.0,0.0
2026-03-12 22:58:00,2171.2,0.0,1986.1,0.0,112.4
2026-03-12 22:59:00,2103.7,0.0,2024.5,0.0,0.0
2026-03-12 23:00:00,2226.0,143.7,2007.9,0.0,0.0
2026-03-12 23:01:00,2282.6,151.4,2059.1,0.0,0.0
2026-03-12 23:02:00,2251.2,143.8,2037.6,0.0,0.0
2026-03-12 23:03:00,2268.9,149.6,2032.6,0.0,0.0
2026-03-12 23:04:00,2249.6,151.0,2012.7,0.0,0.0
2026-03-12 23:05:00,2265.2,150.0,2033.0,0.0,0.0
2026-03-12 23:06:00,2214.5,144.5,1987.7,0.0,0.0
2026-03-12 23:07:00,2262.8,145.3,2039.8,0.0,0.0
2026-03-12 23:08:00,2219.4,151.6,1986.9,0.0,0.0
2026-03-12 23:09:00,2206.0,143.3,1975.2,0.0,0.0
2026-03-12 23:10:00,2222.8,145.0,1990.9,0.0,0.0
2026-03-12 23:11:00,2208.3,152.4,1978.1,0.0,0.0
2026-03-12 23:12:00,2234.6,147.3,1994.0,0.0,0.0
2026-03-12 23:13:00,2169.2,152.0,1928.7,0.0,0.0
2026-03-12 23:14:00,2267.4,149.5,2042.8,0.0,0.0
2026-03-12 23:15:00,2235.3,150.7,2008.1,0.0,0.0
2026-03-12 23:16:00,2229.4,148.3,2002.7,0.0,0.0
2026-03-12 23:17:00,2256.5,144.4,2035.8,0.0,0.0
2026-03-12 23:18:00,2221.1,142.7,1999.4,0.0,0.0
2026-03-12 23:19:00,2191.4,153.2,1962.0,0.0,0.0
2026-03-12 23:20:00,2193.2,152.2,1956.9,0.0,0.0
2026-03-12 23:21:00,2241.1,146.0,2030.6,0.0,0.0
2026-03-12 23:22:00,2279.5,158.6,2041.4,0.0,0.0
2026-03-12 23:23:00,2243.7,151.4,2009.0,0.0,0.0
2026-03-12 23:24:00,2253.8,150.5,2028.0,0.0,0.0
2026-03-12 23:25:00,2249.1,152.9,2007.4,0.0,0.0
2026-03-12 23:26:00,2217.6,146.0,1989.6,0.0,0.0
2026-03-12 23:27:00,2231.8,146.7,2001.0,0.0,0.0
2026-03-12 23:28:00,2238.0,147.0,2012.0,0.0,0.0
2026-03-12 23:29:00,2200.6,149.3,1978.1,0.0,0.0
2026-03-12 23:30:00,2221.7,154.5,1983.5,0.0,0.0
2026-03-12 23:31:00,2267.8,153.3,2034.0,0.0,0.0
2026-03-12 23:32:00,2194.7,145.6,1963.9,0.0,0.0
2026-03-12 23:33:00,2304.2,155.1,2065.2,0.0,0.0
2026-03-12 23:34:00,2181.1,164.3,1942.0,0.0,0.0
2026-03-12 23:35:00,2112.7,0.0,2031.2,0.0,0.0
2026-03-12 23:36:00,2072.6,0.0,1983.3,0.0,0.0
2026-03-12 23:37:00,2029.6,0.0,1941.0,0.0,0.0
2026-03-12 23:38:00,2110.3,0.0,2033.7,0.0,0.0
2026-03-12 23:39:00,2066.8,0.0,1983.8,0.0,0.0
2026-03-12 23:40:00,2111.7,0.0,2037.9,0.0,0.0
2026-03-12 23:41:00,2060.0,0.0,1983.7,0.0,0.0
2026-03-12 23:42:00,2122.5,0.0,2041.1,0.0,0.0
2026-03-12 23:43:00,2063.5,0.0,1994.4,0.0,0.0
2026-03-12 23:44:00,2100.0,0.0,2022.1,0.0,0.0
2026-03-12 23:45:00,2073.6,0.0,1987.8,0.0,0.0
2026-03-12 23:46:00,2104.7,0.0,2026.0,0.0,0.0
2026-03-12 23:47:00,2117.4,0.0,2039.2,0.0,0.0
2026-03-12 23:48:00,2079.1,0.0,2002.6,0.0,0.0
2026-03-12 23:49:00,2090.6,0.0,2011.4,0.0,0.0
2026-03-12 23:50:00,2118.8,0.0,2030.2,0.0,0.0
2026-03-12 23:51:00,2015.3,0.0,1941.7,0.0,0.0
2026-03-12 23:52:00,2083.5,0.0,2008.0,0.0,0.0
2026-03-12 23:53:00,2055.2,0.0,1981.3,0.0,0.0
2026-03-12 23:54:00,2089.9,0.0,2005.9,0.0,0.0
2026-03-12 23:55:00,2152.9,0.0,2071.7,0.0,0.0
2026-03-12 23:56:00,2074.3,0.0,1990.9,0.0,0.0
2026-03-12 23:57:00,2078.0,0.0,1995.7,0.0,0.0
2026-03-12 23:58:00,2053.1,0.0,1977.0,0.0,0.0
2026-03-12 23:59:00,2051.8,0.0,1975.2,0.0,0.0
2026-03-13 00:00:00,2277.2,149.7,2048.1,0.0,0.0
2026-03-13 00:01:00,2204.8,146.6,1980.1,0.0,0.0
2026-03-13 00:02:00,2189.2,148.8,1970.6,0.0,0.0
2026-03-13 00:03:00,2240.0,150.4,2008.8,0.0,0.0
2026-03-13 00:04:00,2221.0,152.5,1978.8,0.0,0.0
2026-03-13 00:05:00,2233.3,152.7,2004.9,0.0,0.0
2026-03-13 00:06:00,2229.9,150.0,2001.9,0.0,0.0
2026-03-13 00:07:00,2248.1,153.4,2019.6,0.0,0.0
2026-03-13 00:08:00,2216.4,145.6,1995.7,0.0,0.0
2026-03-13 00:09:00,2210.7,151.0,1986.0,0.0,0.0
2026-03-13 00:10:00,2207.3,142.7,1991.8,0.0,0.0
2026-03-13 00:11:00,2238.0,151.4,2003.9,0.0,0.0
2026-03-13 00:12:00,2246.7,149.0,2020.6,0.0,0.0
2026-03-13 00:13:00,2225.6,157.3,1982.2,0.0,0.0
2026-03-13 00:14:00,2139.2,147.4,1924.2,0.0,0.0
2026-03-13 00:15:00,2193.3,147.1,1963.6,0.0,0.0
2026-03-13 00:16:00,2185.3,141.7,1961.3,0.0,0.0
2026-03-13 00:17:00,2253.3,153.7,2031.7,0.0,0.0
2026-03-13 00:18:00,2259.0,143.1,2045.5,0.0,0.0
2026-03-13 00:19:00,2265.6,156.9,2037.6,0.0,0.0
2026-03-13 00:20:00,220.8,143.3,0.0,0.0,0.0
2026-03-13 00:21:00,230.8,145.9,0.0,0.0,0.0
2026-03-13 00:22:00,223.0,139.3,0.0,0.0,0.0
2026-03-13 00:23:00,2227.5,149.9,2000.5,0.0,0.0
2026-03-13 00:24:00,2199.8,152.5,1963.5,0.0,0.0
2026-03-13 00:25:00,2234.1,158.5,2000.3,0.0,0.0
2026-03-13 00:26:00,2237.9,153.7,2010.4,0.0,0.0
2026-03-13 00:27:00,2202.4,150.4,1962.5,0.0,0.0
2026-03-13 00:28:00,2269.7,146.7,2038.4,0.0,0.0
2026-03-13 00:29:00,2206.8,148.8,1982.6,0.0,0.0
2026-03-13 00:30:00,2176.6,161.2,1939.7,0.0,0.0
2026-03-13 00:31:00,2248.3,159.6,2023.7,0.0,0.0
2026-03-13 00:32:00,2288.7,154.1,2052.2,0.0,0.0
2026-03-13 00:33:00,2214.7,143.8,1986.4,0.0,0.0
2026-03-13 00:34:00,2214.5,151.4,1992.9,0.0,0.0
2026-03-13 00:35:00,2104.2,0.0,2015.7,0.0,0.0
2026-03-13 00:36:00,2082.6,0.0,1998.0,0.0,0.0
2026-03-13 00:37:00,2106.3,0.0,2022.9,0.0,0.0
2026-03-13 00:38:00,2099.0,0.0,2021.4,0.0,0.0
2026-03-13 00:39:00,2037.5,0.0,1962.5,0.0,0.0
2026-03-13 00:40:00,2076.8,0.0,1997.6,0.0,0.0
2026-03-13 00:41:00,2049.1,0.0,1971.3,0.0,0.0
2026-03-13 00:42:00,2139.3,0.0,2058.5,0.0,0.0
2026-03-13 00:43:00,2117.6,0.0,2038.5,0.0,0.0
2026-03-13 00:44:00,2030.3,0.0,1950.6,0.0,0.0
2026-03-13 00:45:00,2086.3,0.0,2002.7,0.0,0.0
2026-03-13 00:46:00,2033.1,0.0,1953.3,0.0,0.0
2026-03-13 00:47:00,2033.3,0.0,1956.7,0.0,0.0
2026-03-13 00:48:00,83.1,0.0,0.0,0.0,0.0
2026-03-13 00:49:00,2095.8,0.0,2017.7,0.0,0.0
2026-03-13 00:50:00,2094.4,0.0,2005.9,0.0,0.0
2026-03-13 00:51:00,2059.7,0.0,1974.5,0.0,0.0
2026-03-13 00:52:00,2069.2,0.0,1990.0,0.0,0.0
2026-03-13 00:53:00,2129.3,0.0,2044.4,0.0,0.0
2026-03-13 00:54:00,2109.2,0.0,2029.8,0.0,0.0
2026-03-13 00:55:00,2067.0,0.0,1994.8,0.0,0.0
2026-03-13 00:56:00,2086.5,0.0,2004.5,0.0,0.0
2026-03-13 00:57:00,2037.3,0.0,1952.0,0.0,0.0
2026-03-13 00:58:00,2071.3,0.0,1991.5,0.0,0.0
2026-03-13 00:59:00,2100.3,0.0,2021.8,0.0,0.0
2026-03-13 01:00:00,2222.4,155.1,1990.0,0.0,0.0
2026-03-13 01:01:00,2222.8,149.8,1996.1,0.0,0.0
2026-03-13 01:02:00,2220.8,150.9,1996.2,0.0,0.0
2026-03-13 01:03:00,223.9,148.5,0.0,0.0,0.0
2026-03-13 01:04:00,235.5,155.5,0.0,0.0,0.0
2026-03-13 01:05:00,2213.0,142.8,1983.7,0.0,0.0
2026-03-13 01:06:00,2244.6,149.8,2002.8,0.0,0.0
2026-03-13 01:07:00,2235.9,152.0,1998.2,0.0,0.0
2026-03-13 01:08:00,2237.2,145.4,2008.3,0.0,0.0
2026-03-13 01:09:00,2233.0,147.8,2009.3,0.0,0.0
2026-03-13 01:10:00,2242.0,148.4,2014.7,0.0,0.0
2026-03-13 01:11:00,2221.0,162.2,1973.0,0.0,0.0
2026-03-13 01:12:00,2228.9,157.2,1997.5,0.0,0.0
2026-03-13 01:13:00,236.4,154.0,0.0,0.0,0.0
2026-03-13 01:14:00,2194.3,161.6,1956.6,0.0,0.0
2026-03-13 01:15:00,2247.8,160.4,2021.8,0.0,0.0
2026-03-13 01:16:00,237.7,154.3,0.0,0.0,0.0
2026-03-13 01:17:00,237.6,150.8,0.0,0.0,0.0
2026-03-13 01:18:00,219.0,143.2,0.0,0.0,0.0
2026-03-13 01:19:00,224.4,144.4,0.0,0.0,0.0
2026-03-13 01:20:00,220.4,148.2,0.0,0.0,0.0
2026-03-13 01:21:00,225.6,148.4,0.0,0.0,0.0
2026-03-13 01:22:00,242.0,153.1,0.0,0.0,0.0
2026-03-13 01:23:00,214.7,145.1,0.0,0.0,0.0
2026-03-13 01:24:00,241.3,154.7,0.0,0.0,0.0
2026-03-13 01:25:00,225.7,146.4,0.0,0.0,0.0
2026-03-13 01:26:00,226.2,150.0,0.0,0.0,0.0
2026-03-13 01:27:00,220.6,144.2,0.0,0.0,0.0
2026-03-13 01:28:00,225.4,150.8,0.0,0.0,0.0
2026-03-13 01:29:00,221.5,140.6,0.0,0.0,0.0
2026-03-13 01:30:00,230.8,149.5,0.0,0.0,0.0
2026-03-13 01:31:00,234.4,153.8,0.0,0.0,0.0
2026-03-13 01:32:00,214.2,140.9,0.0,0.0,0.0
2026-03-13 01:33:00,223.0,148.5,0.0,0.0,0.0
2026-03-13 01:34:00,229.9,144.8,0.0,0.0,0.0
2026-03-13 01:35:00,81.9,0.0,0.0,0.0,0.0
2026-03-13 01:36:00,78.5,0.0,0.0,0.0,0.0
2026-03-13 01:37:00,87.2,0.0,0.0,0.0,0.0
2026-03-13 01:38:00,71.0,0.0,0.0,0.0,0.0
2026-03-13 01:39:00,82.0,0.0,0.0,0.0,0.0
2026-03-13 01:40:00,71.8,0.0,0.0,0.0,0.0
2026-03-13 01:41:00,71.2,0.0,0.0,0.0,0.0
2026-03-13 01:42:00,77.1,0.0,0.0,0.0,0.0
2026-03-13 01:43:00,80.1,0.0,0.0,0.0,0.0
2026-03-13 01:44:00,72.4,0.0,0.0,0.0,0.0
2026-03-13 01:45:00,85.8,0.0,0.0,0.0,0.0
2026-03-13 01:46:00,71.1,0.0,0.0,0.0,0.0
2026-03-13 01:47:00,79.2,0.0,0.0,0.0,0.0
2026-03-13 01:48:00,82.8,0.0,0.0,0.0,0.0
2026-03-13 01:49:00,78.6,0.0,0.0,0.0,0.0
2026-03-13 01:50:00,82.8,0.0,0.0,0.0,0.0
2026-03-13 01:51:00,77.0,0.0,0.0,0.0,0.0
2026-03-13 01:52:00,84.6,0.0,0.0,0.0,0.0
2026-03-13 01:53:00,78.6,0.0,0.0,0.0,0.0
2026-03-13 01:54:00,78.8,0.0,0.0,0.0,0.0
2026-03-13 01:55:00,76.4,0.0,0.0,0.0,0.0
2026-03-13 01:56:00,79.7,0.0,0.0,0.0,0.0
2026-03-13 01:57:00,82.5,0.0,0.0,0.0,0.0
2026-03-13 01:58:00,76.2,0.0,0.0,0.0,0.0
2026-03-13 01:59:00,75.4,0.0,0.0,0.0,0.0
2026-03-13 02:00:00,227.6,149.1,0.0,0.0,0.0
2026-03-13 02:01:00,237.0,162.4,0.0,0.0,0.0
2026-03-13 02:02:00,229.3,151.5,0.0,0.0,0.0
2026-03-13 02:03:00,222.7,151.2,0.0,0.0,0.0
2026-03-13 02:04:00,230.7,147.4,0.0,0.0,0.0
2026-03-13 02:05:00,222.9,153.9,0.0,0.0,0.0
2026-03-13 02:06:00,242.3,149.7,0.0,0.0,0.0
2026-03-13 02:07:00,240.4,154.3,0.0,0.0,0.0
2026-03-13 02:08:00,233.5,152.7,0.0,0.0,0.0
2026-03-13 02:09:00,216.9,143.1,0.0,0.0,0.0
2026-03-13 02:10:00,234.2,150.4,0.0,0.0,0.0
2026-03-13 02:11:00,245.4,154.3,0.0,0.0,0.0
2026-03-13 02:12:00,228.3,154.8,0.0,0.0,0.0
2026-03-13 02:13:00,233.8,150.9,0.0,0.0,0.0
2026-03-13 02:14:00,221.4,142.1,0.0,0.0,0.0
2026-03-13 02:15:00,231.2,145.6,0.0,0.0,0.0
2026-03-13 02:16:00,243.2,160.0,0.0,0.0,0.0
2026-03-13 02:17:00,234.2,153.5,0.0,0.0,0.0
2026-03-13 02:18:00,234.9,155.9,0.0,0.0,0.0
2026-03-13 02:19:00,226.3,137.1,0.0,0.0,0.0
2026-03-13 02:20:00,234.9,150.3,0.0,0.0,0.0
2026-03-13 02:21:00,230.4,152.4,0.0,0.0,0.0
2026-03-13 02:22:00,225.2,150.5,0.0,0.0,0.0
2026-03-13 02:23:00,238.4,154.2,0.0,0.0,0.0
2026-03-13 02:24:00,233.6,156.1,0.0,0.0,0.0
2026-03-13 02:25:00,231.1,153.7,0.0,0.0,0.0
2026-03-13 02:26:00,223.6,145.0,0.0,0.0,0.0
2026-03-13 02:27:00,240.7,142.0,0.0,0.0,0.0
2026-03-13 02:28:00,228.5,149.0,0.0,0.0,0.0
2026-03-13 02:29:00,223.7,141.7,0.0,0.0,0.0
2026-03-13 02:30:00,235.1,149.9,0.0,0.0,0.0
2026-03-13 02:31:00,243.5,158.2,0.0,0.0,0.0
2026-03-13 02:32:00,227.8,146.0,0.0,0.0,0.0
2026-03-13 02:33:00,229.8,154.4,0.0,0.0,0.0
2026-03-13 02:34:00,239.3,153.0,0.0,0.0,0.0
2026-03-13 02:35:00,83.7,0.0,0.0,0.0,0.0
2026-03-13 02:36:00,73.1,0.0,0.0,0.0,0.0
2026-03-13 02:37:00,79.8,0.0,0.0,0.0,0.0
2026-03-13 02:38:00,77.9,0.0,0.0,0.0,0.0
2026-03-13 02:39:00,83.4,0.0,0.0,0.0,0.0
2026-03-13 02:40:00,86.7,0.0,0.0,0.0,0.0
2026-03-13 02:41:00,78.4,0.0,0.0,0.0,0.0
2026-03-13 02:42:00,71.0,0.0,0.0,0.0,0.0
2026-03-13 02:43:00,81.5,0.0,0.0,0.0,0.0
2026-03-13 02:44:00,78.7,0.0,0.0,0.0,0.0
2026-03-13 02:45:00,69.7,0.0,0.0,0.0,0.0
2026-03-13 02:46:00,77.9,0.0,0.0,0.0,0.0
2026-03-13 02:47:00,78.7,0.0,0.0,0.0,0.0
2026-03-13 02:48:00,77.0,0.0,0.0,0.0,0.0
2026-03-13 02:49:00,78.9,0.0,0.0,0.0,0.0
2026-03-13 02:50:00,82.0,0.0,0.0,0.0,0.0
2026-03-13 02:51:00,67.2,0.0,0.0,0.0,0.0
2026-03-13 02:52:00,85.1,0.0,0.0,0.0,0.0
2026-03-13 02:53:00,81.0,0.0,0.0,0.0,0.0
2026-03-13 02:54:00,72.6,0.0,0.0,0.0,0.0
2026-03-13 02:55:00,77.3,0.0,0.0,0.0,0.0
2026-03-13 02:56:00,72.1,0.0,0.0,0.0,0.0
2026-03-13 02:57:00,79.4,0.0,0.0,0.0,0.0
2026-03-13 02:58:00,74.3,0.0,0.0,0.0,0.0
2026-03-13 02:59:00,84.8,0.0,0.0,0.0,0.0
2026-03-13 03:00:00,230.8,151.8,0.0,0.0,0.0
2026-03-13 03:01:00,240.3,153.2,0.0,0.0,0.0
2026-03-13 03:02:00,221.3,148.5,0.0,0.0,0.0
2026-03-13 03:03:00,235.8,150.9,0.0,0.0,0.0
2026-03-13 03:04:00,226.8,147.6,0.0,0.0,0.0
2026-03-13 03:05:00,228.0,145.5,0.0,0.0,0.0
2026-03-13 03:06:00,232.2,147.2,0.0,0.0,0.0
2026-03-13 03:07:00,222.4,143.4,0.0,0.0,0.0
2026-03-13 03:08:00,218.3,147.0,0.0,0.0,0.0
2026-03-13 03:09:00,218.7,140.0,0.0,0.0,0.0
2026-03-13 03:10:00,235.8,150.7,0.0,0.0,0.0
2026-03-13 03:11:00,229.1,156.2,0.0,0.0,0.0
2026-03-13 03:12:00,229.5,153.0,0.0,0.0,0.0
2026-03-13 03:13:00,228.4,149.2,0.0,0.0,0.0
2026-03-13 03:14:00,224.7,147.6,0.0,0.0,0.0
2026-03-13 03:15:00,220.1,142.1,0.0,0.0,0.0
2026-03-13 03:16:00,225.6,148.7,0.0,0.0,0.0
2026-03-13 03:17:00,232.7,156.1,0.0,0.0,0.0
2026-03-13 03:18:00,235.6,152.5,0.0,0.0,0.0
2026-03-13 03:19:00,220.4,141.3,0.0,0.0,0.0
2026-03-13 03:20:00,227.8,141.7,0.0,0.0,0.0
2026-03-13 03:21:00,228.8,150.9,0.0,0.0,0.0
2026-03-13 03:22:00,221.7,142.5,0.0,0.0,0.0
2026-03-13 03:23:00,220.8,141.6,0.0,0.0,0.0
2026-03-13 03:24:00,239.9,154.8,0.0,0.0,0.0
2026-03-13 03:25:00,228.6,141.0,0.0,0.0,0.0
2026-03-13 03:26:00,227.2,149.1,0.0,0.0,0.0
2026-03-13 03:27:00,227.2,152.1,0.0,0.0,0.0
2026-03-13 03:28:00,238.3,155.0,0.0,0.0,0.0
2026-03-13 03:29:00,219.6,142.6,0.0,0.0,0.0
2026-03-13 03:30:00,224.1,149.4,0.0,0.0,0.0
2026-03-13 03:31:00,237.3,156.1,0.0,0.0,0.0
2026-03-13 03:32:00,223.9,140.3,0.0,0.0,0.0
2026-03-13 03:33:00,228.3,144.8,0.0,0.0,0.0
2026-03-13 03:34:00,229.0,148.7,0.0,0.0,0.0
2026-03-13 03:35:00,81.9,0.0,0.0,0.0,0.0
2026-03-13 03:36:00,74.2,0.0,0.0,0.0,0.0
2026-03-13 03:37:00,71.3,0.0,0.0,0.0,0.0
2026-03-13 03:38:00,79.2,0.0,0.0,0.0,0.0
2026-03-13 03:39:00,76.0,0.0,0.0,0.0,0.0
2026-03-13 03:40:00,68.4,0.0,0.0,0.0,0.0
2026-03-13 03:41:00,71.4,0.0,0.0,0.0,0.0
2026-03-13 03:42:00,82.1,0.0,0.0,0.0,0.0
2026-03-13 03:43:00,77.5,0.0,0.0,0.0,0.0
2026-03-13 03:44:00,79.1,0.0,0.0,0.0,0.0
2026-03-13 03:45:00,82.4,0.0,0.0,0.0,0.0
2026-03-13 03:46:00,79.9,0.0,0.0,0.0,0.0
2026-03-13 03:47:00,76.5,0.0,0.0,0.0,0.0
2026-03-13 03:48:00,82.0,0.0,0.0,0.0,0.0
2026-03-13 03:49:00,76.0,0.0,0.0,0.0,0.0
2026-03-13 03:50:00,80.6,0.0,0.0,0.0,0.0
2026-03-13 03:51:00,85.8,0.0,0.0,0.0,0.0
2026-03-13 03:52:00,83.5,0.0,0.0,0.0,0.0
2026-03-13 03:53:00,76.1,0.0,0.0,0.0,0.0
2026-03-13 03:54:00,90.6,0.0,0.0,0.0,0.0
2026-03-13 03:55:00,76.7,0.0,0.0,0.0,0.0
2026-03-13 03:56:00,74.6,0.0,0.0,0.0,0.0
2026-03-13 03:57:00,82.4,0.0,0.0,0.0,0.0
2026-03-13 03:58:00,88.9,0.0,0.0,0.0,0.0
2026-03-13 03:59:00,82.2,0.0,0.0,0.0,0.0
2026-03-13 04:00:00,226.2,149.2,0.0,0.0,0.0
2026-03-13 04:01:00,230.1,151.4,0.0,0.0,0.0
2026-03-13 04:02:00,219.9,148.7,0.0,0.0,0.0
2026-03-13 04:03:00,228.2,153.3,0.0,0.0,0.0
2026-03-13 04:04:00,230.6,157.9,0.0,0.0,0.0
2026-03-13 04:05:00,232.1,147.7,0.0,0.0,0.0
2026-03-13 04:06:00,236.4,146.6,0.0,0.0,0.0
2026-03-13 04:07:00,234.6,149.6,0.0,0.0,0.0
2026-03-13 04:08:00,242.8,165.5,0.0,0.0,0.0
2026-03-13 04:09:00,227.0,152.2,0.0,0.0,0.0
2026-03-13 04:10:00,220.7,137.5,0.0,0.0,0.0
2026-03-13 04:11:00,226.4,146.0,0.0,0.0,0.0
2026-03-13 04:12:00,211.1,143.3,0.0,0.0,0.0
2026-03-13 04:13:00,242.0,150.8,0.0,0.0,0.0
2026-03-13 04:14:00,238.3,151.5,0.0,0.0,0.0
2026-03-13 04:15:00,233.4,148.2,0.0,0.0,0.0
2026-03-13 04:16:00,219.2,145.9,0.0,0.0,0.0
2026-03-13 04:17:00,219.2,145.4,0.0,0.0,0.0
2026-03-13 04:18:00,249.7,158.9,0.0,0.0,0.0
2026-03-13 04:19:00,229.5,148.2,0.0,0.0,0.0
2026-03-13 04:20:00,222.3,147.7,0.0,0.0,0.0
2026-03-13 04:21:00,228.6,150.8,0.0,0.0,0.0
2026-03-13 04:22:00,229.8,147.7,0.0,0.0,0.0
2026-03-13 04:23:00,236.9,154.1,0.0,0.0,0.0
2026-03-13 04:24:00,227.2,146.3,0.0,0.0,0.0
2026-03-13 04:25:00,217.0,143.5,0.0,0.0,0.0
2026-03-13 04:26:00,232.3,152.5,0.0,0.0,0.0
2026-03-13 04:27:00,227.9,149.8,0.0,0.0,0.0
2026-03-13 04:28:00,236.5,148.3,0.0,0.0,0.0
2026-03-13 04:29:00,227.9,143.6,0.0,0.0,0.0
2026-03-13 04:30:00,227.4,145.2,0.0,0.0,0.0
2026-03-13 04:31:00,227.8,150.9,0.0,0.0,0.0
2026-03-13 04:32:00,224.2,148.9,0.0,0.0,0.0
2026-03-13 04:33:00,236.8,153.9,0.0,0.0,0.0
2026-03-13 04:34:00,219.0,146.9,0.0,0.0,0.0
2026-03-13 04:35:00,84.4,0.0,0.0,0.0,0.0
2026-03-13 04:36:00,79.3,0.0,0.0,0.0,0.0
2026-03-13 04:37:00,78.5,0.0,0.0,0.0,0.0
2026-03-13 04:38:00,83.0,0.0,0.0,0.0,0.0
2026-03-13 04:39:00,77.7,0.0,0.0,0.0,0.0
2026-03-13 04:40:00,79.6,0.0,0.0,0.0,0.0
2026-03-13 04:41:00,77.5,0.0,0.0,0.0,0.0
2026-03-13 04:42:00,80.9,0.0,0.0,0.0,0.0
2026-03-13 04:43:00,94.1,0.0,0.0,0.0,0.0
2026-03-13 04:44:00,82.7,0.0,0.0,0.0,0.0
2026-03-13 04:45:00,91.2,0.0,0.0,0.0,0.0
2026-03-13 04:46:00,83.6,0.0,0.0,0.0,0.0
2026-03-13 04:47:00,80.5,0.0,0.0,0.0,0.0
2026-03-13 04:48:00,75.6,0.0,0.0,0.0,0.0
2026-03-13 04:49:00,77.0,0.0,0.0,0.0,0.0
2026-03-13 04:50:00,80.4,0.0,0.0,0.0,0.0
2026-03-13 04:51:00,83.8,0.0,0.0,0.0,0.0
2026-03-13 04:52:00,88.4,0.0,0.0,0.0,0.0
2026-03-13 04:53:00,81.5,0.0,0.0,0.0,0.0
2026-03-13 04:54:00,75.1,0.0,0.0,0.0,0.0
2026-03-13 04:55:00,86.8,0.0,0.0,0.0,0.0
2026-03-13 04:56:00,76.0,0.0,0.0,0.0,0.0
2026-03-13 04:57:00,71.4,0.0,0.0,0.0,0.0
2026-03-13 04:58:00,65.9,0.0,0.0,0.0,0.0
2026-03-13 04:59:00,77.4,0.0,0.0,0.0,0.0
2026-03-13 05:00:00,227.2,148.8,0.0,0.0,0.0
2026-03-13 05:01:00,247.1,155.0,0.0,0.0,0.0
2026-03-13 05:02:00,221.8,144.0,0.0,0.0,0.0
2026-03-13 05:03:00,240.6,151.1,0.0,0.0,0.0
2026-03-13 05:04:00,233.1,154.0,0.0,0.0,0.0
2026-03-13 05:05:00,228.4,143.8,0.0,0.0,0.0
2026-03-13 05:06:00,226.6,150.8,0.0,0.0,0.0
2026-03-13 05:07:00,238.7,156.5,0.0,0.0,0.0
2026-03-13 05:08:00,226.6,143.4,0.0,0.0,0.0
2026-03-13 05:09:00,234.6,155.0,0.0,0.0,0.0
2026-03-13 05:10:00,235.3,152.3,0.0,0.0,0.0
2026-03-13 05:11:00,233.4,150.7,0.0,0.0,0.0
2026-03-13 05:12:00,235.3,151.8,0.0,0.0,0.0
2026-03-13 05:13:00,230.2,151.6,0.0,0.0,0.0
2026-03-13 05:14:00,230.6,155.1,0.0,0.0,0.0
2026-03-13 05:15:00,240.5,154.3,0.0,0.0,0.0
2026-03-13 05:16:00,231.0,144.0,0.0,0.0,0.0
2026-03-13 05:17:00,219.8,148.6,0.0,0.0,0.0
2026-03-13 05:18:00,225.5,142.1,0.0,0.0,0.0
2026-03-13 05:19:00,230.8,152.7,0.0,0.0,0.0
2026-03-13 05:20:00,233.2,152.7,0.0,0.0,0.0
2026-03-13 05:21:00,228.9,147.6,0.0,0.0,0.0
2026-03-13 05:22:00,234.2,149.7,0.0,0.0,0.0
2026-03-13 05:23:00,228.5,154.2,0.0,0.0,0.0
2026-03-13 05:24:00,246.3,153.1,0.0,0.0,0.0
2026-03-13 05:25:00,227.1,151.4,0.0,0.0,0.0
2026-03-13 05:26:00,225.4,155.1,0.0,0.0,0.0
2026-03-13 05:27:00,224.9,142.1,0.0,0.0,0.0
2026-03-13 05:28:00,220.3,147.4,0.0,0.0,0.0
2026-03-13 05:29:00,238.7,157.9,0.0,0.0,0.0
2026-03-13 05:30:00,223.9,147.5,0.0,0.0,0.0
2026-03-13 05:31:00,218.1,140.9,0.0,0.0,0.0
2026-03-13 05:32:00,222.0,149.5,0.0,0.0,0.0
2026-03-13 05:33:00,231.1,148.8,0.0,0.0,0.0
2026-03-13 05:34:00,225.8,151.6,0.0,0.0,0.0
2026-03-13 05:35:00,80.9,0.0,0.0,0.0,0.0
2026-03-13 05:36:00,85.7,0.0,0.0,0.0,0.0
2026-03-13 05:37:00,75.3,0.0,0.0,0.0,0.0
2026-03-13 05:38:00,80.7,0.0,0.0,0.0,0.0
2026-03-13 05:39:00,75.3,0.0,0.0,0.0,0.0
2026-03-13 05:40:00,80.4,0.0,0.0,0.0,0.0
2026-03-13 05:41:00,85.0,0.0,0.0,0.0,0.0
2026-03-13 05:42:00,81.4,0.0,0.0,0.0,0.0
2026-03-13 05:43:00,85.7,0.0,0.0,0.0,0.0
2026-03-13 05:44:00,79.4,0.0,0.0,0.0,0.0
2026-03-13 05:45:00,88.5,0.0,0.0,0.0,0.0
2026-03-13 05:46:00,71.8,0.0,0.0,0.0,0.0
2026-03-13 05:47:00,86.8,0.0,0.0,0.0,0.0
2026-03-13 05:48:00,73.8,0.0,0.0,0.0,0.0
2026-03-13 05:49:00,77.5,0.0,0.0,0.0,0.0
2026-03-13 05:50:00,85.8,0.0,0.0,0.0,0.0
2026-03-13 05:51:00,81.9,0.0,0.0,0.0,0.0
2026-03-13 05:52:00,77.1,0.0,0.0,0.0,0.0
2026-03-13 05:53:00,85.8,0.0,0.0,0.0,0.0
2026-03-13 05:54:00,89.3,0.0,0.0,0.0,0.0
2026-03-13 05:55:00,85.4,0.0,0.0,0.0,0.0
2026-03-13 05:56:00,69.0,0.0,0.0,0.0,0.0
2026-03-13 05:57:00,88.3,0.0,0.0,0.0,0.0
2026-03-13 05:58:00,71.3,0.0,0.0,0.0,0.0
2026-03-13 05:59:00,80.2,0.0,0.0,0.0,0.0
2026-03-13 06:00:00,245.1,164.5,0.0,0.0,0.0
2026-03-13 06:01:00,239.3,152.9,0.0,0.0,0.0
2026-03-13 06:02:00,232.2,154.3,0.0,0.0,0.0
2026-03-13 06:03:00,228.2,149.6,0.0,0.0,0.0
2026-03-13 06:04:00,232.9,152.6,0.0,0.0,0.0
2026-03-13 06:05:00,236.1,160.0,0.0,0.0,0.0
2026-03-13 06:06:00,234.0,146.8,0.0,0.0,0.0
2026-03-13 06:07:00,223.0,148.7,0.0,0.0,0.0
2026-03-13 06:08:00,227.0,142.8,0.0,0.0,0.0
2026-03-13 06:09:00,233.5,146.3,0.0,0.0,0.0
2026-03-13 06:10:00,226.0,146.3,0.0,0.0,0.0
2026-03-13 06:11:00,225.6,150.2,0.0,0.0,0.0
2026-03-13 06:12:00,228.2,151.2,0.0,0.0,0.0
2026-03-13 06:13:00,220.7,149.0,0.0,0.0,0.0
2026-03-13 06:14:00,226.4,145.3,0.0,0.0,0.0
2026-03-13 06:15:00,231.9,144.7,0.0,0.0,0.0
2026-03-13 06:16:00,236.0,149.9,0.0,0.0,0.0
2026-03-13 06:17:00,229.4,148.2,0.0,0.0,0.0
2026-03-13 06:18:00,223.7,144.1,0.0,0.0,0.0
2026-03-13 06:19:00,228.3,152.3,0.0,0.0,0.0
2026-03-13 06:20:00,232.3,153.8,0.0,0.0,0.0
2026-03-13 06:21:00,232.8,151.0,0.0,0.0,0.0
2026-03-13 06:22:00,232.1,148.2,0.0,0.0,0.0
2026-03-13 06:23:00,229.2,149.0,0.0,0.0,0.0
2026-03-13 06:24:00,230.5,146.6,0.0,0.0,0.0
2026-03-13 06:25:00,237.1,153.8,0.0,0.0,0.0
2026-03-13 06:26:00,232.4,145.1,0.0,0.0,0.0
2026-03-13 06:27:00,227.5,156.0,0.0,0.0,0.0
2026-03-13 06:28:00,220.9,150.9,0.0,0.0,0.0
2026-03-13 06:29:00,206.6,137.6,0.0,0.0,0.0
2026-03-13 06:30:00,238.0,160.7,0.0,0.0,0.0
2026-03-13 06:31:00,224.1,146.2,0.0,0.0,0.0
2026-03-13 06:32:00,227.9,151.5,0.0,0.0,0.0
2026-03-13 06:33:00,235.1,147.0,0.0,0.0,0.0
2026-03-13 06:34:00,228.6,145.1,0.0,0.0,0.0
2026-03-13 06:35:00,88.3,0.0,0.0,0.0,0.0
2026-03-13 06:36:00,72.0,0.0,0.0,0.0,0.0
2026-03-13 06:37:00,78.2,0.0,0.0,0.0,0.0
2026-03-13 06:38:00,80.5,0.0,0.0,0.0,0.0
2026-03-13 06:39:00,82.8,0.0,0.0,0.0,0.0
2026-03-13 06:40:00,85.8,0.0,0.0,0.0,0.0
2026-03-13 06:41:00,69.6,0.0,0.0,0.0,0.0
2026-03-13 06:42:00,78.6,0.0,0.0,0.0,0.0
2026-03-13 06:43:00,71.8,0.0,0.0,0.0,0.0
2026-03-13 06:44:00,74.6,0.0,0.0,0.0,0.0
2026-03-13 06:45:00,82.9,0.0,0.0,0.0,0.0
2026-03-13 06:46:00,95.8,0.0,0.0,0.0,0.0
2026-03-13 06:47:00,82.3,0.0,0.0,0.0,0.0
2026-03-13 06:48:00,83.4,0.0,0.0,0.0,0.0
2026-03-13 06:49:00,78.5,0.0,0.0,0.0,0.0
2026-03-13 06:50:00,79.6,0.0,0.0,0.0,0.0
2026-03-13 06:51:00,80.5,0.0,0.0,0.0,0.0
2026-03-13 06:52:00,87.8,0.0,0.0,0.0,0.0
2026-03-13 06:53:00,76.3,0.0,0.0,0.0,0.0
2026-03-13 06:54:00,82.9,0.0,0.0,0.0,0.0
2026-03-13 06:55:00,77.6,0.0,0.0,0.0,0.0
2026-03-13 06:56:00,75.7,0.0,0.0,0.0,0.0
2026-03-13 06:57:00,77.4,0.0,0.0,0.0,0.0
2026-03-13 06:58:00,75.7,0.0,0.0,0.0,0.0
2026-03-13 06:59:00,80.4,0.0,0.0,0.0,0.0
2026-03-13 07:00:00,218.8,147.8,0.0,0.0,0.0
2026-03-13 07:01:00,229.9,152.6,0.0,0.0,0.0
2026-03-13 07:02:00,211.5,145.1,0.0,0.0,0.0
2026-03-13 07:03:00,227.3,150.6,0.0,0.0,0.0
2026-03-13 07:04:00,230.9,153.4,0.0,0.0,0.0
2026-03-13 07:05:00,225.8,147.7,0.0,0.0,0.0
2026-03-13 07:06:00,236.8,153.0,0.0,0.0,0.0
2026-03-13 07:07:00,231.2,144.7,0.0,0.0,0.0
2026-03-13 07:08:00,227.0,144.0,0.0,0.0,0.0
2026-03-13 07:09:00,227.6,142.9,0.0,0.0,0.0
2026-03-13 07:10:00,239.7,153.2,0.0,0.0,0.0
2026-03-13 07:11:00,227.1,147.9,0.0,0.0,0.0
2026-03-13 07:12:00,228.7,152.1,0.0,0.0,0.0
2026-03-13 07:13:00,225.8,143.7,0.0,0.0,0.0
2026-03-13 07:14:00,234.9,153.6,0.0,0.0,0.0
2026-03-13 07:15:00,226.0,147.5,0.0,0.0,0.0
2026-03-13 07:16:00,233.1,151.3,0.0,0.0,0.0
2026-03-13 07:17:00,221.7,149.6,0.0,0.0,0.0
2026-03-13 07:18:00,227.4,148.6,0.0,0.0,0.0
2026-03-13 07:19:00,222.2,145.9,0.0,0.0,0.0
2026-03-13 07:20:00,233.3,149.9,0.0,0.0,0.0
2026-03-13 07:21:00,223.5,144.8,0.0,0.0,0.0
2026-03-13 07:22:00,234.7,161.0,0.0,0.0,0.0
2026-03-13 07:23:00,238.2,157.8,0.0,0.0,0.0
2026-03-13 07:24:00,248.9,162.5,0.0,0.0,0.0
2026-03-13 07:25:00,226.1,145.8,0.0,0.0,0.0
2026-03-13 07:26:00,240.8,149.3,0.0,0.0,0.0
2026-03-13 07:27:00,222.5,144.1,0.0,0.0,0.0
2026-03-13 07:28:00,232.6,152.5,0.0,0.0,0.0
2026-03-13 07:29:00,235.9,152.0,0.0,0.0,0.0
2026-03-13 07:30:00,235.9,154.6,0.0,0.0,0.0
2026-03-13 07:31:00,243.5,152.9,0.0,0.0,0.0
2026-03-13 07:32:00,214.2,141.5,0.0,0.0,0.0
2026-03-13 07:33:00,226.1,149.2,0.0,0.0,0.0
2026-03-13 07:34:00,247.2,161.5,0.0,0.0,0.0
2026-03-13 07:35:00,71.5,0.0,0.0,0.0,0.0
2026-03-13 07:36:00,84.8,0.0,0.0,0.0,0.0
2026-03-13 07:37:00,78.3,0.0,0.0,0.0,0.0
2026-03-13 07:38:00,78.5,0.0,0.0,0.0,0.0
2026-03-13 07:39:00,79.6,0.0,0.0,0.0,0.0
2026-03-13 07:40:00,73.7,0.0,0.0,0.0,0.0
2026-03-13 07:41:00,78.6,0.0,0.0,0.0,0.0
2026-03-13 07:42:00,83.9,0.0,0.0,0.0,0.0
2026-03-13 07:43:00,81.8,0.0,0.0,0.0,0.0
2026-03-13 07:44:00,78.4,0.0,0.0,0.0,0.0
2026-03-13 07:45:00,84.2,0.0,0.0,0.0,0.0
2026-03-13 07:46:00,74.3,0.0,0.0,0.0,0.0
2026-03-13 07:47:00,71.9,0.0,0.0,0.0,0.0
2026-03-13 07:48:00,67.8,0.0,0.0,0.0,0.0
2026-03-13 07:49:00,81.0,0.0,0.0,0.0,0.0
2026-03-13 07:50:00,81.8,0.0,0.0,0.0,0.0
2026-03-13 07:51:00,75.3,0.0,0.0,0.0,0.0
2026-03-13 07:52:00,76.4,0.0,0.0,0.0,0.0
2026-03-13 07:53:00,83.5,0.0,0.0,0.0,0.0
2026-03-13 07:54:00,83.7,0.0,0.0,0.0,0.0
2026-03-13 07:55:00,81.9,0.0,0.0,0.0,0.0
2026-03-13 07:56:00,84.5,0.0,0.0,0.0,0.0
2026-03-13 07:57:00,89.5,0.0,0.0,0.0,0.0
2026-03-13 07:58:00,92.9,0.0,0.0,0.0,0.0
2026-03-13 07:59:00,73.5,0.0,0.0,0.0,0.0
2026-03-13 08:00:00,231.7,150.6,0.0,0.0,0.0
2026-03-13 08:01:00,224.8,151.3,0.0,0.0,0.0
2026-03-13 08:02:00,234.4,149.6,0.0,0.0,0.0
2026-03-13 08:03:00,235.1,150.0,0.0,0.0,0.0
2026-03-13 08:04:00,239.8,154.9,0.0,0.0,0.0
2026-03-13 08:05:00,225.5,151.5,0.0,0.0,0.0
2026-03-13 08:06:00,234.3,149.4,0.0,0.0,0.0
2026-03-13 08:07:00,237.9,155.5,0.0,0.0,0.0
2026-03-13 08:08:00,226.0,153.3,0.0,0.0,0.0
2026-03-13 08:09:00,227.5,151.1,0.0,0.0,0.0
2026-03-13 08:10:00,230.6,150.2,0.0,0.0,0.0
2026-03-13 08:11:00,240.9,154.4,0.0,0.0,0.0
2026-03-13 08:12:00,226.3,143.8,0.0,0.0,0.0
2026-03-13 08:13:00,222.6,146.8,0.0,0.0,0.0
2026-03-13 08:14:00,227.3,156.0,0.0,0.0,0.0
2026-03-13 08:15:00,234.5,149.2,0.0,0.0,0.0
2026-03-13 08:16:00,237.2,148.6,0.0,0.0,0.0
2026-03-13 08:17:00,240.1,156.9,0.0,0.0,0.0
2026-03-13 08:18:00,227.1,155.1,0.0,0.0,0.0
2026-03-13 08:19:00,234.4,151.2,0.0,0.0,0.0
2026-03-13 08:20:00,239.9,153.7,0.0,0.0,0.0
2026-03-13 08:21:00,226.1,151.6,0.0,0.0,0.0
2026-03-13 08:22:00,234.3,150.0,0.0,0.0,0.0
2026-03-13 08:23:00,230.7,154.7,0.0,0.0,0.0
2026-03-13 08:24:00,234.7,154.8,0.0,0.0,0.0
2026-03-13 08:25:00,230.6,150.1,0.0,0.0,0.0
2026-03-13 08:26:00,228.7,150.8,0.0,0.0,0.0
2026-03-13 08:27:00,223.5,143.7,0.0,0.0,0.0
2026-03-13 08:28:00,230.2,147.1,0.0,0.0,0.0
2026-03-13 08:29:00,225.0,145.1,0.0,0.0,0.0
2026-03-13 08:30:00,236.8,155.1,0.0,0.0,0.0
2026-03-13 08:31:00,237.7,156.0,0.0,0.0,0.0
2026-03-13 08:32:00,223.7,144.8,0.0,0.0,0.0
2026-03-13 08:33:00,233.4,152.2,0.0,0.0,0.0
2026-03-13 08:34:00,239.2,156.4,0.0,0.0,0.0
2026-03-13 08:35:00,81.2,0.0,0.0,0.0,0.0
2026-03-13 08:36:00,81.8,0.0,0.0,0.0,0.0
2026-03-13 08:37:00,86.5,0.0,0.0,0.0,0.0
2026-03-13 08:38:00,73.8,0.0,0.0,0.0,0.0
2026-03-13 08:39:00,75.6,0.0,0.0,0.0,0.0
2026-03-13 08:40:00,74.7,0.0,0.0,0.0,0.0
2026-03-13 08:41:00,80.2,0.0,0.0,0.0,0.0
2026-03-13 08:42:00,76.5,0.0,0.0,0.0,0.0
2026-03-13 08:43:00,74.6,0.0,0.0,0.0,0.0
2026-03-13 08:44:00,85.7,0.0,0.0,0.0,0.0
2026-03-13 08:45:00,82.1,0.0,0.0,0.0,0.0
2026-03-13 08:46:00,74.3,0.0,0.0,0.0,0.0
2026-03-13 08:47:00,74.7,0.0,0.0,0.0,0.0
2026-03-13 08:48:00,74.2,0.0,0.0,0.0,0.0
2026-03-13 08:49:00,88.0,0.0,0.0,0.0,0.0
2026-03-13 08:50:00,83.0,0.0,0.0,0.0,0.0
2026-03-13 08:51:00,77.6,0.0,0.0,0.0,0.0
2026-03-13 08:52:00,74.1,0.0,0.0,0.0,0.0
2026-03-13 08:53:00,63.3,0.0,0.0,0.0,0.0
2026-03-13 08:54:00,85.8,0.0,0.0,0.0,0.0
2026-03-13 08:55:00,83.0,0.0,0.0,0.0,0.0
2026-03-13 08:56:00,84.9,0.0,0.0,0.0,0.0
2026-03-13 08:57:00,86.6,0.0,0.0,0.0,0.0
2026-03-13 08:58:00,86.2,0.0,0.0,0.0,0.0
2026-03-13 08:59:00,91.6,0.0,0.0,0.0,0.0
2026-03-13 09:00:00,233.9,147.3,0.0,0.0,0.0
2026-03-13 09:01:00,234.7,153.1,0.0,0.0,0.0
2026-03-13 09:02:00,225.0,141.8,0.0,0.0,0.0
2026-03-13 09:03:00,232.3,148.2,0.0,0.0,0.0
2026-03-13 09:04:00,233.3,154.5,0.0,0.0,0.0
2026-03-13 09:05:00,224.5,146.7,0.0,0.0,0.0
2026-03-13 09:06:00,230.4,150.3,0.0,0.0,0.0
2026-03-13 09:07:00,224.3,155.6,0.0,0.0,0.0
2026-03-13 09:08:00,221.9,149.0,0.0,0.0,0.0
2026-03-13 09:09:00,239.0,149.9,0.0,0.0,0.0
2026-03-13 09:10:00,232.1,148.7,0.0,0.0,0.0
2026-03-13 09:11:00,233.0,151.4,0.0,0.0,0.0
2026-03-13 09:12:00,236.4,151.8,0.0,0.0,0.0
2026-03-13 09:13:00,225.8,147.5,0.0,0.0,0.0
2026-03-13 09:14:00,239.4,157.8,0.0,0.0,0.0
2026-03-13 09:15:00,233.2,148.4,0.0,0.0,0.0
2026-03-13 09:16:00,218.8,145.9,0.0,0.0,0.0
2026-03-13 09:17:00,232.8,148.1,0.0,0.0,0.0
2026-03-13 09:18:00,236.2,153.9,0.0,0.0,0.0
2026-03-13 09:19:00,230.2,150.4,0.0,0.0,0.0
2026-03-13 09:20:00,231.1,152.2,0.0,0.0,0.0
2026-03-13 09:21:00,216.0,137.3,0.0,0.0,0.0
2026-03-13 09:22:00,234.9,150.8,0.0,0.0,0.0
2026-03-13 09:23:00,225.1,150.0,0.0,0.0,0.0
2026-03-13 09:24:00,216.8,142.9,0.0,0.0,0.0
2026-03-13 09:25:00,224.4,146.1,0.0,0.0,0.0
2026-03-13 09:26:00,231.7,154.4,0.0,0.0,0.0
2026-03-13 09:27:00,224.2,156.3,0.0,0.0,0.0
2026-03-13 09:28:00,226.4,144.7,0.0,0.0,0.0
2026-03-13 09:29:00,216.3,141.6,0.0,0.0,0.0
2026-03-13 09:30:00,223.6,149.3,0.0,0.0,0.0
2026-03-13 09:31:00,239.8,150.3,0.0,0.0,0.0
2026-03-13 09:32:00,235.1,146.6,0.0,0.0,0.0
2026-03-13 09:33:00,216.4,144.6,0.0,0.0,0.0
2026-03-13 09:34:00,221.4,138.6,0.0,0.0,0.0
2026-03-13 09:35:00,74.2,0.0,0.0,0.0,0.0
2026-03-13 09:36:00,77.8,0.0,0.0,0.0,0.0
2026-03-13 09:37:00,72.5,0.0,0.0,0.0,0.0
2026-03-13 09:38:00,75.0,0.0,0.0,0.0,0.0
2026-03-13 09:39:00,76.4,0.0,0.0,0.0,0.0
2026-03-13 09:40:00,88.0,0.0,0.0,0.0,0.0
2026-03-13 09:41:00,83.1,0.0,0.0,0.0,0.0
2026-03-13 09:42:00,71.9,0.0,0.0,0.0,0.0
2026-03-13 09:43:00,85.0,0.0,0.0,0.0,0.0
2026-03-13 09:44:00,72.5,0.0,0.0,0.0,0.0
2026-03-13 09:45:00,77.2,0.0,0.0,0.0,0.0
2026-03-13 09:46:00,76.3,0.0,0.0,0.0,0.0
2026-03-13 09:47:00,83.8,0.0,0.0,0.0,0.0
2026-03-13 09:48:00,85.6,0.0,0.0,0.0,0.0
2026-03-13 09:49:00,85.5,0.0,0.0,0.0,0.0
2026-03-13 09:50:00,79.1,0.0,0.0,0.0,0.0
2026-03-13 09:51:00,82.8,0.0,0.0,0.0,0.0
2026-03-13 09:52:00,72.3,0.0,0.0,0.0,0.0
2026-03-13 09:53:00,84.7,0.0,0.0,0.0,0.0
2026-03-13 09:54:00,77.6,0.0,0.0,0.0,0.0
2026-03-13 09:55:00,85.7,0.0,0.0,0.0,0.0
2026-03-13 09:56:00,92.4,0.0,0.0,0.0,0.0
2026-03-13 09:57:00,79.3,0.0,0.0,0.0,0.0
2026-03-13 09:58:00,81.7,0.0,0.0,0.0,0.0
2026-03-13 09:59:00,67.1,0.0,0.0,0.0,0.0
2026-03-13 10:00:00,217.0,148.2,0.0,0.0,0.0
2026-03-13 10:01:00,232.7,156.7,0.0,0.0,0.0
2026-03-13 10:02:00,225.9,146.1,0.0,0.0,0.0
2026-03-13 10:03:00,234.9,150.1,0.0,0.0,0.0
2026-03-13 10:04:00,227.0,152.1,0.0,0.0,0.0
2026-03-13 10:05:00,222.5,145.0,0.0,0.0,0.0
2026-03-13 10:06:00,236.4,148.8,0.0,0.0,0.0
2026-03-13 10:07:00,230.6,144.0,0.0,0.0,0.0
2026-03-13 10:08:00,228.9,154.4,0.0,0.0,0.0
2026-03-13 10:09:00,235.3,150.2,0.0,0.0,0.0
2026-03-13 10:10:00,239.7,162.5,0.0,0.0,0.0
2026-03-13 10:11:00,218.2,148.7,0.0,0.0,0.0
2026-03-13 10:12:00,233.2,150.1,0.0,0.0,0.0
2026-03-13 10:13:00,234.1,159.5,0.0,0.0,0.0
2026-03-13 10:14:00,236.7,152.0,0.0,0.0,0.0
2026-03-13 10:15:00,245.9,153.5,0.0,0.0,0.0
2026-03-13 10:16:00,221.4,143.3,0.0,0.0,0.0
2026-03-13 10:17:00,225.5,153.4,0.0,0.0,0.0
2026-03-13 10:18:00,229.0,144.3,0.0,0.0,0.0
2026-03-13 10:19:00,235.8,151.3,0.0,0.0,0.0
2026-03-13 10:20:00,207.9,143.9,0.0,0.0,0.0
2026-03-13 10:21:00,239.7,155.1,0.0,0.0,0.0
2026-03-13 10:22:00,224.6,152.0,0.0,0.0,0.0
2026-03-13 10:23:00,230.9,141.3,0.0,0.0,0.0
2026-03-13 10:24:00,233.5,144.6,0.0,0.0,0.0
2026-03-13 10:25:00,235.7,150.8,0.0,0.0,0.0
2026-03-13 10:26:00,219.5,145.0,0.0,0.0,0.0
2026-03-13 10:27:00,227.5,149.3,0.0,0.0,0.0
2026-03-13 10:28:00,226.4,147.6,0.0,0.0,0.0
2026-03-13 10:29:00,224.5,143.7,0.0,0.0,0.0
2026-03-13 10:30:00,233.7,149.4,0.0,0.0,0.0
2026-03-13 10:31:00,240.3,152.8,0.0,0.0,0.0
2026-03-13 10:32:00,236.5,154.1,0.0,0.0,0.0
2026-03-13 10:33:00,219.2,147.0,0.0,0.0,0.0
2026-03-13 10:34:00,234.6,152.4,0.0,0.0,0.0
2026-03-13 10:35:00,80.3,0.0,0.0,0.0,0.0
2026-03-13 10:36:00,89.0,0.0,0.0,0.0,0.0
2026-03-13 10:37:00,78.5,0.0,0.0,0.0,0.0
2026-03-13 10:38:00,82.9,0.0,0.0,0.0,0.0
2026-03-13 10:39:00,90.1,0.0,0.0,0.0,0.0
2026-03-13 10:40:00,81.0,0.0,0.0,0.0,0.0
2026-03-13 10:41:00,84.2,0.0,0.0,0.0,0.0
2026-03-13 10:42:00,69.0,0.0,0.0,0.0,0.0
2026-03-13 10:43:00,84.1,0.0,0.0,0.0,0.0
2026-03-13 10:44:00,89.5,0.0,0.0,0.0,0.0
2026-03-13 10:45:00,74.6,0.0,0.0,0.0,0.0
2026-03-13 10:46:00,75.5,0.0,0.0,0.0,0.0
2026-03-13 10:47:00,86.8,0.0,0.0,0.0,0.0
2026-03-13 10:48:00,79.5,0.0,0.0,0.0,0.0
2026-03-13 10:49:00,90.6,0.0,0.0,0.0,0.0
2026-03-13 10:50:00,77.2,0.0,0.0,0.0,0.0
2026-03-13 10:51:00,83.1,0.0,0.0,0.0,0.0
2026-03-13 10:52:00,83.2,0.0,0.0,0.0,0.0
2026-03-13 10:53:00,82.1,0.0,0.0,0.0,0.0
2026-03-13 10:54:00,87.0,0.0,0.0,0.0,0.0
2026-03-13 10:55:00,80.8,0.0,0.0,0.0,0.0
2026-03-13 10:56:00,77.3,0.0,0.0,0.0,0.0
2026-03-13 10:57:00,85.0,0.0,0.0,0.0,0.0
2026-03-13 10:58:00,77.0,0.0,0.0,0.0,0.0
2026-03-13 10:59:00,82.0,0.0,0.0,0.0,0.0
2026-03-13 11:00:00,238.3,163.0,0.0,0.0,0.0
2026-03-13 11:01:00,232.5,155.1,0.0,0.0,0.0
2026-03-13 11:02:00,236.5,157.9,0.0,0.0,0.0
2026-03-13 11:03:00,237.4,152.8,0.0,0.0,0.0
2026-03-13 11:04:00,219.9,145.6,0.0,0.0,0.0
2026-03-13 11:05:00,220.8,147.0,0.0,0.0,0.0
2026-03-13 11:06:00,216.1,144.5,0.0,0.0,0.0
2026-03-13 11:07:00,213.9,140.4,0.0,0.0,0.0
2026-03-13 11:08:00,234.9,152.3,0.0,0.0,0.0
2026-03-13 11:09:00,230.7,146.7,0.0,0.0,0.0
2026-03-13 11:10:00,229.6,150.1,0.0,0.0,0.0
2026-03-13 11:11:00,237.0,156.5,0.0,0.0,0.0
2026-03-13 11:12:00,225.7,143.3,0.0,0.0,0.0
2026-03-13 11:13:00,224.9,152.9,0.0,0.0,0.0
2026-03-13 11:14:00,217.9,143.8,0.0,0.0,0.0
2026-03-13 11:15:00,234.6,147.5,0.0,0.0,0.0
2026-03-13 11:16:00,230.5,146.0,0.0,0.0,0.0
2026-03-13 11:17:00,226.1,150.0,0.0,0.0,0.0
2026-03-13 11:18:00,222.7,144.4,0.0,0.0,0.0
2026-03-13 11:19:00,217.8,151.3,0.0,0.0,0.0
2026-03-13 11:20:00,227.7,145.3,0.0,0.0,0.0
2026-03-13 11:21:00,244.1,149.8,0.0,0.0,0.0
2026-03-13 11:22:00,216.9,149.8,0.0,0.0,0.0
2026-03-13 11:23:00,234.2,149.6,0.0,0.0,0.0
2026-03-13 11:24:00,231.7,156.6,0.0,0.0,0.0
2026-03-13 11:25:00,222.8,150.8,0.0,0.0,0.0
2026-03-13 11:26:00,225.6,147.6,0.0,0.0,0.0
2026-03-13 11:27:00,215.9,146.5,0.0,0.0,0.0
2026-03-13 11:28:00,241.3,155.1,0.0,0.0,0.0
2026-03-13 11:29:00,232.3,145.5,0.0,0.0,0.0
2026-03-13 11:30:00,228.0,146.8,0.0,0.0,0.0
2026-03-13 11:31:00,233.9,150.5,0.0,0.0,0.0
2026-03-13 11:32:00,225.4,151.8,0.0,0.0,0.0
2026-03-13 11:33:00,237.6,150.9,0.0,0.0,0.0
2026-03-13 11:34:00,219.8,143.6,0.0,0.0,0.0
2026-03-13 11:35:00,86.1,0.0,0.0,0.0,0.0
2026-03-13 11:36:00,87.8,0.0,0.0,0.0,0.0
2026-03-13 11:37:00,75.3,0.0,0.0,0.0,0.0
2026-03-13 11:38:00,87.4,0.0,0.0,0.0,0.0
2026-03-13 11:39:00,81.1,0.0,0.0,0.0,0.0
2026-03-13 11:40:00,93.5,0.0,0.0,0.0,0.0
2026-03-13 11:41:00,71.9,0.0,0.0,0.0,0.0
2026-03-13 11:42:00,88.7,0.0,0.0,0.0,0.0
2026-03-13 11:43:00,75.4,0.0,0.0,0.0,0.0
2026-03-13 11:44:00,83.7,0.0,0.0,0.0,0.0
2026-03-13 11:45:00,74.1,0.0,0.0,0.0,0.0
2026-03-13 11:46:00,79.0,0.0,0.0,0.0,0.0
2026-03-13 11:47:00,80.6,0.0,0.0,0.0,0.0
2026-03-13 11:48:00,97.8,0.0,0.0,0.0,0.0
2026-03-13 11:49:00,83.1,0.0,0.0,0.0,0.0
2026-03-13 11:50:00,82.7,0.0,0.0,0.0,0.0
2026-03-13 11:51:00,73.5,0.0,0.0,0.0,0.0
2026-03-13 11:52:00,79.0,0.0,0.0,0.0,0.0
2026-03-13 11:53:00,88.0,0.0,0.0,0.0,0.0
2026-03-13 11:54:00,86.2,0.0,0.0,0.0,0.0
2026-03-13 11:55:00,75.8,0.0,0.0,0.0,0.0
2026-03-13 11:56:00,88.6,0.0,0.0,0.0,0.0
2026-03-13 11:57:00,75.6,0.0,0.0,0.0,0.0
2026-03-13 11:58:00,75.5,0.0,0.0,0.0,0.0
2026-03-13 11:59:00,84.1,0.0,0.0,0.0,0.0
2026-03-13 12:00:00,234.3,148.4,0.0,0.0,0.0
2026-03-13 12:01:00,221.6,147.0,0.0,0.0,0.0
2026-03-13 12:02:00,220.3,148.6,0.0,0.0,0.0
2026-03-13 12:03:00,239.4,158.0,0.0,0.0,0.0
2026-03-13 12:04:00,249.1,162.1,0.0,0.0,0.0
2026-03-13 12:05:00,234.8,154.0,0.0,0.0,0.0
2026-03-13 12:06:00,222.7,144.7,0.0,0.0,0.0
2026-03-13 12:07:00,233.7,146.1,0.0,0.0,0.0
2026-03-13 12:08:00,231.3,149.9,0.0,0.0,0.0
2026-03-13 12:09:00,238.2,151.1,0.0,0.0,0.0
2026-03-13 12:10:00,226.6,152.5,0.0,0.0,0.0
2026-03-13 12:11:00,238.1,151.6,0.0,0.0,0.0
2026-03-13 12:12:00,238.0,159.2,0.0,0.0,0.0
2026-03-13 12:13:00,237.3,153.8,0.0,0.0,0.0
2026-03-13 12:14:00,224.0,156.2,0.0,0.0,0.0
2026-03-13 12:15:00,231.2,152.7,0.0,0.0,0.0
2026-03-13 12:16:00,225.1,154.9,0.0,0.0,0.0
2026-03-13 12:17:00,223.2,148.0,0.0,0.0,0.0
2026-03-13 12:18:00,226.4,149.2,0.0,0.0,0.0
2026-03-13 12:19:00,224.2,157.2,0.0,0.0,0.0
2026-03-13 12:20:00,210.9,142.6,0.0,0.0,0.0
2026-03-13 12:21:00,227.8,144.7,0.0,0.0,0.0
2026-03-13 12:22:00,244.3,157.0,0.0,0.0,0.0
2026-03-13 12:23:00,236.2,154.1,0.0,0.0,0.0
2026-03-13 12:24:00,216.6,147.0,0.0,0.0,0.0
2026-03-13 12:25:00,239.7,145.6,0.0,0.0,0.0
2026-03-13 12:26:00,238.0,157.8,0.0,0.0,0.0
2026-03-13 12:27:00,223.8,149.1,0.0,0.0,0.0
2026-03-13 12:28:00,235.5,157.7,0.0,0.0,0.0
2026-03-13 12:29:00,237.8,153.3,0.0,0.0,0.0
2026-03-13 12:30:00,227.4,152.5,0.0,0.0,0.0
2026-03-13 12:31:00,229.5,150.6,0.0,0.0,0.0
2026-03-13 12:32:00,226.0,147.4,0.0,0.0,0.0
2026-03-13 12:33:00,223.4,146.3,0.0,0.0,0.0
2026-03-13 12:34:00,220.2,147.1,0.0,0.0,0.0
2026-03-13 12:35:00,86.0,0.0,0.0,0.0,0.0
2026-03-13 12:36:00,75.8,0.0,0.0,0.0,0.0
2026-03-13 12:37:00,77.9,0.0,0.0,0.0,0.0
2026-03-13 12:38:00,75.7,0.0,0.0,0.0,0.0
2026-03-13 12:39:00,75.9,0.0,0.0,0.0,0.0
2026-03-13 12:40:00,80.0,0.0,0.0,0.0,0.0
2026-03-13 12:41:00,71.8,0.0,0.0,0.0,0.0
2026-03-13 12:42:00,79.6,0.0,0.0,0.0,0.0
2026-03-13 12:43:00,75.5,0.0,0.0,0.0,0.0
2026-03-13 12:44:00,73.8,0.0,0.0,0.0,0.0
2026-03-13 12:45:00,88.5,0.0,0.0,0.0,0.0
2026-03-13 12:46:00,73.2,0.0,0.0,0.0,0.0
2026-03-13 12:47:00,83.8,0.0,0.0,0.0,0.0
2026-03-13 12:48:00,79.7,0.0,0.0,0.0,0.0
2026-03-13 12:49:00,74.3,0.0,0.0,0.0,0.0
2026-03-13 12:50:00,79.7,0.0,0.0,0.0,0.0
2026-03-13 12:51:00,84.7,0.0,0.0,0.0,0.0
2026-03-13 12:52:00,74.3,0.0,0.0,0.0,0.0
2026-03-13 12:53:00,76.2,0.0,0.0,0.0,0.0
2026-03-13 12:54:00,81.1,0.0,0.0,0.0,0.0
2026-03-13 12:55:00,74.6,0.0,0.0,0.0,0.0
2026-03-13 12:56:00,74.7,0.0,0.0,0.0,0.0
2026-03-13 12:57:00,81.3,0.0,0.0,0.0,0.0
2026-03-13 12:58:00,87.6,0.0,0.0,0.0,0.0
2026-03-13 12:59:00,79.6,0.0,0.0,0.0,0.0
2026-03-13 13:00:00,222.0,142.8,0.0,0.0,0.0
2026-03-13 13:01:00,224.3,146.6,0.0,0.0,0.0
2026-03-13 13:02:00,237.3,150.3,0.0,0.0,0.0
2026-03-13 13:03:00,211.8,136.8,0.0,0.0,0.0
2026-03-13 13:04:00,235.3,147.7,0.0,0.0,0.0
2026-03-13 13:05:00,236.7,151.9,0.0,0.0,0.0
2026-03-13 13:06:00,239.6,159.4,0.0,0.0,0.0
2026-03-13 13:07:00,243.0,151.8,0.0,0.0,0.0
2026-03-13 13:08:00,230.0,143.6,0.0,0.0,0.0
2026-03-13 13:09:00,240.6,152.6,0.0,0.0,0.0
2026-03-13 13:10:00,237.2,154.4,0.0,0.0,0.0
2026-03-13 13:11:00,224.2,140.2,0.0,0.0,0.0
2026-03-13 13:12:00,237.4,151.7,0.0,0.0,0.0
2026-03-13 13:13:00,241.1,159.1,0.0,0.0,0.0
2026-03-13 13:14:00,230.2,152.2,0.0,0.0,0.0
2026-03-13 13:15:00,228.8,149.9,0.0,0.0,0.0
2026-03-13 13:16:00,230.3,145.4,0.0,0.0,0.0
2026-03-13 13:17:00,220.3,146.0,0.0,0.0,0.0
2026-03-13 13:18:00,236.4,159.7,0.0,0.0,0.0
2026-03-13 13:19:00,215.1,149.8,0.0,0.0,0.0
2026-03-13 13:20:00,230.3,154.2,0.0,0.0,0.0
2026-03-13 13:21:00,242.3,155.7,0.0,0.0,0.0
2026-03-13 13:22:00,223.6,154.4,0.0,0.0,0.0
2026-03-13 13:23:00,231.6,150.6,0.0,0.0,0.0
2026-03-13 13:24:00,232.8,152.1,0.0,0.0,0.0
2026-03-13 13:25:00,214.8,142.3,0.0,0.0,0.0
2026-03-13 13:26:00,223.2,145.3,0.0,0.0,0.0
2026-03-13 13:27:00,248.2,150.4,0.0,0.0,0.0
2026-03-13 13:28:00,240.9,156.0,0.0,0.0,0.0
2026-03-13 13:29:00,242.2,162.8,0.0,0.0,0.0
2026-03-13 13:30:00,228.1,148.5,0.0,0.0,0.0
2026-03-13 13:31:00,240.3,157.5,0.0,0.0,0.0
2026-03-13 13:32:00,236.7,154.7,0.0,0.0,0.0
2026-03-13 13:33:00,228.0,148.0,0.0,0.0,0.0
2026-03-13 13:34:00,228.3,149.4,0.0,0.0,0.0
2026-03-13 13:35:00,75.5,0.0,0.0,0.0,0.0
2026-03-13 13:36:00,73.1,0.0,0.0,0.0,0.0
2026-03-13 13:37:00,69.2,0.0,0.0,0.0,0.0
2026-03-13 13:38:00,73.8,0.0,0.0,0.0,0.0
2026-03-13 13:39:00,83.4,0.0,0.0,0.0,0.0
2026-03-13 13:40:00,82.4,0.0,0.0,0.0,0.0
2026-03-13 13:41:00,76.4,0.0,0.0,0.0,0.0
2026-03-13 13:42:00,73.8,0.0,0.0,0.0,0.0
2026-03-13 13:43:00,70.4,0.0,0.0,0.0,0.0
2026-03-13 13:44:00,79.0,0.0,0.0,0.0,0.0
2026-03-13 13:45:00,89.0,0.0,0.0,0.0,0.0
2026-03-13 13:46:00,82.6,0.0,0.0,0.0,0.0
2026-03-13 13:47:00,77.4,0.0,0.0,0.0,0.0
2026-03-13 13:48:00,77.2,0.0,0.0,0.0,0.0
2026-03-13 13:49:00,83.4,0.0,0.0,0.0,0.0
2026-03-13 13:50:00,80.8,0.0,0.0,0.0,0.0
2026-03-13 13:51:00,84.7,0.0,0.0,0.0,0.0
2026-03-13 13:52:00,88.1,0.0,0.0,0.0,0.0
2026-03-13 13:53:00,78.0,0.0,0.0,0.0,0.0
2026-03-13 13:54:00,74.4,0.0,0.0,0.0,0.0
2026-03-13 13:55:00,85.4,0.0,0.0,0.0,0.0
2026-03-13 13:56:00,76.8,0.0,0.0,0.0,0.0
2026-03-13 13:57:00,82.4,0.0,0.0,0.0,0.0
2026-03-13 13:58:00,76.3,0.0,0.0,0.0,0.0
2026-03-13 13:59:00,82.7,0.0,0.0,0.0,0.0
2026-03-13 14:00:00,229.4,153.9,0.0,0.0,0.0
2026-03-13 14:01:00,229.2,151.4,0.0,0.0,0.0
2026-03-13 14:02:00,223.6,147.5,0.0,0.0,0.0
2026-03-13 14:03:00,224.4,152.0,0.0,0.0,0.0
2026-03-13 14:04:00,228.4,147.0,0.0,0.0,0.0
2026-03-13 14:05:00,228.6,151.9,0.0,0.0,0.0
2026-03-13 14:06:00,217.7,142.5,0.0,0.0,0.0
2026-03-13 14:07:00,217.2,148.7,0.0,0.0,0.0
2026-03-13 14:08:00,214.6,142.7,0.0,0.0,0.0
2026-03-13 14:09:00,230.5,152.7,0.0,0.0,0.0
2026-03-13 14:10:00,235.6,157.0,0.0,0.0,0.0
2026-03-13 14:11:00,241.9,159.6,0.0,0.0,0.0
2026-03-13 14:12:00,229.0,148.9,0.0,0.0,0.0
2026-03-13 14:13:00,220.7,143.3,0.0,0.0,0.0
2026-03-13 14:14:00,236.6,154.3,0.0,0.0,0.0
2026-03-13 14:15:00,232.3,153.4,0.0,0.0,0.0
2026-03-13 14:16:00,222.0,145.2,0.0,0.0,0.0
2026-03-13 14:17:00,235.0,154.6,0.0,0.0,0.0
2026-03-13 14:18:00,231.8,151.4,0.0,0.0,0.0
2026-03-13 14:19:00,232.8,156.0,0.0,0.0,0.0
2026-03-13 14:20:00,213.3,146.6,0.0,0.0,0.0
2026-03-13 14:21:00,228.0,145.1,0.0,0.0,0.0
2026-03-13 14:22:00,227.3,148.6,0.0,0.0,0.0
2026-03-13 14:23:00,234.3,148.8,0.0,0.0,0.0
2026-03-13 14:24:00,233.1,152.5,0.0,0.0,0.0
2026-03-13 14:25:00,225.2,149.9,0.0,0.0,0.0
2026-03-13 14:26:00,213.6,150.7,0.0,0.0,0.0
2026-03-13 14:27:00,224.3,154.8,0.0,0.0,0.0
2026-03-13 14:28:00,227.7,147.8,0.0,0.0,0.0
2026-03-13 14:29:00,207.0,146.4,0.0,0.0,0.0
2026-03-13 14:30:00,2227.5,155.2,1985.9,0.0,0.0
2026-03-13 14:31:00,229.1,145.6,0.0,0.0,0.0
2026-03-13 14:32:00,226.6,146.1,0.0,0.0,0.0
2026-03-13 14:33:00,213.5,147.8,0.0,0.0,0.0
2026-03-13 14:34:00,225.9,148.0,0.0,0.0,0.0
2026-03-13 14:35:00,90.0,0.0,0.0,0.0,0.0
2026-03-13 14:36:00,886.7,0.0,0.0,806.4,0.0
2026-03-13 14:37:00,2886.4,0.0,1995.9,803.7,0.0
2026-03-13 14:38:00,893.9,0.0,0.0,815.2,0.0
2026-03-13 14:39:00,884.8,0.0,0.0,807.8,0.0
2026-03-13 14:40:00,869.7,0.0,0.0,785.6,0.0
2026-03-13 14:41:00,874.3,0.0,0.0,796.1,0.0
2026-03-13 14:42:00,2911.2,0.0,2016.9,806.0,0.0
2026-03-13 14:43:00,2894.0,0.0,2003.8,806.5,0.0
2026-03-13 14:44:00,2897.1,0.0,2027.6,792.1,0.0
2026-03-13 14:45:00,2893.9,0.0,2020.6,796.6,0.0
2026-03-13 14:46:00,2919.9,0.0,2035.6,801.7,0.0
2026-03-13 14:47:00,2922.0,0.0,2031.9,809.1,0.0
2026-03-13 14:48:00,873.7,0.0,0.0,791.3,0.0
2026-03-13 14:49:00,869.9,0.0,0.0,794.3,0.0
2026-03-13 14:50:00,891.1,0.0,0.0,802.2,0.0
2026-03-13 14:51:00,2890.8,0.0,2013.6,797.9,0.0
2026-03-13 14:52:00,2884.7,0.0,2001.5,802.5,0.0
2026-03-13 14:53:00,909.7,0.0,0.0,818.3,0.0
2026-03-13 14:54:00,879.3,0.0,0.0,806.8,0.0
2026-03-13 14:55:00,882.1,0.0,0.0,798.1,0.0
2026-03-13 14:56:00,1254.0,0.0,0.0,1180.1,0.0
2026-03-13 14:57:00,1284.3,0.0,0.0,1202.2,0.0
2026-03-13 14:58:00,3334.5,0.0,2040.9,1212.0,0.0
2026-03-13 14:59:00,3235.4,0.0,1952.6,1206.0,0.0
2026-03-13 15:00:00,3419.4,152.2,1974.6,1207.3,0.0
2026-03-13 15:01:00,3052.1,153.6,2012.5,807.6,0.0
2026-03-13 15:02:00,2979.9,148.8,1978.0,774.1,0.0
2026-03-13 15:03:00,3057.9,142.8,2040.0,801.9,0.0
2026-03-13 15:04:00,1018.0,141.6,0.0,794.2,0.0
2026-03-13 15:05:00,1010.2,146.0,0.0,788.8,0.0
2026-03-13 15:06:00,1051.8,154.3,0.0,813.0,0.0
2026-03-13 15:07:00,3041.5,157.0,2015.0,799.3,0.0
2026-03-13 15:08:00,2984.1,150.1,1937.5,813.6,0.0
2026-03-13 15:09:00,2992.3,153.4,1953.6,796.2,0.0
2026-03-13 15:10:00,2973.8,155.3,1959.5,782.2,0.0
2026-03-13 15:11:00,2981.2,154.8,1961.4,794.4,0.0
2026-03-13 15:12:00,2980.6,146.3,1967.2,790.4,0.0
2026-03-13 15:13:00,3054.8,141.3,2028.5,801.9,0.0
2026-03-13 15:14:00,1015.8,148.4,0.0,790.8,0.0
2026-03-13 15:15:00,3079.8,148.5,2045.5,807.3,0.0
2026-03-13 15:16:00,1012.7,142.7,0.0,792.2,0.0
2026-03-13 15:17:00,1031.9,153.3,0.0,785.2,0.0
2026-03-13 15:18:00,3052.3,154.8,2006.3,806.4,0.0
2026-03-13 15:19:00,3057.8,149.4,2019.6,794.3,0.0
2026-03-13 15:20:00,1017.2,141.8,0.0,801.6,0.0
2026-03-13 15:21:00,223.8,154.5,0.0,0.0,0.0
2026-03-13 15:22:00,2252.2,141.0,2025.6,0.0,0.0
2026-03-13 15:23:00,2210.2,149.2,1973.4,0.0,0.0
2026-03-13 15:24:00,245.7,154.8,0.0,0.0,0.0
2026-03-13 15:25:00,2186.8,148.8,1966.4,0.0,0.0
2026-03-13 15:26:00,2265.4,155.3,2027.2,0.0,0.0
2026-03-13 15:27:00,2216.8,152.3,1981.9,0.0,0.0
2026-03-13 15:28:00,2203.2,155.4,1973.0,0.0,0.0
2026-03-13 15:29:00,2230.2,158.4,2001.0,0.0,0.0
2026-03-13 15:30:00,2246.7,154.9,1996.6,0.0,0.0
2026-03-13 15:31:00,2208.1,149.8,1979.1,0.0,0.0
2026-03-13 15:32:00,2215.4,150.9,1981.4,0.0,0.0
2026-03-13 15:33:00,2197.4,146.5,1970.5,0.0,0.0
2026-03-13 15:34:00,2221.5,150.5,1987.7,0.0,0.0
2026-03-13 15:35:00,2048.1,0.0,1977.2,0.0,0.0
2026-03-13 15:36:00,2002.0,0.0,1935.6,0.0,0.0
2026-03-13 15:37:00,2060.1,0.0,1972.1,0.0,0.0
2026-03-13 15:38:00,2101.9,0.0,2022.1,0.0,0.0
2026-03-13 15:39:00,2056.1,0.0,1969.8,0.0,0.0
2026-03-13 15:40:00,2060.2,0.0,1981.3,0.0,0.0
2026-03-13 15:41:00,2068.4,0.0,1991.8,0.0,0.0
2026-03-13 15:42:00,2099.1,0.0,2020.6,0.0,0.0
2026-03-13 15:43:00,2047.3,0.0,1967.8,0.0,0.0
2026-03-13 15:44:00,2064.0,0.0,1985.7,0.0,0.0
2026-03-13 15:45:00,2037.9,0.0,1971.0,0.0,0.0
2026-03-13 15:46:00,2075.7,0.0,2000.7,0.0,0.0
2026-03-13 15:47:00,2067.9,0.0,1987.9,0.0,0.0
2026-03-13 15:48:00,2018.9,0.0,1938.5,0.0,0.0
2026-03-13 15:49:00,80.3,0.0,0.0,0.0,0.0
2026-03-13 15:50:00,2101.1,0.0,2019.5,0.0,0.0
2026-03-13 15:51:00,2083.0,0.0,2013.9,0.0,0.0
2026-03-13 15:52:00,2096.3,0.0,1995.7,0.0,0.0
2026-03-13 15:53:00,2073.1,0.0,1998.7,0.0,0.0
2026-03-13 15:54:00,2033.7,0.0,1953.2,0.0,0.0
2026-03-13 15:55:00,2041.1,0.0,1964.2,0.0,0.0
2026-03-13 15:56:00,2101.8,0.0,2020.0,0.0,0.0
2026-03-13 15:57:00,2083.4,0.0,2003.0,0.0,0.0
2026-03-13 15:58:00,2059.5,0.0,1988.3,0.0,0.0
2026-03-13 15:59:00,2070.4,0.0,1990.8,0.0,0.0
2026-03-13 16:00:00,2240.0,141.4,2025.4,0.0,0.0
2026-03-13 16:01:00,2220.8,152.4,1990.4,0.0,0.0
2026-03-13 16:02:00,2238.8,149.4,1999.2,0.0,0.0
2026-03-13 16:03:00,2257.1,152.6,2011.4,0.0,0.0
2026-03-13 16:04:00,2188.9,152.0,1953.9,0.0,0.0
2026-03-13 16:05:00,2229.6,150.0,2011.0,0.0,0.0
2026-03-13 16:06:00,2213.7,145.0,1991.9,0.0,0.0
2026-03-13 16:07:00,2219.3,149.6,1979.3,0.0,0.0
2026-03-13 16:08:00,2223.6,148.0,2001.1,0.0,0.0
2026-03-13 16:09:00,2264.3,150.6,2028.0,0.0,0.0
2026-03-13 16:10:00,2252.9,152.8,2021.3,0.0,0.0
2026-03-13 16:11:00,2226.2,151.1,2002.5,0.0,0.0
2026-03-13 16:12:00,2214.0,145.0,1980.8,0.0,0.0
2026-03-13 16:13:00,2298.4,142.9,2062.2,0.0,0.0
2026-03-13 16:14:00,2254.9,152.2,2021.2,0.0,0.0
2026-03-13 16:15:00,2235.7,141.6,2019.3,0.0,0.0
2026-03-13 16:16:00,2182.8,152.6,1951.4,0.0,0.0
2026-03-13 16:17:00,2243.5,151.8,2010.4,0.0,0.0
2026-03-13 16:18:00,2228.7,145.2,2004.3,0.0,0.0
2026-03-13 16:19:00,2236.6,146.9,2007.8,0.0,0.0
2026-03-13 16:20:00,2232.2,147.2,2005.2,0.0,0.0
2026-03-13 16:21:00,2248.5,147.3,2023.9,0.0,0.0
2026-03-13 16:22:00,2256.7,150.5,2032.7,0.0,0.0
2026-03-13 16:23:00,2220.0,143.2,2005.3,0.0,0.0
2026-03-13 16:24:00,2239.2,152.0,2002.9,0.0,0.0
2026-03-13 16:25:00,2174.4,147.3,1946.0,0.0,0.0
2026-03-13 16:26:00,2250.4,147.4,2019.4,0.0,0.0
2026-03-13 16:27:00,2221.0,153.1,1997.1,0.0,0.0
2026-03-13 16:28:00,2285.1,151.5,2045.2,0.0,0.0
2026-03-13 16:29:00,2262.6,141.6,2035.6,0.0,0.0
2026-03-13 16:30:00,2255.7,147.0,2021.2,0.0,0.0
2026-03-13 16:31:00,2175.1,145.8,1950.3,0.0,0.0
2026-03-13 16:32:00,2223.3,155.1,1991.5,0.0,0.0
2026-03-13 16:33:00,2170.9,148.9,1946.9,0.0,0.0
2026-03-13 16:34:00,2240.4,150.4,2004.3,0.0,0.0
2026-03-13 16:35:00,2049.4,0.0,1975.9,0.0,0.0
2026-03-13 16:36:00,2079.5,0.0,2004.2,0.0,0.0
2026-03-13 16:37:00,1999.9,0.0,1924.2,0.0,0.0
2026-03-13 16:38:00,2028.8,0.0,1945.8,0.0,0.0
2026-03-13 16:39:00,2031.0,0.0,1947.2,0.0,0.0
2026-03-13 16:40:00,2069.1,0.0,1986.7,0.0,0.0
2026-03-13 16:41:00,2082.5,0.0,2010.9,0.0,0.0
2026-03-13 16:42:00,2110.7,0.0,2034.3,0.0,0.0
2026-03-13 16:43:00,2040.9,0.0,1965.2,0.0,0.0
2026-03-13 16:44:00,2096.0,0.0,2010.5,0.0,0.0
2026-03-13 16:45:00,2087.2,0.0,2011.7,0.0,0.0
2026-03-13 16:46:00,2071.1,0.0,1990.0,0.0,0.0
2026-03-13 16:47:00,2061.5,0.0,1991.5,0.0,0.0
2026-03-13 16:48:00,2057.4,0.0,1968.4,0.0,0.0
2026-03-13 16:49:00,2082.6,0.0,2013.7,0.0,0.0
2026-03-13 16:50:00,2094.8,0.0,2013.8,0.0,0.0
2026-03-13 16:51:00,2058.5,0.0,1987.6,0.0,0.0
2026-03-13 16:52:00,2042.0,0.0,1974.5,0.0,0.0
2026-03-13 16:53:00,2050.1,0.0,1964.4,0.0,0.0
2026-03-13 16:54:00,2086.4,0.0,1998.8,0.0,0.0
2026-03-13 16:55:00,2065.3,0.0,1980.4,0.0,0.0
2026-03-13 16:56:00,2066.2,0.0,1993.7,0.0,0.0
2026-03-13 16:57:00,2101.4,0.0,2031.9,0.0,0.0
2026-03-13 16:58:00,2082.9,0.0,2005.6,0.0,0.0
2026-03-13 16:59:00,2092.4,0.0,2017.3,0.0,0.0
2026-03-13 17:00:00,2280.4,164.2,2033.3,0.0,0.0
2026-03-13 17:01:00,2257.5,145.8,2026.6,0.0,0.0
2026-03-13 17:02:00,2234.5,147.3,2007.2,0.0,0.0
2026-03-13 17:03:00,2161.8,153.2,1925.9,0.0,0.0
2026-03-13 17:04:00,2227.6,158.7,1992.7,0.0,0.0
2026-03-13 17:05:00,2230.9,140.4,2005.9,0.0,0.0
2026-03-13 17:06:00,2171.0,148.8,1954.0,0.0,0.0
2026-03-13 17:07:00,2215.7,149.7,1990.0,0.0,0.0
2026-03-13 17:08:00,2271.9,150.6,2034.3,0.0,0.0
2026-03-13 17:09:00,2318.1,158.1,2076.6,0.0,0.0
2026-03-13 17:10:00,2255.3,149.9,2026.6,0.0,0.0
2026-03-13 17:11:00,2284.1,154.0,2048.9,0.0,0.0
2026-03-13 17:12:00,2189.2,143.7,1969.2,0.0,0.0
2026-03-13 17:13:00,2245.7,151.7,2019.3,0.0,0.0
2026-03-13 17:14:00,2271.4,148.1,2040.5,0.0,0.0
2026-03-13 17:15:00,2231.4,158.4,1994.3,0.0,0.0
2026-03-13 17:16:00,2223.1,152.7,1990.6,0.0,0.0
2026-03-13 17:17:00,2174.2,146.7,1957.7,0.0,0.0
2026-03-13 17:18:00,2263.9,149.8,2039.3,0.0,0.0
2026-03-13 17:19:00,2207.7,147.3,1972.5,0.0,0.0
2026-03-13 17:20:00,2222.4,146.7,1990.0,0.0,0.0
2026-03-13 17:21:00,2214.6,149.4,1992.9,0.0,0.0
2026-03-13 17:22:00,2161.8,150.7,1936.3,0.0,0.0
2026-03-13 17:23:00,2223.5,144.3,1999.2,0.0,0.0
2026-03-13 17:24:00,2244.2,142.7,2005.1,0.0,0.0
2026-03-13 17:25:00,2193.8,153.2,1964.7,0.0,0.0
2026-03-13 17:26:00,2228.7,151.7,2002.8,0.0,0.0
2026-03-13 17:27:00,2233.2,150.4,2011.4,0.0,0.0
2026-03-13 17:28:00,2290.9,153.6,2053.8,0.0,0.0
2026-03-13 17:29:00,2210.9,147.9,1979.5,0.0,0.0
2026-03-13 17:30:00,2271.4,149.2,2040.6,0.0,0.0
2026-03-13 17:31:00,2258.6,157.8,2021.6,0.0,0.0
2026-03-13 17:32:00,2242.8,145.5,2010.4,0.0,0.0
2026-03-13 17:33:00,2249.3,158.0,2004.6,0.0,0.0
2026-03-13 17:34:00,2279.3,153.1,2041.2,0.0,0.0
2026-03-13 17:35:00,2093.0,0.0,2008.6,0.0,0.0
2026-03-13 17:36:00,2059.1,0.0,1988.7,0.0,0.0
2026-03-13 17:37:00,2075.7,0.0,2001.7,0.0,0.0
2026-03-13 17:38:00,2098.7,0.0,2014.5,0.0,0.0
2026-03-13 17:39:00,2001.1,0.0,1928.4,0.0,0.0
2026-03-13 17:40:00,2124.5,0.0,2036.6,0.0,0.0
2026-03-13 17:41:00,2086.3,0.0,2014.1,0.0,0.0
2026-03-13 17:42:00,2114.9,0.0,2037.6,0.0,0.0
2026-03-13 17:43:00,2087.5,0.0,1999.9,0.0,0.0
2026-03-13 17:44:00,2073.9,0.0,1993.0,0.0,0.0
2026-03-13 17:45:00,2057.8,0.0,1982.7,0.0,0.0
2026-03-13 17:46:00,2112.1,0.0,2027.1,0.0,0.0
2026-03-13 17:47:00,2087.0,0.0,2011.3,0.0,0.0
2026-03-13 17:48:00,2071.7,0.0,1989.8,0.0,0.0
2026-03-13 17:49:00,2050.5,0.0,1975.5,0.0,0.0
2026-03-13 17:50:00,2117.8,0.0,2042.2,0.0,0.0
2026-03-13 17:51:00,2025.8,0.0,1950.9,0.0,0.0
2026-03-13 17:52:00,2073.0,0.0,1995.4,0.0,0.0
2026-03-13 17:53:00,2115.8,0.0,2037.1,0.0,0.0
2026-03-13 17:54:00,2066.4,0.0,1991.6,0.0,0.0
2026-03-13 17:55:00,2086.8,0.0,2013.2,0.0,0.0
2026-03-13 17:56:00,2068.3,0.0,1991.4,0.0,0.0
2026-03-13 17:57:00,2126.7,0.0,2051.5,0.0,0.0
2026-03-13 17:58:00,2051.5,0.0,1973.1,0.0,0.0
2026-03-13 17:59:00,2069.4,0.0,1994.6,0.0,0.0
2026-03-13 18:00:00,2329.5,151.0,1984.9,0.0,118.7
2026-03-13 18:01:00,2308.0,135.2,1976.1,0.0,116.1
2026-03-13 18:02:00,2279.6,145.7,1944.9,0.0,115.2
2026-03-13 18:03:00,2286.8,153.3,2055.5,0.0,0.0
2026-03-13 18:04:00,2325.6,146.5,1983.6,0.0,116.2
2026-03-13 18:05:00,2367.3,150.9,2016.9,0.0,125.6
2026-03-13 18:06:00,2331.2,153.9,1980.3,0.0,127.9
2026-03-13 18:07:00,2230.6,152.6,1996.5,0.0,0.0
2026-03-13 18:08:00,2390.3,156.1,2034.3,0.0,114.2
2026-03-13 18:09:00,2369.4,145.6,2023.4,0.0,115.6
2026-03-13 18:10:00,2167.6,148.9,1936.5,0.0,0.0
2026-03-13 18:11:00,2193.1,151.3,1962.9,0.0,0.0
2026-03-13 18:12:00,2213.4,152.8,1981.2,0.0,0.0
2026-03-13 18:13:00,2298.8,143.9,1973.7,0.0,107.2
2026-03-13 18:14:00,2168.6,143.2,1944.8,0.0,0.0
2026-03-13 18:15:00,2166.2,142.0,1941.8,0.0,0.0
2026-03-13 18:16:00,2340.8,148.3,1998.6,0.0,121.4
2026-03-13 18:17:00,2430.8,152.1,2062.9,0.0,126.8
2026-03-13 18:18:00,2303.9,148.2,1951.8,0.0,122.4
2026-03-13 18:19:00,2346.2,149.6,2002.8,0.0,116.2
2026-03-13 18:20:00,2175.9,153.8,1939.0,0.0,0.0
2026-03-13 18:21:00,2313.2,141.4,1964.6,0.0,121.5
2026-03-13 18:22:00,2363.0,146.7,2017.9,0.0,126.7
2026-03-13 18:23:00,2227.2,141.9,1999.7,0.0,0.0
2026-03-13 18:24:00,2335.6,154.8,1979.1,0.0,117.8
2026-03-13 18:25:00,2357.2,150.6,2017.0,0.0,113.9
2026-03-13 18:26:00,2271.8,155.8,2026.6,0.0,0.0
2026-03-13 18:27:00,2380.1,138.8,2018.5,0.0,129.3
2026-03-13 18:28:00,2195.2,142.4,1969.5,0.0,0.0
2026-03-13 18:29:00,2358.9,146.1,2015.6,0.0,114.6
2026-03-13 18:30:00,2387.1,150.5,2035.0,0.0,118.8
2026-03-13 18:31:00,2275.4,150.7,2037.0,0.0,0.0
2026-03-13 18:32:00,2284.9,152.5,2067.9,0.0,0.0
2026-03-13 18:33:00,2214.3,152.1,1992.9,0.0,0.0
2026-03-13 18:34:00,2364.4,143.9,2026.6,0.0,116.7
2026-03-13 18:35:00,2236.5,0.0,2033.8,0.0,126.5
2026-03-13 18:36:00,2124.5,0.0,2046.1,0.0,0.0
2026-03-13 18:37:00,2154.9,0.0,1956.2,0.0,118.4
2026-03-13 18:38:00,2171.3,0.0,1959.9,0.0,125.6
2026-03-13 18:39:00,2216.4,0.0,2017.0,0.0,114.2
2026-03-13 18:40:00,2132.6,0.0,2044.9,0.0,0.0
2026-03-13 18:41:00,2176.7,0.0,1971.7,0.0,123.7
2026-03-13 18:42:00,2200.5,0.0,1993.5,0.0,121.3
2026-03-13 18:43:00,2173.6,0.0,1981.3,0.0,115.4
2026-03-13 18:44:00,2112.1,0.0,2030.2,0.0,0.0
2026-03-13 18:45:00,2234.2,0.0,2030.5,0.0,121.8
2026-03-13 18:46:00,2215.9,0.0,2010.9,0.0,123.5
2026-03-13 18:47:00,2242.6,0.0,2026.5,0.0,127.1
2026-03-13 18:48:00,2125.1,0.0,2043.3,0.0,0.0
2026-03-13 18:49:00,2150.1,0.0,2073.0,0.0,0.0
2026-03-13 18:50:00,2198.3,0.0,2001.4,0.0,121.1
2026-03-13 18:51:00,2176.9,0.0,1980.4,0.0,119.3
2026-03-13 18:52:00,2201.2,0.0,2003.4,0.0,125.9
2026-03-13 18:53:00,2102.6,0.0,2016.9,0.0,0.0
2026-03-13 18:54:00,2193.1,0.0,1993.7,0.0,117.2
2026-03-13 18:55:00,2067.9,0.0,1993.2,0.0,0.0
2026-03-13 18:56:00,2085.5,0.0,2009.4,0.0,0.0
2026-03-13 18:57:00,2188.7,0.0,1989.0,0.0,120.0
2026-03-13 18:58:00,2091.0,0.0,2029.3,0.0,0.0
2026-03-13 18:59:00,2062.0,0.0,1986.9,0.0,0.0
2026-03-13 19:00:00,2177.4,150.3,1954.0,0.0,0.0
2026-03-13 19:01:00,2347.9,153.6,1997.9,0.0,118.2
2026-03-13 19:02:00,2199.7,150.6,1978.3,0.0,0.0
2026-03-13 19:03:00,2353.2,154.1,1999.0,0.0,122.0
2026-03-13 19:04:00,2249.8,147.8,2014.2,0.0,0.0
2026-03-13 19:05:00,2376.1,152.6,2029.1,0.0,117.0
2026-03-13 19:06:00,2248.5,150.2,2023.6,0.0,0.0
2026-03-13 19:07:00,2380.2,152.3,2020.1,0.0,127.9
2026-03-13 19:08:00,2231.6,150.2,1997.9,0.0,0.0
2026-03-13 19:09:00,2344.3,148.0,2008.4,0.0,111.9
2026-03-13 19:10:00,2341.2,149.6,1977.5,0.0,125.4
2026-03-13 19:11:00,2361.8,150.3,2021.4,0.0,117.9
2026-03-13 19:12:00,2246.4,150.8,2019.9,0.0,0.0
2026-03-13 19:13:00,2324.7,143.4,1981.8,0.0,122.1
2026-03-13 19:14:00,2340.7,152.8,1999.8,0.0,109.5
2026-03-13 19:15:00,2350.8,148.6,2001.6,0.0,116.0
2026-03-13 19:16:00,2208.3,154.1,1973.8,0.0,0.0
2026-03-13 19:17:00,2310.7,152.2,2079.3,0.0,0.0
2026-03-13 19:18:00,2250.9,146.4,2020.4,0.0,0.0
2026-03-13 19:19:00,2317.1,145.7,1972.7,0.0,126.2
2026-03-13 19:20:00,2317.5,152.4,1968.2,0.0,115.2
2026-03-13 19:21:00,2389.3,149.0,2050.8,0.0,117.1
2026-03-13 19:22:00,2322.8,149.6,1972.3,0.0,126.5
2026-03-13 19:23:00,2250.3,149.2,2021.4,0.0,0.0
2026-03-13 19:24:00,2349.8,154.7,2003.2,0.0,110.3
2026-03-13 19:25:00,2352.4,150.7,2002.0,0.0,116.9
2026-03-13 19:26:00,2270.5,147.2,2049.2,0.0,0.0
2026-03-13 19:27:00,2272.1,146.6,1922.1,0.0,118.5
2026-03-13 19:28:00,2206.1,147.3,1977.3,0.0,0.0
2026-03-13 19:29:00,2370.2,152.2,2012.5,0.0,123.7
2026-03-13 19:30:00,2366.2,141.8,2026.0,0.0,115.6
2026-03-13 19:31:00,2345.5,147.3,1996.7,0.0,123.0
2026-03-13 19:32:00,2357.4,147.2,2001.0,0.0,127.8
2026-03-13 19:33:00,2209.7,152.6,1977.2,0.0,0.0
2026-03-13 19:34:00,2410.7,145.6,2064.2,0.0,114.6
2026-03-13 19:35:00,2115.9,0.0,2033.4,0.0,0.0
2026-03-13 19:36:00,2258.3,0.0,2062.2,0.0,119.6
2026-03-13 19:37:00,2195.2,0.0,1980.2,0.0,133.0
2026-03-13 19:38:00,2218.2,0.0,2019.0,0.0,125.8
2026-03-13 19:39:00,2069.8,0.0,1999.7,0.0,0.0
2026-03-13 19:40:00,2227.0,0.0,2037.0,0.0,117.0
2026-03-13 19:41:00,2164.7,0.0,1985.4,0.0,112.1
2026-03-13 19:42:00,2213.2,0.0,2012.5,0.0,118.2
2026-03-13 19:43:00,2211.1,0.0,2006.0,0.0,122.3
2026-03-13 19:44:00,2254.7,0.0,2063.9,0.0,115.3
2026-03-13 19:45:00,2219.2,0.0,2017.2,0.0,121.6
2026-03-13 19:46:00,2215.1,0.0,2012.1,0.0,123.5
2026-03-13 19:47:00,2245.5,0.0,2027.1,0.0,129.4
2026-03-13 19:48:00,2282.8,0.0,2089.3,0.0,119.5
2026-03-13 19:49:00,2087.4,0.0,2012.3,0.0,0.0
2026-03-13 19:50:00,2054.4,0.0,1975.8,0.0,0.0
2026-03-13 19:51:00,2239.1,0.0,2026.8,0.0,121.6
2026-03-13 19:52:00,2171.0,0.0,1968.4,0.0,123.6
2026-03-13 19:53:00,2186.2,0.0,1992.3,0.0,109.3
2026-03-13 19:54:00,2172.0,0.0,1966.2,0.0,119.5
2026-03-13 19:55:00,2084.0,0.0,2015.3,0.0,0.0
2026-03-13 19:56:00,2213.1,0.0,2008.6,0.0,120.7
2026-03-13 19:57:00,2175.1,0.0,1988.3,0.0,111.9
2026-03-13 19:58:00,2234.8,0.0,2038.5,0.0,122.1
2026-03-13 19:59:00,2211.6,0.0,2014.4,0.0,121.7
2026-03-13 20:00:00,2369.0,145.9,2023.9,0.0,118.2
2026-03-13 20:01:00,2224.1,153.0,1995.6,0.0,0.0
2026-03-13 20:02:00,2362.0,149.6,2000.0,0.0,127.6
2026-03-13 20:03:00,2183.0,149.3,1951.1,0.0,0.0
2026-03-13 20:04:00,2340.5,153.2,1990.2,0.0,125.2
2026-03-13 20:05:00,2283.9,152.5,2051.8,0.0,0.0
2026-03-13 20:06:00,2331.9,156.8,1980.2,0.0,113.4
2026-03-13 20:07:00,2340.7,155.3,1995.3,0.0,117.4
2026-03-13 20:08:00,2317.8,146.2,1978.0,0.0,110.9
2026-03-13 20:09:00,2254.2,155.4,2020.6,0.0,0.0
2026-03-13 20:10:00,2353.4,148.6,2021.5,0.0,109.7
2026-03-13 20:11:00,2349.1,159.3,1984.0,0.0,127.2
2026-03-13 20:12:00,2315.9,144.1,1963.6,0.0,123.1
2026-03-13 20:13:00,2396.3,149.7,2041.5,0.0,122.3
2026-03-13 20:14:00,2352.9,142.8,2004.9,0.0,120.4
2026-03-13 20:15:00,2311.8,156.3,2075.5,0.0,0.0
2026-03-13 20:16:00,2372.6,151.1,2035.5,0.0,112.1
2026-03-13 20:17:00,2381.5,149.5,2024.8,0.0,118.0
2026-03-13 20:18:00,2356.8,145.5,2007.6,0.0,124.4
2026-03-13 20:19:00,2210.9,145.2,1986.1,0.0,0.0
2026-03-13 20:20:00,2350.8,144.0,2000.5,0.0,122.7
2026-03-13 20:21:00,2327.9,144.4,1976.2,0.0,121.4
2026-03-13 20:22:00,2320.7,149.7,1969.2,0.0,127.3
2026-03-13 20:23:00,2176.3,148.2,1961.0,0.0,0.0
2026-03-13 20:24:00,2238.4,157.3,2012.1,0.0,0.0
2026-03-13 20:25:00,2187.1,144.4,1969.8,0.0,0.0
2026-03-13 20:26:00,2389.6,146.8,2040.2,0.0,125.4
2026-03-13 20:27:00,2246.5,147.5,2017.6,0.0,0.0
2026-03-13 20:28:00,2204.4,153.6,1967.8,0.0,0.0
2026-03-13 20:29:00,2277.4,149.4,2048.2,0.0,0.0
2026-03-13 20:30:00,2332.7,146.1,1992.9,0.0,123.9
2026-03-13 20:31:00,2395.0,153.2,2058.7,0.0,118.4
2026-03-13 20:32:00,2368.9,152.8,2017.2,0.0,120.5
2026-03-13 20:33:00,2378.3,141.2,2044.6,0.0,115.4
2026-03-13 20:34:00,2187.6,155.7,1946.9,0.0,0.0
2026-03-13 20:35:00,2070.5,0.0,1997.9,0.0,0.0
2026-03-13 20:36:00,2261.3,0.0,2053.7,0.0,123.6
2026-03-13 20:37:00,2224.9,0.0,2027.4,0.0,123.1
2026-03-13 20:38:00,2097.5,0.0,2012.2,0.0,0.0
2026-03-13 20:39:00,2081.8,0.0,2004.4,0.0,0.0
2026-03-13 20:40:00,2253.8,0.0,2057.1,0.0,116.5
2026-03-13 20:41:00,2069.6,0.0,1990.1,0.0,0.0
2026-03-13 20:42:00,2115.5,0.0,2035.3,0.0,0.0
2026-03-13 20:43:00,2179.1,0.0,1993.6,0.0,111.8
2026-03-13 20:44:00,2235.8,0.0,2028.0,0.0,125.9
2026-03-13 20:45:00,2223.6,0.0,2027.8,0.0,115.2
2026-03-13 20:46:00,2176.5,0.0,1979.5,0.0,122.2
2026-03-13 20:47:00,2156.1,0.0,1970.0,0.0,106.9
2026-03-13 20:48:00,2166.1,0.0,1965.5,0.0,126.6
2026-03-13 20:49:00,2199.5,0.0,1983.4,0.0,135.5
2026-03-13 20:50:00,2237.9,0.0,2041.7,0.0,121.4
2026-03-13 20:51:00,2198.5,0.0,2003.0,0.0,121.3
2026-03-13 20:52:00,2177.5,0.0,1965.1,0.0,122.2
2026-03-13 20:53:00,2206.0,0.0,2009.9,0.0,119.1
2026-03-13 20:54:00,2050.3,0.0,1964.4,0.0,0.0
2026-03-13 20:55:00,2079.0,0.0,2004.3,0.0,0.0
2026-03-13 20:56:00,2075.8,0.0,1987.8,0.0,0.0
2026-03-13 20:57:00,2237.5,0.0,2028.4,0.0,124.6
2026-03-13 20:58:00,2211.7,0.0,2004.4,0.0,123.5
2026-03-13 20:59:00,2123.8,0.0,2033.7,0.0,0.0
2026-03-13 21:00:00,2354.3,152.7,1986.8,0.0,131.0
2026-03-13 21:01:00,2382.4,146.4,2030.1,0.0,129.7
2026-03-13 21:02:00,2210.1,136.0,1998.7,0.0,0.0
2026-03-13 21:03:00,2393.9,160.5,2027.1,0.0,116.7
2026-03-13 21:04:00,2380.8,154.4,2035.7,0.0,116.2
2026-03-13 21:05:00,2367.0,147.3,2011.9,0.0,127.4
2026-03-13 21:06:00,2319.5,148.8,1976.3,0.0,112.2
2026-03-13 21:07:00,2245.7,158.3,2012.3,0.0,0.0
2026-03-13 21:08:00,2374.8,152.7,2021.0,0.0,121.3
2026-03-13 21:09:00,2338.9,163.7,1964.4,0.0,117.4
2026-03-13 21:10:00,2377.4,150.7,2025.7,0.0,118.6
2026-03-13 21:11:00,2161.9,144.5,1936.9,0.0,0.0
2026-03-13 21:12:00,2296.1,149.5,1944.7,0.0,118.2
2026-03-13 21:13:00,2325.8,156.0,1971.1,0.0,117.1
2026-03-13 21:14:00,2353.0,153.2,1993.6,0.0,117.8
2026-03-13 21:15:00,2205.9,147.8,1974.0,0.0,0.0
2026-03-13 21:16:00,2231.4,145.6,2011.2,0.0,0.0
2026-03-13 21:17:00,2333.6,151.9,1976.7,0.0,125.0
2026-03-13 21:18:00,2238.6,155.2,2000.4,0.0,0.0
2026-03-13 21:19:00,2395.2,159.8,2043.7,0.0,114.0
2026-03-13 21:20:00,2293.2,142.5,1952.5,0.0,127.5
2026-03-13 21:21:00,2221.7,146.0,1988.2,0.0,0.0
2026-03-13 21:22:00,2339.9,151.1,1982.1,0.0,118.5
2026-03-13 21:23:00,2364.4,149.8,2015.1,0.0,116.2
2026-03-13 21:24:00,2355.5,147.8,2007.3,0.0,119.7
2026-03-13 21:25:00,2367.6,152.0,2022.5,0.0,112.6
2026-03-13 21:26:00,2229.0,144.9,2013.1,0.0,0.0
2026-03-13 21:27:00,2301.0,138.1,1972.8,0.0,113.6
2026-03-13 21:28:00,2397.2,156.7,2037.7,0.0,116.7
2026-03-13 21:29:00,2232.8,147.1,2002.9,0.0,0.0
2026-03-13 21:30:00,2230.8,146.1,2007.9,0.0,0.0
2026-03-13 21:31:00,2397.6,153.6,2038.8,0.0,124.6
2026-03-13 21:32:00,2346.4,152.7,1994.5,0.0,114.8
2026-03-13 21:33:00,2235.1,145.0,2001.1,0.0,0.0
2026-03-13 21:34:00,2270.9,155.5,2034.1,0.0,0.0
2026-03-13 21:35:00,2037.3,0.0,1956.5,0.0,0.0
2026-03-13 21:36:00,2231.1,0.0,2027.9,0.0,118.6
2026-03-13 21:37:00,2091.1,0.0,2016.2,0.0,0.0
2026-03-13 21:38:00,2108.8,0.0,2032.4,0.0,0.0
2026-03-13 21:39:00,2093.1,0.0,2017.7,0.0,0.0
2026-03-13 21:40:00,2085.1,0.0,2005.0,0.0,0.0
2026-03-13 21:41:00,2202.4,0.0,1998.7,0.0,120.5
2026-03-13 21:42:00,2086.0,0.0,1990.7,0.0,0.0
2026-03-13 21:43:00,2054.1,0.0,1981.2,0.0,0.0
2026-03-13 21:44:00,2157.8,0.0,1955.2,0.0,113.4
2026-03-13 21:45:00,2204.1,0.0,2007.7,0.0,112.2
2026-03-13 21:46:00,2115.4,0.0,2038.9,0.0,0.0
2026-03-13 21:47:00,2193.3,0.0,1997.4,0.0,119.6
2026-03-13 21:48:00,2216.2,0.0,2009.2,0.0,121.3
2026-03-13 21:49:00,2189.3,0.0,1993.8,0.0,118.5
2026-03-13 21:50:00,2115.3,0.0,2043.0,0.0,0.0
2026-03-13 21:51:00,2044.1,0.0,1975.4,0.0,0.0
2026-03-13 21:52:00,2048.3,0.0,1966.2,0.0,0.0
2026-03-13 21:53:00,2155.5,0.0,1954.1,0.0,125.5
2026-03-13 21:54:00,2220.2,0.0,2020.8,0.0,123.9
2026-03-13 21:55:00,2233.0,0.0,2039.6,0.0,118.2
2026-03-13 21:56:00,2198.6,0.0,1994.7,0.0,113.9
2026-03-13 21:57:00,2112.1,0.0,2027.9,0.0,0.0
2026-03-13 21:58:00,2138.1,0.0,2058.6,0.0,0.0
2026-03-13 21:59:00,2082.8,0.0,1999.4,0.0,0.0
2026-03-13 22:00:00,2411.6,149.1,2058.0,0.0,124.0
2026-03-13 22:01:00,2235.7,156.3,1994.6,0.0,0.0
2026-03-13 22:02:00,2311.9,151.0,1964.4,0.0,128.7
2026-03-13 22:03:00,2179.5,150.0,1951.9,0.0,0.0
2026-03-13 22:04:00,2375.3,146.4,2023.3,0.0,122.9
2026-03-13 22:05:00,2351.4,143.4,2011.6,0.0,121.0
2026-03-13 22:06:00,2405.1,147.7,2050.6,0.0,125.7
2026-03-13 22:07:00,2314.2,157.3,2063.6,0.0,0.0
2026-03-13 22:08:00,2393.8,151.9,2051.8,0.0,123.0
2026-03-13 22:09:00,2188.9,152.4,1953.7,0.0,0.0
2026-03-13 22:10:00,2178.2,142.6,1961.8,0.0,0.0
2026-03-13 22:11:00,2230.2,164.9,1991.3,0.0,0.0
2026-03-13 22:12:00,2386.0,148.2,2033.9,0.0,118.5
2026-03-13 22:13:00,2381.5,151.3,2022.4,0.0,127.1
2026-03-13 22:14:00,2375.8,159.7,2011.7,0.0,123.0
2026-03-13 22:15:00,2359.1,150.6,1998.3,0.0,124.9
2026-03-13 22:16:00,2327.6,139.3,1982.0,0.0,123.3
2026-03-13 22:17:00,2290.6,154.1,2056.7,0.0,0.0
2026-03-13 22:18:00,2343.9,143.1,1995.9,0.0,122.0
2026-03-13 22:19:00,2200.0,149.5,1969.0,0.0,0.0
2026-03-13 22:20:00,2292.1,151.8,1953.2,0.0,113.4
2026-03-13 22:21:00,2252.1,157.8,2015.1,0.0,0.0
2026-03-13 22:22:00,2314.2,158.9,1954.0,0.0,120.4
2026-03-13 22:23:00,2321.8,158.2,1969.0,0.0,123.8
2026-03-13 22:24:00,2273.5,148.0,2053.5,0.0,0.0
2026-03-13 22:25:00,2351.3,148.5,2013.4,0.0,115.4
2026-03-13 22:26:00,2135.7,152.9,1907.9,0.0,0.0
2026-03-13 22:27:00,2250.5,152.4,2015.5,0.0,0.0
2026-03-13 22:28:00,2344.3,147.8,1998.8,0.0,127.7
2026-03-13 22:29:00,2360.2,149.4,2006.9,0.0,123.5
2026-03-13 22:30:00,2353.3,143.8,2024.9,0.0,109.7
2026-03-13 22:31:00,2312.7,147.5,1970.7,0.0,116.7
2026-03-13 22:32:00,2236.0,141.7,2015.2,0.0,0.0
2026-03-13 22:33:00,2401.6,152.0,2066.6,0.0,116.2
2026-03-13 22:34:00,2268.1,148.1,2037.7,0.0,0.0
2026-03-13 22:35:00,2225.1,0.0,2024.0,0.0,123.1
2026-03-13 22:36:00,2220.0,0.0,2015.5,0.0,118.5
2026-03-13 22:37:00,2185.7,0.0,1989.1,0.0,124.5
2026-03-13 22:38:00,2275.4,0.0,2074.8,0.0,123.0
2026-03-13 22:39:00,2268.0,0.0,2062.0,0.0,120.4
2026-03-13 22:40:00,2076.5,0.0,1993.2,0.0,0.0
2026-03-13 22:41:00,2200.9,0.0,2003.4,0.0,119.1
2026-03-13 22:42:00,2061.5,0.0,1974.8,0.0,0.0
2026-03-13 22:43:00,2242.5,0.0,2042.8,0.0,120.2
2026-03-13 22:44:00,2066.5,0.0,1985.3,0.0,0.0
2026-03-13 22:45:00,2244.6,0.0,2049.7,0.0,111.2
2026-03-13 22:46:00,2172.0,0.0,1977.3,0.0,118.2
2026-03-13 22:47:00,2240.5,0.0,2035.9,0.0,123.6
2026-03-13 22:48:00,2214.2,0.0,2014.5,0.0,119.0
2026-03-13 22:49:00,2045.3,0.0,1961.9,0.0,0.0
2026-03-13 22:50:00,2124.3,0.0,2041.8,0.0,0.0
2026-03-13 22:51:00,2076.0,0.0,1996.9,0.0,0.0
2026-03-13 22:52:00,2131.4,0.0,1948.6,0.0,113.0
2026-03-13 22:53:00,2235.2,0.0,2033.8,0.0,124.8
2026-03-13 22:54:00,2163.8,0.0,1976.4,0.0,119.0
2026-03-13 22:55:00,2199.4,0.0,2006.0,0.0,112.6
2026-03-13 22:56:00,2215.2,0.0,2011.0,0.0,122.8
2026-03-13 22:57:00,2227.5,0.0,2028.9,0.0,121.9
2026-03-13 22:58:00,2216.9,0.0,1996.2,0.0,122.0
2026-03-13 22:59:00,2223.0,0.0,2029.3,0.0,113.0
2026-03-13 23:00:00,2190.1,150.6,1958.9,0.0,0.0
2026-03-13 23:01:00,2203.4,144.2,1975.6,0.0,0.0
2026-03-13 23:02:00,2222.4,148.5,1994.0,0.0,0.0
2026-03-13 23:03:00,2254.5,156.2,2022.3,0.0,0.0
2026-03-13 23:04:00,2195.2,151.9,1972.7,0.0,0.0
2026-03-13 23:05:00,2271.0,140.3,2041.4,0.0,0.0
2026-03-13 23:06:00,2265.9,147.4,2040.2,0.0,0.0
2026-03-13 23:07:00,2245.4,158.0,2001.6,0.0,0.0
2026-03-13 23:08:00,2223.2,151.1,1987.2,0.0,0.0
2026-03-13 23:09:00,2230.3,146.6,1995.2,0.0,0.0
2026-03-13 23:10:00,2189.9,154.2,1951.4,0.0,0.0
2026-03-13 23:11:00,2224.7,152.0,1985.1,0.0,0.0
2026-03-13 23:12:00,2236.0,151.8,2009.6,0.0,0.0
2026-03-13 23:13:00,2230.9,161.2,1989.6,0.0,0.0
2026-03-13 23:14:00,2257.3,163.3,2017.1,0.0,0.0
2026-03-13 23:15:00,2223.7,148.7,2004.5,0.0,0.0
2026-03-13 23:16:00,2175.8,149.0,1954.5,0.0,0.0
2026-03-13 23:17:00,2230.3,152.0,2004.4,0.0,0.0
2026-03-13 23:18:00,2178.9,144.5,1953.6,0.0,0.0
2026-03-13 23:19:00,2188.3,151.0,1965.1,0.0,0.0
2026-03-13 23:20:00,2228.1,145.8,1999.0,0.0,0.0
2026-03-13 23:21:00,2198.5,147.2,1974.4,0.0,0.0
2026-03-13 23:22:00,2239.8,142.4,2017.2,0.0,0.0
2026-03-13 23:23:00,2220.2,158.1,1984.2,0.0,0.0
2026-03-13 23:24:00,2202.0,142.9,1981.6,0.0,0.0
2026-03-13 23:25:00,2175.9,143.1,1959.7,0.0,0.0
2026-03-13 23:26:00,2236.8,150.4,2001.4,0.0,0.0
2026-03-13 23:27:00,2224.1,143.6,1999.8,0.0,0.0
2026-03-13 23:28:00,2155.2,149.5,1928.6,0.0,0.0
2026-03-13 23:29:00,2272.9,146.9,2039.7,0.0,0.0
2026-03-13 23:30:00,2232.3,147.3,2010.7,0.0,0.0
2026-03-13 23:31:00,2155.2,153.9,1925.6,0.0,0.0
2026-03-13 23:32:00,2255.9,158.3,2009.1,0.0,0.0
2026-03-13 23:33:00,2227.9,150.1,1999.1,0.0,0.0
2026-03-13 23:34:00,2288.3,147.4,2057.6,0.0,0.0
2026-03-13 23:35:00,2088.2,0.0,2013.3,0.0,0.0
2026-03-13 23:36:00,2101.1,0.0,2022.5,0.0,0.0
2026-03-13 23:37:00,2084.3,0.0,2001.5,0.0,0.0
2026-03-13 23:38:00,2096.8,0.0,2011.7,0.0,0.0
2026-03-13 23:39:00,2092.4,0.0,2009.3,0.0,0.0
2026-03-13 23:40:00,2053.8,0.0,1977.1,0.0,0.0
2026-03-13 23:41:00,2053.2,0.0,1979.2,0.0,0.0
2026-03-13 23:42:00,2039.1,0.0,1961.6,0.0,0.0
2026-03-13 23:43:00,2105.2,0.0,2020.0,0.0,0.0
2026-03-13 23:44:00,2085.4,0.0,2012.9,0.0,0.0
2026-03-13 23:45:00,2071.3,0.0,1986.4,0.0,0.0
2026-03-13 23:46:00,2114.1,0.0,2025.9,0.0,0.0
2026-03-13 23:47:00,2084.1,0.0,2004.1,0.0,0.0
2026-03-13 23:48:00,2091.9,0.0,2014.6,0.0,0.0
2026-03-13 23:49:00,2099.3,0.0,2021.1,0.0,0.0
2026-03-13 23:50:00,2034.2,0.0,1948.8,0.0,0.0
2026-03-13 23:51:00,2043.8,0.0,1963.3,0.0,0.0
2026-03-13 23:52:00,2085.9,0.0,2012.7,0.0,0.0
2026-03-13 23:53:00,2082.6,0.0,1998.8,0.0,0.0
2026-03-13 23:54:00,2092.0,0.0,2006.9,0.0,0.0
2026-03-13 23:55:00,2137.8,0.0,2046.1,0.0,0.0
2026-03-13 23:56:00,2102.6,0.0,2027.1,0.0,0.0
2026-03-13 23:57:00,2078.4,0.0,2001.1,0.0,0.0
2026-03-13 23:58:00,2064.6,0.0,1987.9,0.0,0.0
2026-03-13 23:59:00,2135.2,0.0,2053.8,0.0,0.0
2026-03-14 00:00:00,2218.9,150.9,1996.9,0.0,0.0
2026-03-14 00:01:00,2258.9,148.0,2029.6,0.0,0.0
2026-03-14 00:02:00,2215.0,148.6,1987.3,0.0,0.0
2026-03-14 00:03:00,2246.8,151.3,2021.1,0.0,0.0
2026-03-14 00:04:00,2198.9,146.5,1973.3,0.0,0.0
2026-03-14 00:05:00,2242.4,155.0,2002.6,0.0,0.0
2026-03-14 00:06:00,2221.8,151.1,1991.7,0.0,0.0
2026-03-14 00:07:00,2207.9,150.5,1981.5,0.0,0.0
2026-03-14 00:08:00,2238.2,143.8,2013.5,0.0,0.0
2026-03-14 00:09:00,2202.9,154.9,1959.2,0.0,0.0
2026-03-14 00:10:00,2268.3,155.9,2033.8,0.0,0.0
2026-03-14 00:11:00,2193.6,149.1,1969.8,0.0,0.0
2026-03-14 00:12:00,2257.2,152.2,2027.6,0.0,0.0
2026-03-14 00:13:00,2255.0,147.6,2026.2,0.0,0.0
2026-03-14 00:14:00,2182.5,147.8,1960.1,0.0,0.0
2026-03-14 00:15:00,238.1,153.3,0.0,0.0,0.0
2026-03-14 00:16:00,2218.2,147.9,1996.2,0.0,0.0
2026-03-14 00:17:00,2217.4,150.0,1984.1,0.0,0.0
2026-03-14 00:18:00,2257.4,152.6,2029.6,0.0,0.0
2026-03-14 00:19:00,226.3,145.3,0.0,0.0,0.0
2026-03-14 00:20:00,2223.7,154.1,1976.5,0.0,0.0
2026-03-14 00:21:00,2201.9,142.1,1977.1,0.0,0.0
2026-03-14 00:22:00,2228.8,146.5,2001.3,0.0,0.0
2026-03-14 00:23:00,2257.4,156.1,2013.8,0.0,0.0
2026-03-14 00:24:00,2233.8,155.2,2003.6,0.0,0.0
2026-03-14 00:25:00,2197.6,150.4,1961.1,0.0,0.0
2026-03-14 00:26:00,2203.3,150.0,1976.3,0.0,0.0
2026-03-14 00:27:00,2230.9,151.5,1987.4,0.0,0.0
2026-03-14 00:28:00,2225.3,147.9,1994.1,0.0,0.0
2026-03-14 00:29:00,2206.0,150.8,1986.6,0.0,0.0
2026-03-14 00:30:00,2226.0,155.2,1986.5,0.0,0.0
2026-03-14 00:31:00,2203.2,152.4,1971.2,0.0,0.0
2026-03-14 00:32:00,2197.8,145.6,1963.9,0.0,0.0
2026-03-14 00:33:00,2235.0,146.0,2014.7,0.0,0.0
2026-03-14 00:34:00,2237.5,141.9,2023.9,0.0,0.0
2026-03-14 00:35:00,2087.1,0.0,2003.7,0.0,0.0
2026-03-14 00:36:00,2023.2,0.0,1942.9,0.0,0.0
2026-03-14 00:37:00,2060.4,0.0,1983.0,0.0,0.0
2026-03-14 00:38:00,2061.4,0.0,1985.0,0.0,0.0
2026-03-14 00:39:00,2081.8,0.0,2000.3,0.0,0.0
2026-03-14 00:40:00,2107.0,0.0,2034.7,0.0,0.0
2026-03-14 00:41:00,2084.1,0.0,2004.8,0.0,0.0
2026-03-14 00:42:00,2061.0,0.0,1988.8,0.0,0.0
2026-03-14 00:43:00,2070.8,0.0,1991.1,0.0,0.0
2026-03-14 00:44:00,2055.8,0.0,1975.9,0.0,0.0
2026-03-14 00:45:00,2076.4,0.0,1987.2,0.0,0.0
2026-03-14 00:46:00,2091.4,0.0,2002.6,0.0,0.0
2026-03-14 00:47:00,2094.8,0.0,2019.9,0.0,0.0
2026-03-14 00:48:00,2097.6,0.0,2016.7,0.0,0.0
2026-03-14 00:49:00,2046.0,0.0,1965.2,0.0,0.0
2026-03-14 00:50:00,2096.5,0.0,2023.2,0.0,0.0
2026-03-14 00:51:00,2166.3,0.0,2087.3,0.0,0.0
2026-03-14 00:52:00,2111.1,0.0,2033.2,0.0,0.0
2026-03-14 00:53:00,2016.0,0.0,1944.9,0.0,0.0
2026-03-14 00:54:00,77.9,0.0,0.0,0.0,0.0
2026-03-14 00:55:00,2082.8,0.0,2000.0,0.0,0.0
2026-03-14 00:56:00,2089.7,0.0,2018.2,0.0,0.0
2026-03-14 00:57:00,75.0,0.0,0.0,0.0,0.0
2026-03-14 00:58:00,75.2,0.0,0.0,0.0,0.0
2026-03-14 00:59:00,76.9,0.0,0.0,0.0,0.0
2026-03-14 01:00:00,232.8,154.2,0.0,0.0,0.0
2026-03-14 01:01:00,222.9,150.0,0.0,0.0,0.0
2026-03-14 01:02:00,231.8,153.6,0.0,0.0,0.0
2026-03-14 01:03:00,229.8,147.7,0.0,0.0,0.0
2026-03-14 01:04:00,237.5,155.7,0.0,0.0,0.0
2026-03-14 01:05:00,234.8,150.5,0.0,0.0,0.0
2026-03-14 01:06:00,2230.3,149.8,1999.9,0.0,0.0
2026-03-14 01:07:00,2204.7,151.2,1974.4,0.0,0.0
2026-03-14 01:08:00,242.8,149.6,0.0,0.0,0.0
2026-03-14 01:09:00,227.2,144.0,0.0,0.0,0.0
2026-03-14 01:10:00,232.5,149.7,0.0,0.0,0.0
2026-03-14 01:11:00,236.1,152.1,0.0,0.0,0.0
2026-03-14 01:12:00,225.7,150.4,0.0,0.0,0.0
2026-03-14 01:13:00,223.2,147.2,0.0,0.0,0.0
2026-03-14 01:14:00,2224.4,149.2,1992.2,0.0,0.0
2026-03-14 01:15:00,221.8,145.0,0.0,0.0,0.0
2026-03-14 01:16:00,225.6,151.9,0.0,0.0,0.0
2026-03-14 01:17:00,236.7,147.7,0.0,0.0,0.0
2026-03-14 01:18:00,231.1,152.0,0.0,0.0,0.0
2026-03-14 01:19:00,234.7,152.0,0.0,0.0,0.0
2026-03-14 01:20:00,237.6,153.1,0.0,0.0,0.0
2026-03-14 01:21:00,228.5,151.5,0.0,0.0,0.0
2026-03-14 01:22:00,240.7,152.2,0.0,0.0,0.0
2026-03-14 01:23:00,227.9,145.3,0.0,0.0,0.0
2026-03-14 01:24:00,2317.7,155.2,2084.1,0.0,0.0
2026-03-14 01:25:00,226.1,151.1,0.0,0.0,0.0
2026-03-14 01:26:00,231.5,151.3,0.0,0.0,0.0
2026-03-14 01:27:00,227.6,150.9,0.0,0.0,0.0
2026-03-14 01:28:00,241.9,158.6,0.0,0.0,0.0
2026-03-14 01:29:00,231.1,147.2,0.0,0.0,0.0
2026-03-14 01:30:00,246.6,158.1,0.0,0.0,0.0
2026-03-14 01:31:00,251.3,163.8,0.0,0.0,0.0
2026-03-14 01:32:00,236.6,150.5,0.0,0.0,0.0
2026-03-14 01:33:00,2289.3,147.5,2059.2,0.0,0.0
2026-03-14 01:34:00,219.5,141.6,0.0,0.0,0.0
2026-03-14 01:35:00,78.1,0.0,0.0,0.0,0.0
2026-03-14 01:36:00,82.2,0.0,0.0,0.0,0.0
2026-03-14 01:37:00,72.7,0.0,0.0,0.0,0.0
2026-03-14 01:38:00,69.2,0.0,0.0,0.0,0.0
2026-03-14 01:39:00,77.7,0.0,0.0,0.0,0.0
2026-03-14 01:40:00,75.0,0.0,0.0,0.0,0.0
2026-03-14 01:41:00,80.2,0.0,0.0,0.0,0.0
2026-03-14 01:42:00,79.8,0.0,0.0,0.0,0.0
2026-03-14 01:43:00,84.7,0.0,0.0,0.0,0.0
2026-03-14 01:44:00,78.6,0.0,0.0,0.0,0.0
2026-03-14 01:45:00,83.8,0.0,0.0,0.0,0.0
2026-03-14 01:46:00,79.9,0.0,0.0,0.0,0.0
2026-03-14 01:47:00,85.8,0.0,0.0,0.0,0.0
2026-03-14 01:48:00,80.9,0.0,0.0,0.0,0.0
2026-03-14 01:49:00,75.9,0.0,0.0,0.0,0.0
2026-03-14 01:50:00,75.9,0.0,0.0,0.0,0.0
2026-03-14 01:51:00,90.3,0.0,0.0,0.0,0.0
2026-03-14 01:52:00,75.3,0.0,0.0,0.0,0.0
2026-03-14 01:53:00,86.3,0.0,0.0,0.0,0.0
2026-03-14 01:54:00,82.9,0.0,0.0,0.0,0.0
2026-03-14 01:55:00,79.3,0.0,0.0,0.0,0.0
2026-03-14 01:56:00,88.4,0.0,0.0,0.0,0.0
2026-03-14 01:57:00,86.8,0.0,0.0,0.0,0.0
2026-03-14 01:58:00,75.8,0.0,0.0,0.0,0.0
2026-03-14 01:59:00,90.5,0.0,0.0,0.0,0.0
2026-03-14 02:00:00,231.6,149.9,0.0,0.0,0.0
2026-03-14 02:01:00,235.4,154.8,0.0,0.0,0.0
2026-03-14 02:02:00,222.3,148.5,0.0,0.0,0.0
2026-03-14 02:03:00,234.9,158.6,0.0,0.0,0.0
2026-03-14 02:04:00,241.8,149.8,0.0,0.0,0.0
2026-03-14 02:05:00,228.8,147.2,0.0,0.0,0.0
2026-03-14 02:06:00,231.4,149.0,0.0,0.0,0.0
2026-03-14 02:07:00,231.5,150.6,0.0,0.0,0.0
2026-03-14 02:08:00,243.5,153.1,0.0,0.0,0.0
2026-03-14 02:09:00,222.4,146.9,0.0,0.0,0.0
2026-03-14 02:10:00,242.4,158.1,0.0,0.0,0.0
2026-03-14 02:11:00,229.3,150.5,0.0,0.0,0.0
2026-03-14 02:12:00,233.6,154.7,0.0,0.0,0.0
2026-03-14 02:13:00,210.2,145.9,0.0,0.0,0.0
2026-03-14 02:14:00,230.9,151.9,0.0,0.0,0.0
2026-03-14 02:15:00,234.7,147.9,0.0,0.0,0.0
2026-03-14 02:16:00,234.0,155.1,0.0,0.0,0.0
2026-03-14 02:17:00,224.2,148.0,0.0,0.0,0.0
2026-03-14 02:18:00,232.2,147.5,0.0,0.0,0.0
2026-03-14 02:19:00,241.6,150.3,0.0,0.0,0.0
2026-03-14 02:20:00,220.9,150.1,0.0,0.0,0.0
2026-03-14 02:21:00,232.7,149.8,0.0,0.0,0.0
2026-03-14 02:22:00,227.7,150.3,0.0,0.0,0.0
2026-03-14 02:23:00,233.6,154.0,0.0,0.0,0.0
2026-03-14 02:24:00,235.3,155.4,0.0,0.0,0.0
2026-03-14 02:25:00,230.6,158.4,0.0,0.0,0.0
2026-03-14 02:26:00,236.7,151.3,0.0,0.0,0.0
2026-03-14 02:27:00,224.4,147.3,0.0,0.0,0.0
2026-03-14 02:28:00,234.1,159.2,0.0,0.0,0.0
2026-03-14 02:29:00,234.3,150.2,0.0,0.0,0.0
2026-03-14 02:30:00,238.0,155.0,0.0,0.0,0.0
2026-03-14 02:31:00,239.3,150.9,0.0,0.0,0.0
2026-03-14 02:32:00,233.9,151.1,0.0,0.0,0.0
2026-03-14 02:33:00,226.7,144.3,0.0,0.0,0.0
2026-03-14 02:34:00,218.0,138.7,0.0,0.0,0.0
2026-03-14 02:35:00,85.2,0.0,0.0,0.0,0.0
2026-03-14 02:36:00,81.6,0.0,0.0,0.0,0.0
2026-03-14 02:37:00,75.9,0.0,0.0,0.0,0.0
2026-03-14 02:38:00,83.3,0.0,0.0,0.0,0.0
2026-03-14 02:39:00,82.3,0.0,0.0,0.0,0.0
2026-03-14 02:40:00,78.8,0.0,0.0,0.0,0.0
2026-03-14 02:41:00,84.0,0.0,0.0,0.0,0.0
2026-03-14 02:42:00,98.1,0.0,0.0,0.0,0.0
2026-03-14 02:43:00,75.3,0.0,0.0,0.0,0.0
2026-03-14 02:44:00,88.0,0.0,0.0,0.0,0.0
2026-03-14 02:45:00,81.6,0.0,0.0,0.0,0.0
2026-03-14 02:46:00,77.7,0.0,0.0,0.0,0.0
2026-03-14 02:47:00,93.8,0.0,0.0,0.0,0.0
2026-03-14 02:48:00,89.8,0.0,0.0,0.0,0.0
2026-03-14 02:49:00,81.9,0.0,0.0,0.0,0.0
2026-03-14 02:50:00,86.2,0.0,0.0,0.0,0.0
2026-03-14 02:51:00,84.3,0.0,0.0,0.0,0.0
2026-03-14 02:52:00,75.6,0.0,0.0,0.0,0.0
2026-03-14 02:53:00,79.2,0.0,0.0,0.0,0.0
2026-03-14 02:54:00,78.5,0.0,0.0,0.0,0.0
2026-03-14 02:55:00,83.0,0.0,0.0,0.0,0.0
2026-03-14 02:56:00,79.0,0.0,0.0,0.0,0.0
2026-03-14 02:57:00,75.7,0.0,0.0,0.0,0.0
2026-03-14 02:58:00,80.2,0.0,0.0,0.0,0.0
2026-03-14 02:59:00,85.8,0.0,0.0,0.0,0.0
2026-03-14 03:00:00,225.0,152.3,0.0,0.0,0.0
2026-03-14 03:01:00,211.2,132.7,0.0,0.0,0.0
2026-03-14 03:02:00,223.4,147.0,0.0,0.0,0.0
2026-03-14 03:03:00,251.5,158.2,0.0,0.0,0.0
2026-03-14 03:04:00,244.2,155.2,0.0,0.0,0.0
2026-03-14 03:05:00,235.3,154.9,0.0,0.0,0.0
2026-03-14 03:06:00,249.2,167.5,0.0,0.0,0.0
2026-03-14 03:07:00,225.2,149.2,0.0,0.0,0.0
2026-03-14 03:08:00,225.9,145.8,0.0,0.0,0.0
2026-03-14 03:09:00,214.0,131.5,0.0,0.0,0.0
2026-03-14 03:10:00,218.9,145.2,0.0,0.0,0.0
2026-03-14 03:11:00,218.7,143.1,0.0,0.0,0.0
2026-03-14 03:12:00,244.7,158.7,0.0,0.0,0.0
2026-03-14 03:13:00,224.3,149.1,0.0,0.0,0.0
2026-03-14 03:14:00,215.6,143.9,0.0,0.0,0.0
2026-03-14 03:15:00,225.6,150.8,0.0,0.0,0.0
2026-03-14 03:16:00,242.2,152.3,0.0,0.0,0.0
2026-03-14 03:17:00,234.4,150.6,0.0,0.0,0.0
2026-03-14 03:18:00,234.0,157.3,0.0,0.0,0.0
2026-03-14 03:19:00,227.2,150.2,0.0,0.0,0.0
2026-03-14 03:20:00,217.5,150.9,0.0,0.0,0.0
2026-03-14 03:21:00,236.2,153.7,0.0,0.0,0.0
2026-03-14 03:22:00,226.4,146.0,0.0,0.0,0.0
2026-03-14 03:23:00,225.1,151.6,0.0,0.0,0.0
2026-03-14 03:24:00,228.7,148.9,0.0,0.0,0.0
2026-03-14 03:25:00,234.3,155.8,0.0,0.0,0.0
2026-03-14 03:26:00,234.3,154.0,0.0,0.0,0.0
2026-03-14 03:27:00,216.0,139.8,0.0,0.0,0.0
2026-03-14 03:28:00,235.3,154.8,0.0,0.0,0.0
2026-03-14 03:29:00,236.3,151.9,0.0,0.0,0.0
2026-03-14 03:30:00,224.6,150.5,0.0,0.0,0.0
2026-03-14 03:31:00,225.7,143.7,0.0,0.0,0.0
2026-03-14 03:32:00,237.7,158.9,0.0,0.0,0.0
2026-03-14 03:33:00,227.4,147.1,0.0,0.0,0.0
2026-03-14 03:34:00,235.6,151.9,0.0,0.0,0.0
2026-03-14 03:35:00,72.4,0.0,0.0,0.0,0.0
2026-03-14 03:36:00,82.8,0.0,0.0,0.0,0.0
2026-03-14 03:37:00,82.1,0.0,0.0,0.0,0.0
2026-03-14 03:38:00,79.2,0.0,0.0,0.0,0.0
2026-03-14 03:39:00,76.8,0.0,0.0,0.0,0.0
2026-03-14 03:40:00,75.0,0.0,0.0,0.0,0.0
2026-03-14 03:41:00,79.0,0.0,0.0,0.0,0.0
2026-03-14 03:42:00,80.6,0.0,0.0,0.0,0.0
2026-03-14 03:43:00,89.5,0.0,0.0,0.0,0.0
2026-03-14 03:44:00,70.8,0.0,0.0,0.0,0.0
2026-03-14 03:45:00,77.8,0.0,0.0,0.0,0.0
2026-03-14 03:46:00,78.8,0.0,0.0,0.0,0.0
2026-03-14 03:47:00,84.7,0.0,0.0,0.0,0.0
2026-03-14 03:48:00,90.9,0.0,0.0,0.0,0.0
2026-03-14 03:49:00,85.3,0.0,0.0,0.0,0.0
2026-03-14 03:50:00,82.0,0.0,0.0,0.0,0.0
2026-03-14 03:51:00,86.0,0.0,0.0,0.0,0.0
2026-03-14 03:52:00,85.9,0.0,0.0,0.0,0.0
2026-03-14 03:53:00,75.9,0.0,0.0,0.0,0.0
2026-03-14 03:54:00,82.7,0.0,0.0,0.0,0.0
2026-03-14 03:55:00,85.3,0.0,0.0,0.0,0.0
2026-03-14 03:56:00,89.2,0.0,0.0,0.0,0.0
2026-03-14 03:57:00,78.7,0.0,0.0,0.0,0.0
2026-03-14 03:58:00,78.6,0.0,0.0,0.0,0.0
2026-03-14 03:59:00,74.3,0.0,0.0,0.0,0.0
2026-03-14 04:00:00,227.8,150.9,0.0,0.0,0.0
2026-03-14 04:01:00,237.6,154.4,0.0,0.0,0.0
2026-03-14 04:02:00,232.2,151.7,0.0,0.0,0.0
2026-03-14 04:03:00,222.3,143.4,0.0,0.0,0.0
2026-03-14 04:04:00,225.0,152.3,0.0,0.0,0.0
2026-03-14 04:05:00,250.2,160.3,0.0,0.0,0.0
2026-03-14 04:06:00,216.9,145.5,0.0,0.0,0.0
2026-03-14 04:07:00,229.1,151.0,0.0,0.0,0.0
2026-03-14 04:08:00,222.2,144.7,0.0,0.0,0.0
2026-03-14 04:09:00,224.3,141.3,0.0,0.0,0.0
2026-03-14 04:10:00,235.3,155.0,0.0,0.0,0.0
2026-03-14 04:11:00,229.8,149.7,0.0,0.0,0.0
2026-03-14 04:12:00,232.6,150.7,0.0,0.0,0.0
2026-03-14 04:13:00,237.7,150.8,0.0,0.0,0.0
2026-03-14 04:14:00,226.0,153.3,0.0,0.0,0.0
2026-03-14 04:15:00,228.6,154.8,0.0,0.0,0.0
2026-03-14 04:16:00,229.8,152.2,0.0,0.0,0.0
2026-03-14 04:17:00,230.8,151.0,0.0,0.0,0.0
2026-03-14 04:18:00,222.8,138.2,0.0,0.0,0.0
2026-03-14 04:19:00,220.5,144.1,0.0,0.0,0.0
2026-03-14 04:20:00,226.3,148.7,0.0,0.0,0.0
2026-03-14 04:21:00,232.6,147.4,0.0,0.0,0.0
2026-03-14 04:22:00,220.2,143.4,0.0,0.0,0.0
2026-03-14 04:23:00,228.0,150.7,0.0,0.0,0.0
2026-03-14 04:24:00,225.7,151.1,0.0,0.0,0.0
2026-03-14 04:25:00,235.1,157.1,0.0,0.0,0.0
2026-03-14 04:26:00,219.0,147.2,0.0,0.0,0.0
2026-03-14 04:27:00,227.7,153.1,0.0,0.0,0.0
2026-03-14 04:28:00,222.1,145.8,0.0,0.0,0.0
2026-03-14 04:29:00,226.7,149.7,0.0,0.0,0.0
2026-03-14 04:30:00,232.0,140.9,0.0,0.0,0.0
2026-03-14 04:31:00,233.6,141.0,0.0,0.0,0.0
2026-03-14 04:32:00,227.2,155.0,0.0,0.0,0.0
2026-03-14 04:33:00,223.2,138.6,0.0,0.0,0.0
2026-03-14 04:34:00,233.7,150.3,0.0,0.0,0.0
2026-03-14 04:35:00,82.7,0.0,0.0,0.0,0.0
2026-03-14 04:36:00,75.6,0.0,0.0,0.0,0.0
2026-03-14 04:37:00,80.9,0.0,0.0,0.0,0.0
2026-03-14 04:38:00,74.5,0.0,0.0,0.0,0.0
2026-03-14 04:39:00,80.9,0.0,0.0,0.0,0.0
2026-03-14 04:40:00,72.8,0.0,0.0,0.0,0.0
2026-03-14 04:41:00,66.5,0.0,0.0,0.0,0.0
2026-03-14 04:42:00,80.9,0.0,0.0,0.0,0.0
2026-03-14 04:43:00,84.5,0.0,0.0,0.0,0.0
2026-03-14 04:44:00,74.2,0.0,0.0,0.0,0.0
2026-03-14 04:45:00,70.5,0.0,0.0,0.0,0.0
2026-03-14 04:46:00,82.8,0.0,0.0,0.0,0.0
2026-03-14 04:47:00,84.7,0.0,0.0,0.0,0.0
2026-03-14 04:48:00,83.5,0.0,0.0,0.0,0.0
2026-03-14 04:49:00,83.5,0.0,0.0,0.0,0.0
2026-03-14 04:50:00,79.5,0.0,0.0,0.0,0.0
2026-03-14 04:51:00,83.5,0.0,0.0,0.0,0.0
2026-03-14 04:52:00,77.1,0.0,0.0,0.0,0.0
2026-03-14 04:53:00,83.7,0.0,0.0,0.0,0.0
2026-03-14 04:54:00,76.0,0.0,0.0,0.0,0.0
2026-03-14 04:55:00,80.3,0.0,0.0,0.0,0.0
2026-03-14 04:56:00,80.3,0.0,0.0,0.0,0.0
2026-03-14 04:57:00,76.7,0.0,0.0,0.0,0.0
2026-03-14 04:58:00,77.9,0.0,0.0,0.0,0.0
2026-03-14 04:59:00,88.3,0.0,0.0,0.0,0.0
2026-03-14 05:00:00,235.2,155.1,0.0,0.0,0.0
2026-03-14 05:01:00,229.2,154.8,0.0,0.0,0.0
2026-03-14 05:02:00,231.2,153.0,0.0,0.0,0.0
2026-03-14 05:03:00,237.8,151.3,0.0,0.0,0.0
2026-03-14 05:04:00,228.9,147.0,0.0,0.0,0.0
2026-03-14 05:05:00,220.3,150.7,0.0,0.0,0.0
2026-03-14 05:06:00,236.9,159.7,0.0,0.0,0.0
2026-03-14 05:07:00,240.6,156.7,0.0,0.0,0.0
2026-03-14 05:08:00,233.8,151.1,0.0,0.0,0.0
2026-03-14 05:09:00,228.9,151.9,0.0,0.0,0.0
2026-03-14 05:10:00,227.0,150.7,0.0,0.0,0.0
2026-03-14 05:11:00,229.3,144.1,0.0,0.0,0.0
2026-03-14 05:12:00,227.9,149.4,0.0,0.0,0.0
2026-03-14 05:13:00,237.0,151.3,0.0,0.0,0.0
2026-03-14 05:14:00,237.2,152.5,0.0,0.0,0.0
2026-03-14 05:15:00,218.8,150.9,0.0,0.0,0.0
2026-03-14 05:16:00,234.8,158.8,0.0,0.0,0.0
2026-03-14 05:17:00,236.6,153.9,0.0,0.0,0.0
2026-03-14 05:18:00,224.9,146.5,0.0,0.0,0.0
2026-03-14 05:19:00,225.5,144.9,0.0,0.0,0.0
2026-03-14 05:20:00,223.9,147.2,0.0,0.0,0.0
2026-03-14 05:21:00,227.9,148.9,0.0,0.0,0.0
2026-03-14 05:22:00,234.1,153.7,0.0,0.0,0.0
2026-03-14 05:23:00,237.1,161.1,0.0,0.0,0.0
2026-03-14 05:24:00,220.5,147.5,0.0,0.0,0.0
2026-03-14 05:25:00,222.1,142.7,0.0,0.0,0.0
2026-03-14 05:26:00,225.0,147.5,0.0,0.0,0.0
2026-03-14 05:27:00,233.2,151.7,0.0,0.0,0.0
2026-03-14 05:28:00,237.5,154.5,0.0,0.0,0.0
2026-03-14 05:29:00,237.0,149.1,0.0,0.0,0.0
2026-03-14 05:30:00,230.9,157.7,0.0,0.0,0.0
2026-03-14 05:31:00,240.3,153.1,0.0,0.0,0.0
2026-03-14 05:32:00,237.9,158.1,0.0,0.0,0.0
2026-03-14 05:33:00,232.8,154.8,0.0,0.0,0.0
2026-03-14 05:34:00,235.0,155.9,0.0,0.0,0.0
2026-03-14 05:35:00,81.3,0.0,0.0,0.0,0.0
2026-03-14 05:36:00,80.0,0.0,0.0,0.0,0.0
2026-03-14 05:37:00,80.5,0.0,0.0,0.0,0.0
2026-03-14 05:38:00,92.7,0.0,0.0,0.0,0.0
2026-03-14 05:39:00,87.6,0.0,0.0,0.0,0.0
2026-03-14 05:40:00,80.3,0.0,0.0,0.0,0.0
2026-03-14 05:41:00,87.1,0.0,0.0,0.0,0.0
2026-03-14 05:42:00,71.9,0.0,0.0,0.0,0.0
2026-03-14 05:43:00,79.7,0.0,0.0,0.0,0.0
2026-03-14 05:44:00,71.2,0.0,0.0,0.0,0.0
2026-03-14 05:45:00,87.7,0.0,0.0,0.0,0.0
2026-03-14 05:46:00,81.0,0.0,0.0,0.0,0.0
2026-03-14 05:47:00,84.6,0.0,0.0,0.0,0.0
2026-03-14 05:48:00,87.9,0.0,0.0,0.0,0.0
2026-03-14 05:49:00,71.0,0.0,0.0,0.0,0.0
2026-03-14 05:50:00,72.6,0.0,0.0,0.0,0.0
2026-03-14 05:51:00,86.9,0.0,0.0,0.0,0.0
2026-03-14 05:52:00,85.9,0.0,0.0,0.0,0.0
2026-03-14 05:53:00,82.7,0.0,0.0,0.0,0.0
2026-03-14 05:54:00,92.9,0.0,0.0,0.0,0.0
2026-03-14 05:55:00,91.5,0.0,0.0,0.0,0.0
2026-03-14 05:56:00,83.5,0.0,0.0,0.0,0.0
2026-03-14 05:57:00,81.4,0.0,0.0,0.0,0.0
2026-03-14 05:58:00,84.1,0.0,0.0,0.0,0.0
2026-03-14 05:59:00,78.6,0.0,0.0,0.0,0.0
2026-03-14 06:00:00,227.4,143.4,0.0,0.0,0.0
2026-03-14 06:01:00,223.0,149.9,0.0,0.0,0.0
2026-03-14 06:02:00,231.0,152.8,0.0,0.0,0.0
2026-03-14 06:03:00,239.0,155.6,0.0,0.0,0.0
2026-03-14 06:04:00,234.7,156.3,0.0,0.0,0.0
2026-03-14 06:05:00,230.8,151.6,0.0,0.0,0.0
2026-03-14 06:06:00,208.1,140.4,0.0,0.0,0.0
2026-03-14 06:07:00,233.9,151.0,0.0,0.0,0.0
2026-03-14 06:08:00,223.7,148.4,0.0,0.0,0.0
2026-03-14 06:09:00,224.3,146.5,0.0,0.0,0.0
2026-03-14 06:10:00,243.2,155.5,0.0,0.0,0.0
2026-03-14 06:11:00,228.9,143.2,0.0,0.0,0.0
2026-03-14 06:12:00,230.4,160.3,0.0,0.0,0.0
2026-03-14 06:13:00,238.5,151.9,0.0,0.0,0.0
2026-03-14 06:14:00,217.5,148.6,0.0,0.0,0.0
2026-03-14 06:15:00,226.3,152.9,0.0,0.0,0.0
2026-03-14 06:16:00,234.5,155.6,0.0,0.0,0.0
2026-03-14 06:17:00,228.3,148.2,0.0,0.0,0.0
2026-03-14 06:18:00,235.9,153.4,0.0,0.0,0.0
2026-03-14 06:19:00,230.7,152.2,0.0,0.0,0.0
2026-03-14 06:20:00,228.8,147.3,0.0,0.0,0.0
2026-03-14 06:21:00,230.6,152.0,0.0,0.0,0.0
2026-03-14 06:22:00,230.2,147.1,0.0,0.0,0.0
2026-03-14 06:23:00,233.7,152.5,0.0,0.0,0.0
2026-03-14 06:24:00,224.6,147.9,0.0,0.0,0.0
2026-03-14 06:25:00,237.0,154.0,0.0,0.0,0.0
2026-03-14 06:26:00,231.1,155.2,0.0,0.0,0.0
2026-03-14 06:27:00,229.0,156.7,0.0,0.0,0.0
2026-03-14 06:28:00,231.7,152.7,0.0,0.0,0.0
2026-03-14 06:29:00,226.7,145.3,0.0,0.0,0.0
2026-03-14 06:30:00,232.5,147.8,0.0,0.0,0.0
2026-03-14 06:31:00,217.6,143.4,0.0,0.0,0.0
2026-03-14 06:32:00,229.0,156.6,0.0,0.0,0.0
2026-03-14 06:33:00,224.2,144.1,0.0,0.0,0.0
2026-03-14 06:34:00,236.4,156.1,0.0,0.0,0.0
2026-03-14 06:35:00,74.8,0.0,0.0,0.0,0.0
2026-03-14 06:36:00,71.4,0.0,0.0,0.0,0.0
2026-03-14 06:37:00,84.7,0.0,0.0,0.0,0.0
2026-03-14 06:38:00,74.7,0.0,0.0,0.0,0.0
2026-03-14 06:39:00,66.9,0.0,0.0,0.0,0.0
2026-03-14 06:40:00,74.0,0.0,0.0,0.0,0.0
2026-03-14 06:41:00,79.9,0.0,0.0,0.0,0.0
2026-03-14 06:42:00,80.6,0.0,0.0,0.0,0.0
2026-03-14 06:43:00,77.2,0.0,0.0,0.0,0.0
2026-03-14 06:44:00,92.5,0.0,0.0,0.0,0.0
2026-03-14 06:45:00,79.7,0.0,0.0,0.0,0.0
2026-03-14 06:46:00,87.7,0.0,0.0,0.0,0.0
2026-03-14 06:47:00,86.6,0.0,0.0,0.0,0.0
2026-03-14 06:48:00,78.0,0.0,0.0,0.0,0.0
2026-03-14 06:49:00,77.9,0.0,0.0,0.0,0.0
2026-03-14 06:50:00,79.2,0.0,0.0,0.0,0.0
2026-03-14 06:51:00,76.6,0.0,0.0,0.0,0.0
2026-03-14 06:52:00,79.8,0.0,0.0,0.0,0.0
2026-03-14 06:53:00,83.0,0.0,0.0,0.0,0.0
2026-03-14 06:54:00,87.2,0.0,0.0,0.0,0.0
2026-03-14 06:55:00,83.2,0.0,0.0,0.0,0.0
2026-03-14 06:56:00,82.1,0.0,0.0,0.0,0.0
2026-03-14 06:57:00,81.0,0.0,0.0,0.0,0.0
2026-03-14 06:58:00,85.1,0.0,0.0,0.0,0.0
2026-03-14 06:59:00,79.0,0.0,0.0,0.0,0.0
2026-03-14 07:00:00,226.3,154.7,0.0,0.0,0.0
2026-03-14 07:01:00,237.4,151.4,0.0,0.0,0.0
2026-03-14 07:02:00,232.8,152.4,0.0,0.0,0.0
2026-03-14 07:03:00,223.9,144.5,0.0,0.0,0.0
2026-03-14 07:04:00,237.4,152.0,0.0,0.0,0.0
2026-03-14 07:05:00,229.1,144.3,0.0,0.0,0.0
2026-03-14 07:06:00,229.6,151.6,0.0,0.0,0.0
2026-03-14 07:07:00,223.2,147.4,0.0,0.0,0.0
2026-03-14 07:08:00,228.4,155.0,0.0,0.0,0.0
2026-03-14 07:09:00,234.3,149.9,0.0,0.0,0.0
2026-03-14 07:10:00,222.1,141.3,0.0,0.0,0.0
2026-03-14 07:11:00,227.8,148.7,0.0,0.0,0.0
2026-03-14 07:12:00,242.0,151.4,0.0,0.0,0.0
2026-03-14 07:13:00,232.8,153.4,0.0,0.0,0.0
2026-03-14 07:14:00,238.6,155.0,0.0,0.0,0.0
2026-03-14 07:15:00,235.4,151.3,0.0,0.0,0.0
2026-03-14 07:16:00,241.7,159.0,0.0,0.0,0.0
2026-03-14 07:17:00,217.8,143.1,0.0,0.0,0.0
2026-03-14 07:18:00,231.5,148.4,0.0,0.0,0.0
2026-03-14 07:19:00,222.4,142.4,0.0,0.0,0.0
2026-03-14 07:20:00,221.2,146.1,0.0,0.0,0.0
2026-03-14 07:21:00,239.4,143.3,0.0,0.0,0.0
2026-03-14 07:22:00,234.0,145.4,0.0,0.0,0.0
2026-03-14 07:23:00,224.9,154.4,0.0,0.0,0.0
2026-03-14 07:24:00,232.0,148.7,0.0,0.0,0.0
2026-03-14 07:25:00,234.6,156.5,0.0,0.0,0.0
2026-03-14 07:26:00,227.6,151.3,0.0,0.0,0.0
2026-03-14 07:27:00,226.3,153.1,0.0,0.0,0.0
2026-03-14 07:28:00,237.2,156.5,0.0,0.0,0.0
2026-03-14 07:29:00,224.7,146.8,0.0,0.0,0.0
2026-03-14 07:30:00,229.4,148.5,0.0,0.0,0.0
2026-03-14 07:31:00,229.4,154.8,0.0,0.0,0.0
2026-03-14 07:32:00,228.8,150.7,0.0,0.0,0.0
2026-03-14 07:33:00,235.7,146.9,0.0,0.0,0.0
2026-03-14 07:34:00,245.9,164.3,0.0,0.0,0.0
2026-03-14 07:35:00,80.5,0.0,0.0,0.0,0.0
2026-03-14 07:36:00,79.4,0.0,0.0,0.0,0.0
2026-03-14 07:37:00,82.1,0.0,0.0,0.0,0.0
2026-03-14 07:38:00,70.0,0.0,0.0,0.0,0.0
2026-03-14 07:39:00,81.3,0.0,0.0,0.0,0.0
2026-03-14 07:40:00,88.9,0.0,0.0,0.0,0.0
2026-03-14 07:41:00,83.2,0.0,0.0,0.0,0.0
2026-03-14 07:42:00,74.9,0.0,0.0,0.0,0.0
2026-03-14 07:43:00,78.5,0.0,0.0,0.0,0.0
2026-03-14 07:44:00,80.2,0.0,0.0,0.0,0.0
2026-03-14 07:45:00,99.4,0.0,0.0,0.0,0.0
2026-03-14 07:46:00,65.7,0.0,0.0,0.0,0.0
2026-03-14 07:47:00,73.9,0.0,0.0,0.0,0.0
2026-03-14 07:48:00,77.7,0.0,0.0,0.0,0.0
2026-03-14 07:49:00,77.3,0.0,0.0,0.0,0.0
2026-03-14 07:50:00,81.1,0.0,0.0,0.0,0.0
2026-03-14 07:51:00,81.8,0.0,0.0,0.0,0.0
2026-03-14 07:52:00,77.8,0.0,0.0,0.0,0.0
2026-03-14 07:53:00,76.6,0.0,0.0,0.0,0.0
2026-03-14 07:54:00,71.1,0.0,0.0,0.0,0.0
2026-03-14 07:55:00,77.5,0.0,0.0,0.0,0.0
2026-03-14 07:56:00,83.5,0.0,0.0,0.0,0.0
2026-03-14 07:57:00,71.4,0.0,0.0,0.0,0.0
2026-03-14 07:58:00,83.7,0.0,0.0,0.0,0.0
2026-03-14 07:59:00,79.3,0.0,0.0,0.0,0.0
2026-03-14 08:00:00,222.2,150.2,0.0,0.0,0.0
2026-03-14 08:01:00,225.8,150.8,0.0,0.0,0.0
2026-03-14 08:02:00,226.1,146.3,0.0,0.0,0.0
2026-03-14 08:03:00,229.3,151.2,0.0,0.0,0.0
2026-03-14 08:04:00,232.7,149.6,0.0,0.0,0.0
2026-03-14 08:05:00,229.5,152.7,0.0,0.0,0.0
2026-03-14 08:06:00,244.5,149.3,0.0,0.0,0.0
2026-03-14 08:07:00,224.0,142.3,0.0,0.0,0.0
2026-03-14 08:08:00,226.5,142.8,0.0,0.0,0.0
2026-03-14 08:09:00,230.5,154.0,0.0,0.0,0.0
2026-03-14 08:10:00,228.6,152.9,0.0,0.0,0.0
2026-03-14 08:11:00,233.7,149.5,0.0,0.0,0.0
2026-03-14 08:12:00,237.9,152.7,0.0,0.0,0.0
2026-03-14 08:13:00,236.4,156.8,0.0,0.0,0.0
2026-03-14 08:14:00,213.8,145.1,0.0,0.0,0.0
2026-03-14 08:15:00,246.0,155.8,0.0,0.0,0.0
2026-03-14 08:16:00,239.9,159.0,0.0,0.0,0.0
2026-03-14 08:17:00,233.1,156.4,0.0,0.0,0.0
2026-03-14 08:18:00,223.4,148.0,0.0,0.0,0.0
2026-03-14 08:19:00,231.2,153.0,0.0,0.0,0.0
2026-03-14 08:20:00,236.7,149.2,0.0,0.0,0.0
2026-03-14 08:21:00,230.6,144.7,0.0,0.0,0.0
2026-03-14 08:22:00,216.5,146.1,0.0,0.0,0.0
2026-03-14 08:23:00,223.2,147.4,0.0,0.0,0.0
2026-03-14 08:24:00,232.4,147.7,0.0,0.0,0.0
2026-03-14 08:25:00,223.1,149.7,0.0,0.0,0.0
2026-03-14 08:26:00,228.7,143.0,0.0,0.0,0.0
2026-03-14 08:27:00,226.0,140.1,0.0,0.0,0.0
2026-03-14 08:28:00,226.7,145.8,0.0,0.0,0.0
2026-03-14 08:29:00,230.6,154.8,0.0,0.0,0.0
2026-03-14 08:30:00,236.8,150.2,0.0,0.0,0.0
2026-03-14 08:31:00,224.5,151.8,0.0,0.0,0.0
2026-03-14 08:32:00,221.2,147.1,0.0,0.0,0.0
2026-03-14 08:33:00,240.5,146.4,0.0,0.0,0.0
2026-03-14 08:34:00,230.2,149.1,0.0,0.0,0.0
2026-03-14 08:35:00,83.9,0.0,0.0,0.0,0.0
2026-03-14 08:36:00,74.3,0.0,0.0,0.0,0.0
2026-03-14 08:37:00,84.4,0.0,0.0,0.0,0.0
2026-03-14 08:38:00,84.7,0.0,0.0,0.0,0.0
2026-03-14 08:39:00,82.7,0.0,0.0,0.0,0.0
2026-03-14 08:40:00,90.2,0.0,0.0,0.0,0.0
2026-03-14 08:41:00,81.6,0.0,0.0,0.0,0.0
2026-03-14 08:42:00,80.5,0.0,0.0,0.0,0.0
2026-03-14 08:43:00,87.0,0.0,0.0,0.0,0.0
2026-03-14 08:44:00,85.8,0.0,0.0,0.0,0.0
2026-03-14 08:45:00,82.2,0.0,0.0,0.0,0.0
2026-03-14 08:46:00,85.1,0.0,0.0,0.0,0.0
2026-03-14 08:47:00,80.5,0.0,0.0,0.0,0.0
2026-03-14 08:48:00,84.5,0.0,0.0,0.0,0.0
2026-03-14 08:49:00,77.7,0.0,0.0,0.0,0.0
2026-03-14 08:50:00,71.7,0.0,0.0,0.0,0.0
2026-03-14 08:51:00,85.0,0.0,0.0,0.0,0.0
2026-03-14 08:52:00,71.0,0.0,0.0,0.0,0.0
2026-03-14 08:53:00,73.5,0.0,0.0,0.0,0.0
2026-03-14 08:54:00,79.2,0.0,0.0,0.0,0.0
2026-03-14 08:55:00,79.5,0.0,0.0,0.0,0.0
2026-03-14 08:56:00,67.7,0.0,0.0,0.0,0.0
2026-03-14 08:57:00,84.1,0.0,0.0,0.0,0.0
2026-03-14 08:58:00,85.1,0.0,0.0,0.0,0.0
2026-03-14 08:59:00,87.0,0.0,0.0,0.0,0.0
2026-03-14 09:00:00,236.3,154.4,0.0,0.0,0.0
2026-03-14 09:01:00,238.1,153.3,0.0,0.0,0.0
2026-03-14 09:02:00,235.4,153.3,0.0,0.0,0.0
2026-03-14 09:03:00,217.5,154.3,0.0,0.0,0.0
2026-03-14 09:04:00,212.1,144.5,0.0,0.0,0.0
2026-03-14 09:05:00,212.8,141.0,0.0,0.0,0.0
2026-03-14 09:06:00,224.8,152.5,0.0,0.0,0.0
2026-03-14 09:07:00,219.5,148.7,0.0,0.0,0.0
2026-03-14 09:08:00,225.2,145.5,0.0,0.0,0.0
2026-03-14 09:09:00,236.8,155.7,0.0,0.0,0.0
2026-03-14 09:10:00,243.6,160.0,0.0,0.0,0.0
2026-03-14 09:11:00,238.7,156.7,0.0,0.0,0.0
2026-03-14 09:12:00,221.1,148.2,0.0,0.0,0.0
2026-03-14 09:13:00,225.2,160.5,0.0,0.0,0.0
2026-03-14 09:14:00,238.1,158.1,0.0,0.0,0.0
2026-03-14 09:15:00,224.9,144.4,0.0,0.0,0.0
2026-03-14 09:16:00,229.3,151.8,0.0,0.0,0.0
2026-03-14 09:17:00,229.1,149.7,0.0,0.0,0.0
2026-03-14 09:18:00,222.2,144.1,0.0,0.0,0.0
2026-03-14 09:19:00,230.0,152.1,0.0,0.0,0.0
2026-03-14 09:20:00,226.4,151.8,0.0,0.0,0.0
2026-03-14 09:21:00,227.2,141.8,0.0,0.0,0.0
2026-03-14 09:22:00,210.9,134.7,0.0,0.0,0.0
2026-03-14 09:23:00,214.2,144.6,0.0,0.0,0.0
2026-03-14 09:24:00,228.4,146.3,0.0,0.0,0.0
2026-03-14 09:25:00,232.2,144.2,0.0,0.0,0.0
2026-03-14 09:26:00,236.0,147.4,0.0,0.0,0.0
2026-03-14 09:27:00,241.2,155.9,0.0,0.0,0.0
2026-03-14 09:28:00,233.2,150.9,0.0,0.0,0.0
2026-03-14 09:29:00,219.7,145.1,0.0,0.0,0.0
2026-03-14 09:30:00,222.6,141.9,0.0,0.0,0.0
2026-03-14 09:31:00,231.4,146.1,0.0,0.0,0.0
2026-03-14 09:32:00,232.6,145.7,0.0,0.0,0.0
2026-03-14 09:33:00,215.2,148.3,0.0,0.0,0.0
2026-03-14 09:34:00,247.0,154.0,0.0,0.0,0.0
2026-03-14 09:35:00,73.6,0.0,0.0,0.0,0.0
2026-03-14 09:36:00,86.7,0.0,0.0,0.0,0.0
2026-03-14 09:37:00,84.6,0.0,0.0,0.0,0.0
2026-03-14 09:38:00,68.9,0.0,0.0,0.0,0.0
2026-03-14 09:39:00,87.5,0.0,0.0,0.0,0.0
2026-03-14 09:40:00,88.4,0.0,0.0,0.0,0.0
2026-03-14 09:41:00,77.0,0.0,0.0,0.0,0.0
2026-03-14 09:42:00,79.3,0.0,0.0,0.0,0.0
2026-03-14 09:43:00,84.9,0.0,0.0,0.0,0.0
2026-03-14 09:44:00,71.3,0.0,0.0,0.0,0.0
2026-03-14 09:45:00,91.1,0.0,0.0,0.0,0.0
2026-03-14 09:46:00,74.2,0.0,0.0,0.0,0.0
2026-03-14 09:47:00,83.9,0.0,0.0,0.0,0.0
2026-03-14 09:48:00,78.8,0.0,0.0,0.0,0.0
2026-03-14 09:49:00,82.8,0.0,0.0,0.0,0.0
2026-03-14 09:50:00,79.8,0.0,0.0,0.0,0.0
2026-03-14 09:51:00,78.8,0.0,0.0,0.0,0.0
2026-03-14 09:52:00,80.8,0.0,0.0,0.0,0.0
2026-03-14 09:53:00,82.9,0.0,0.0,0.0,0.0
2026-03-14 09:54:00,72.1,0.0,0.0,0.0,0.0
2026-03-14 09:55:00,83.8,0.0,0.0,0.0,0.0
2026-03-14 09:56:00,76.1,0.0,0.0,0.0,0.0
2026-03-14 09:57:00,84.7,0.0,0.0,0.0,0.0
2026-03-14 09:58:00,83.8,0.0,0.0,0.0,0.0
2026-03-14 09:59:00,90.1,0.0,0.0,0.0,0.0
2026-03-14 10:00:00,238.8,157.8,0.0,0.0,0.0
2026-03-14 10:01:00,231.8,152.5,0.0,0.0,0.0
2026-03-14 10:02:00,230.3,150.1,0.0,0.0,0.0
2026-03-14 10:03:00,233.9,150.9,0.0,0.0,0.0
2026-03-14 10:04:00,222.5,148.9,0.0,0.0,0.0
2026-03-14 10:05:00,231.6,147.0,0.0,0.0,0.0
2026-03-14 10:06:00,228.1,147.9,0.0,0.0,0.0
2026-03-14 10:07:00,240.0,152.8,0.0,0.0,0.0
2026-03-14 10:08:00,226.4,145.0,0.0,0.0,0.0
2026-03-14 10:09:00,233.9,144.5,0.0,0.0,0.0
2026-03-14 10:10:00,236.2,155.5,0.0,0.0,0.0
2026-03-14 10:11:00,228.2,146.6,0.0,0.0,0.0
2026-03-14 10:12:00,225.6,150.9,0.0,0.0,0.0
2026-03-14 10:13:00,221.9,144.8,0.0,0.0,0.0
2026-03-14 10:14:00,234.2,149.5,0.0,0.0,0.0
2026-03-14 10:15:00,222.9,146.6,0.0,0.0,0.0
2026-03-14 10:16:00,218.3,146.6,0.0,0.0,0.0
2026-03-14 10:17:00,227.9,149.6,0.0,0.0,0.0
2026-03-14 10:18:00,230.9,151.4,0.0,0.0,0.0
2026-03-14 10:19:00,223.7,148.7,0.0,0.0,0.0
2026-03-14 10:20:00,238.4,156.8,0.0,0.0,0.0
2026-03-14 10:21:00,239.1,151.4,0.0,0.0,0.0
2026-03-14 10:22:00,232.3,147.7,0.0,0.0,0.0
2026-03-14 10:23:00,222.6,150.6,0.0,0.0,0.0
2026-03-14 10:24:00,234.4,151.7,0.0,0.0,0.0
2026-03-14 10:25:00,246.8,154.0,0.0,0.0,0.0
2026-03-14 10:26:00,231.0,146.9,0.0,0.0,0.0
2026-03-14 10:27:00,231.7,141.7,0.0,0.0,0.0
2026-03-14 10:28:00,220.9,141.9,0.0,0.0,0.0
2026-03-14 10:29:00,216.7,140.5,0.0,0.0,0.0
2026-03-14 10:30:00,239.5,155.1,0.0,0.0,0.0
2026-03-14 10:31:00,221.0,140.5,0.0,0.0,0.0
2026-03-14 10:32:00,241.1,156.3,0.0,0.0,0.0
2026-03-14 10:33:00,235.0,150.4,0.0,0.0,0.0
2026-03-14 10:34:00,238.3,153.3,0.0,0.0,0.0
2026-03-14 10:35:00,88.6,0.0,0.0,0.0,0.0
2026-03-14 10:36:00,81.3,0.0,0.0,0.0,0.0
2026-03-14 10:37:00,82.4,0.0,0.0,0.0,0.0
2026-03-14 10:38:00,79.1,0.0,0.0,0.0,0.0
2026-03-14 10:39:00,78.6,0.0,0.0,0.0,0.0
2026-03-14 10:40:00,85.8,0.0,0.0,0.0,0.0
2026-03-14 10:41:00,82.8,0.0,0.0,0.0,0.0
2026-03-14 10:42:00,76.9,0.0,0.0,0.0,0.0
2026-03-14 10:43:00,74.5,0.0,0.0,0.0,0.0
2026-03-14 10:44:00,78.4,0.0,0.0,0.0,0.0
2026-03-14 10:45:00,86.7,0.0,0.0,0.0,0.0
2026-03-14 10:46:00,76.4,0.0,0.0,0.0,0.0
2026-03-14 10:47:00,86.2,0.0,0.0,0.0,0.0
2026-03-14 10:48:00,80.1,0.0,0.0,0.0,0.0
2026-03-14 10:49:00,82.1,0.0,0.0,0.0,0.0
2026-03-14 10:50:00,73.8,0.0,0.0,0.0,0.0
2026-03-14 10:51:00,80.1,0.0,0.0,0.0,0.0
2026-03-14 10:52:00,72.1,0.0,0.0,0.0,0.0
2026-03-14 10:53:00,81.6,0.0,0.0,0.0,0.0
2026-03-14 10:54:00,78.2,0.0,0.0,0.0,0.0
2026-03-14 10:55:00,78.1,0.0,0.0,0.0,0.0
2026-03-14 10:56:00,67.8,0.0,0.0,0.0,0.0
2026-03-14 10:57:00,79.1,0.0,0.0,0.0,0.0
2026-03-14 10:58:00,81.5,0.0,0.0,0.0,0.0
2026-03-14 10:59:00,71.4,0.0,0.0,0.0,0.0
2026-03-14 11:00:00,234.2,158.4,0.0,0.0,0.0
2026-03-14 11:01:00,224.5,148.3,0.0,0.0,0.0
2026-03-14 11:02:00,227.9,146.3,0.0,0.0,0.0
2026-03-14 11:03:00,234.4,149.0,0.0,0.0,0.0
2026-03-14 11:04:00,215.1,148.9,0.0,0.0,0.0
2026-03-14 11:05:00,231.5,152.5,0.0,0.0,0.0
2026-03-14 11:06:00,238.5,153.3,0.0,0.0,0.0
2026-03-14 11:07:00,234.8,152.8,0.0,0.0,0.0
2026-03-14 11:08:00,230.2,151.4,0.0,0.0,0.0
2026-03-14 11:09:00,236.8,149.0,0.0,0.0,0.0
2026-03-14 11:10:00,239.9,158.6,0.0,0.0,0.0
2026-03-14 11:11:00,222.3,155.5,0.0,0.0,0.0
2026-03-14 11:12:00,223.8,149.5,0.0,0.0,0.0
2026-03-14 11:13:00,236.3,151.3,0.0,0.0,0.0
2026-03-14 11:14:00,225.3,152.1,0.0,0.0,0.0
2026-03-14 11:15:00,249.3,158.2,0.0,0.0,0.0
2026-03-14 11:16:00,228.0,151.0,0.0,0.0,0.0
2026-03-14 11:17:00,220.4,151.0,0.0,0.0,0.0
2026-03-14 11:18:00,236.9,153.1,0.0,0.0,0.0
2026-03-14 11:19:00,231.3,152.0,0.0,0.0,0.0
2026-03-14 11:20:00,224.3,146.2,0.0,0.0,0.0
2026-03-14 11:21:00,234.2,144.3,0.0,0.0,0.0
2026-03-14 11:22:00,241.6,154.0,0.0,0.0,0.0
2026-03-14 11:23:00,230.1,152.0,0.0,0.0,0.0
2026-03-14 11:24:00,234.4,151.2,0.0,0.0,0.0
2026-03-14 11:25:00,228.1,149.0,0.0,0.0,0.0
2026-03-14 11:26:00,229.2,146.4,0.0,0.0,0.0
2026-03-14 11:27:00,219.7,148.8,0.0,0.0,0.0
2026-03-14 11:28:00,225.3,145.7,0.0,0.0,0.0
2026-03-14 11:29:00,225.2,145.6,0.0,0.0,0.0
2026-03-14 11:30:00,226.2,148.2,0.0,0.0,0.0
2026-03-14 11:31:00,231.9,152.8,0.0,0.0,0.0
2026-03-14 11:32:00,234.2,146.7,0.0,0.0,0.0
2026-03-14 11:33:00,236.1,153.0,0.0,0.0,0.0
2026-03-14 11:34:00,242.3,154.3,0.0,0.0,0.0
2026-03-14 11:35:00,79.7,0.0,0.0,0.0,0.0
2026-03-14 11:36:00,76.8,0.0,0.0,0.0,0.0
2026-03-14 11:37:00,77.5,0.0,0.0,0.0,0.0
2026-03-14 11:38:00,86.1,0.0,0.0,0.0,0.0
2026-03-14 11:39:00,86.7,0.0,0.0,0.0,0.0
2026-03-14 11:40:00,82.4,0.0,0.0,0.0,0.0
2026-03-14 11:41:00,79.7,0.0,0.0,0.0,0.0
2026-03-14 11:42:00,69.9,0.0,0.0,0.0,0.0
2026-03-14 11:43:00,74.5,0.0,0.0,0.0,0.0
2026-03-14 11:44:00,72.8,0.0,0.0,0.0,0.0
2026-03-14 11:45:00,82.5,0.0,0.0,0.0,0.0
2026-03-14 11:46:00,73.5,0.0,0.0,0.0,0.0
2026-03-14 11:47:00,83.2,0.0,0.0,0.0,0.0
2026-03-14 11:48:00,82.7,0.0,0.0,0.0,0.0
2026-03-14 11:49:00,85.1,0.0,0.0,0.0,0.0
2026-03-14 11:50:00,86.9,0.0,0.0,0.0,0.0
2026-03-14 11:51:00,71.5,0.0,0.0,0.0,0.0
2026-03-14 11:52:00,82.6,0.0,0.0,0.0,0.0
2026-03-14 11:53:00,74.9,0.0,0.0,0.0,0.0
2026-03-14 11:54:00,84.2,0.0,0.0,0.0,0.0
2026-03-14 11:55:00,80.5,0.0,0.0,0.0,0.0
2026-03-14 11:56:00,89.4,0.0,0.0,0.0,0.0
2026-03-14 11:57:00,74.3,0.0,0.0,0.0,0.0
2026-03-14 11:58:00,92.9,0.0,0.0,0.0,0.0
2026-03-14 11:59:00,79.1,0.0,0.0,0.0,0.0
2026-03-14 12:00:00,239.3,158.4,0.0,0.0,0.0
2026-03-14 12:01:00,230.0,150.1,0.0,0.0,0.0
2026-03-14 12:02:00,226.1,144.0,0.0,0.0,0.0
2026-03-14 12:03:00,227.8,150.1,0.0,0.0,0.0
2026-03-14 12:04:00,225.0,154.4,0.0,0.0,0.0
2026-03-14 12:05:00,251.7,157.8,0.0,0.0,0.0
2026-03-14 12:06:00,226.6,151.9,0.0,0.0,0.0
2026-03-14 12:07:00,223.3,151.8,0.0,0.0,0.0
2026-03-14 12:08:00,239.1,151.4,0.0,0.0,0.0
2026-03-14 12:09:00,238.5,152.6,0.0,0.0,0.0
2026-03-14 12:10:00,239.0,152.1,0.0,0.0,0.0
2026-03-14 12:11:00,223.6,148.5,0.0,0.0,0.0
2026-03-14 12:12:00,240.9,154.3,0.0,0.0,0.0
2026-03-14 12:13:00,228.5,146.8,0.0,0.0,0.0
2026-03-14 12:14:00,220.7,141.1,0.0,0.0,0.0
2026-03-14 12:15:00,220.1,147.0,0.0,0.0,0.0
2026-03-14 12:16:00,227.9,146.8,0.0,0.0,0.0
2026-03-14 12:17:00,240.2,151.8,0.0,0.0,0.0
2026-03-14 12:18:00,222.0,145.2,0.0,0.0,0.0
2026-03-14 12:19:00,224.0,137.3,0.0,0.0,0.0
2026-03-14 12:20:00,226.4,143.4,0.0,0.0,0.0
2026-03-14 12:21:00,236.5,147.6,0.0,0.0,0.0
2026-03-14 12:22:00,221.2,144.6,0.0,0.0,0.0
2026-03-14 12:23:00,227.3,144.9,0.0,0.0,0.0
2026-03-14 12:24:00,225.0,153.7,0.0,0.0,0.0
2026-03-14 12:25:00,240.2,146.8,0.0,0.0,0.0
2026-03-14 12:26:00,243.7,154.6,0.0,0.0,0.0
2026-03-14 12:27:00,238.3,153.2,0.0,0.0,0.0
2026-03-14 12:28:00,239.2,153.5,0.0,0.0,0.0
2026-03-14 12:29:00,234.2,149.5,0.0,0.0,0.0
2026-03-14 12:30:00,220.9,147.3,0.0,0.0,0.0
2026-03-14 12:31:00,231.1,154.6,0.0,0.0,0.0
2026-03-14 12:32:00,230.4,147.5,0.0,0.0,0.0
2026-03-14 12:33:00,226.0,152.1,0.0,0.0,0.0
2026-03-14 12:34:00,229.3,150.8,0.0,0.0,0.0
2026-03-14 12:35:00,76.6,0.0,0.0,0.0,0.0
2026-03-14 12:36:00,75.6,0.0,0.0,0.0,0.0
2026-03-14 12:37:00,80.4,0.0,0.0,0.0,0.0
2026-03-14 12:38:00,89.4,0.0,0.0,0.0,0.0
2026-03-14 12:39:00,84.7,0.0,0.0,0.0,0.0
2026-03-14 12:40:00,89.0,0.0,0.0,0.0,0.0
2026-03-14 12:41:00,83.3,0.0,0.0,0.0,0.0
2026-03-14 12:42:00,75.6,0.0,0.0,0.0,0.0
2026-03-14 12:43:00,78.7,0.0,0.0,0.0,0.0
2026-03-14 12:44:00,81.3,0.0,0.0,0.0,0.0
2026-03-14 12:45:00,78.8,0.0,0.0,0.0,0.0
2026-03-14 12:46:00,71.9,0.0,0.0,0.0,0.0
2026-03-14 12:47:00,76.2,0.0,0.0,0.0,0.0
2026-03-14 12:48:00,78.0,0.0,0.0,0.0,0.0
2026-03-14 12:49:00,79.4,0.0,0.0,0.0,0.0
2026-03-14 12:50:00,74.7,0.0,0.0,0.0,0.0
2026-03-14 12:51:00,69.7,0.0,0.0,0.0,0.0
2026-03-14 12:52:00,80.9,0.0,0.0,0.0,0.0
2026-03-14 12:53:00,75.3,0.0,0.0,0.0,0.0
2026-03-14 12:54:00,88.0,0.0,0.0,0.0,0.0
2026-03-14 12:55:00,82.4,0.0,0.0,0.0,0.0
2026-03-14 12:56:00,71.3,0.0,0.0,0.0,0.0
2026-03-14 12:57:00,83.1,0.0,0.0,0.0,0.0
2026-03-14 12:58:00,83.6,0.0,0.0,0.0,0.0
2026-03-14 12:59:00,81.7,0.0,0.0,0.0,0.0
2026-03-14 13:00:00,240.5,159.7,0.0,0.0,0.0
2026-03-14 13:01:00,221.0,144.7,0.0,0.0,0.0
2026-03-14 13:02:00,229.4,149.2,0.0,0.0,0.0
2026-03-14 13:03:00,236.2,153.8,0.0,0.0,0.0
2026-03-14 13:04:00,234.8,155.2,0.0,0.0,0.0
2026-03-14 13:05:00,245.5,145.9,0.0,0.0,0.0
2026-03-14 13:06:00,231.2,150.6,0.0,0.0,0.0
2026-03-14 13:07:00,228.7,152.3,0.0,0.0,0.0
2026-03-14 13:08:00,237.9,146.7,0.0,0.0,0.0
2026-03-14 13:09:00,230.1,151.4,0.0,0.0,0.0
2026-03-14 13:10:00,228.5,149.7,0.0,0.0,0.0
2026-03-14 13:11:00,231.5,146.1,0.0,0.0,0.0
2026-03-14 13:12:00,219.6,143.1,0.0,0.0,0.0
2026-03-14 13:13:00,227.3,150.4,0.0,0.0,0.0
2026-03-14 13:14:00,225.6,152.5,0.0,0.0,0.0
2026-03-14 13:15:00,213.9,146.0,0.0,0.0,0.0
2026-03-14 13:16:00,222.0,146.4,0.0,0.0,0.0
2026-03-14 13:17:00,230.9,144.8,0.0,0.0,0.0
2026-03-14 13:18:00,215.6,140.9,0.0,0.0,0.0
2026-03-14 13:19:00,233.3,149.1,0.0,0.0,0.0
2026-03-14 13:20:00,242.3,151.0,0.0,0.0,0.0
2026-03-14 13:21:00,239.5,154.4,0.0,0.0,0.0
2026-03-14 13:22:00,215.2,144.0,0.0,0.0,0.0
2026-03-14 13:23:00,225.2,153.0,0.0,0.0,0.0
2026-03-14 13:24:00,233.4,150.8,0.0,0.0,0.0
2026-03-14 13:25:00,239.8,147.5,0.0,0.0,0.0
2026-03-14 13:26:00,232.8,152.0,0.0,0.0,0.0
2026-03-14 13:27:00,232.0,148.3,0.0,0.0,0.0
2026-03-14 13:28:00,238.3,155.9,0.0,0.0,0.0
2026-03-14 13:29:00,219.4,148.6,0.0,0.0,0.0
2026-03-14 13:30:00,235.7,153.1,0.0,0.0,0.0
2026-03-14 13:31:00,232.2,161.3,0.0,0.0,0.0
2026-03-14 13:32:00,238.6,151.1,0.0,0.0,0.0
2026-03-14 13:33:00,232.3,150.4,0.0,0.0,0.0
2026-03-14 13:34:00,235.0,152.7,0.0,0.0,0.0
2026-03-14 13:35:00,74.2,0.0,0.0,0.0,0.0
2026-03-14 13:36:00,77.1,0.0,0.0,0.0,0.0
2026-03-14 13:37:00,73.9,0.0,0.0,0.0,0.0
2026-03-14 13:38:00,85.4,0.0,0.0,0.0,0.0
2026-03-14 13:39:00,80.6,0.0,0.0,0.0,0.0
2026-03-14 13:40:00,85.8,0.0,0.0,0.0,0.0
2026-03-14 13:41:00,71.4,0.0,0.0,0.0,0.0
2026-03-14 13:42:00,83.0,0.0,0.0,0.0,0.0
2026-03-14 13:43:00,82.5,0.0,0.0,0.0,0.0
2026-03-14 13:44:00,74.5,0.0,0.0,0.0,0.0
2026-03-14 13:45:00,83.1,0.0,0.0,0.0,0.0
2026-03-14 13:46:00,75.6,0.0,0.0,0.0,0.0
2026-03-14 13:47:00,78.1,0.0,0.0,0.0,0.0
2026-03-14 13:48:00,84.5,0.0,0.0,0.0,0.0
2026-03-14 13:49:00,70.4,0.0,0.0,0.0,0.0
2026-03-14 13:50:00,81.6,0.0,0.0,0.0,0.0
2026-03-14 13:51:00,78.9,0.0,0.0,0.0,0.0
2026-03-14 13:52:00,89.7,0.0,0.0,0.0,0.0
2026-03-14 13:53:00,73.8,0.0,0.0,0.0,0.0
2026-03-14 13:54:00,84.7,0.0,0.0,0.0,0.0
2026-03-14 13:55:00,90.6,0.0,0.0,0.0,0.0
2026-03-14 13:56:00,86.0,0.0,0.0,0.0,0.0
2026-03-14 13:57:00,79.8,0.0,0.0,0.0,0.0
2026-03-14 13:58:00,76.6,0.0,0.0,0.0,0.0
2026-03-14 13:59:00,86.9,0.0,0.0,0.0,0.0
2026-03-14 14:00:00,230.7,148.2,0.0,0.0,0.0
2026-03-14 14:01:00,238.5,147.7,0.0,0.0,0.0
2026-03-14 14:02:00,225.9,143.0,0.0,0.0,0.0
2026-03-14 14:03:00,242.7,152.2,0.0,0.0,0.0
2026-03-14 14:04:00,247.2,160.6,0.0,0.0,0.0
2026-03-14 14:05:00,233.2,151.3,0.0,0.0,0.0
2026-03-14 14:06:00,234.4,151.1,0.0,0.0,0.0
2026-03-14 14:07:00,222.2,144.1,0.0,0.0,0.0
2026-03-14 14:08:00,242.7,156.9,0.0,0.0,0.0
2026-03-14 14:09:00,236.6,152.9,0.0,0.0,0.0
2026-03-14 14:10:00,225.2,149.1,0.0,0.0,0.0
2026-03-14 14:11:00,242.1,155.9,0.0,0.0,0.0
2026-03-14 14:12:00,243.7,151.6,0.0,0.0,0.0
2026-03-14 14:13:00,233.8,146.6,0.0,0.0,0.0
2026-03-14 14:14:00,228.6,152.1,0.0,0.0,0.0
2026-03-14 14:15:00,221.4,149.6,0.0,0.0,0.0
2026-03-14 14:16:00,246.5,157.9,0.0,0.0,0.0
2026-03-14 14:17:00,227.9,148.0,0.0,0.0,0.0
2026-03-14 14:18:00,233.9,152.9,0.0,0.0,0.0
2026-03-14 14:19:00,224.7,148.8,0.0,0.0,0.0
2026-03-14 14:20:00,230.0,150.9,0.0,0.0,0.0
2026-03-14 14:21:00,222.6,146.9,0.0,0.0,0.0
2026-03-14 14:22:00,222.3,148.4,0.0,0.0,0.0
2026-03-14 14:23:00,2212.1,144.0,1990.8,0.0,0.0
2026-03-14 14:24:00,233.7,149.4,0.0,0.0,0.0
2026-03-14 14:25:00,235.3,151.6,0.0,0.0,0.0
2026-03-14 14:26:00,228.8,152.6,0.0,0.0,0.0
2026-03-14 14:27:00,229.7,151.1,0.0,0.0,0.0
2026-03-14 14:28:00,243.4,154.8,0.0,0.0,0.0
2026-03-14 14:29:00,225.4,145.9,0.0,0.0,0.0
2026-03-14 14:30:00,226.1,148.4,0.0,0.0,0.0
2026-03-14 14:31:00,2221.4,146.8,1989.2,0.0,0.0
2026-03-14 14:32:00,228.6,142.5,0.0,0.0,0.0
2026-03-14 14:33:00,236.6,147.0,0.0,0.0,0.0
2026-03-14 14:34:00,216.2,140.5,0.0,0.0,0.0
2026-03-14 14:35:00,73.9,0.0,0.0,0.0,0.0
2026-03-14 14:36:00,79.7,0.0,0.0,0.0,0.0
2026-03-14 14:37:00,84.3,0.0,0.0,0.0,0.0
2026-03-14 14:38:00,81.9,0.0,0.0,0.0,0.0
2026-03-14 14:39:00,86.5,0.0,0.0,0.0,0.0
2026-03-14 14:40:00,74.2,0.0,0.0,0.0,0.0
2026-03-14 14:41:00,82.9,0.0,0.0,0.0,0.0
2026-03-14 14:42:00,80.0,0.0,0.0,0.0,0.0
2026-03-14 14:43:00,76.1,0.0,0.0,0.0,0.0
2026-03-14 14:44:00,90.2,0.0,0.0,0.0,0.0
2026-03-14 14:45:00,92.0,0.0,0.0,0.0,0.0
2026-03-14 14:46:00,85.3,0.0,0.0,0.0,0.0
2026-03-14 14:47:00,65.1,0.0,0.0,0.0,0.0
2026-03-14 14:48:00,78.8,0.0,0.0,0.0,0.0
2026-03-14 14:49:00,81.6,0.0,0.0,0.0,0.0
2026-03-14 14:50:00,87.9,0.0,0.0,0.0,0.0
2026-03-14 14:51:00,78.5,0.0,0.0,0.0,0.0
2026-03-14 14:52:00,71.9,0.0,0.0,0.0,0.0
2026-03-14 14:53:00,78.6,0.0,0.0,0.0,0.0
2026-03-14 14:54:00,79.9,0.0,0.0,0.0,0.0
2026-03-14 14:55:00,2039.4,0.0,1955.4,0.0,0.0
2026-03-14 14:56:00,79.9,0.0,0.0,0.0,0.0
2026-03-14 14:57:00,2075.6,0.0,1996.0,0.0,0.0
2026-03-14 14:58:00,2059.0,0.0,1979.4,0.0,0.0
2026-03-14 14:59:00,2069.6,0.0,1993.3,0.0,0.0
2026-03-14 15:00:00,2235.9,153.4,2001.7,0.0,0.0
2026-03-14 15:01:00,2267.5,143.2,2047.2,0.0,0.0
2026-03-14 15:02:00,2193.6,143.7,1972.5,0.0,0.0
2026-03-14 15:03:00,2245.3,146.7,2016.5,0.0,0.0
2026-03-14 15:04:00,2234.4,137.4,2023.5,0.0,0.0
2026-03-14 15:05:00,2259.8,151.5,2024.0,0.0,0.0
2026-03-14 15:06:00,2158.4,147.3,1915.7,0.0,0.0
2026-03-14 15:07:00,2197.8,150.9,1969.7,0.0,0.0
2026-03-14 15:08:00,223.7,150.7,0.0,0.0,0.0
2026-03-14 15:09:00,2243.0,152.2,2006.2,0.0,0.0
2026-03-14 15:10:00,2193.4,154.0,1971.7,0.0,0.0
2026-03-14 15:11:00,2255.9,147.5,2025.1,0.0,0.0
2026-03-14 15:12:00,2186.0,145.9,1960.0,0.0,0.0
2026-03-14 15:13:00,2222.2,144.3,1999.2,0.0,0.0
2026-03-14 15:14:00,2265.3,150.7,2037.7,0.0,0.0
2026-03-14 15:15:00,222.1,146.8,0.0,0.0,0.0
2026-03-14 15:16:00,221.9,142.5,0.0,0.0,0.0
2026-03-14 15:17:00,2233.6,148.3,1998.3,0.0,0.0
2026-03-14 15:18:00,2231.6,151.2,1997.7,0.0,0.0
2026-03-14 15:19:00,2204.2,152.1,1972.5,0.0,0.0
2026-03-14 15:20:00,2256.2,145.1,2028.9,0.0,0.0
2026-03-14 15:21:00,2259.7,144.1,2037.7,0.0,0.0
2026-03-14 15:22:00,2212.7,149.4,1989.6,0.0,0.0
2026-03-14 15:23:00,2251.8,150.1,2030.2,0.0,0.0
2026-03-14 15:24:00,2258.9,146.7,2027.9,0.0,0.0
2026-03-14 15:25:00,2224.8,152.1,1990.4,0.0,0.0
2026-03-14 15:26:00,2222.3,146.2,1994.4,0.0,0.0
2026-03-14 15:27:00,2204.8,152.5,1974.2,0.0,0.0
2026-03-14 15:28:00,2220.5,155.9,1985.1,0.0,0.0
2026-03-14 15:29:00,218.9,143.3,0.0,0.0,0.0
2026-03-14 15:30:00,240.7,152.9,0.0,0.0,0.0
2026-03-14 15:31:00,2215.2,150.5,1989.0,0.0,0.0
2026-03-14 15:32:00,2238.6,145.2,2009.8,0.0,0.0
2026-03-14 15:33:00,2192.8,149.0,1964.2,0.0,0.0
2026-03-14 15:34:00,2279.8,153.5,2047.3,0.0,0.0
2026-03-14 15:35:00,2045.7,0.0,1965.6,0.0,0.0
2026-03-14 15:36:00,2130.7,0.0,2050.1,0.0,0.0
2026-03-14 15:37:00,2037.5,0.0,1974.5,0.0,0.0
2026-03-14 15:38:00,2110.5,0.0,2028.9,0.0,0.0
2026-03-14 15:39:00,2103.9,0.0,2021.5,0.0,0.0
2026-03-14 15:40:00,2056.3,0.0,1985.0,0.0,0.0
2026-03-14 15:41:00,2072.6,0.0,1991.8,0.0,0.0
2026-03-14 15:42:00,2055.3,0.0,1974.7,0.0,0.0
2026-03-14 15:43:00,2051.8,0.0,1972.6,0.0,0.0
2026-03-14 15:44:00,2114.2,0.0,2036.5,0.0,0.0
2026-03-14 15:45:00,2058.9,0.0,1972.8,0.0,0.0
2026-03-14 15:46:00,2109.9,0.0,2030.6,0.0,0.0
2026-03-14 15:47:00,2089.3,0.0,2010.4,0.0,0.0
2026-03-14 15:48:00,2101.8,0.0,2015.3,0.0,0.0
2026-03-14 15:49:00,2093.0,0.0,2014.7,0.0,0.0
2026-03-14 15:50:00,2062.0,0.0,1982.1,0.0,0.0
2026-03-14 15:51:00,2119.2,0.0,2041.9,0.0,0.0
2026-03-14 15:52:00,2108.9,0.0,2027.5,0.0,0.0
2026-03-14 15:53:00,2132.6,0.0,2061.9,0.0,0.0
2026-03-14 15:54:00,2138.1,0.0,2045.9,0.0,0.0
2026-03-14 15:55:00,2043.5,0.0,1967.5,0.0,0.0
2026-03-14 15:56:00,2061.9,0.0,1978.0,0.0,0.0
2026-03-14 15:57:00,2032.4,0.0,1953.5,0.0,0.0
2026-03-14 15:58:00,2037.1,0.0,1959.0,0.0,0.0
2026-03-14 15:59:00,2080.4,0.0,2018.5,0.0,0.0
2026-03-14 16:00:00,2228.2,143.6,2004.8,0.0,0.0
2026-03-14 16:01:00,2172.7,155.0,1934.2,0.0,0.0
2026-03-14 16:02:00,2222.1,153.2,1995.0,0.0,0.0
2026-03-14 16:03:00,2261.3,147.9,2031.4,0.0,0.0
2026-03-14 16:04:00,2242.6,148.7,2009.8,0.0,0.0
2026-03-14 16:05:00,2214.2,143.4,1988.0,0.0,0.0
2026-03-14 16:06:00,2215.6,155.2,1973.5,0.0,0.0
2026-03-14 16:07:00,2228.5,151.0,1984.5,0.0,0.0
2026-03-14 16:08:00,2229.5,152.4,1997.2,0.0,0.0
2026-03-14 16:09:00,2186.7,150.9,1952.7,0.0,0.0
2026-03-14 16:10:00,2188.9,153.5,1949.4,0.0,0.0
2026-03-14 16:11:00,2228.6,155.8,1992.6,0.0,0.0
2026-03-14 16:12:00,2185.3,157.4,1943.3,0.0,0.0
2026-03-14 16:13:00,2201.9,151.1,1980.0,0.0,0.0
2026-03-14 16:14:00,2234.4,146.6,2004.5,0.0,0.0
2026-03-14 16:15:00,2251.6,144.3,2021.5,0.0,0.0
2026-03-14 16:16:00,2205.6,154.4,1977.2,0.0,0.0
2026-03-14 16:17:00,2207.9,151.9,1981.8,0.0,0.0
2026-03-14 16:18:00,2244.8,160.4,2006.7,0.0,0.0
2026-03-14 16:19:00,2223.6,152.7,1999.5,0.0,0.0
2026-03-14 16:20:00,2239.9,143.6,2012.9,0.0,0.0
2026-03-14 16:21:00,2266.8,153.2,2028.7,0.0,0.0
2026-03-14 16:22:00,2230.3,148.4,1999.6,0.0,0.0
2026-03-14 16:23:00,2224.5,153.6,1987.5,0.0,0.0
2026-03-14 16:24:00,2219.9,145.4,1998.4,0.0,0.0
2026-03-14 16:25:00,2271.4,150.6,2050.1,0.0,0.0
2026-03-14 16:26:00,2242.6,149.3,2016.2,0.0,0.0
2026-03-14 16:27:00,2229.1,147.2,2008.9,0.0,0.0
2026-03-14 16:28:00,2199.0,143.6,1979.7,0.0,0.0
2026-03-14 16:29:00,2175.1,152.1,1942.7,0.0,0.0
2026-03-14 16:30:00,2261.3,145.2,2019.5,0.0,0.0
2026-03-14 16:31:00,2212.4,140.1,1987.7,0.0,0.0
2026-03-14 16:32:00,2222.2,144.0,2007.1,0.0,0.0
2026-03-14 16:33:00,2225.2,148.0,2002.0,0.0,0.0
2026-03-14 16:34:00,2207.3,149.9,1977.0,0.0,0.0
2026-03-14 16:35:00,2123.3,0.0,2036.5,0.0,0.0
2026-03-14 16:36:00,2097.8,0.0,2021.7,0.0,0.0
2026-03-14 16:37:00,2094.6,0.0,2012.1,0.0,0.0
2026-03-14 16:38:00,2037.0,0.0,1953.1,0.0,0.0
2026-03-14 16:39:00,2079.2,0.0,1999.9,0.0,0.0
2026-03-14 16:40:00,2080.1,0.0,1998.7,0.0,0.0
2026-03-14 16:41:00,2102.2,0.0,2011.7,0.0,0.0
2026-03-14 16:42:00,2097.7,0.0,2012.7,0.0,0.0
2026-03-14 16:43:00,2090.9,0.0,2011.2,0.0,0.0
2026-03-14 16:44:00,2009.4,0.0,1928.5,0.0,0.0
2026-03-14 16:45:00,2097.9,0.0,2022.0,0.0,0.0
2026-03-14 16:46:00,2115.2,0.0,2032.2,0.0,0.0
2026-03-14 16:47:00,2066.8,0.0,1988.9,0.0,0.0
2026-03-14 16:48:00,2056.5,0.0,1980.2,0.0,0.0
2026-03-14 16:49:00,2099.9,0.0,2018.4,0.0,0.0
2026-03-14 16:50:00,1995.7,0.0,1912.7,0.0,0.0
2026-03-14 16:51:00,2063.6,0.0,1982.0,0.0,0.0
2026-03-14 16:52:00,2085.6,0.0,2003.1,0.0,0.0
2026-03-14 16:53:00,2103.1,0.0,2022.3,0.0,0.0
2026-03-14 16:54:00,2060.7,0.0,1986.5,0.0,0.0
2026-03-14 16:55:00,2090.8,0.0,2004.3,0.0,0.0
2026-03-14 16:56:00,2073.3,0.0,1987.0,0.0,0.0
2026-03-14 16:57:00,2056.4,0.0,1981.3,0.0,0.0
2026-03-14 16:58:00,2116.3,0.0,2044.0,0.0,0.0
2026-03-14 16:59:00,2097.7,0.0,2014.2,0.0,0.0
2026-03-14 17:00:00,2218.3,147.4,1994.8,0.0,0.0
2026-03-14 17:01:00,2190.1,151.1,1972.8,0.0,0.0
2026-03-14 17:02:00,2234.3,143.3,2015.0,0.0,0.0
2026-03-14 17:03:00,2176.1,148.3,1943.5,0.0,0.0
2026-03-14 17:04:00,2208.0,147.7,1986.0,0.0,0.0
2026-03-14 17:05:00,2210.5,150.5,1980.4,0.0,0.0
2026-03-14 17:06:00,2244.5,147.5,2018.5,0.0,0.0
2026-03-14 17:07:00,2208.4,151.7,1980.6,0.0,0.0
2026-03-14 17:08:00,2253.9,146.6,2028.6,0.0,0.0
2026-03-14 17:09:00,2260.9,153.1,2024.7,0.0,0.0
2026-03-14 17:10:00,2248.3,157.3,2005.0,0.0,0.0
2026-03-14 17:11:00,2259.0,154.3,2021.6,0.0,0.0
2026-03-14 17:12:00,2274.7,150.1,2044.9,0.0,0.0
2026-03-14 17:13:00,2209.8,149.9,1979.5,0.0,0.0
2026-03-14 17:14:00,2241.2,152.6,2009.2,0.0,0.0
2026-03-14 17:15:00,2198.1,147.6,1979.3,0.0,0.0
2026-03-14 17:16:00,2221.5,145.4,1990.7,0.0,0.0
2026-03-14 17:17:00,2237.6,147.6,2005.3,0.0,0.0
2026-03-14 17:18:00,2196.4,147.8,1969.2,0.0,0.0
2026-03-14 17:19:00,2269.2,147.8,2034.7,0.0,0.0
2026-03-14 17:20:00,2216.5,157.5,1972.6,0.0,0.0
2026-03-14 17:21:00,2173.4,161.7,1928.1,0.0,0.0
2026-03-14 17:22:00,2187.2,150.9,1967.1,0.0,0.0
2026-03-14 17:23:00,2210.7,143.1,1988.2,0.0,0.0
2026-03-14 17:24:00,2254.6,150.9,2014.7,0.0,0.0
2026-03-14 17:25:00,2243.0,149.4,2013.9,0.0,0.0
2026-03-14 17:26:00,2133.2,143.6,1906.6,0.0,0.0
2026-03-14 17:27:00,2237.9,152.2,2008.5,0.0,0.0
2026-03-14 17:28:00,2242.0,149.1,2011.1,0.0,0.0
2026-03-14 17:29:00,2221.5,144.9,1989.9,0.0,0.0
2026-03-14 17:30:00,2192.9,146.0,1965.6,0.0,0.0
2026-03-14 17:31:00,2231.3,155.0,1998.2,0.0,0.0
2026-03-14 17:32:00,2237.7,145.9,2017.1,0.0,0.0
2026-03-14 17:33:00,2272.8,149.8,2040.6,0.0,0.0
2026-03-14 17:34:00,2254.9,147.6,2029.8,0.0,0.0
2026-03-14 17:35:00,2058.1,0.0,1971.6,0.0,0.0
2026-03-14 17:36:00,2100.1,0.0,2019.8,0.0,0.0
2026-03-14 17:37:00,2098.2,0.0,2021.4,0.0,0.0
2026-03-14 17:38:00,2105.3,0.0,2020.4,0.0,0.0
2026-03-14 17:39:00,2093.3,0.0,2020.3,0.0,0.0
2026-03-14 17:40:00,2079.1,0.0,2000.6,0.0,0.0
2026-03-14 17:41:00,2136.8,0.0,2058.6,0.0,0.0
2026-03-14 17:42:00,2025.5,0.0,1949.6,0.0,0.0
2026-03-14 17:43:00,1999.1,0.0,1922.7,0.0,0.0
2026-03-14 17:44:00,2108.6,0.0,2030.9,0.0,0.0
2026-03-14 17:45:00,2069.7,0.0,1988.2,0.0,0.0
2026-03-14 17:46:00,2125.0,0.0,2045.5,0.0,0.0
2026-03-14 17:47:00,2043.7,0.0,1963.8,0.0,0.0
2026-03-14 17:48:00,2072.6,0.0,1990.9,0.0,0.0
2026-03-14 17:49:00,2136.6,0.0,2050.0,0.0,0.0
2026-03-14 17:50:00,2084.1,0.0,2010.9,0.0,0.0
2026-03-14 17:51:00,2117.9,0.0,2034.5,0.0,0.0
2026-03-14 17:52:00,2050.4,0.0,1967.7,0.0,0.0
2026-03-14 17:53:00,2084.2,0.0,2011.5,0.0,0.0
2026-03-14 17:54:00,2112.4,0.0,2037.2,0.0,0.0
2026-03-14 17:55:00,2069.5,0.0,1999.7,0.0,0.0
2026-03-14 17:56:00,2108.1,0.0,2026.5,0.0,0.0
2026-03-14 17:57:00,2054.9,0.0,1985.1,0.0,0.0
2026-03-14 17:58:00,2088.7,0.0,2003.8,0.0,0.0
2026-03-14 17:59:00,2148.7,0.0,2068.4,0.0,0.0
2026-03-14 18:00:00,2158.8,154.6,1929.7,0.0,0.0
2026-03-14 18:01:00,2322.7,154.2,1983.1,0.0,114.1
2026-03-14 18:02:00,2304.9,152.1,1944.5,0.0,124.9
2026-03-14 18:03:00,2345.0,147.4,1996.8,0.0,118.9
2026-03-14 18:04:00,2372.7,152.8,2026.3,0.0,123.6
2026-03-14 18:05:00,2354.4,156.6,1985.4,0.0,122.3
2026-03-14 18:06:00,2235.2,152.7,2002.3,0.0,0.0
2026-03-14 18:07:00,2276.5,140.9,2062.1,0.0,0.0
2026-03-14 18:08:00,2187.5,151.9,1956.5,0.0,0.0
2026-03-14 18:09:00,2308.4,149.4,1970.6,0.0,116.7
2026-03-14 18:10:00,2362.1,156.5,2003.2,0.0,129.4
2026-03-14 18:11:00,2319.5,146.5,1975.4,0.0,114.4
2026-03-14 18:12:00,2426.7,143.4,2071.3,0.0,127.6
2026-03-14 18:13:00,2344.9,148.5,1990.1,0.0,119.3
2026-03-14 18:14:00,2220.6,157.6,1981.5,0.0,0.0
2026-03-14 18:15:00,2407.2,154.4,2064.0,0.0,119.7
2026-03-14 18:16:00,2346.9,152.5,2001.4,0.0,114.9
2026-03-14 18:17:00,2415.8,161.4,2041.1,0.0,120.7
2026-03-14 18:18:00,2257.8,145.7,2031.0,0.0,0.0
2026-03-14 18:19:00,2351.1,145.3,2004.9,0.0,119.0
2026-03-14 18:20:00,2189.2,143.1,1971.7,0.0,0.0
2026-03-14 18:21:00,2369.3,150.3,2022.3,0.0,119.7
2026-03-14 18:22:00,2188.4,146.3,1964.8,0.0,0.0
2026-03-14 18:23:00,2328.6,143.0,1979.7,0.0,131.0
2026-03-14 18:24:00,2279.2,153.2,2044.6,0.0,0.0
2026-03-14 18:25:00,2279.3,149.6,1925.9,0.0,117.0
2026-03-14 18:26:00,2350.3,156.6,2000.3,0.0,125.5
2026-03-14 18:27:00,2331.9,155.9,1992.6,0.0,108.9
2026-03-14 18:28:00,2379.6,146.0,2031.2,0.0,115.2
2026-03-14 18:29:00,2363.6,151.1,2025.8,0.0,111.1
2026-03-14 18:30:00,2346.9,147.8,1992.4,0.0,113.8
2026-03-14 18:31:00,2352.3,143.6,2010.4,0.0,116.1
2026-03-14 18:32:00,2231.0,163.0,1981.6,0.0,0.0
2026-03-14 18:33:00,2233.8,152.1,1994.3,0.0,0.0
2026-03-14 18:34:00,2394.3,149.0,2042.8,0.0,128.7
2026-03-14 18:35:00,2239.5,0.0,2023.4,0.0,117.6
2026-03-14 18:36:00,2216.5,0.0,2028.7,0.0,110.4
2026-03-14 18:37:00,2230.1,0.0,2024.9,0.0,118.8
2026-03-14 18:38:00,2239.9,0.0,2031.6,0.0,127.1
2026-03-14 18:39:00,2234.1,0.0,2028.8,0.0,118.6
2026-03-14 18:40:00,2067.6,0.0,1989.1,0.0,0.0
2026-03-14 18:41:00,2146.7,0.0,2068.1,0.0,0.0
2026-03-14 18:42:00,2090.2,0.0,2008.3,0.0,0.0
2026-03-14 18:43:00,2215.3,0.0,2011.0,0.0,127.0
2026-03-14 18:44:00,2204.5,0.0,2002.2,0.0,119.6
2026-03-14 18:45:00,2199.0,0.0,1997.9,0.0,116.0
2026-03-14 18:46:00,2043.5,0.0,1969.7,0.0,0.0
2026-03-14 18:47:00,2179.3,0.0,1981.5,0.0,124.5
2026-03-14 18:48:00,2063.8,0.0,1992.7,0.0,0.0
2026-03-14 18:49:00,2213.1,0.0,2011.1,0.0,122.6
2026-03-14 18:50:00,2187.5,0.0,1994.4,0.0,118.0
2026-03-14 18:51:00,2229.6,0.0,2027.1,0.0,129.0
2026-03-14 18:52:00,2182.3,0.0,1991.5,0.0,114.6
2026-03-14 18:53:00,2072.8,0.0,1997.9,0.0,0.0
2026-03-14 18:54:00,2095.0,0.0,2016.6,0.0,0.0
2026-03-14 18:55:00,2197.8,0.0,1999.4,0.0,126.1
2026-03-14 18:56:00,2169.2,0.0,1976.2,0.0,122.1
2026-03-14 18:57:00,2091.3,0.0,2014.9,0.0,0.0
2026-03-14 18:58:00,2048.4,0.0,1966.4,0.0,0.0
2026-03-14 18:59:00,2206.5,0.0,2015.9,0.0,112.5
2026-03-14 19:00:00,2333.5,148.2,1989.3,0.0,119.6
2026-03-14 19:01:00,2315.8,149.8,1953.7,0.0,124.9
2026-03-14 19:02:00,2366.1,156.9,2017.3,0.0,115.5
2026-03-14 19:03:00,2249.5,154.4,2019.6,0.0,0.0
2026-03-14 19:04:00,2215.2,147.3,1986.5,0.0,0.0
2026-03-14 19:05:00,2316.6,143.2,1974.1,0.0,111.5
2026-03-14 19:06:00,2370.2,154.3,2024.5,0.0,114.3
2026-03-14 19:07:00,2410.3,148.3,2056.7,0.0,122.1
2026-03-14 19:08:00,2217.6,143.3,1998.0,0.0,0.0
2026-03-14 19:09:00,2323.6,154.9,1971.0,0.0,115.7
2026-03-14 19:10:00,2216.3,143.7,2003.1,0.0,0.0
2026-03-14 19:11:00,2285.6,145.1,1944.4,0.0,113.4
2026-03-14 19:12:00,2268.6,153.8,2030.0,0.0,0.0
2026-03-14 19:13:00,2264.0,143.8,2035.8,0.0,0.0
2026-03-14 19:14:00,2410.2,158.6,2046.9,0.0,131.5
2026-03-14 19:15:00,2400.3,157.3,2049.7,0.0,113.9
2026-03-14 19:16:00,2227.5,139.6,2012.7,0.0,0.0
2026-03-14 19:17:00,2317.6,149.0,1976.6,0.0,114.7
2026-03-14 19:18:00,2375.2,154.5,2003.6,0.0,136.6
2026-03-14 19:19:00,2224.4,153.1,1987.3,0.0,0.0
2026-03-14 19:20:00,2349.5,154.0,1996.7,0.0,122.7
2026-03-14 19:21:00,2234.7,142.6,2007.9,0.0,0.0
2026-03-14 19:22:00,2187.5,157.7,1956.4,0.0,0.0
2026-03-14 19:23:00,2332.8,147.3,1994.8,0.0,120.5
2026-03-14 19:24:00,2328.0,147.8,1980.7,0.0,116.5
2026-03-14 19:25:00,2364.7,148.1,2013.3,0.0,124.2
2026-03-14 19:26:00,2332.1,154.7,1989.5,0.0,113.2
2026-03-14 19:27:00,2300.1,147.4,1955.1,0.0,116.1
2026-03-14 19:28:00,2350.0,149.1,2014.5,0.0,108.2
2026-03-14 19:29:00,2224.0,143.3,2009.3,0.0,0.0
2026-03-14 19:30:00,2229.4,143.0,1999.9,0.0,0.0
2026-03-14 19:31:00,2258.1,152.0,2025.2,0.0,0.0
2026-03-14 19:32:00,2305.7,144.5,1971.5,0.0,109.6
2026-03-14 19:33:00,2379.2,143.9,2024.7,0.0,126.4
2026-03-14 19:34:00,2281.5,153.8,2048.7,0.0,0.0
2026-03-14 19:35:00,2217.7,0.0,2014.7,0.0,118.7
2026-03-14 19:36:00,2165.8,0.0,2072.2,0.0,0.0
2026-03-14 19:37:00,2145.5,0.0,2063.4,0.0,0.0
2026-03-14 19:38:00,2077.7,0.0,1992.3,0.0,0.0
2026-03-14 19:39:00,2172.6,0.0,1962.4,0.0,124.5
2026-03-14 19:40:00,2166.2,0.0,1983.0,0.0,116.0
2026-03-14 19:41:00,2134.6,0.0,1930.5,0.0,119.0
2026-03-14 19:42:00,2080.2,0.0,1997.6,0.0,0.0
2026-03-14 19:43:00,2160.2,0.0,1965.8,0.0,118.0
2026-03-14 19:44:00,2044.4,0.0,1972.9,0.0,0.0
2026-03-14 19:45:00,2180.5,0.0,1994.4,0.0,116.0
2026-03-14 19:46:00,2112.6,0.0,2038.5,0.0,0.0
2026-03-14 19:47:00,2125.7,0.0,2041.9,0.0,0.0
2026-03-14 19:48:00,2039.4,0.0,1978.1,0.0,0.0
2026-03-14 19:49:00,2084.7,0.0,2002.4,0.0,0.0
2026-03-14 19:50:00,2048.1,0.0,1973.3,0.0,0.0
2026-03-14 19:51:00,2063.4,0.0,1985.1,0.0,0.0
2026-03-14 19:52:00,2126.8,0.0,2043.4,0.0,0.0
2026-03-14 19:53:00,2226.8,0.0,2020.3,0.0,125.9
2026-03-14 19:54:00,2187.9,0.0,1980.7,0.0,120.1
2026-03-14 19:55:00,2090.1,0.0,2007.6,0.0,0.0
2026-03-14 19:56:00,2198.2,0.0,2001.6,0.0,108.2
2026-03-14 19:57:00,2186.4,0.0,1979.7,0.0,128.0
2026-03-14 19:58:00,2219.2,0.0,2029.1,0.0,115.6
2026-03-14 19:59:00,2193.2,0.0,1999.9,0.0,123.1
2026-03-14 20:00:00,2349.4,146.5,2004.2,0.0,121.5
2026-03-14 20:01:00,2204.8,149.5,1976.5,0.0,0.0
2026-03-14 20:02:00,2316.3,160.0,1956.4,0.0,116.6
2026-03-14 20:03:00,2189.8,141.3,1971.8,0.0,0.0
2026-03-14 20:04:00,2309.4,141.8,1973.0,0.0,117.1
2026-03-14 20:05:00,2244.9,150.5,2012.4,0.0,0.0
2026-03-14 20:06:00,2347.1,157.6,1989.8,0.0,120.9
2026-03-14 20:07:00,2255.6,149.5,2028.6,0.0,0.0
2026-03-14 20:08:00,2365.0,155.6,2009.5,0.0,113.3
2026-03-14 20:09:00,2226.9,147.9,1997.2,0.0,0.0
2026-03-14 20:10:00,2250.2,149.6,2021.7,0.0,0.0
2026-03-14 20:11:00,2341.3,151.2,1992.9,0.0,118.2
2026-03-14 20:12:00,2196.5,140.3,1980.8,0.0,0.0
2026-03-14 20:13:00,2218.7,144.2,1999.7,0.0,0.0
2026-03-14 20:14:00,2308.1,146.7,1964.5,0.0,110.0
2026-03-14 20:15:00,2233.1,149.8,1995.7,0.0,0.0
2026-03-14 20:16:00,2319.7,152.5,1969.0,0.0,117.1
2026-03-14 20:17:00,2294.2,148.5,1949.9,0.0,117.4
2026-03-14 20:18:00,2379.8,153.8,2028.1,0.0,116.0
2026-03-14 20:19:00,2339.5,145.1,1993.8,0.0,123.2
2026-03-14 20:20:00,2179.4,153.4,1956.7,0.0,0.0
2026-03-14 20:21:00,2262.3,154.9,2023.2,0.0,0.0
2026-03-14 20:22:00,2334.8,150.8,1980.7,0.0,122.7
2026-03-14 20:23:00,2383.7,145.4,2034.4,0.0,115.0
2026-03-14 20:24:00,2188.4,155.0,1956.9,0.0,0.0
2026-03-14 20:25:00,2384.1,157.6,2027.1,0.0,121.0
2026-03-14 20:26:00,2413.3,152.1,2050.3,0.0,130.1
2026-03-14 20:27:00,2246.2,147.4,2027.5,0.0,0.0
2026-03-14 20:28:00,2364.7,152.2,2016.0,0.0,122.7
2026-03-14 20:29:00,2303.7,156.2,1946.6,0.0,124.9
2026-03-14 20:30:00,2314.9,146.8,1973.1,0.0,120.1
2026-03-14 20:31:00,2411.5,140.9,2072.1,0.0,115.6
2026-03-14 20:32:00,2392.5,150.6,2037.9,0.0,120.8
2026-03-14 20:33:00,2438.0,157.2,2077.3,0.0,128.2
2026-03-14 20:34:00,2236.9,149.2,2011.6,0.0,0.0
2026-03-14 20:35:00,2064.9,0.0,1991.1,0.0,0.0
2026-03-14 20:36:00,2103.1,0.0,2014.5,0.0,0.0
2026-03-14 20:37:00,2024.9,0.0,1943.2,0.0,0.0
2026-03-14 20:38:00,2194.6,0.0,1998.6,0.0,115.4
2026-03-14 20:39:00,2059.0,0.0,1978.1,0.0,0.0
2026-03-14 20:40:00,2201.7,0.0,2004.0,0.0,119.1
2026-03-14 20:41:00,2170.4,0.0,1973.6,0.0,115.2
2026-03-14 20:42:00,2059.8,0.0,1982.5,0.0,0.0
2026-03-14 20:43:00,2208.9,0.0,2009.4,0.0,119.9
2026-03-14 20:44:00,2208.5,0.0,2013.8,0.0,116.7
2026-03-14 20:45:00,2197.2,0.0,1992.7,0.0,115.0
2026-03-14 20:46:00,2094.1,0.0,2005.8,0.0,0.0
2026-03-14 20:47:00,2200.2,0.0,2001.5,0.0,119.6
2026-03-14 20:48:00,2098.5,0.0,2015.1,0.0,0.0
2026-03-14 20:49:00,2115.5,0.0,2035.5,0.0,0.0
2026-03-14 20:50:00,2220.7,0.0,2011.9,0.0,124.2
2026-03-14 20:51:00,2053.6,0.0,1981.7,0.0,0.0
2026-03-14 20:52:00,2051.9,0.0,1980.7,0.0,0.0
2026-03-14 20:53:00,2093.2,0.0,2008.7,0.0,0.0
2026-03-14 20:54:00,2053.2,0.0,1971.3,0.0,0.0
2026-03-14 20:55:00,2200.0,0.0,1989.9,0.0,125.7
2026-03-14 20:56:00,2177.2,0.0,1977.0,0.0,116.7
2026-03-14 20:57:00,2168.0,0.0,1959.1,0.0,124.6
2026-03-14 20:58:00,2185.4,0.0,1995.3,0.0,116.0
2026-03-14 20:59:00,2212.1,0.0,1995.0,0.0,122.9
2026-03-14 21:00:00,2258.5,151.6,2027.9,0.0,0.0
2026-03-14 21:01:00,2196.8,149.4,1968.0,0.0,0.0
2026-03-14 21:02:00,2401.0,149.4,2048.5,0.0,130.8
2026-03-14 21:03:00,2211.8,145.5,1998.7,0.0,0.0
2026-03-14 21:04:00,2207.4,142.1,1989.4,0.0,0.0
2026-03-14 21:05:00,2333.4,150.1,1980.2,0.0,121.7
2026-03-14 21:06:00,2403.7,155.8,2038.0,0.0,132.0
2026-03-14 21:07:00,2218.8,140.9,1997.5,0.0,0.0
2026-03-14 21:08:00,2394.4,148.4,2043.0,0.0,123.3
2026-03-14 21:09:00,2388.7,152.6,2032.9,0.0,120.9
2026-03-14 21:10:00,2365.3,154.5,1998.7,0.0,130.1
2026-03-14 21:11:00,2275.7,141.3,2063.9,0.0,0.0
2026-03-14 21:12:00,2386.0,150.6,2028.9,0.0,125.8
2026-03-14 21:13:00,2291.6,140.3,1956.9,0.0,118.8
2026-03-14 21:14:00,2194.5,156.9,1952.3,0.0,0.0
2026-03-14 21:15:00,2177.0,148.5,1947.7,0.0,0.0
2026-03-14 21:16:00,2223.8,152.3,1987.6,0.0,0.0
2026-03-14 21:17:00,2355.4,149.8,2005.8,0.0,122.0
2026-03-14 21:18:00,2257.3,142.4,2029.3,0.0,0.0
2026-03-14 21:19:00,2280.5,159.6,2037.8,0.0,0.0
2026-03-14 21:20:00,2211.7,151.9,1985.3,0.0,0.0
2026-03-14 21:21:00,2290.1,147.7,1943.5,0.0,119.7
2026-03-14 21:22:00,2216.1,139.3,2006.7,0.0,0.0
2026-03-14 21:23:00,2357.7,157.1,1999.2,0.0,124.8
2026-03-14 21:24:00,2330.1,144.3,1984.5,0.0,119.5
2026-03-14 21:25:00,2253.3,149.8,2023.5,0.0,0.0
2026-03-14 21:26:00,2178.0,154.9,1934.8,0.0,0.0
2026-03-14 21:27:00,2374.6,155.8,2033.5,0.0,118.6
2026-03-14 21:28:00,2387.6,148.3,2033.8,0.0,115.8
2026-03-14 21:29:00,2372.6,150.3,2032.3,0.0,115.4
2026-03-14 21:30:00,2295.7,153.0,1942.9,0.0,117.4
2026-03-14 21:31:00,2189.3,151.2,1960.3,0.0,0.0
2026-03-14 21:32:00,2325.3,137.9,2001.6,0.0,108.1
2026-03-14 21:33:00,2420.6,150.8,2061.7,0.0,122.3
2026-03-14 21:34:00,2331.6,146.9,1978.8,0.0,120.7
2026-03-14 21:35:00,2201.7,0.0,2010.4,0.0,119.3
2026-03-14 21:36:00,2240.1,0.0,2016.4,0.0,128.5
2026-03-14 21:37:00,2211.0,0.0,1999.0,0.0,132.5
2026-03-14 21:38:00,2119.7,0.0,2031.9,0.0,0.0
2026-03-14 21:39:00,2191.3,0.0,1993.7,0.0,123.7
2026-03-14 21:40:00,2094.1,0.0,2027.7,0.0,0.0
2026-03-14 21:41:00,2190.8,0.0,1997.4,0.0,114.2
2026-03-14 21:42:00,2186.1,0.0,1993.4,0.0,116.7
2026-03-14 21:43:00,2069.0,0.0,1998.4,0.0,0.0
2026-03-14 21:44:00,2166.6,0.0,1982.2,0.0,111.3
2026-03-14 21:45:00,2228.3,0.0,2032.5,0.0,120.4
2026-03-14 21:46:00,2136.5,0.0,1938.7,0.0,119.0
2026-03-14 21:47:00,2040.6,0.0,1967.3,0.0,0.0
2026-03-14 21:48:00,2205.7,0.0,2011.4,0.0,119.0
2026-03-14 21:49:00,2119.3,0.0,2042.2,0.0,0.0
2026-03-14 21:50:00,2084.3,0.0,2010.7,0.0,0.0
2026-03-14 21:51:00,2187.0,0.0,1988.5,0.0,125.2
2026-03-14 21:52:00,2095.5,0.0,2017.6,0.0,0.0
2026-03-14 21:53:00,2201.9,0.0,2003.2,0.0,117.2
2026-03-14 21:54:00,2127.6,0.0,1922.0,0.0,126.4
2026-03-14 21:55:00,2237.9,0.0,2028.9,0.0,133.6
2026-03-14 21:56:00,2064.0,0.0,1990.8,0.0,0.0
2026-03-14 21:57:00,2225.5,0.0,2027.5,0.0,122.7
2026-03-14 21:58:00,2191.6,0.0,1988.2,0.0,121.5
2026-03-14 21:59:00,2228.0,0.0,2020.7,0.0,130.5
2026-03-14 22:00:00,2361.7,148.2,2023.0,0.0,117.7
2026-03-14 22:01:00,2374.0,146.4,2014.4,0.0,127.1
2026-03-14 22:02:00,2309.1,145.5,1968.8,0.0,113.3
2026-03-14 22:03:00,2379.4,149.5,2028.5,0.0,122.1
2026-03-14 22:04:00,2336.6,146.0,1990.2,0.0,123.4
2026-03-14 22:05:00,2315.4,151.1,1965.1,0.0,125.1
2026-03-14 22:06:00,2248.8,158.0,2010.3,0.0,0.0
2026-03-14 22:07:00,2227.6,145.3,1993.6,0.0,0.0
2026-03-14 22:08:00,2202.5,151.5,1979.2,0.0,0.0
2026-03-14 22:09:00,2224.7,147.6,2001.7,0.0,0.0
2026-03-14 22:10:00,2269.8,145.5,2039.2,0.0,0.0
2026-03-14 22:11:00,2336.7,152.5,2105.5,0.0,0.0
2026-03-14 22:12:00,2327.8,152.0,1977.3,0.0,123.4
2026-03-14 22:13:00,2338.0,148.5,1995.2,0.0,116.9
2026-03-14 22:14:00,2353.2,153.0,1997.2,0.0,125.6
2026-03-14 22:15:00,2341.4,142.1,2000.7,0.0,114.4
2026-03-14 22:16:00,2274.4,149.0,2041.3,0.0,0.0
2026-03-14 22:17:00,2179.8,150.1,1949.6,0.0,0.0
2026-03-14 22:18:00,2352.5,139.6,2019.6,0.0,117.1
2026-03-14 22:19:00,2357.9,158.7,2003.7,0.0,119.1
2026-03-14 22:20:00,2188.8,147.5,1973.5,0.0,0.0
2026-03-14 22:21:00,2306.0,147.5,1962.7,0.0,119.5
2026-03-14 22:22:00,2191.9,153.9,1951.7,0.0,0.0
2026-03-14 22:23:00,2224.0,154.2,1984.2,0.0,0.0
2026-03-14 22:24:00,2283.6,151.3,2054.2,0.0,0.0
2026-03-14 22:25:00,2200.4,151.5,1970.8,0.0,0.0
2026-03-14 22:26:00,2392.4,147.3,2038.1,0.0,129.1
2026-03-14 22:27:00,2208.0,141.7,1986.1,0.0,0.0
2026-03-14 22:28:00,2378.7,142.1,2031.1,0.0,122.6
2026-03-14 22:29:00,2251.8,148.7,2021.4,0.0,0.0
2026-03-14 22:30:00,2223.2,156.5,1985.1,0.0,0.0
2026-03-14 22:31:00,2352.4,144.3,2004.5,0.0,123.2
2026-03-14 22:32:00,2321.2,154.3,1984.4,0.0,112.2
2026-03-14 22:33:00,2388.8,144.4,2044.2,0.0,118.2
2026-03-14 22:34:00,2364.4,149.9,2012.2,0.0,114.6
2026-03-14 22:35:00,2089.2,0.0,2007.3,0.0,0.0
2026-03-14 22:36:00,2190.8,0.0,1980.5,0.0,122.8
2026-03-14 22:37:00,2176.8,0.0,1975.9,0.0,123.8
2026-03-14 22:38:00,2186.4,0.0,1990.4,0.0,114.1
2026-03-14 22:39:00,2035.4,0.0,1943.0,0.0,0.0
2026-03-14 22:40:00,2229.1,0.0,2018.5,0.0,119.2
2026-03-14 22:41:00,2108.1,0.0,2033.3,0.0,0.0
2026-03-14 22:42:00,2045.1,0.0,1973.5,0.0,0.0
2026-03-14 22:43:00,2191.9,0.0,1977.3,0.0,127.0
2026-03-14 22:44:00,2192.7,0.0,1992.8,0.0,120.0
2026-03-14 22:45:00,2104.6,0.0,2031.3,0.0,0.0
2026-03-14 22:46:00,2106.2,0.0,2027.6,0.0,0.0
2026-03-14 22:47:00,2051.7,0.0,1968.1,0.0,0.0
2026-03-14 22:48:00,2122.9,0.0,2044.4,0.0,0.0
2026-03-14 22:49:00,2242.0,0.0,2039.4,0.0,124.0
2026-03-14 22:50:00,2090.8,0.0,2011.3,0.0,0.0
2026-03-14 22:51:00,2250.7,0.0,2042.4,0.0,120.1
2026-03-14 22:52:00,2165.9,0.0,1964.2,0.0,123.6
2026-03-14 22:53:00,2204.7,0.0,2011.9,0.0,117.9
2026-03-14 22:54:00,2051.1,0.0,1975.8,0.0,0.0
2026-03-14 22:55:00,2106.2,0.0,2021.0,0.0,0.0
2026-03-14 22:56:00,2077.2,0.0,2001.5,0.0,0.0
2026-03-14 22:57:00,2102.2,0.0,1913.8,0.0,113.7
2026-03-14 22:58:00,2104.1,0.0,2024.5,0.0,0.0
2026-03-14 22:59:00,2235.7,0.0,2033.9,0.0,119.4
2026-03-14 23:00:00,2238.3,141.8,2022.7,0.0,0.0
2026-03-14 23:01:00,2215.9,149.1,1985.3,0.0,0.0
2026-03-14 23:02:00,2247.6,149.6,2013.1,0.0,0.0
2026-03-14 23:03:00,2180.2,141.9,1958.6,0.0,0.0
2026-03-14 23:04:00,2170.0,152.3,1945.8,0.0,0.0
2026-03-14 23:05:00,2238.3,145.6,2022.8,0.0,0.0
2026-03-14 23:06:00,2233.8,140.1,2010.3,0.0,0.0
2026-03-14 23:07:00,2252.9,153.0,2017.7,0.0,0.0
2026-03-14 23:08:00,2222.9,148.1,1988.1,0.0,0.0
2026-03-14 23:09:00,2195.8,152.3,1954.1,0.0,0.0
2026-03-14 23:10:00,2195.0,154.0,1956.7,0.0,0.0
2026-03-14 23:11:00,2269.8,142.8,2053.0,0.0,0.0
2026-03-14 23:12:00,2188.9,150.9,1966.2,0.0,0.0
2026-03-14 23:13:00,2221.2,160.4,1981.0,0.0,0.0
2026-03-14 23:14:00,2240.1,157.0,2008.6,0.0,0.0
2026-03-14 23:15:00,2237.6,148.9,2000.3,0.0,0.0
2026-03-14 23:16:00,2254.8,152.7,2025.6,0.0,0.0
2026-03-14 23:17:00,2221.8,153.6,1990.0,0.0,0.0
2026-03-14 23:18:00,2239.4,153.9,2003.0,0.0,0.0
2026-03-14 23:19:00,2251.5,146.4,2032.7,0.0,0.0
2026-03-14 23:20:00,2274.4,150.7,2047.8,0.0,0.0
2026-03-14 23:21:00,2159.4,141.9,1938.8,0.0,0.0
2026-03-14 23:22:00,2249.3,155.2,2019.3,0.0,0.0
2026-03-14 23:23:00,2280.5,148.2,2042.7,0.0,0.0
2026-03-14 23:24:00,2189.9,150.8,1959.9,0.0,0.0
2026-03-14 23:25:00,2262.2,157.8,2017.7,0.0,0.0
2026-03-14 23:26:00,2240.0,151.7,2003.5,0.0,0.0
2026-03-14 23:27:00,2234.0,145.6,2007.8,0.0,0.0
2026-03-14 23:28:00,2246.2,150.1,2023.2,0.0,0.0
2026-03-14 23:29:00,2249.5,153.2,2017.9,0.0,0.0
2026-03-14 23:30:00,2217.4,145.3,1991.0,0.0,0.0
2026-03-14 23:31:00,2207.8,157.0,1969.4,0.0,0.0
2026-03-14 23:32:00,2191.4,154.4,1958.6,0.0,0.0
2026-03-14 23:33:00,2236.8,154.2,2014.8,0.0,0.0
2026-03-14 23:34:00,2221.7,146.0,1993.8,0.0,0.0
2026-03-14 23:35:00,2065.1,0.0,1992.3,0.0,0.0
2026-03-14 23:36:00,2056.3,0.0,1984.1,0.0,0.0
2026-03-14 23:37:00,2095.8,0.0,2009.8,0.0,0.0
2026-03-14 23:38:00,2059.9,0.0,1981.5,0.0,0.0
2026-03-14 23:39:00,2122.7,0.0,2028.3,0.0,0.0
2026-03-14 23:40:00,2108.2,0.0,2017.9,0.0,0.0
2026-03-14 23:41:00,2088.9,0.0,2005.0,0.0,0.0
2026-03-14 23:42:00,2105.7,0.0,2034.2,0.0,0.0
2026-03-14 23:43:00,2096.5,0.0,2006.0,0.0,0.0
2026-03-14 23:44:00,2061.8,0.0,1977.8,0.0,0.0
2026-03-14 23:45:00,2104.6,0.0,2021.2,0.0,0.0
2026-03-14 23:46:00,2075.9,0.0,1996.9,0.0,0.0
2026-03-14 23:47:00,2094.2,0.0,2015.4,0.0,0.0
2026-03-14 23:48:00,2050.7,0.0,1975.2,0.0,0.0
2026-03-14 23:49:00,2083.8,0.0,1992.9,0.0,0.0
2026-03-14 23:50:00,2063.3,0.0,1982.2,0.0,0.0
2026-03-14 23:51:00,2102.2,0.0,2023.0,0.0,0.0
2026-03-14 23:52:00,2088.4,0.0,2011.1,0.0,0.0
2026-03-14 23:53:00,2105.6,0.0,2022.4,0.0,0.0
2026-03-14 23:54:00,2098.5,0.0,2017.3,0.0,0.0
2026-03-14 23:55:00,2065.4,0.0,1988.7,0.0,0.0
2026-03-14 23:56:00,2077.4,0.0,2001.1,0.0,0.0
2026-03-14 23:57:00,2069.7,0.0,1991.0,0.0,0.0
2026-03-14 23:58:00,2051.1,0.0,1969.2,0.0,0.0
2026-03-14 23:59:00,2086.0,0.0,1999.0,0.0,0.0
