timestamp,aggregate_w,fridge_w,hvac_w,washer_w,tv_w,fridge_w_pred,fridge_w_base,hvac_w_pred,hvac_w_base,washer_w_pred,washer_w_base,tv_w_pred,tv_w_base
2026-03-11 00:00:00,2202.8,151.6,1969.2,0.0,0.0,149.85828727351657,87.52995138888889,1975.4304822059748,834.8564027777777,0.0,10.5595,0.0,14.521798611111112
2026-03-11 00:01:00,2211.6,147.9,1990.3,0.0,0.0,150.81076280697278,87.52995138888889,1980.98200056523,834.8564027777777,0.0,10.5595,0.0,14.521798611111112
2026-03-11 00:02:00,2210.0,149.6,1976.0,0.0,0.0,150.3883915261839,87.52995138888889,1980.4995212066262,834.8564027777777,0.0,10.5595,0.0,14.521798611111112
2026-03-11 00:03:00,2219.8,156.2,1984.9,0.0,0.0,150.6877252981223,87.52995138888889,1986.4307312528979,834.8564027777777,0.0,10.5595,0.0,14.521798611111112
2026-03-11 00:04:00,2245.2,138.0,2023.8,0.0,0.0,148.86409100817474,87.52995138888889,2016.606065886547,834.8564027777777,0.0,10.5595,0.0,14.521798611111112
2026-03-11 00:05:00,2221.3,154.9,1991.0,0.0,0.0,150.75804161950597,87.52995138888889,1990.6928504338255,834.8564027777777,0.0,10.5595,0.0,14.521798611111112
2026-03-11 00:06:00,2307.7,155.9,2066.3,0.0,0.0,149.83491824678583,87.52995138888889,2076.92305693498,834.8564027777777,0.0,10.5595,0.3447962962962963,14.521798611111112
2026-03-11 00:07:00,2248.0,149.2,2014.4,0.0,0.0,148.78039994538193,87.52995138888889,2020.9930301613958,834.8564027777777,0.0,10.5595,0.0,14.521798611111112
2026-03-11 00:08:00,2224.5,155.7,1979.2,0.0,0.0,150.92608432373726,87.52995138888889,1992.0969470297125,834.8564027777777,0.0,10.5595,0.0,14.521798611111112
2026-03-11 00:09:00,2189.4,146.4,1960.1,0.0,0.0,151.25693331139104,87.52995138888889,1961.815048057335,834.8564027777777,0.0,10.5595,0.0,14.521798611111112
2026-03-11 00:10:00,2176.8,144.6,1944.4,0.0,0.0,146.8690063093769,87.52995138888889,1961.4852122935347,834.8564027777777,0.0,10.5595,0.0,14.521798611111112
2026-03-11 00:11:00,2196.2,142.0,1982.9,0.0,0.0,150.62536622150915,87.52995138888889,1968.3962365220832,834.8564027777777,0.0,10.5595,0.0,14.521798611111112
2026-03-11 00:12:00,2233.1,149.1,2009.6,0.0,0.0,150.93119470768886,87.52995138888889,2004.173742268353,834.8564027777777,0.0,10.5595,0.0,14.521798611111112
2026-03-11 00:13:00,2216.2,152.1,1971.7,0.0,0.0,148.78591083894034,87.52995138888889,1986.9313863326965,834.8564027777777,0.0,10.5595,0.0,14.521798611111112
2026-03-11 00:14:00,2223.6,150.8,1992.2,0.0,0.0,148.3181998454132,87.52995138888889,1995.7141139356827,834.8564027777777,0.0,10.5595,0.0,14.521798611111112
2026-03-11 00:15:00,2217.5,143.2,1997.5,0.0,0.0,147.84117798949143,87.52995138888889,1989.9310840180171,834.8564027777777,0.0,10.5595,0.0,14.521798611111112
2026-03-11 00:16:00,2206.6,150.2,1986.4,0.0,0.0,147.39018735458168,87.52995138888889,1976.2672462998335,834.8564027777777,0.0,10.5595,0.0,14.521798611111112
2026-03-11 00:17:00,2182.7,152.8,1954.3,0.0,0.0,147.55830642794032,87.52995138888889,1956.0648338680721,834.8564027777777,0.0,10.5595,0.0,14.521798611111112
2026-03-11 00:18:00,2178.0,152.2,1949.9,0.0,0.0,148.17242456813347,87.52995138888889,1952.998441601367,834.8564027777777,0.0,10.5595,0.0,14.521798611111112
2026-03-11 00:19:00,2237.1,157.1,1993.5,0.0,0.0,149.53483883388142,87.52995138888889,2008.8842744173921,834.8564027777777,0.0,10.5595,0.0,14.521798611111112
2026-03-11 00:20:00,2243.4,144.8,2039.7,0.0,0.0,148.97910234166994,87.52995138888889,2013.2833830885884,834.8564027777777,0.0,10.5595,0.0,14.521798611111112
2026-03-11 00:21:00,2262.0,151.8,2016.7,0.0,0.0,150.79206149057902,87.52995138888889,2029.6969113320515,834.8564027777777,0.0,10.5595,0.0,14.521798611111112
2026-03-11 00:22:00,2262.6,149.2,2035.2,0.0,0.0,151.1758199681581,87.52995138888889,2030.0569177824639,834.8564027777777,0.0,10.5595,0.0,14.521798611111112
2026-03-11 00:23:00,2250.1,150.4,2031.0,0.0,0.0,149.68739367529605,87.52995138888889,2020.1964938128003,834.8564027777777,0.0,10.5595,0.0,14.521798611111112
2026-03-11 00:24:00,2257.4,147.2,2030.3,0.0,0.0,149.95337517988818,87.52995138888889,2024.3037702428032,834.8564027777777,0.0,10.5595,0.0,14.521798611111112
2026-03-11 00:25:00,2162.3,150.2,1949.5,0.0,0.0,142.5500078622358,87.52995138888889,1942.0777699770813,834.8564027777777,0.0,10.5595,0.0,14.521798611111112
2026-03-11 00:26:00,2237.2,143.2,2018.6,0.0,0.0,149.44721994726692,87.52995138888889,2008.3899586442758,834.8564027777777,0.0,10.5595,0.0,14.521798611111112
2026-03-11 00:27:00,2171.8,147.0,1936.2,0.0,0.0,142.41842092450318,87.52995138888889,1946.849137448972,834.8564027777777,0.0,10.5595,0.0,14.521798611111112
2026-03-11 00:28:00,2197.4,154.8,1968.4,0.0,0.0,146.80307990141696,87.52995138888889,1969.8816397583403,834.8564027777777,0.0,10.5595,0.0,14.521798611111112
2026-03-11 00:29:00,2199.5,147.1,1968.7,0.0,0.0,146.9213966087006,87.52995138888889,1970.811488889547,834.8564027777777,0.0,10.5595,0.0,14.521798611111112
2026-03-11 00:30:00,2209.2,148.4,1989.9,0.0,0.0,147.14577483602886,87.52995138888889,1978.822316504574,834.8564027777777,0.0,10.5595,0.0,14.521798611111112
2026-03-11 00:31:00,2215.7,151.8,1979.9,0.0,0.0,147.82618268887975,87.52995138888889,1987.5604337919906,834.8564027777777,0.0,10.5595,0.0,14.521798611111112
2026-03-11 00:32:00,2274.1,152.7,2035.2,0.0,0.0,149.7363088964097,87.52995138888889,2043.382694398793,834.8564027777777,0.0,10.5595,0.0,14.521798611111112
2026-03-11 00:33:00,2226.5,156.1,1996.8,0.0,0.0,148.72822844252696,87.52995138888889,1998.943354555248,834.8564027777777,0.0,10.5595,0.0,14.521798611111112
2026-03-11 00:34:00,2196.7,146.0,1973.1,0.0,0.0,146.8330168015252,87.52995138888889,1969.3234516501527,834.8564027777777,0.0,10.5595,0.0,14.521798611111112
2026-03-11 00:35:00,88.2,0.0,0.0,0.0,0.0,0.0,87.52995138888889,0.0,834.8564027777777,0.0,10.5595,0.0,14.521798611111112
2026-03-11 00:36:00,2089.0,0.0,2021.1,0.0,0.0,0.0,87.52995138888889,2007.566465230724,834.8564027777777,0.0,10.5595,0.0,14.521798611111112
2026-03-11 00:37:00,78.5,0.0,0.0,0.0,0.0,0.0,87.52995138888889,0.0,834.8564027777777,0.0,10.5595,0.0,14.521798611111112
2026-03-11 00:38:00,87.5,0.0,0.0,0.0,0.0,0.0,87.52995138888889,0.0,834.8564027777777,0.0,10.5595,0.0,14.521798611111112
2026-03-11 00:39:00,2114.0,0.0,2038.4,0.0,0.0,0.0,87.52995138888889,2036.9623974681,834.8564027777777,0.0,10.5595,0.0,14.521798611111112
2026-03-11 00:40:00,2047.0,0.0,1975.2,0.0,0.0,0.0,87.52995138888889,1967.7239028549318,834.8564027777777,0.0,10.5595,0.0,14.521798611111112
2026-03-11 00:41:00,2060.9,0.0,1983.4,0.0,0.0,0.0,87.52995138888889,1982.1101363071582,834.8564027777777,0.0,10.5595,0.0,14.521798611111112
2026-03-11 00:42:00,2067.9,0.0,1985.8,0.0,0.0,0.0,87.52995138888889,1989.136175414836,834.8564027777777,0.0,10.5595,0.0,14.521798611111112
2026-03-11 00:43:00,2067.3,0.0,1980.0,0.0,0.0,0.0,87.52995138888889,1987.7939678827709,834.8564027777777,0.0,10.5595,0.0,14.521798611111112
2026-03-11 00:44:00,2057.7,0.0,1968.3,0.0,0.0,0.0,87.52995138888889,1978.873177592215,834.8564027777777,0.0,10.5595,0.0,14.521798611111112
2026-03-11 00:45:00,75.9,0.0,0.0,0.0,0.0,0.0,87.52995138888889,0.0,834.8564027777777,0.0,10.5595,0.0,14.521798611111112
2026-03-11 00:46:00,2051.8,0.0,1984.5,0.0,0.0,0.0,87.52995138888889,1974.2944657012347,834.8564027777777,0.0,10.5595,0.0,14.521798611111112
2026-03-11 00:47:00,2119.2,0.0,2047.2,0.0,0.0,0.0,87.52995138888889,2039.7597507493974,834.8564027777777,0.0,10.5595,0.0,14.521798611111112
2026-03-11 00:48:00,2054.9,0.0,1972.2,0.0,0.0,0.0,87.52995138888889,1974.5933602822413,834.8564027777777,0.0,10.5595,0.0,14.521798611111112
2026-03-11 00:49:00,2100.4,0.0,2023.8,0.0,0.0,0.0,87.52995138888889,2023.071408816075,834.8564027777777,0.0,10.5595,0.0,14.521798611111112
2026-03-11 00:50:00,93.4,0.0,0.0,0.0,0.0,0.0,87.52995138888889,0.0,834.8564027777777,0.0,10.5595,0.0,14.521798611111112
2026-03-11 00:51:00,80.2,0.0,0.0,0.0,0.0,0.0,87.52995138888889,0.0,834.8564027777777,0.0,10.5595,0.0,14.521798611111112
2026-03-11 00:52:00,2130.1,0.0,2043.4,0.0,0.0,0.0,87.52995138888889,2046.9249460370843,834.8564027777777,0.0,10.5595,0.0,14.521798611111112
2026-03-11 00:53:00,2100.7,0.0,2020.1,0.0,0.0,0.0,87.52995138888889,2023.275604490172,834.8564027777777,0.0,10.5595,0.0,14.521798611111112
2026-03-11 00:54:00,2041.7,0.0,1960.1,0.0,0.0,0.0,87.52995138888889,1962.3870467182055,834.8564027777777,0.0,10.5595,0.0,14.521798611111112
2026-03-11 00:55:00,2061.8,0.0,1971.6,0.0,0.0,0.0,87.52995138888889,1984.3978872886926,834.8564027777777,0.0,10.5595,0.0,14.521798611111112
2026-03-11 00:56:00,2060.4,0.0,1973.4,0.0,0.0,0.0,87.52995138888889,1982.5199974164195,834.8564027777777,0.0,10.5595,0.0,14.521798611111112
2026-03-11 00:57:00,2049.8,0.0,1978.4,0.0,0.0,0.0,87.52995138888889,1973.166081158166,834.8564027777777,0.0,10.5595,0.0,14.521798611111112
2026-03-11 00:58:00,2090.0,0.0,2001.9,0.0,0.0,0.0,87.52995138888889,2008.159064177232,834.8564027777777,0.0,10.5595,0.0,14.521798611111112
2026-03-11 00:59:00,2107.9,0.0,2030.3,0.0,0.0,0.0,87.52995138888889,2028.200110900853,834.8564027777777,0.0,10.5595,0.0,14.521798611111112
2026-03-11 01:00:00,233.5,151.5,0.0,0.0,0.0,153.3577799224741,87.52995138888889,0.0,834.8564027777777,0.0,10.5595,0.0,14.521798611111112
2026-03-11 01:01:00,234.9,149.6,0.0,0.0,0.0,153.4007840220782,87.52995138888889,0.0,834.8564027777777,0.0,10.5595,0.0,14.521798611111112
2026-03-11 01:02:00,226.4,139.0,0.0,0.0,0.0,147.61515488585485,87.52995138888889,0.0,834.8564027777777,0.0,10.5595,0.0,14.521798611111112
2026-03-11 01:03:00,2229.2,147.3,1991.1,0.0,0.0,151.07399898998486,87.52995138888889,2000.5622039494822,834.8564027777777,0.0,10.5595,0.0,14.521798611111112
2026-03-11 01:04:00,2218.0,155.3,1992.2,0.0,0.0,149.6128954308476,87.52995138888889,1989.1919191566615,834.8564027777777,0.0,10.5595,0.0,14.521798611111112
2026-03-11 01:05:00,220.3,151.6,0.0,0.0,0.0,146.5949516867663,87.52995138888889,0.0,834.8564027777777,0.0,10.5595,0.0,14.521798611111112
2026-03-11 01:06:00,218.5,147.6,0.0,0.0,0.0,146.28953221702037,87.52995138888889,0.0,834.8564027777777,0.0,10.5595,0.0,14.521798611111112
2026-03-11 01:07:00,230.5,147.2,0.0,0.0,0.0,151.1156255032005,87.52995138888889,0.0,834.8564027777777,0.0,10.5595,0.0,14.521798611111112
2026-03-11 01:08:00,237.6,151.7,0.0,0.0,0.0,152.8196812075179,87.52995138888889,0.0,834.8564027777777,0.0,10.5595,0.0,14.521798611111112
2026-03-11 01:09:00,2202.2,147.9,1975.8,0.0,0.0,149.6293075372943,87.52995138888889,1973.516023650588,834.8564027777777,0.0,10.5595,0.0,14.521798611111112
2026-03-11 01:10:00,2174.4,142.2,1952.6,0.0,0.0,140.67305918151055,87.52995138888889,1952.8672234225476,834.8564027777777,0.0,10.5595,0.0,14.521798611111112
2026-03-11 01:11:00,2170.5,143.1,1945.4,0.0,0.0,121.24239970024531,87.52995138888889,1949.3959426275799,834.8564027777777,0.0,10.5595,0.0,14.521798611111112
2026-03-11 01:12:00,2186.0,161.4,1940.0,0.0,0.0,150.40013737178435,87.52995138888889,1956.8577160547118,834.8564027777777,0.0,10.5595,0.0,14.521798611111112
2026-03-11 01:13:00,2216.1,148.3,1977.7,0.0,0.0,149.83828372276452,87.52995138888889,1988.7148300839867,834.8564027777777,0.0,10.5595,0.0,14.521798611111112
2026-03-11 01:14:00,221.9,150.0,0.0,0.0,0.0,145.30045290107498,87.52995138888889,0.0,834.8564027777777,0.0,10.5595,0.0,14.521798611111112
2026-03-11 01:15:00,218.8,150.7,0.0,0.0,0.0,145.2965926096779,87.52995138888889,0.0,834.8564027777777,0.0,10.5595,0.0,14.521798611111112
2026-03-11 01:16:00,223.7,151.5,0.0,0.0,0.0,147.89903586342848,87.52995138888889,0.0,834.8564027777777,0.0,10.5595,0.0,14.521798611111112
2026-03-11 01:17:00,230.5,153.2,0.0,0.0,0.0,152.1659226148035,87.52995138888889,0.0,834.8564027777777,0.0,10.5595,0.0,14.521798611111112
2026-03-11 01:18:00,222.8,150.2,0.0,0.0,0.0,145.4361687112996,87.52995138888889,0.0,834.8564027777777,0.0,10.5595,0.0,14.521798611111112
2026-03-11 01:19:00,238.1,147.9,0.0,0.0,0.0,153.5555500470118,87.52995138888889,0.0,834.8564027777777,0.0,10.5595,0.0,14.521798611111112
2026-03-11 01:20:00,220.8,148.8,0.0,0.0,0.0,144.18760104024523,87.52995138888889,0.0,834.8564027777777,0.0,10.5595,0.0,14.521798611111112
2026-03-11 01:21:00,230.0,149.5,0.0,0.0,0.0,150.66754816758404,87.52995138888889,0.0,834.8564027777777,0.0,10.5595,0.0,14.521798611111112
2026-03-11 01:22:00,246.6,157.9,0.0,0.0,0.0,156.02934960034528,87.52995138888889,0.0,834.8564027777777,0.0,10.5595,0.0,14.521798611111112
2026-03-11 01:23:00,238.7,158.3,0.0,0.0,0.0,155.21347189417332,87.52995138888889,0.0,834.8564027777777,0.0,10.5595,0.0,14.521798611111112
2026-03-11 01:24:00,241.0,153.5,0.0,0.0,0.0,156.09500653877424,87.52995138888889,0.0,834.8564027777777,0.0,10.5595,0.0,14.521798611111112
2026-03-11 01:25:00,244.6,158.4,0.0,0.0,0.0,156.35245498352126,87.52995138888889,0.0,834.8564027777777,0.0,10.5595,0.0,14.521798611111112
2026-03-11 01:26:00,223.8,147.3,0.0,0.0,0.0,147.75082118946582,87.52995138888889,0.0,834.8564027777777,0.0,10.5595,0.0,14.521798611111112
2026-03-11 01:27:00,214.8,146.0,0.0,0.0,0.0,143.06304464467996,87.52995138888889,0.0,834.8564027777777,0.0,10.5595,0.0,14.521798611111112
2026-03-11 01:28:00,211.0,138.8,0.0,0.0,0.0,142.3171712829111,87.52995138888889,0.0,834.8564027777777,0.0,10.5595,0.0,14.521798611111112
2026-03-11 01:29:00,240.0,154.0,0.0,0.0,0.0,155.62147457074514,87.52995138888889,0.0,834.8564027777777,0.0,10.5595,0.0,14.521798611111112
2026-03-11 01:30:00,230.3,152.0,0.0,0.0,0.0,151.5301099257095,87.52995138888889,0.0,834.8564027777777,0.0,10.5595,0.0,14.521798611111112
2026-03-11 01:31:00,224.5,143.8,0.0,0.0,0.0,148.41814202344497,87.52995138888889,0.0,834.8564027777777,0.0,10.5595,0.0,14.521798611111112
2026-03-11 01:32:00,230.1,152.5,0.0,0.0,0.0,150.50897611224633,87.52995138888889,0.0,834.8564027777777,0.0,10.5595,0.0,14.521798611111112
2026-03-11 01:33:00,231.5,148.4,0.0,0.0,0.0,150.63361186702312,87.52995138888889,0.0,834.8564027777777,0.0,10.5595,0.0,14.521798611111112
2026-03-11 01:34:00,2247.5,151.0,2006.5,0.0,0.0,148.7066457087575,87.52995138888889,2018.7278830216069,834.8564027777777,0.0,10.5595,0.0,14.521798611111112
2026-03-11 01:35:00,87.0,0.0,0.0,0.0,0.0,0.0,87.52995138888889,0.0,834.8564027777777,0.0,10.5595,0.0,14.521798611111112
2026-03-11 01:36:00,78.9,0.0,0.0,0.0,0.0,0.0,87.52995138888889,0.0,834.8564027777777,0.0,10.5595,0.0,14.521798611111112
2026-03-11 01:37:00,75.5,0.0,0.0,0.0,0.0,0.0,87.52995138888889,0.0,834.8564027777777,0.0,10.5595,0.0,14.521798611111112
2026-03-11 01:38:00,72.6,0.0,0.0,0.0,0.0,0.0,87.52995138888889,0.0,834.8564027777777,0.0,10.5595,0.0,14.521798611111112
2026-03-11 01:39:00,81.9,0.0,0.0,0.0,0.0,0.0,87.52995138888889,0.0,834.8564027777777,0.0,10.5595,0.0,14.521798611111112
2026-03-11 01:40:00,83.3,0.0,0.0,0.0,0.0,0.0,87.52995138888889,0.0,834.8564027777777,0.0,10.5595,0.0,14.521798611111112
2026-03-11 01:41:00,78.1,0.0,0.0,0.0,0.0,0.0,87.52995138888889,0.0,834.8564027777777,0.0,10.5595,0.0,14.521798611111112
2026-03-11 01:42:00,79.0,0.0,0.0,0.0,0.0,0.0,87.52995138888889,0.0,834.8564027777777,0.0,10.5595,0.0,14.521798611111112
2026-03-11 01:43:00,75.3,0.0,0.0,0.0,0.0,0.0,87.52995138888889,0.0,834.8564027777777,0.0,10.5595,0.0,14.521798611111112
2026-03-11 01:44:00,74.4,0.0,0.0,0.0,0.0,0.0,87.52995138888889,0.0,834.8564027777777,0.0,10.5595,0.0,14.521798611111112
2026-03-11 01:45:00,84.4,0.0,0.0,0.0,0.0,0.0,87.52995138888889,0.0,834.8564027777777,0.0,10.5595,0.0,14.521798611111112
2026-03-11 01:46:00,77.5,0.0,0.0,0.0,0.0,0.0,87.52995138888889,0.0,834.8564027777777,0.0,10.5595,0.0,14.521798611111112
2026-03-11 01:47:00,83.2,0.0,0.0,0.0,0.0,0.0,87.52995138888889,0.0,834.8564027777777,0.0,10.5595,0.0,14.521798611111112
2026-03-11 01:48:00,78.1,0.0,0.0,0.0,0.0,0.0,87.52995138888889,0.0,834.8564027777777,0.0,10.5595,0.0,14.521798611111112
2026-03-11 01:49:00,84.4,0.0,0.0,0.0,0.0,0.0,87.52995138888889,0.0,834.8564027777777,0.0,10.5595,0.0,14.521798611111112
2026-03-11 01:50:00,81.9,0.0,0.0,0.0,0.0,0.0,87.52995138888889,0.0,834.8564027777777,0.0,10.5595,0.0,14.521798611111112
2026-03-11 01:51:00,81.9,0.0,0.0,0.0,0.0,0.0,87.52995138888889,0.0,834.8564027777777,0.0,10.5595,0.0,14.521798611111112
2026-03-11 01:52:00,87.1,0.0,0.0,0.0,0.0,0.0,87.52995138888889,0.0,834.8564027777777,0.0,10.5595,0.0,14.521798611111112
2026-03-11 01:53:00,74.0,0.0,0.0,0.0,0.0,0.0,87.52995138888889,0.0,834.8564027777777,0.0,10.5595,0.0,14.521798611111112
2026-03-11 01:54:00,73.3,0.0,0.0,0.0,0.0,0.0,87.52995138888889,0.0,834.8564027777777,0.0,10.5595,0.0,14.521798611111112
2026-03-11 01:55:00,74.9,0.0,0.0,0.0,0.0,0.0,87.52995138888889,0.0,834.8564027777777,0.0,10.5595,0.0,14.521798611111112
2026-03-11 01:56:00,81.1,0.0,0.0,0.0,0.0,0.0,87.52995138888889,0.0,834.8564027777777,0.0,10.5595,0.0,14.521798611111112
2026-03-11 01:57:00,90.6,0.0,0.0,0.0,0.0,0.0,87.52995138888889,0.0,834.8564027777777,0.0,10.5595,0.0,14.521798611111112
2026-03-11 01:58:00,81.2,0.0,0.0,0.0,0.0,0.0,87.52995138888889,0.0,834.8564027777777,0.0,10.5595,0.0,14.521798611111112
2026-03-11 01:59:00,69.8,0.0,0.0,0.0,0.0,0.0,87.52995138888889,0.0,834.8564027777777,0.0,10.5595,0.0,14.521798611111112
2026-03-11 02:00:00,234.4,147.0,0.0,0.0,0.0,151.2515482327585,87.52995138888889,0.0,834.8564027777777,0.0,10.5595,0.0,14.521798611111112
2026-03-11 02:01:00,243.0,151.9,0.0,0.0,0.0,155.78580905396345,87.52995138888889,0.0,834.8564027777777,0.0,10.5595,0.0,14.521798611111112
2026-03-11 02:02:00,241.1,158.6,0.0,0.0,0.0,155.00249514717302,87.52995138888889,0.0,834.8564027777777,0.0,10.5595,0.0,14.521798611111112
2026-03-11 02:03:00,226.8,148.0,0.0,0.0,0.0,147.6077989931637,87.52995138888889,0.0,834.8564027777777,0.0,10.5595,0.0,14.521798611111112
2026-03-11 02:04:00,234.1,151.2,0.0,0.0,0.0,152.83340539231148,87.52995138888889,0.0,834.8564027777777,0.0,10.5595,0.0,14.521798611111112
2026-03-11 02:05:00,245.2,153.2,0.0,0.0,0.0,158.1115999264896,87.52995138888889,0.0,834.8564027777777,0.0,10.5595,0.0,14.521798611111112
2026-03-11 02:06:00,238.3,154.1,0.0,0.0,0.0,154.69030930337638,87.52995138888889,0.0,834.8564027777777,0.0,10.5595,0.0,14.521798611111112
2026-03-11 02:07:00,223.5,154.8,0.0,0.0,0.0,145.5862514780829,87.52995138888889,0.0,834.8564027777777,0.0,10.5595,0.0,14.521798611111112
2026-03-11 02:08:00,232.3,150.6,0.0,0.0,0.0,152.11498616872467,87.52995138888889,0.0,834.8564027777777,0.0,10.5595,0.0,14.521798611111112
2026-03-11 02:09:00,233.1,150.3,0.0,0.0,0.0,152.5520545102959,87.52995138888889,0.0,834.8564027777777,0.0,10.5595,0.0,14.521798611111112
2026-03-11 02:10:00,229.3,151.0,0.0,0.0,0.0,149.83683657121753,87.52995138888889,0.0,834.8564027777777,0.0,10.5595,0.0,14.521798611111112
2026-03-11 02:11:00,224.5,147.7,0.0,0.0,0.0,148.6624081605758,87.52995138888889,0.0,834.8564027777777,0.0,10.5595,0.0,14.521798611111112
2026-03-11 02:12:00,218.2,141.2,0.0,0.0,0.0,146.24880529777244,87.52995138888889,0.0,834.8564027777777,0.0,10.5595,0.0,14.521798611111112
2026-03-11 02:13:00,230.5,151.6,0.0,0.0,0.0,149.97146539114468,87.52995138888889,0.0,834.8564027777777,0.0,10.5595,0.0,14.521798611111112
2026-03-11 02:14:00,236.0,150.1,0.0,0.0,0.0,153.2313090187591,87.52995138888889,0.0,834.8564027777777,0.0,10.5595,0.0,14.521798611111112
2026-03-11 02:15:00,233.5,162.9,0.0,0.0,0.0,153.15413529341038,87.52995138888889,0.0,834.8564027777777,0.0,10.5595,0.0,14.521798611111112
2026-03-11 02:16:00,222.9,147.7,0.0,0.0,0.0,145.7056272797464,87.52995138888889,0.0,834.8564027777777,0.0,10.5595,0.0,14.521798611111112
2026-03-11 02:17:00,222.9,144.0,0.0,0.0,0.0,144.87965598437512,87.52995138888889,0.0,834.8564027777777,0.0,10.5595,0.0,14.521798611111112
2026-03-11 02:18:00,232.0,146.9,0.0,0.0,0.0,151.83880556660122,87.52995138888889,0.0,834.8564027777777,0.0,10.5595,0.0,14.521798611111112
2026-03-11 02:19:00,225.1,147.3,0.0,0.0,0.0,149.50231069470317,87.52995138888889,0.0,834.8564027777777,0.0,10.5595,0.0,14.521798611111112
2026-03-11 02:20:00,240.4,152.4,0.0,0.0,0.0,154.60092095788917,87.52995138888889,0.0,834.8564027777777,0.0,10.5595,0.0,14.521798611111112
2026-03-11 02:21:00,235.4,147.6,0.0,0.0,0.0,153.2306660468559,87.52995138888889,0.0,834.8564027777777,0.0,10.5595,0.0,14.521798611111112
2026-03-11 02:22:00,240.5,152.7,0.0,0.0,0.0,155.1225704035416,87.52995138888889,0.0,834.8564027777777,0.0,10.5595,0.0,14.521798611111112
2026-03-11 02:23:00,227.0,147.1,0.0,0.0,0.0,148.66071965762995,87.52995138888889,0.0,834.8564027777777,0.0,10.5595,0.0,14.521798611111112
2026-03-11 02:24:00,227.3,147.4,0.0,0.0,0.0,148.19009508873478,87.52995138888889,0.0,834.8564027777777,0.0,10.5595,0.0,14.521798611111112
2026-03-11 02:25:00,227.8,150.7,0.0,0.0,0.0,148.40532343168815,87.52995138888889,0.0,834.8564027777777,0.0,10.5595,0.0,14.521798611111112
2026-03-11 02:26:00,231.2,150.4,0.0,0.0,0.0,150.89110611653436,87.52995138888889,0.0,834.8564027777777,0.0,10.5595,0.0,14.521798611111112
2026-03-11 02:27:00,229.9,143.1,0.0,0.0,0.0,150.3351871116299,87.52995138888889,0.0,834.8564027777777,0.0,10.5595,0.0,14.521798611111112
2026-03-11 02:28:00,231.7,152.1,0.0,0.0,0.0,150.45747524751232,87.52995138888889,0.0,834.8564027777777,0.0,10.5595,0.0,14.521798611111112
2026-03-11 02:29:00,222.6,148.8,0.0,0.0,0.0,145.65327076001338,87.52995138888889,0.0,834.8564027777777,0.0,10.5595,0.0,14.521798611111112
2026-03-11 02:30:00,247.8,159.3,0.0,0.0,0.0,159.78293500850145,87.52995138888889,0.0,834.8564027777777,0.0,10.5595,0.0,14.521798611111112
2026-03-11 02:31:00,230.6,148.9,0.0,0.0,0.0,150.5254661958556,87.52995138888889,0.0,834.8564027777777,0.0,10.5595,0.0,14.521798611111112
2026-03-11 02:32:00,237.3,151.5,0.0,0.0,0.0,153.45328972590593,87.52995138888889,0.0,834.8564027777777,0.0,10.5595,0.0,14.521798611111112
2026-03-11 02:33:00,231.9,145.2,0.0,0.0,0.0,151.05145603937845,87.52995138888889,0.0,834.8564027777777,0.0,10.5595,0.0,14.521798611111112
2026-03-11 02:34:00,233.8,152.5,0.0,0.0,0.0,152.32504741886655,87.52995138888889,0.0,834.8564027777777,0.0,10.5595,0.0,14.521798611111112
2026-03-11 02:35:00,69.9,0.0,0.0,0.0,0.0,0.0,87.52995138888889,0.0,834.8564027777777,0.0,10.5595,0.0,14.521798611111112
2026-03-11 02:36:00,82.6,0.0,0.0,0.0,0.0,0.0,87.52995138888889,0.0,834.8564027777777,0.0,10.5595,0.0,14.521798611111112
2026-03-11 02:37:00,74.9,0.0,0.0,0.0,0.0,0.0,87.52995138888889,0.0,834.8564027777777,0.0,10.5595,0.0,14.521798611111112
2026-03-11 02:38:00,67.1,0.0,0.0,0.0,0.0,0.0,87.52995138888889,0.0,834.8564027777777,0.0,10.5595,0.0,14.521798611111112
2026-03-11 02:39:00,74.0,0.0,0.0,0.0,0.0,0.0,87.52995138888889,0.0,834.8564027777777,0.0,10.5595,0.0,14.521798611111112
2026-03-11 02:40:00,85.0,0.0,0.0,0.0,0.0,0.0,87.52995138888889,0.0,834.8564027777777,0.0,10.5595,0.0,14.521798611111112
2026-03-11 02:41:00,83.1,0.0,0.0,0.0,0.0,0.0,87.52995138888889,0.0,834.8564027777777,0.0,10.5595,0.0,14.521798611111112
2026-03-11 02:42:00,75.8,0.0,0.0,0.0,0.0,0.0,87.52995138888889,0.0,834.8564027777777,0.0,10.5595,0.0,14.521798611111112
2026-03-11 02:43:00,80.0,0.0,0.0,0.0,0.0,0.0,87.52995138888889,0.0,834.8564027777777,0.0,10.5595,0.0,14.521798611111112
2026-03-11 02:44:00,81.0,0.0,0.0,0.0,0.0,0.0,87.52995138888889,0.0,834.8564027777777,0.0,10.5595,0.0,14.521798611111112
2026-03-11 02:45:00,77.4,0.0,0.0,0.0,0.0,0.0,87.52995138888889,0.0,834.8564027777777,0.0,10.5595,0.0,14.521798611111112
2026-03-11 02:46:00,69.6,0.0,0.0,0.0,0.0,0.0,87.52995138888889,0.0,834.8564027777777,0.0,10.5595,0.0,14.521798611111112
2026-03-11 02:47:00,75.9,0.0,0.0,0.0,0.0,0.0,87.52995138888889,0.0,834.8564027777777,0.0,10.5595,0.0,14.521798611111112
2026-03-11 02:48:00,85.9,0.0,0.0,0.0,0.0,0.0,87.52995138888889,0.0,834.8564027777777,0.0,10.5595,0.0,14.521798611111112
2026-03-11 02:49:00,78.1,0.0,0.0,0.0,0.0,0.0,87.52995138888889,0.0,834.8564027777777,0.0,10.5595,0.0,14.521798611111112
2026-03-11 02:50:00,79.5,0.0,0.0,0.0,0.0,0.0,87.52995138888889,0.0,834.8564027777777,0.0,10.5595,0.0,14.521798611111112
2026-03-11 02:51:00,77.1,0.0,0.0,0.0,0.0,0.0,87.52995138888889,0.0,834.8564027777777,0.0,10.5595,0.0,14.521798611111112
2026-03-11 02:52:00,86.2,0.0,0.0,0.0,0.0,0.0,87.52995138888889,0.0,834.8564027777777,0.0,10.5595,0.0,14.521798611111112
2026-03-11 02:53:00,83.8,0.0,0.0,0.0,0.0,0.0,87.52995138888889,0.0,834.8564027777777,0.0,10.5595,0.0,14.521798611111112
2026-03-11 02:54:00,76.5,0.0,0.0,0.0,0.0,0.0,87.52995138888889,0.0,834.8564027777777,0.0,10.5595,0.0,14.521798611111112
2026-03-11 02:55:00,77.0,0.0,0.0,0.0,0.0,0.0,87.52995138888889,0.0,834.8564027777777,0.0,10.5595,0.0,14.521798611111112
2026-03-11 02:56:00,90.3,0.0,0.0,0.0,0.0,0.0,87.52995138888889,0.0,834.8564027777777,0.0,10.5595,0.0,14.521798611111112
2026-03-11 02:57:00,79.4,0.0,0.0,0.0,0.0,0.0,87.52995138888889,0.0,834.8564027777777,0.0,10.5595,0.0,14.521798611111112
2026-03-11 02:58:00,73.5,0.0,0.0,0.0,0.0,0.0,87.52995138888889,0.0,834.8564027777777,0.0,10.5595,0.0,14.521798611111112
2026-03-11 02:59:00,80.6,0.0,0.0,0.0,0.0,0.0,87.52995138888889,0.0,834.8564027777777,0.0,10.5595,0.0,14.521798611111112
2026-03-11 03:00:00,239.3,147.9,0.0,0.0,0.0,154.41804495743915,87.52995138888889,0.0,834.8564027777777,0.0,10.5595,0.0,14.521798611111112
2026-03-11 03:01:00,223.2,145.3,0.0,0.0,0.0,146.4277423838145,87.52995138888889,0.0,834.8564027777777,0.0,10.5595,0.0,14.521798611111112
2026-03-11 03:02:00,227.2,149.4,0.0,0.0,0.0,148.11381137969647,87.52995138888889,0.0,834.8564027777777,0.0,10.5595,0.0,14.521798611111112
2026-03-11 03:03:00,243.5,161.9,0.0,0.0,0.0,156.10404975520123,87.52995138888889,0.0,834.8564027777777,0.0,10.5595,0.0,14.521798611111112
2026-03-11 03:04:00,227.0,152.3,0.0,0.0,0.0,148.2890117987763,87.52995138888889,0.0,834.8564027777777,0.0,10.5595,0.0,14.521798611111112
2026-03-11 03:05:00,241.8,152.5,0.0,0.0,0.0,153.76240978636665,87.52995138888889,0.0,834.8564027777777,0.0,10.5595,0.0,14.521798611111112
2026-03-11 03:06:00,229.8,144.1,0.0,0.0,0.0,149.53665848450828,87.52995138888889,0.0,834.8564027777777,0.0,10.5595,0.0,14.521798611111112
2026-03-11 03:07:00,242.7,153.0,0.0,0.0,0.0,153.97996192652658,87.52995138888889,0.0,834.8564027777777,0.0,10.5595,0.0,14.521798611111112
2026-03-11 03:08:00,219.8,142.1,0.0,0.0,0.0,146.93237444804078,87.52995138888889,0.0,834.8564027777777,0.0,10.5595,0.0,14.521798611111112
2026-03-11 03:09:00,233.8,146.9,0.0,0.0,0.0,151.4979400414486,87.52995138888889,0.0,834.8564027777777,0.0,10.5595,0.0,14.521798611111112
2026-03-11 03:10:00,233.0,151.0,0.0,0.0,0.0,151.55868257830633,87.52995138888889,0.0,834.8564027777777,0.0,10.5595,0.0,14.521798611111112
2026-03-11 03:11:00,234.1,160.3,0.0,0.0,0.0,151.41557045758393,87.52995138888889,0.0,834.8564027777777,0.0,10.5595,0.0,14.521798611111112
2026-03-11 03:12:00,225.7,146.3,0.0,0.0,0.0,148.55571229425598,87.52995138888889,0.0,834.8564027777777,0.0,10.5595,0.0,14.521798611111112
2026-03-11 03:13:00,221.6,152.4,0.0,0.0,0.0,144.80727894915546,87.52995138888889,0.0,834.8564027777777,0.0,10.5595,0.0,14.521798611111112
2026-03-11 03:14:00,226.3,148.5,0.0,0.0,0.0,149.08749829926413,87.52995138888889,0.0,834.8564027777777,0.0,10.5595,0.0,14.521798611111112
2026-03-11 03:15:00,224.1,140.6,0.0,0.0,0.0,148.27072828915433,87.52995138888889,0.0,834.8564027777777,0.0,10.5595,0.0,14.521798611111112
2026-03-11 03:16:00,226.6,152.9,0.0,0.0,0.0,149.3631975163238,87.52995138888889,0.0,834.8564027777777,0.0,10.5595,0.0,14.521798611111112
2026-03-11 03:17:00,241.9,161.7,0.0,0.0,0.0,154.41430177469596,87.52995138888889,0.0,834.8564027777777,0.0,10.5595,0.0,14.521798611111112
2026-03-11 03:18:00,241.8,153.7,0.0,0.0,0.0,154.4838073154514,87.52995138888889,0.0,834.8564027777777,0.0,10.5595,0.0,14.521798611111112
2026-03-11 03:19:00,225.4,145.9,0.0,0.0,0.0,148.35722866835889,87.52995138888889,0.0,834.8564027777777,0.0,10.5595,0.0,14.521798611111112
2026-03-11 03:20:00,222.1,149.4,0.0,0.0,0.0,144.85236356083996,87.52995138888889,0.0,834.8564027777777,0.0,10.5595,0.0,14.521798611111112
2026-03-11 03:21:00,231.9,152.4,0.0,0.0,0.0,151.76191774944195,87.52995138888889,0.0,834.8564027777777,0.0,10.5595,0.0,14.521798611111112
2026-03-11 03:22:00,238.7,144.9,0.0,0.0,0.0,153.82960236586032,87.52995138888889,0.0,834.8564027777777,0.0,10.5595,0.0,14.521798611111112
2026-03-11 03:23:00,237.0,150.7,0.0,0.0,0.0,152.71976137733373,87.52995138888889,0.0,834.8564027777777,0.0,10.5595,0.0,14.521798611111112
2026-03-11 03:24:00,222.4,146.8,0.0,0.0,0.0,145.51474062571418,87.52995138888889,0.0,834.8564027777777,0.0,10.5595,0.0,14.521798611111112
2026-03-11 03:25:00,226.8,149.9,0.0,0.0,0.0,149.430141179824,87.52995138888889,0.0,834.8564027777777,0.0,10.5595,0.0,14.521798611111112
2026-03-11 03:26:00,233.1,147.8,0.0,0.0,0.0,151.83143793833165,87.52995138888889,0.0,834.8564027777777,0.0,10.5595,0.0,14.521798611111112
2026-03-11 03:27:00,229.9,150.2,0.0,0.0,0.0,151.04987852855206,87.52995138888889,0.0,834.8564027777777,0.0,10.5595,0.0,14.521798611111112
2026-03-11 03:28:00,233.2,151.7,0.0,0.0,0.0,151.5120802454798,87.52995138888889,0.0,834.8564027777777,0.0,10.5595,0.0,14.521798611111112
2026-03-11 03:29:00,225.6,146.3,0.0,0.0,0.0,149.46422595378476,87.52995138888889,0.0,834.8564027777777,0.0,10.5595,0.0,14.521798611111112
2026-03-11 03:30:00,249.1,157.5,0.0,0.0,0.0,157.81997252748684,87.52995138888889,0.0,834.8564027777777,0.0,10.5595,0.0,14.521798611111112
2026-03-11 03:31:00,214.1,144.7,0.0,0.0,0.0,142.94126646544603,87.52995138888889,0.0,834.8564027777777,0.0,10.5595,0.0,14.521798611111112
2026-03-11 03:32:00,245.1,152.4,0.0,0.0,0.0,157.45047661060414,87.52995138888889,0.0,834.8564027777777,0.0,10.5595,0.0,14.521798611111112
2026-03-11 03:33:00,242.0,159.6,0.0,0.0,0.0,154.58745537305836,87.52995138888889,0.0,834.8564027777777,0.0,10.5595,0.0,14.521798611111112
2026-03-11 03:34:00,242.7,157.2,0.0,0.0,0.0,154.32639668236536,87.52995138888889,0.0,834.8564027777777,0.0,10.5595,0.0,14.521798611111112
2026-03-11 03:35:00,79.7,0.0,0.0,0.0,0.0,0.0,87.52995138888889,0.0,834.8564027777777,0.0,10.5595,0.0,14.521798611111112
2026-03-11 03:36:00,77.4,0.0,0.0,0.0,0.0,0.0,87.52995138888889,0.0,834.8564027777777,0.0,10.5595,0.0,14.521798611111112
2026-03-11 03:37:00,78.9,0.0,0.0,0.0,0.0,0.0,87.52995138888889,0.0,834.8564027777777,0.0,10.5595,0.0,14.521798611111112
2026-03-11 03:38:00,81.1,0.0,0.0,0.0,0.0,0.0,87.52995138888889,0.0,834.8564027777777,0.0,10.5595,0.0,14.521798611111112
2026-03-11 03:39:00,77.7,0.0,0.0,0.0,0.0,0.0,87.52995138888889,0.0,834.8564027777777,0.0,10.5595,0.0,14.521798611111112
2026-03-11 03:40:00,76.1,0.0,0.0,0.0,0.0,0.0,87.52995138888889,0.0,834.8564027777777,0.0,10.5595,0.0,14.521798611111112
2026-03-11 03:41:00,80.9,0.0,0.0,0.0,0.0,0.0,87.52995138888889,0.0,834.8564027777777,0.0,10.5595,0.0,14.521798611111112
2026-03-11 03:42:00,79.4,0.0,0.0,0.0,0.0,0.0,87.52995138888889,0.0,834.8564027777777,0.0,10.5595,0.0,14.521798611111112
2026-03-11 03:43:00,72.1,0.0,0.0,0.0,0.0,0.0,87.52995138888889,0.0,834.8564027777777,0.0,10.5595,0.0,14.521798611111112
2026-03-11 03:44:00,78.6,0.0,0.0,0.0,0.0,0.0,87.52995138888889,0.0,834.8564027777777,0.0,10.5595,0.0,14.521798611111112
2026-03-11 03:45:00,86.2,0.0,0.0,0.0,0.0,0.0,87.52995138888889,0.0,834.8564027777777,0.0,10.5595,0.0,14.521798611111112
2026-03-11 03:46:00,81.7,0.0,0.0,0.0,0.0,0.0,87.52995138888889,0.0,834.8564027777777,0.0,10.5595,0.0,14.521798611111112
2026-03-11 03:47:00,78.4,0.0,0.0,0.0,0.0,0.0,87.52995138888889,0.0,834.8564027777777,0.0,10.5595,0.0,14.521798611111112
2026-03-11 03:48:00,81.6,0.0,0.0,0.0,0.0,0.0,87.52995138888889,0.0,834.8564027777777,0.0,10.5595,0.0,14.521798611111112
2026-03-11 03:49:00,71.3,0.0,0.0,0.0,0.0,0.0,87.52995138888889,0.0,834.8564027777777,0.0,10.5595,0.0,14.521798611111112
2026-03-11 03:50:00,80.3,0.0,0.0,0.0,0.0,0.0,87.52995138888889,0.0,834.8564027777777,0.0,10.5595,0.0,14.521798611111112
2026-03-11 03:51:00,86.3,0.0,0.0,0.0,0.0,0.0,87.52995138888889,0.0,834.8564027777777,0.0,10.5595,0.0,14.521798611111112
2026-03-11 03:52:00,83.5,0.0,0.0,0.0,0.0,0.0,87.52995138888889,0.0,834.8564027777777,0.0,10.5595,0.0,14.521798611111112
2026-03-11 03:53:00,77.6,0.0,0.0,0.0,0.0,0.0,87.52995138888889,0.0,834.8564027777777,0.0,10.5595,0.0,14.521798611111112
2026-03-11 03:54:00,87.8,0.0,0.0,0.0,0.0,0.0,87.52995138888889,0.0,834.8564027777777,0.0,10.5595,0.0,14.521798611111112
2026-03-11 03:55:00,83.2,0.0,0.0,0.0,0.0,0.0,87.52995138888889,0.0,834.8564027777777,0.0,10.5595,0.0,14.521798611111112
2026-03-11 03:56:00,85.7,0.0,0.0,0.0,0.0,0.0,87.52995138888889,0.0,834.8564027777777,0.0,10.5595,0.0,14.521798611111112
2026-03-11 03:57:00,78.7,0.0,0.0,0.0,0.0,0.0,87.52995138888889,0.0,834.8564027777777,0.0,10.5595,0.0,14.521798611111112
2026-03-11 03:58:00,72.0,0.0,0.0,0.0,0.0,0.0,87.52995138888889,0.0,834.8564027777777,0.0,10.5595,0.0,14.521798611111112
2026-03-11 03:59:00,83.0,0.0,0.0,0.0,0.0,0.0,87.52995138888889,0.0,834.8564027777777,0.0,10.5595,0.0,14.521798611111112
2026-03-11 04:00:00,225.1,151.5,0.0,0.0,0.0,148.02695265265925,87.52995138888889,0.0,834.8564027777777,0.0,10.5595,0.0,14.521798611111112
2026-03-11 04:01:00,237.4,156.3,0.0,0.0,0.0,152.9168390677406,87.52995138888889,0.0,834.8564027777777,0.0,10.5595,0.0,14.521798611111112
2026-03-11 04:02:00,235.2,152.7,0.0,0.0,0.0,151.3878604053354,87.52995138888889,0.0,834.8564027777777,0.0,10.5595,0.0,14.521798611111112
2026-03-11 04:03:00,223.5,147.0,0.0,0.0,0.0,146.3037583779979,87.52995138888889,0.0,834.8564027777777,0.0,10.5595,0.0,14.521798611111112
2026-03-11 04:04:00,225.8,150.2,0.0,0.0,0.0,148.05765656750654,87.52995138888889,0.0,834.8564027777777,0.0,10.5595,0.0,14.521798611111112
2026-03-11 04:05:00,238.0,150.1,0.0,0.0,0.0,153.8837373675516,87.52995138888889,0.0,834.8564027777777,0.0,10.5595,0.0,14.521798611111112
2026-03-11 04:06:00,226.7,154.5,0.0,0.0,0.0,148.55283783765256,87.52995138888889,0.0,834.8564027777777,0.0,10.5595,0.0,14.521798611111112
2026-03-11 04:07:00,238.9,153.0,0.0,0.0,0.0,153.79157505638497,87.52995138888889,0.0,834.8564027777777,0.0,10.5595,0.0,14.521798611111112
2026-03-11 04:08:00,224.4,148.7,0.0,0.0,0.0,147.96431780223662,87.52995138888889,0.0,834.8564027777777,0.0,10.5595,0.0,14.521798611111112
2026-03-11 04:09:00,234.6,154.5,0.0,0.0,0.0,151.01878814450663,87.52995138888889,0.0,834.8564027777777,0.0,10.5595,0.0,14.521798611111112
2026-03-11 04:10:00,217.2,141.0,0.0,0.0,0.0,144.13122417446388,87.52995138888889,0.0,834.8564027777777,0.0,10.5595,0.0,14.521798611111112
2026-03-11 04:11:00,214.4,140.9,0.0,0.0,0.0,143.7976943262619,87.52995138888889,0.0,834.8564027777777,0.0,10.5595,0.0,14.521798611111112
2026-03-11 04:12:00,241.4,153.7,0.0,0.0,0.0,155.8127640822141,87.52995138888889,0.0,834.8564027777777,0.0,10.5595,0.0,14.521798611111112
2026-03-11 04:13:00,227.0,140.6,0.0,0.0,0.0,148.08960183305396,87.52995138888889,0.0,834.8564027777777,0.0,10.5595,0.0,14.521798611111112
2026-03-11 04:14:00,239.0,157.5,0.0,0.0,0.0,153.71078581669454,87.52995138888889,0.0,834.8564027777777,0.0,10.5595,0.0,14.521798611111112
2026-03-11 04:15:00,227.4,151.4,0.0,0.0,0.0,148.30512603886478,87.52995138888889,0.0,834.8564027777777,0.0,10.5595,0.0,14.521798611111112
2026-03-11 04:16:00,231.2,150.7,0.0,0.0,0.0,151.15987729720695,87.52995138888889,0.0,834.8564027777777,0.0,10.5595,0.0,14.521798611111112
2026-03-11 04:17:00,238.6,156.1,0.0,0.0,0.0,153.80100927335772,87.52995138888889,0.0,834.8564027777777,0.0,10.5595,0.0,14.521798611111112
2026-03-11 04:18:00,226.8,159.9,0.0,0.0,0.0,148.72439929737448,87.52995138888889,0.0,834.8564027777777,0.0,10.5595,0.0,14.521798611111112
2026-03-11 04:19:00,223.8,150.4,0.0,0.0,0.0,147.81960124695559,87.52995138888889,0.0,834.8564027777777,0.0,10.5595,0.0,14.521798611111112
2026-03-11 04:20:00,229.5,152.2,0.0,0.0,0.0,150.4976733158454,87.52995138888889,0.0,834.8564027777777,0.0,10.5595,0.0,14.521798611111112
2026-03-11 04:21:00,208.7,145.4,0.0,0.0,0.0,142.0797048936931,87.52995138888889,0.0,834.8564027777777,0.0,10.5595,0.0,14.521798611111112
2026-03-11 04:22:00,227.9,143.9,0.0,0.0,0.0,149.19610844163574,87.52995138888889,0.0,834.8564027777777,0.0,10.5595,0.0,14.521798611111112
2026-03-11 04:23:00,223.5,143.8,0.0,0.0,0.0,147.28916667055276,87.52995138888889,0.0,834.8564027777777,0.0,10.5595,0.0,14.521798611111112
2026-03-11 04:24:00,242.5,156.6,0.0,0.0,0.0,155.08597450634164,87.52995138888889,0.0,834.8564027777777,0.0,10.5595,0.0,14.521798611111112
2026-03-11 04:25:00,234.5,148.1,0.0,0.0,0.0,151.43200614413675,87.52995138888889,0.0,834.8564027777777,0.0,10.5595,0.0,14.521798611111112
2026-03-11 04:26:00,249.3,157.7,0.0,0.0,0.0,157.84114050150336,87.52995138888889,0.0,834.8564027777777,0.0,10.5595,0.0,14.521798611111112
2026-03-11 04:27:00,230.9,144.4,0.0,0.0,0.0,150.06626205246994,87.52995138888889,0.0,834.8564027777777,0.0,10.5595,0.0,14.521798611111112
2026-03-11 04:28:00,218.0,145.7,0.0,0.0,0.0,144.1446335459746,87.52995138888889,0.0,834.8564027777777,0.0,10.5595,0.0,14.521798611111112
2026-03-11 04:29:00,230.8,150.8,0.0,0.0,0.0,150.9510468799719,87.52995138888889,0.0,834.8564027777777,0.0,10.5595,0.0,14.521798611111112
2026-03-11 04:30:00,241.0,155.0,0.0,0.0,0.0,154.84025936351233,87.52995138888889,0.0,834.8564027777777,0.0,10.5595,0.0,14.521798611111112
2026-03-11 04:31:00,223.0,145.6,0.0,0.0,0.0,146.13112156786093,87.52995138888889,0.0,834.8564027777777,0.0,10.5595,0.0,14.521798611111112
2026-03-11 04:32:00,236.5,147.5,0.0,0.0,0.0,151.536224649546,87.52995138888889,0.0,834.8564027777777,0.0,10.5595,0.0,14.521798611111112
2026-03-11 04:33:00,231.0,146.4,0.0,0.0,0.0,151.7889120733642,87.52995138888889,0.0,834.8564027777777,0.0,10.5595,0.0,14.521798611111112
2026-03-11 04:34:00,244.4,159.0,0.0,0.0,0.0,156.43603544995307,87.52995138888889,0.0,834.8564027777777,0.0,10.5595,0.0,14.521798611111112
2026-03-11 04:35:00,79.3,0.0,0.0,0.0,0.0,0.0,87.52995138888889,0.0,834.8564027777777,0.0,10.5595,0.0,14.521798611111112
2026-03-11 04:36:00,84.8,0.0,0.0,0.0,0.0,0.0,87.52995138888889,0.0,834.8564027777777,0.0,10.5595,0.0,14.521798611111112
2026-03-11 04:37:00,73.5,0.0,0.0,0.0,0.0,0.0,87.52995138888889,0.0,834.8564027777777,0.0,10.5595,0.0,14.521798611111112
2026-03-11 04:38:00,81.6,0.0,0.0,0.0,0.0,0.0,87.52995138888889,0.0,834.8564027777777,0.0,10.5595,0.0,14.521798611111112
2026-03-11 04:39:00,84.6,0.0,0.0,0.0,0.0,0.0,87.52995138888889,0.0,834.8564027777777,0.0,10.5595,0.0,14.521798611111112
2026-03-11 04:40:00,76.9,0.0,0.0,0.0,0.0,0.0,87.52995138888889,0.0,834.8564027777777,0.0,10.5595,0.0,14.521798611111112
2026-03-11 04:41:00,82.3,0.0,0.0,0.0,0.0,0.0,87.52995138888889,0.0,834.8564027777777,0.0,10.5595,0.0,14.521798611111112
2026-03-11 04:42:00,87.1,0.0,0.0,0.0,0.0,0.0,87.52995138888889,0.0,834.8564027777777,0.0,10.5595,0.0,14.521798611111112
2026-03-11 04:43:00,80.9,0.0,0.0,0.0,0.0,0.0,87.52995138888889,0.0,834.8564027777777,0.0,10.5595,0.0,14.521798611111112
2026-03-11 04:44:00,86.2,0.0,0.0,0.0,0.0,0.0,87.52995138888889,0.0,834.8564027777777,0.0,10.5595,0.0,14.521798611111112
2026-03-11 04:45:00,67.8,0.0,0.0,0.0,0.0,0.0,87.52995138888889,0.0,834.8564027777777,0.0,10.5595,0.0,14.521798611111112
2026-03-11 04:46:00,74.7,0.0,0.0,0.0,0.0,0.0,87.52995138888889,0.0,834.8564027777777,0.0,10.5595,0.0,14.521798611111112
2026-03-11 04:47:00,71.2,0.0,0.0,0.0,0.0,0.0,87.52995138888889,0.0,834.8564027777777,0.0,10.5595,0.0,14.521798611111112
2026-03-11 04:48:00,86.8,0.0,0.0,0.0,0.0,0.0,87.52995138888889,0.0,834.8564027777777,0.0,10.5595,0.0,14.521798611111112
2026-03-11 04:49:00,82.8,0.0,0.0,0.0,0.0,0.0,87.52995138888889,0.0,834.8564027777777,0.0,10.5595,0.0,14.521798611111112
2026-03-11 04:50:00,65.0,0.0,0.0,0.0,0.0,0.0,87.52995138888889,0.0,834.8564027777777,0.0,10.5595,0.0,14.521798611111112
2026-03-11 04:51:00,78.5,0.0,0.0,0.0,0.0,0.0,87.52995138888889,0.0,834.8564027777777,0.0,10.5595,0.0,14.521798611111112
2026-03-11 04:52:00,78.0,0.0,0.0,0.0,0.0,0.0,87.52995138888889,0.0,834.8564027777777,0.0,10.5595,0.0,14.521798611111112
2026-03-11 04:53:00,79.5,0.0,0.0,0.0,0.0,0.0,87.52995138888889,0.0,834.8564027777777,0.0,10.5595,0.0,14.521798611111112
2026-03-11 04:54:00,83.0,0.0,0.0,0.0,0.0,0.0,87.52995138888889,0.0,834.8564027777777,0.0,10.5595,0.0,14.521798611111112
2026-03-11 04:55:00,79.6,0.0,0.0,0.0,0.0,0.0,87.52995138888889,0.0,834.8564027777777,0.0,10.5595,0.0,14.521798611111112
2026-03-11 04:56:00,82.3,0.0,0.0,0.0,0.0,0.0,87.52995138888889,0.0,834.8564027777777,0.0,10.5595,0.0,14.521798611111112
2026-03-11 04:57:00,80.2,0.0,0.0,0.0,0.0,0.0,87.52995138888889,0.0,834.8564027777777,0.0,10.5595,0.0,14.521798611111112
2026-03-11 04:58:00,75.2,0.0,0.0,0.0,0.0,0.0,87.52995138888889,0.0,834.8564027777777,0.0,10.5595,0.0,14.521798611111112
2026-03-11 04:59:00,82.0,0.0,0.0,0.0,0.0,0.0,87.52995138888889,0.0,834.8564027777777,0.0,10.5595,0.0,14.521798611111112
2026-03-11 05:00:00,244.5,160.9,0.0,0.0,0.0,156.39843054978786,87.52995138888889,0.0,834.8564027777777,0.0,10.5595,0.0,14.521798611111112
2026-03-11 05:01:00,228.6,151.8,0.0,0.0,0.0,149.52408383000446,87.52995138888889,0.0,834.8564027777777,0.0,10.5595,0.0,14.521798611111112
2026-03-11 05:02:00,234.8,150.6,0.0,0.0,0.0,151.4526543882043,87.52995138888889,0.0,834.8564027777777,0.0,10.5595,0.0,14.521798611111112
2026-03-11 05:03:00,223.4,149.0,0.0,0.0,0.0,146.53580957464163,87.52995138888889,0.0,834.8564027777777,0.0,10.5595,0.0,14.521798611111112
2026-03-11 05:04:00,231.0,151.3,0.0,0.0,0.0,150.79907148499652,87.52995138888889,0.0,834.8564027777777,0.0,10.5595,0.0,14.521798611111112
2026-03-11 05:05:00,242.5,152.9,0.0,0.0,0.0,153.7894922691029,87.52995138888889,0.0,834.8564027777777,0.0,10.5595,0.0,14.521798611111112
2026-03-11 05:06:00,232.2,151.1,0.0,0.0,0.0,151.1379739281645,87.52995138888889,0.0,834.8564027777777,0.0,10.5595,0.0,14.521798611111112
2026-03-11 05:07:00,231.4,143.0,0.0,0.0,0.0,150.564054748929,87.52995138888889,0.0,834.8564027777777,0.0,10.5595,0.0,14.521798611111112
2026-03-11 05:08:00,241.0,159.6,0.0,0.0,0.0,153.8155525039776,87.52995138888889,0.0,834.8564027777777,0.0,10.5595,0.0,14.521798611111112
2026-03-11 05:09:00,232.5,146.8,0.0,0.0,0.0,150.84417385372916,87.52995138888889,0.0,834.8564027777777,0.0,10.5595,0.0,14.521798611111112
2026-03-11 05:10:00,226.0,145.6,0.0,0.0,0.0,148.27299519663345,87.52995138888889,0.0,834.8564027777777,0.0,10.5595,0.0,14.521798611111112
2026-03-11 05:11:00,235.3,145.0,0.0,0.0,0.0,152.2670993419978,87.52995138888889,0.0,834.8564027777777,0.0,10.5595,0.0,14.521798611111112
2026-03-11 05:12:00,227.9,153.5,0.0,0.0,0.0,148.45258895320373,87.52995138888889,0.0,834.8564027777777,0.0,10.5595,0.0,14.521798611111112
2026-03-11 05:13:00,233.0,146.0,0.0,0.0,0.0,150.77068697304588,87.52995138888889,0.0,834.8564027777777,0.0,10.5595,0.0,14.521798611111112
2026-03-11 05:14:00,236.9,148.5,0.0,0.0,0.0,152.4430175330489,87.52995138888889,0.0,834.8564027777777,0.0,10.5595,0.0,14.521798611111112
2026-03-11 05:15:00,249.0,157.7,0.0,0.0,0.0,157.6861374024239,87.52995138888889,0.0,834.8564027777777,0.0,10.5595,0.0,14.521798611111112
2026-03-11 05:16:00,241.0,154.3,0.0,0.0,0.0,153.24473949712137,87.52995138888889,0.0,834.8564027777777,0.0,10.5595,0.0,14.521798611111112
2026-03-11 05:17:00,220.4,149.9,0.0,0.0,0.0,146.12508274231217,87.52995138888889,0.0,834.8564027777777,0.0,10.5595,0.0,14.521798611111112
2026-03-11 05:18:00,227.0,144.9,0.0,0.0,0.0,148.53702166417457,87.52995138888889,0.0,834.8564027777777,0.0,10.5595,0.0,14.521798611111112
2026-03-11 05:19:00,223.5,149.5,0.0,0.0,0.0,146.6036714725963,87.52995138888889,0.0,834.8564027777777,0.0,10.5595,0.0,14.521798611111112
2026-03-11 05:20:00,234.3,152.4,0.0,0.0,0.0,151.30900272135264,87.52995138888889,0.0,834.8564027777777,0.0,10.5595,0.0,14.521798611111112
2026-03-11 05:21:00,217.4,145.0,0.0,0.0,0.0,143.96966804094598,87.52995138888889,0.0,834.8564027777777,0.0,10.5595,0.0,14.521798611111112
2026-03-11 05:22:00,226.5,146.3,0.0,0.0,0.0,148.46130965107866,87.52995138888889,0.0,834.8564027777777,0.0,10.5595,0.0,14.521798611111112
2026-03-11 05:23:00,225.0,152.9,0.0,0.0,0.0,147.53968403247077,87.52995138888889,0.0,834.8564027777777,0.0,10.5595,0.0,14.521798611111112
2026-03-11 05:24:00,226.5,148.4,0.0,0.0,0.0,148.01166467751375,87.52995138888889,0.0,834.8564027777777,0.0,10.5595,0.0,14.521798611111112
2026-03-11 05:25:00,244.3,157.1,0.0,0.0,0.0,155.5541266957443,87.52995138888889,0.0,834.8564027777777,0.0,10.5595,0.0,14.521798611111112
2026-03-11 05:26:00,221.4,143.3,0.0,0.0,0.0,144.98133519247634,87.52995138888889,0.0,834.8564027777777,0.0,10.5595,0.0,14.521798611111112
2026-03-11 05:27:00,227.3,147.2,0.0,0.0,0.0,148.50840090690193,87.52995138888889,0.0,834.8564027777777,0.0,10.5595,0.0,14.521798611111112
2026-03-11 05:28:00,234.0,145.9,0.0,0.0,0.0,149.69632724533514,87.52995138888889,0.0,834.8564027777777,0.0,10.5595,0.0,14.521798611111112
2026-03-11 05:29:00,230.0,151.4,0.0,0.0,0.0,150.73242534616793,87.52995138888889,0.0,834.8564027777777,0.0,10.5595,0.0,14.521798611111112
2026-03-11 05:30:00,224.8,146.5,0.0,0.0,0.0,146.6678193357869,87.52995138888889,0.0,834.8564027777777,0.0,10.5595,0.0,14.521798611111112
2026-03-11 05:31:00,238.9,154.7,0.0,0.0,0.0,153.51336585473354,87.52995138888889,0.0,834.8564027777777,0.0,10.5595,0.0,14.521798611111112
2026-03-11 05:32:00,242.3,159.2,0.0,0.0,0.0,153.71022268039837,87.52995138888889,0.0,834.8564027777777,0.0,10.5595,0.0,14.521798611111112
2026-03-11 05:33:00,237.8,149.8,0.0,0.0,0.0,153.19233107114766,87.52995138888889,0.0,834.8564027777777,0.0,10.5595,0.0,14.521798611111112
2026-03-11 05:34:00,224.6,152.1,0.0,0.0,0.0,147.57005620936792,87.52995138888889,0.0,834.8564027777777,0.0,10.5595,0.0,14.521798611111112
2026-03-11 05:35:00,81.3,0.0,0.0,0.0,0.0,0.0,87.52995138888889,0.0,834.8564027777777,0.0,10.5595,0.0,14.521798611111112
2026-03-11 05:36:00,84.7,0.0,0.0,0.0,0.0,0.0,87.52995138888889,0.0,834.8564027777777,0.0,10.5595,0.0,14.521798611111112
2026-03-11 05:37:00,85.9,0.0,0.0,0.0,0.0,0.0,87.52995138888889,0.0,834.8564027777777,0.0,10.5595,0.0,14.521798611111112
2026-03-11 05:38:00,81.5,0.0,0.0,0.0,0.0,0.0,87.52995138888889,0.0,834.8564027777777,0.0,10.5595,0.0,14.521798611111112
2026-03-11 05:39:00,85.7,0.0,0.0,0.0,0.0,0.0,87.52995138888889,0.0,834.8564027777777,0.0,10.5595,0.0,14.521798611111112
2026-03-11 05:40:00,82.3,0.0,0.0,0.0,0.0,0.0,87.52995138888889,0.0,834.8564027777777,0.0,10.5595,0.0,14.521798611111112
2026-03-11 05:41:00,78.8,0.0,0.0,0.0,0.0,0.0,87.52995138888889,0.0,834.8564027777777,0.0,10.5595,0.0,14.521798611111112
2026-03-11 05:42:00,71.6,0.0,0.0,0.0,0.0,0.0,87.52995138888889,0.0,834.8564027777777,0.0,10.5595,0.0,14.521798611111112
2026-03-11 05:43:00,71.2,0.0,0.0,0.0,0.0,0.0,87.52995138888889,0.0,834.8564027777777,0.0,10.5595,0.0,14.521798611111112
2026-03-11 05:44:00,79.7,0.0,0.0,0.0,0.0,0.0,87.52995138888889,0.0,834.8564027777777,0.0,10.5595,0.0,14.521798611111112
2026-03-11 05:45:00,66.9,0.0,0.0,0.0,0.0,0.0,87.52995138888889,0.0,834.8564027777777,0.0,10.5595,0.0,14.521798611111112
2026-03-11 05:46:00,80.0,0.0,0.0,0.0,0.0,0.0,87.52995138888889,0.0,834.8564027777777,0.0,10.5595,0.0,14.521798611111112
2026-03-11 05:47:00,88.4,0.0,0.0,0.0,0.0,0.0,87.52995138888889,0.0,834.8564027777777,0.0,10.5595,0.0,14.521798611111112
2026-03-11 05:48:00,76.2,0.0,0.0,0.0,0.0,0.0,87.52995138888889,0.0,834.8564027777777,0.0,10.5595,0.0,14.521798611111112
2026-03-11 05:49:00,82.6,0.0,0.0,0.0,0.0,0.0,87.52995138888889,0.0,834.8564027777777,0.0,10.5595,0.0,14.521798611111112
2026-03-11 05:50:00,69.6,0.0,0.0,0.0,0.0,0.0,87.52995138888889,0.0,834.8564027777777,0.0,10.5595,0.0,14.521798611111112
2026-03-11 05:51:00,80.8,0.0,0.0,0.0,0.0,0.0,87.52995138888889,0.0,834.8564027777777,0.0,10.5595,0.0,14.521798611111112
2026-03-11 05:52:00,69.9,0.0,0.0,0.0,0.0,0.0,87.52995138888889,0.0,834.8564027777777,0.0,10.5595,0.0,14.521798611111112
2026-03-11 05:53:00,81.6,0.0,0.0,0.0,0.0,0.0,87.52995138888889,0.0,834.8564027777777,0.0,10.5595,0.0,14.521798611111112
2026-03-11 05:54:00,80.2,0.0,0.0,0.0,0.0,0.0,87.52995138888889,0.0,834.8564027777777,0.0,10.5595,0.0,14.521798611111112
2026-03-11 05:55:00,82.5,0.0,0.0,0.0,0.0,0.0,87.52995138888889,0.0,834.8564027777777,0.0,10.5595,0.0,14.521798611111112
2026-03-11 05:56:00,82.8,0.0,0.0,0.0,0.0,0.0,87.52995138888889,0.0,834.8564027777777,0.0,10.5595,0.0,14.521798611111112
2026-03-11 05:57:00,74.5,0.0,0.0,0.0,0.0,0.0,87.52995138888889,0.0,834.8564027777777,0.0,10.5595,0.0,14.521798611111112
2026-03-11 05:58:00,82.8,0.0,0.0,0.0,0.0,0.0,87.52995138888889,0.0,834.8564027777777,0.0,10.5595,0.0,14.521798611111112
2026-03-11 05:59:00,74.5,0.0,0.0,0.0,0.0,0.0,87.52995138888889,0.0,834.8564027777777,0.0,10.5595,0.0,14.521798611111112
2026-03-11 06:00:00,228.6,147.0,0.0,0.0,0.0,149.57995075316836,87.52995138888889,0.0,834.8564027777777,0.0,10.5595,0.0,14.521798611111112
2026-03-11 06:01:00,215.7,148.2,0.0,0.0,0.0,140.20181271284036,87.52995138888889,0.0,834.8564027777777,0.0,10.5595,0.0,14.521798611111112
2026-03-11 06:02:00,238.6,157.9,0.0,0.0,0.0,152.89562517607945,87.52995138888889,0.0,834.8564027777777,0.0,10.5595,0.0,14.521798611111112
2026-03-11 06:03:00,239.0,150.9,0.0,0.0,0.0,152.61676598842337,87.52995138888889,0.0,834.8564027777777,0.0,10.5595,0.0,14.521798611111112
2026-03-11 06:04:00,228.1,158.8,0.0,0.0,0.0,148.9799223924223,87.52995138888889,0.0,834.8564027777777,0.0,10.5595,0.0,14.521798611111112
2026-03-11 06:05:00,232.2,149.1,0.0,0.0,0.0,150.80549221375455,87.52995138888889,0.0,834.8564027777777,0.0,10.5595,0.0,14.521798611111112
2026-03-11 06:06:00,229.7,144.6,0.0,0.0,0.0,149.5922402309019,87.52995138888889,0.0,834.8564027777777,0.0,10.5595,0.0,14.521798611111112
2026-03-11 06:07:00,231.7,149.7,0.0,0.0,0.0,150.22548168066024,87.52995138888889,0.0,834.8564027777777,0.0,10.5595,0.0,14.521798611111112
2026-03-11 06:08:00,222.6,152.0,0.0,0.0,0.0,147.80987668977335,87.52995138888889,0.0,834.8564027777777,0.0,10.5595,0.0,14.521798611111112
2026-03-11 06:09:00,231.7,149.0,0.0,0.0,0.0,150.31718899116018,87.52995138888889,0.0,834.8564027777777,0.0,10.5595,0.0,14.521798611111112
2026-03-11 06:10:00,220.5,143.1,0.0,0.0,0.0,146.76592336674048,87.52995138888889,0.0,834.8564027777777,0.0,10.5595,0.0,14.521798611111112
2026-03-11 06:11:00,224.9,141.6,0.0,0.0,0.0,148.34094481526103,87.52995138888889,0.0,834.8564027777777,0.0,10.5595,0.0,14.521798611111112
2026-03-11 06:12:00,241.9,158.7,0.0,0.0,0.0,155.13494196758407,87.52995138888889,0.0,834.8564027777777,0.0,10.5595,0.0,14.521798611111112
2026-03-11 06:13:00,227.9,145.9,0.0,0.0,0.0,148.35176133061984,87.52995138888889,0.0,834.8564027777777,0.0,10.5595,0.0,14.521798611111112
2026-03-11 06:14:00,235.4,152.3,0.0,0.0,0.0,153.3088423394746,87.52995138888889,0.0,834.8564027777777,0.0,10.5595,0.0,14.521798611111112
2026-03-11 06:15:00,227.9,154.6,0.0,0.0,0.0,149.9242890755987,87.52995138888889,0.0,834.8564027777777,0.0,10.5595,0.0,14.521798611111112
2026-03-11 06:16:00,235.7,154.3,0.0,0.0,0.0,152.97647855633647,87.52995138888889,0.0,834.8564027777777,0.0,10.5595,0.0,14.521798611111112
2026-03-11 06:17:00,224.8,134.3,0.0,0.0,0.0,148.06922276595952,87.52995138888889,0.0,834.8564027777777,0.0,10.5595,0.0,14.521798611111112
2026-03-11 06:18:00,222.5,142.0,0.0,0.0,0.0,147.69886698905668,87.52995138888889,0.0,834.8564027777777,0.0,10.5595,0.0,14.521798611111112
2026-03-11 06:19:00,216.2,143.2,0.0,0.0,0.0,142.3440014442071,87.52995138888889,0.0,834.8564027777777,0.0,10.5595,0.0,14.521798611111112
2026-03-11 06:20:00,229.5,152.7,0.0,0.0,0.0,150.90411243962436,87.52995138888889,0.0,834.8564027777777,0.0,10.5595,0.0,14.521798611111112
2026-03-11 06:21:00,231.0,147.3,0.0,0.0,0.0,151.8438523236596,87.52995138888889,0.0,834.8564027777777,0.0,10.5595,0.0,14.521798611111112
2026-03-11 06:22:00,223.4,143.4,0.0,0.0,0.0,147.63003263845138,87.52995138888889,0.0,834.8564027777777,0.0,10.5595,0.0,14.521798611111112
2026-03-11 06:23:00,228.9,152.7,0.0,0.0,0.0,150.20245179517477,87.52995138888889,0.0,834.8564027777777,0.0,10.5595,0.0,14.521798611111112
2026-03-11 06:24:00,232.5,153.5,0.0,0.0,0.0,152.62588628811847,87.52995138888889,0.0,834.8564027777777,0.0,10.5595,0.0,14.521798611111112
2026-03-11 06:25:00,228.6,149.9,0.0,0.0,0.0,149.81795905068446,87.52995138888889,0.0,834.8564027777777,0.0,10.5595,0.0,14.521798611111112
2026-03-11 06:26:00,221.4,143.0,0.0,0.0,0.0,147.06482742781236,87.52995138888889,0.0,834.8564027777777,0.0,10.5595,0.0,14.521798611111112
2026-03-11 06:27:00,230.7,151.3,0.0,0.0,0.0,151.10508130959457,87.52995138888889,0.0,834.8564027777777,0.0,10.5595,0.0,14.521798611111112
2026-03-11 06:28:00,220.1,145.3,0.0,0.0,0.0,148.03834683407985,87.52995138888889,0.0,834.8564027777777,0.0,10.5595,0.0,14.521798611111112
2026-03-11 06:29:00,222.3,149.0,0.0,0.0,0.0,147.5582124646051,87.52995138888889,0.0,834.8564027777777,0.0,10.5595,0.0,14.521798611111112
2026-03-11 06:30:00,224.8,151.0,0.0,0.0,0.0,147.38704889119595,87.52995138888889,0.0,834.8564027777777,0.0,10.5595,0.0,14.521798611111112
2026-03-11 06:31:00,220.7,150.7,0.0,0.0,0.0,147.8018439579141,87.52995138888889,0.0,834.8564027777777,0.0,10.5595,0.0,14.521798611111112
2026-03-11 06:32:00,229.9,148.6,0.0,0.0,0.0,149.78643345466594,87.52995138888889,0.0,834.8564027777777,0.0,10.5595,0.0,14.521798611111112
2026-03-11 06:33:00,232.0,149.3,0.0,0.0,0.0,151.02616324601328,87.52995138888889,0.0,834.8564027777777,0.0,10.5595,0.0,14.521798611111112
2026-03-11 06:34:00,222.5,153.0,0.0,0.0,0.0,147.7990506658374,87.52995138888889,0.0,834.8564027777777,0.0,10.5595,0.0,14.521798611111112
2026-03-11 06:35:00,81.4,0.0,0.0,0.0,0.0,0.0,87.52995138888889,0.0,834.8564027777777,0.0,10.5595,0.0,14.521798611111112
2026-03-11 06:36:00,78.3,0.0,0.0,0.0,0.0,0.0,87.52995138888889,0.0,834.8564027777777,0.0,10.5595,0.0,14.521798611111112
2026-03-11 06:37:00,75.1,0.0,0.0,0.0,0.0,0.0,87.52995138888889,0.0,834.8564027777777,0.0,10.5595,0.0,14.521798611111112
2026-03-11 06:38:00,78.3,0.0,0.0,0.0,0.0,0.0,87.52995138888889,0.0,834.8564027777777,0.0,10.5595,0.0,14.521798611111112
2026-03-11 06:39:00,83.7,0.0,0.0,0.0,0.0,0.0,87.52995138888889,0.0,834.8564027777777,0.0,10.5595,0.0,14.521798611111112
2026-03-11 06:40:00,77.9,0.0,0.0,0.0,0.0,0.0,87.52995138888889,0.0,834.8564027777777,0.0,10.5595,0.0,14.521798611111112
2026-03-11 06:41:00,69.4,0.0,0.0,0.0,0.0,0.0,87.52995138888889,0.0,834.8564027777777,0.0,10.5595,0.0,14.521798611111112
2026-03-11 06:42:00,74.0,0.0,0.0,0.0,0.0,0.0,87.52995138888889,0.0,834.8564027777777,0.0,10.5595,0.0,14.521798611111112
2026-03-11 06:43:00,76.1,0.0,0.0,0.0,0.0,0.0,87.52995138888889,0.0,834.8564027777777,0.0,10.5595,0.0,14.521798611111112
2026-03-11 06:44:00,81.8,0.0,0.0,0.0,0.0,0.0,87.52995138888889,0.0,834.8564027777777,0.0,10.5595,0.0,14.521798611111112
2026-03-11 06:45:00,73.2,0.0,0.0,0.0,0.0,0.0,87.52995138888889,0.0,834.8564027777777,0.0,10.5595,0.0,14.521798611111112
2026-03-11 06:46:00,77.1,0.0,0.0,0.0,0.0,0.0,87.52995138888889,0.0,834.8564027777777,0.0,10.5595,0.0,14.521798611111112
2026-03-11 06:47:00,77.3,0.0,0.0,0.0,0.0,0.0,87.52995138888889,0.0,834.8564027777777,0.0,10.5595,0.0,14.521798611111112
2026-03-11 06:48:00,75.9,0.0,0.0,0.0,0.0,0.0,87.52995138888889,0.0,834.8564027777777,0.0,10.5595,0.0,14.521798611111112
2026-03-11 06:49:00,81.0,0.0,0.0,0.0,0.0,0.0,87.52995138888889,0.0,834.8564027777777,0.0,10.5595,0.0,14.521798611111112
2026-03-11 06:50:00,79.5,0.0,0.0,0.0,0.0,0.0,87.52995138888889,0.0,834.8564027777777,0.0,10.5595,0.0,14.521798611111112
2026-03-11 06:51:00,76.4,0.0,0.0,0.0,0.0,0.0,87.52995138888889,0.0,834.8564027777777,0.0,10.5595,0.0,14.521798611111112
2026-03-11 06:52:00,69.2,0.0,0.0,0.0,0.0,0.0,87.52995138888889,0.0,834.8564027777777,0.0,10.5595,0.0,14.521798611111112
2026-03-11 06:53:00,87.5,0.0,0.0,0.0,0.0,0.0,87.52995138888889,0.0,834.8564027777777,0.0,10.5595,0.0,14.521798611111112
2026-03-11 06:54:00,70.0,0.0,0.0,0.0,0.0,0.0,87.52995138888889,0.0,834.8564027777777,0.0,10.5595,0.0,14.521798611111112
2026-03-11 06:55:00,872.9,0.0,0.0,788.0,0.0,0.5957333333333333,87.52995138888889,0.0,834.8564027777777,0.0,10.5595,0.0,14.521798611111112
2026-03-11 06:56:00,882.4,0.0,0.0,804.6,0.0,0.5957333333333333,87.52995138888889,0.0,834.8564027777777,0.0,10.5595,0.0,14.521798611111112
2026-03-11 06:57:00,876.8,0.0,0.0,802.3,0.0,0.5957333333333333,87.52995138888889,0.0,834.8564027777777,0.0,10.5595,0.0,14.521798611111112
2026-03-11 06:58:00,869.0,0.0,0.0,797.6,0.0,0.5957333333333333,87.52995138888889,0.0,834.8564027777777,801.8,10.5595,0.0,14.521798611111112
2026-03-11 06:59:00,860.3,0.0,0.0,782.8,0.0,0.5957333333333333,87.52995138888889,0.0,834.8564027777777,801.8,10.5595,0.0,14.521798611111112
2026-03-11 07:00:00,1037.0,155.4,0.0,810.0,0.0,15.011686894586898,87.52995138888889,0.0,834.8564027777777,801.8,10.5595,0.0,14.521798611111112
2026-03-11 07:01:00,1010.2,155.1,0.0,787.1,0.0,14.327358780108783,87.52995138888889,0.0,834.8564027777777,801.8,10.5595,0.0,14.521798611111112
2026-03-11 07:02:00,1049.1,154.6,0.0,806.9,0.0,15.030479487179491,87.52995138888889,0.0,834.8564027777777,801.8,10.5595,0.0,14.521798611111112
2026-03-11 07:03:00,1026.7,158.0,0.0,795.9,0.0,14.994627635327637,87.52995138888889,0.0,834.8564027777777,801.8,10.5595,0.0,14.521798611111112
2026-03-11 07:04:00,1010.3,139.9,0.0,801.3,0.0,14.341847668997671,87.52995138888889,0.0,834.8564027777777,801.8,10.5595,0.0,14.521798611111112
2026-03-11 07:05:00,1033.0,150.7,0.0,797.3,0.0,15.026175783475786,87.52995138888889,0.0,834.8564027777777,801.8,10.5595,0.0,14.521798611111112
2026-03-11 07:06:00,1012.0,146.8,0.0,790.5,0.0,14.330477298627299,87.52995138888889,0.0,834.8564027777777,801.8,10.5595,0.0,14.521798611111112
2026-03-11 07:07:00,1031.2,155.1,0.0,791.9,0.0,14.97501282051282,87.52995138888889,0.0,834.8564027777777,801.8,10.5595,0.0,14.521798611111112
2026-03-11 07:08:00,1020.4,145.0,0.0,794.6,0.0,14.94582544677545,87.52995138888889,0.0,834.8564027777777,801.8,10.5595,0.0,14.521798611111112
2026-03-11 07:09:00,1029.5,152.1,0.0,797.1,0.0,14.818717846967848,87.52995138888889,0.0,834.8564027777777,801.8,10.5595,0.0,14.521798611111112
2026-03-11 07:10:00,1039.8,154.2,0.0,808.5,0.0,14.818717846967848,87.52995138888889,0.0,834.8564027777777,801.8,10.5595,0.0,14.521798611111112
2026-03-11 07:11:00,1040.4,154.9,0.0,802.5,0.0,14.818717846967848,87.52995138888889,0.0,834.8564027777777,801.8,10.5595,0.0,14.521798611111112
2026-03-11 07:12:00,1029.1,157.9,0.0,787.8,0.0,14.818717846967848,87.52995138888889,0.0,834.8564027777777,801.8,10.5595,0.0,14.521798611111112
2026-03-11 07:13:00,1026.7,157.5,0.0,795.1,0.0,14.794095624745626,87.52995138888889,0.0,834.8564027777777,801.8,10.5595,0.0,14.521798611111112
2026-03-11 07:14:00,1040.6,150.6,0.0,811.4,0.0,14.924472936322935,87.52995138888889,0.0,834.8564027777777,801.8,10.5595,0.0,14.521798611111112
2026-03-11 07:15:00,1428.3,142.4,0.0,1203.4,0.0,15.127712148962148,87.52995138888889,0.0,834.8564027777777,801.8,10.5595,0.0,14.521798611111112
2026-03-11 07:16:00,1417.5,152.1,0.0,1195.8,0.0,15.141533577533577,87.52995138888889,0.0,834.8564027777777,801.8,10.5595,0.0,14.521798611111112
2026-03-11 07:17:00,1442.8,157.5,0.0,1209.4,0.0,15.221051831501834,87.52995138888889,0.0,834.8564027777777,801.8,10.5595,0.0,14.521798611111112
2026-03-11 07:18:00,1427.8,155.9,0.0,1195.1,0.0,15.113220909645909,87.52995138888889,0.0,834.8564027777777,801.8,10.5595,0.0,14.521798611111112
2026-03-11 07:19:00,1433.8,140.0,0.0,1213.7,0.0,15.144354242979244,87.52995138888889,0.0,834.8564027777777,801.8,10.5595,0.0,14.521798611111112
2026-03-11 07:20:00,1046.1,145.3,0.0,801.7,0.0,15.159576465201466,87.52995138888889,0.0,834.8564027777777,801.8,10.5595,0.0,14.521798611111112
2026-03-11 07:21:00,1027.2,153.2,0.0,799.3,0.0,15.129981023606025,87.52995138888889,0.0,834.8564027777777,801.8,10.5595,0.0,14.521798611111112
2026-03-11 07:22:00,1055.0,152.8,0.0,811.6,0.0,15.144354242979244,87.52995138888889,0.0,834.8564027777777,801.8,10.5595,0.0,14.521798611111112
2026-03-11 07:23:00,1023.5,150.5,0.0,798.3,0.0,15.028025395900395,87.52995138888889,0.0,834.8564027777777,801.8,10.5595,0.0,14.521798611111112
2026-03-11 07:24:00,1053.3,150.7,0.0,817.4,0.0,15.184377553002554,87.52995138888889,0.0,834.8564027777777,801.8,10.5595,0.0,14.521798611111112
2026-03-11 07:25:00,1031.5,146.1,0.0,805.5,0.0,15.163559889184889,87.52995138888889,0.0,834.8564027777777,801.8,10.5595,0.0,14.521798611111112
2026-03-11 07:26:00,1023.1,152.6,0.0,783.9,0.0,15.068048705923704,87.52995138888889,0.0,834.8564027777777,801.8,10.5595,0.0,14.521798611111112
2026-03-11 07:27:00,1060.6,158.8,0.0,815.9,0.0,15.184377553002554,87.52995138888889,0.0,834.8564027777777,801.8,10.5595,0.0,14.521798611111112
2026-03-11 07:28:00,1045.8,150.4,0.0,812.1,0.0,15.176516441891442,87.52995138888889,0.0,834.8564027777777,801.8,10.5595,0.0,14.521798611111112
2026-03-11 07:29:00,1026.2,141.7,0.0,803.7,0.0,15.146921000296,87.52995138888889,0.0,834.8564027777777,801.8,10.5595,0.0,14.521798611111112
2026-03-11 07:30:00,1023.6,146.6,0.0,789.7,0.0,15.058391033966034,87.52995138888889,0.0,834.8564027777777,801.8,10.5595,0.0,14.521798611111112
2026-03-11 07:31:00,1042.3,152.6,0.0,805.7,0.0,15.13953033078033,87.52995138888889,0.0,834.8564027777777,801.8,10.5595,0.0,14.521798611111112
2026-03-11 07:32:00,1018.7,152.8,0.0,787.2,0.0,15.057408891108889,87.52995138888889,0.0,834.8564027777777,801.8,10.5595,0.0,14.521798611111112
2026-03-11 07:33:00,1004.2,146.3,0.0,780.3,0.0,14.429254129204129,87.52995138888889,0.0,834.8564027777777,801.8,10.5595,0.0,14.521798611111112
2026-03-11 07:34:00,1013.7,145.8,0.0,797.2,0.0,14.983155716505717,87.52995138888889,0.0,834.8564027777777,801.8,10.5595,0.0,14.521798611111112
2026-03-11 07:35:00,880.8,0.0,0.0,799.1,0.0,4.331200000000001,87.52995138888889,0.0,834.8564027777777,801.8,10.5595,0.0,14.521798611111112
2026-03-11 07:36:00,890.1,0.0,0.0,818.6,0.0,4.343022222222222,87.52995138888889,0.0,834.8564027777777,801.8,10.5595,0.0,14.521798611111112
2026-03-11 07:37:00,874.9,0.0,0.0,792.2,0.0,4.343022222222222,87.52995138888889,0.0,834.8564027777777,801.8,10.5595,0.0,14.521798611111112
2026-03-11 07:38:00,889.0,0.0,0.0,810.6,0.0,4.343022222222222,87.52995138888889,0.0,834.8564027777777,801.8,10.5595,0.0,14.521798611111112
2026-03-11 07:39:00,883.6,0.0,0.0,802.7,0.0,4.343022222222222,87.52995138888889,0.0,834.8564027777777,801.8,10.5595,0.0,14.521798611111112
2026-03-11 07:40:00,77.8,0.0,0.0,0.0,0.0,0.0,87.52995138888889,0.0,834.8564027777777,0.0,10.5595,0.0,14.521798611111112
2026-03-11 07:41:00,70.6,0.0,0.0,0.0,0.0,0.0,87.52995138888889,0.0,834.8564027777777,0.0,10.5595,0.0,14.521798611111112
2026-03-11 07:42:00,76.9,0.0,0.0,0.0,0.0,0.0,87.52995138888889,0.0,834.8564027777777,0.0,10.5595,0.0,14.521798611111112
2026-03-11 07:43:00,76.3,0.0,0.0,0.0,0.0,0.0,87.52995138888889,0.0,834.8564027777777,0.0,10.5595,0.0,14.521798611111112
2026-03-11 07:44:00,89.9,0.0,0.0,0.0,0.0,0.0,87.52995138888889,0.0,834.8564027777777,0.0,10.5595,0.0,14.521798611111112
2026-03-11 07:45:00,86.3,0.0,0.0,0.0,0.0,0.0,87.52995138888889,0.0,834.8564027777777,0.0,10.5595,0.0,14.521798611111112
2026-03-11 07:46:00,76.6,0.0,0.0,0.0,0.0,0.0,87.52995138888889,0.0,834.8564027777777,0.0,10.5595,0.0,14.521798611111112
2026-03-11 07:47:00,85.6,0.0,0.0,0.0,0.0,0.0,87.52995138888889,0.0,834.8564027777777,0.0,10.5595,0.0,14.521798611111112
2026-03-11 07:48:00,76.7,0.0,0.0,0.0,0.0,0.0,87.52995138888889,0.0,834.8564027777777,0.0,10.5595,0.0,14.521798611111112
2026-03-11 07:49:00,81.7,0.0,0.0,0.0,0.0,0.0,87.52995138888889,0.0,834.8564027777777,0.0,10.5595,0.0,14.521798611111112
2026-03-11 07:50:00,78.3,0.0,0.0,0.0,0.0,0.0,87.52995138888889,0.0,834.8564027777777,0.0,10.5595,0.0,14.521798611111112
2026-03-11 07:51:00,83.1,0.0,0.0,0.0,0.0,0.0,87.52995138888889,0.0,834.8564027777777,0.0,10.5595,0.0,14.521798611111112
2026-03-11 07:52:00,69.7,0.0,0.0,0.0,0.0,0.0,87.52995138888889,0.0,834.8564027777777,0.0,10.5595,0.0,14.521798611111112
2026-03-11 07:53:00,79.1,0.0,0.0,0.0,0.0,0.0,87.52995138888889,0.0,834.8564027777777,0.0,10.5595,0.0,14.521798611111112
2026-03-11 07:54:00,77.9,0.0,0.0,0.0,0.0,0.0,87.52995138888889,0.0,834.8564027777777,0.0,10.5595,0.0,14.521798611111112
2026-03-11 07:55:00,83.9,0.0,0.0,0.0,0.0,0.0,87.52995138888889,0.0,834.8564027777777,0.0,10.5595,0.0,14.521798611111112
2026-03-11 07:56:00,92.8,0.0,0.0,0.0,0.0,0.0,87.52995138888889,0.0,834.8564027777777,0.0,10.5595,0.0,14.521798611111112
2026-03-11 07:57:00,72.5,0.0,0.0,0.0,0.0,0.0,87.52995138888889,0.0,834.8564027777777,0.0,10.5595,0.0,14.521798611111112
2026-03-11 07:58:00,85.0,0.0,0.0,0.0,0.0,0.0,87.52995138888889,0.0,834.8564027777777,0.0,10.5595,0.0,14.521798611111112
2026-03-11 07:59:00,74.5,0.0,0.0,0.0,0.0,0.0,87.52995138888889,0.0,834.8564027777777,0.0,10.5595,0.0,14.521798611111112
2026-03-11 08:00:00,229.6,146.7,0.0,0.0,0.0,150.61173334223957,87.52995138888889,0.0,834.8564027777777,0.0,10.5595,0.0,14.521798611111112
2026-03-11 08:01:00,226.7,147.8,0.0,0.0,0.0,148.52532656288784,87.52995138888889,0.0,834.8564027777777,0.0,10.5595,0.0,14.521798611111112
2026-03-11 08:02:00,223.9,150.3,0.0,0.0,0.0,147.97673881499287,87.52995138888889,0.0,834.8564027777777,0.0,10.5595,0.0,14.521798611111112
2026-03-11 08:03:00,234.6,152.3,0.0,0.0,0.0,150.79121055763125,87.52995138888889,0.0,834.8564027777777,0.0,10.5595,0.0,14.521798611111112
2026-03-11 08:04:00,224.8,151.9,0.0,0.0,0.0,148.02326051900172,87.52995138888889,0.0,834.8564027777777,0.0,10.5595,0.0,14.521798611111112
2026-03-11 08:05:00,226.2,151.5,0.0,0.0,0.0,148.80130525214668,87.52995138888889,0.0,834.8564027777777,0.0,10.5595,0.0,14.521798611111112
2026-03-11 08:06:00,220.4,142.8,0.0,0.0,0.0,145.3056659107776,87.52995138888889,0.0,834.8564027777777,0.0,10.5595,0.0,14.521798611111112
2026-03-11 08:07:00,230.7,160.9,0.0,0.0,0.0,150.1321428291752,87.52995138888889,0.0,834.8564027777777,0.0,10.5595,0.0,14.521798611111112
2026-03-11 08:08:00,222.0,147.6,0.0,0.0,0.0,145.77420615937788,87.52995138888889,0.0,834.8564027777777,0.0,10.5595,0.0,14.521798611111112
2026-03-11 08:09:00,243.0,156.1,0.0,0.0,0.0,154.73161942496503,87.52995138888889,0.0,834.8564027777777,0.0,10.5595,0.0,14.521798611111112
2026-03-11 08:10:00,239.0,151.3,0.0,0.0,0.0,154.45009520392745,87.52995138888889,0.0,834.8564027777777,0.0,10.5595,0.0,14.521798611111112
2026-03-11 08:11:00,218.0,150.8,0.0,0.0,0.0,144.20337624989378,87.52995138888889,0.0,834.8564027777777,0.0,10.5595,0.0,14.521798611111112
2026-03-11 08:12:00,227.7,148.8,0.0,0.0,0.0,147.70972345853036,87.52995138888889,0.0,834.8564027777777,0.0,10.5595,0.0,14.521798611111112
2026-03-11 08:13:00,237.7,149.7,0.0,0.0,0.0,152.6214753609136,87.52995138888889,0.0,834.8564027777777,0.0,10.5595,0.0,14.521798611111112
2026-03-11 08:14:00,229.5,142.0,0.0,0.0,0.0,150.4782404739739,87.52995138888889,0.0,834.8564027777777,0.0,10.5595,0.0,14.521798611111112
2026-03-11 08:15:00,229.5,148.2,0.0,0.0,0.0,150.4782404739739,87.52995138888889,0.0,834.8564027777777,0.0,10.5595,0.0,14.521798611111112
2026-03-11 08:16:00,248.6,160.9,0.0,0.0,0.0,158.73598645113333,87.52995138888889,0.0,834.8564027777777,0.0,10.5595,0.0,14.521798611111112
2026-03-11 08:17:00,234.8,153.4,0.0,0.0,0.0,151.33627330455647,87.52995138888889,0.0,834.8564027777777,0.0,10.5595,0.0,14.521798611111112
2026-03-11 08:18:00,223.6,147.1,0.0,0.0,0.0,147.32094958603489,87.52995138888889,0.0,834.8564027777777,0.0,10.5595,0.0,14.521798611111112
2026-03-11 08:19:00,233.5,148.0,0.0,0.0,0.0,151.30878517786545,87.52995138888889,0.0,834.8564027777777,0.0,10.5595,0.0,14.521798611111112
2026-03-11 08:20:00,222.1,147.6,0.0,0.0,0.0,146.67531130155825,87.52995138888889,0.0,834.8564027777777,0.0,10.5595,0.0,14.521798611111112
2026-03-11 08:21:00,219.8,149.1,0.0,0.0,0.0,146.4552493852553,87.52995138888889,0.0,834.8564027777777,0.0,10.5595,0.0,14.521798611111112
2026-03-11 08:22:00,237.5,156.5,0.0,0.0,0.0,152.82351778042218,87.52995138888889,0.0,834.8564027777777,0.0,10.5595,0.0,14.521798611111112
2026-03-11 08:23:00,237.6,152.5,0.0,0.0,0.0,153.25420420603362,87.52995138888889,0.0,834.8564027777777,0.0,10.5595,0.0,14.521798611111112
2026-03-11 08:24:00,233.9,147.3,0.0,0.0,0.0,151.21156507346,87.52995138888889,0.0,834.8564027777777,0.0,10.5595,0.0,14.521798611111112
2026-03-11 08:25:00,220.5,139.2,0.0,0.0,0.0,146.1185029585883,87.52995138888889,0.0,834.8564027777777,0.0,10.5595,0.0,14.521798611111112
2026-03-11 08:26:00,228.4,158.3,0.0,0.0,0.0,150.601327091407,87.52995138888889,0.0,834.8564027777777,0.0,10.5595,0.0,14.521798611111112
2026-03-11 08:27:00,232.1,155.6,0.0,0.0,0.0,151.05135674496645,87.52995138888889,0.0,834.8564027777777,0.0,10.5595,0.0,14.521798611111112
2026-03-11 08:28:00,237.9,149.8,0.0,0.0,0.0,153.330631127315,87.52995138888889,0.0,834.8564027777777,0.0,10.5595,0.0,14.521798611111112
2026-03-11 08:29:00,229.3,151.8,0.0,0.0,0.0,150.6451107265971,87.52995138888889,0.0,834.8564027777777,0.0,10.5595,0.0,14.521798611111112
2026-03-11 08:30:00,231.9,148.0,0.0,0.0,0.0,151.3358105516173,87.52995138888889,0.0,834.8564027777777,0.0,10.5595,0.0,14.521798611111112
2026-03-11 08:31:00,232.3,146.6,0.0,0.0,0.0,151.1913577930498,87.52995138888889,0.0,834.8564027777777,0.0,10.5595,0.0,14.521798611111112
2026-03-11 08:32:00,241.9,162.2,0.0,0.0,0.0,155.65266085086225,87.52995138888889,0.0,834.8564027777777,0.0,10.5595,0.0,14.521798611111112
2026-03-11 08:33:00,227.2,138.3,0.0,0.0,0.0,147.58682052577052,87.52995138888889,0.0,834.8564027777777,0.0,10.5595,0.0,14.521798611111112
2026-03-11 08:34:00,219.3,148.5,0.0,0.0,0.0,145.26285924451366,87.52995138888889,0.0,834.8564027777777,0.0,10.5595,0.0,14.521798611111112
2026-03-11 08:35:00,73.3,0.0,0.0,0.0,0.0,0.0,87.52995138888889,0.0,834.8564027777777,0.0,10.5595,0.0,14.521798611111112
2026-03-11 08:36:00,85.4,0.0,0.0,0.0,0.0,0.0,87.52995138888889,0.0,834.8564027777777,0.0,10.5595,0.0,14.521798611111112
2026-03-11 08:37:00,86.4,0.0,0.0,0.0,0.0,0.0,87.52995138888889,0.0,834.8564027777777,0.0,10.5595,0.0,14.521798611111112
2026-03-11 08:38:00,83.8,0.0,0.0,0.0,0.0,0.0,87.52995138888889,0.0,834.8564027777777,0.0,10.5595,0.0,14.521798611111112
2026-03-11 08:39:00,78.5,0.0,0.0,0.0,0.0,0.0,87.52995138888889,0.0,834.8564027777777,0.0,10.5595,0.0,14.521798611111112
2026-03-11 08:40:00,69.7,0.0,0.0,0.0,0.0,0.0,87.52995138888889,0.0,834.8564027777777,0.0,10.5595,0.0,14.521798611111112
2026-03-11 08:41:00,71.0,0.0,0.0,0.0,0.0,0.0,87.52995138888889,0.0,834.8564027777777,0.0,10.5595,0.0,14.521798611111112
2026-03-11 08:42:00,79.3,0.0,0.0,0.0,0.0,0.0,87.52995138888889,0.0,834.8564027777777,0.0,10.5595,0.0,14.521798611111112
2026-03-11 08:43:00,80.2,0.0,0.0,0.0,0.0,0.0,87.52995138888889,0.0,834.8564027777777,0.0,10.5595,0.0,14.521798611111112
2026-03-11 08:44:00,81.7,0.0,0.0,0.0,0.0,0.0,87.52995138888889,0.0,834.8564027777777,0.0,10.5595,0.0,14.521798611111112
2026-03-11 08:45:00,75.0,0.0,0.0,0.0,0.0,0.0,87.52995138888889,0.0,834.8564027777777,0.0,10.5595,0.0,14.521798611111112
2026-03-11 08:46:00,69.9,0.0,0.0,0.0,0.0,0.0,87.52995138888889,0.0,834.8564027777777,0.0,10.5595,0.0,14.521798611111112
2026-03-11 08:47:00,81.9,0.0,0.0,0.0,0.0,0.0,87.52995138888889,0.0,834.8564027777777,0.0,10.5595,0.0,14.521798611111112
2026-03-11 08:48:00,80.4,0.0,0.0,0.0,0.0,0.0,87.52995138888889,0.0,834.8564027777777,0.0,10.5595,0.0,14.521798611111112
2026-03-11 08:49:00,82.8,0.0,0.0,0.0,0.0,0.0,87.52995138888889,0.0,834.8564027777777,0.0,10.5595,0.0,14.521798611111112
2026-03-11 08:50:00,99.2,0.0,0.0,0.0,0.0,0.0,87.52995138888889,0.0,834.8564027777777,0.0,10.5595,0.0,14.521798611111112
2026-03-11 08:51:00,84.6,0.0,0.0,0.0,0.0,0.0,87.52995138888889,0.0,834.8564027777777,0.0,10.5595,0.0,14.521798611111112
2026-03-11 08:52:00,79.5,0.0,0.0,0.0,0.0,0.0,87.52995138888889,0.0,834.8564027777777,0.0,10.5595,0.0,14.521798611111112
2026-03-11 08:53:00,78.1,0.0,0.0,0.0,0.0,0.0,87.52995138888889,0.0,834.8564027777777,0.0,10.5595,0.0,14.521798611111112
2026-03-11 08:54:00,95.3,0.0,0.0,0.0,0.0,0.0,87.52995138888889,0.0,834.8564027777777,0.0,10.5595,0.0,14.521798611111112
2026-03-11 08:55:00,76.3,0.0,0.0,0.0,0.0,0.0,87.52995138888889,0.0,834.8564027777777,0.0,10.5595,0.0,14.521798611111112
2026-03-11 08:56:00,77.8,0.0,0.0,0.0,0.0,0.0,87.52995138888889,0.0,834.8564027777777,0.0,10.5595,0.0,14.521798611111112
2026-03-11 08:57:00,72.8,0.0,0.0,0.0,0.0,0.0,87.52995138888889,0.0,834.8564027777777,0.0,10.5595,0.0,14.521798611111112
2026-03-11 08:58:00,96.0,0.0,0.0,0.0,0.0,0.0,87.52995138888889,0.0,834.8564027777777,0.0,10.5595,0.0,14.521798611111112
2026-03-11 08:59:00,84.8,0.0,0.0,0.0,0.0,0.0,87.52995138888889,0.0,834.8564027777777,0.0,10.5595,0.0,14.521798611111112
2026-03-11 09:00:00,237.0,157.9,0.0,0.0,0.0,152.85640590041763,87.52995138888889,0.0,834.8564027777777,0.0,10.5595,0.0,14.521798611111112
2026-03-11 09:01:00,248.0,157.7,0.0,0.0,0.0,158.6489835638877,87.52995138888889,0.0,834.8564027777777,0.0,10.5595,0.0,14.521798611111112
2026-03-11 09:02:00,223.6,138.4,0.0,0.0,0.0,146.86063987956496,87.52995138888889,0.0,834.8564027777777,0.0,10.5595,0.0,14.521798611111112
2026-03-11 09:03:00,245.2,161.8,0.0,0.0,0.0,157.83779251631,87.52995138888889,0.0,834.8564027777777,0.0,10.5595,0.0,14.521798611111112
2026-03-11 09:04:00,233.4,158.7,0.0,0.0,0.0,152.64626374808256,87.52995138888889,0.0,834.8564027777777,0.0,10.5595,0.0,14.521798611111112
2026-03-11 09:05:00,226.3,146.5,0.0,0.0,0.0,148.6390314499685,87.52995138888889,0.0,834.8564027777777,0.0,10.5595,0.0,14.521798611111112
2026-03-11 09:06:00,236.7,153.8,0.0,0.0,0.0,153.19724374889813,87.52995138888889,0.0,834.8564027777777,0.0,10.5595,0.0,14.521798611111112
2026-03-11 09:07:00,233.9,154.7,0.0,0.0,0.0,152.39955325106322,87.52995138888889,0.0,834.8564027777777,0.0,10.5595,0.0,14.521798611111112
2026-03-11 09:08:00,219.7,137.5,0.0,0.0,0.0,146.94656313789127,87.52995138888889,0.0,834.8564027777777,0.0,10.5595,0.0,14.521798611111112
2026-03-11 09:09:00,234.2,149.2,0.0,0.0,0.0,152.90672116920172,87.52995138888889,0.0,834.8564027777777,0.0,10.5595,0.0,14.521798611111112
2026-03-11 09:10:00,232.2,150.7,0.0,0.0,0.0,151.69532515393098,87.52995138888889,0.0,834.8564027777777,0.0,10.5595,0.0,14.521798611111112
2026-03-11 09:11:00,234.8,149.0,0.0,0.0,0.0,153.21022409888582,87.52995138888889,0.0,834.8564027777777,0.0,10.5595,0.0,14.521798611111112
2026-03-11 09:12:00,213.7,143.1,0.0,0.0,0.0,143.04992009511815,87.52995138888889,0.0,834.8564027777777,0.0,10.5595,0.0,14.521798611111112
2026-03-11 09:13:00,236.2,149.4,0.0,0.0,0.0,152.53788265086595,87.52995138888889,0.0,834.8564027777777,0.0,10.5595,0.0,14.521798611111112
2026-03-11 09:14:00,229.3,152.8,0.0,0.0,0.0,150.6342303205509,87.52995138888889,0.0,834.8564027777777,0.0,10.5595,0.0,14.521798611111112
2026-03-11 09:15:00,227.6,152.1,0.0,0.0,0.0,148.33395637481433,87.52995138888889,0.0,834.8564027777777,0.0,10.5595,0.0,14.521798611111112
2026-03-11 09:16:00,220.4,144.6,0.0,0.0,0.0,145.40379471258598,87.52995138888889,0.0,834.8564027777777,0.0,10.5595,0.0,14.521798611111112
2026-03-11 09:17:00,240.3,161.6,0.0,0.0,0.0,154.00148979114564,87.52995138888889,0.0,834.8564027777777,0.0,10.5595,0.0,14.521798611111112
2026-03-11 09:18:00,221.9,144.7,0.0,0.0,0.0,144.8401211959065,87.52995138888889,0.0,834.8564027777777,0.0,10.5595,0.0,14.521798611111112
2026-03-11 09:19:00,239.6,146.9,0.0,0.0,0.0,154.41148601913505,87.52995138888889,0.0,834.8564027777777,0.0,10.5595,0.0,14.521798611111112
2026-03-11 09:20:00,230.5,152.6,0.0,0.0,0.0,149.7820452443841,87.52995138888889,0.0,834.8564027777777,0.0,10.5595,0.0,14.521798611111112
2026-03-11 09:21:00,232.6,147.4,0.0,0.0,0.0,151.09842173625893,87.52995138888889,0.0,834.8564027777777,0.0,10.5595,0.0,14.521798611111112
2026-03-11 09:22:00,234.9,147.1,0.0,0.0,0.0,152.05098998384653,87.52995138888889,0.0,834.8564027777777,0.0,10.5595,0.0,14.521798611111112
2026-03-11 09:23:00,233.3,147.3,0.0,0.0,0.0,150.93047462873673,87.52995138888889,0.0,834.8564027777777,0.0,10.5595,0.0,14.521798611111112
2026-03-11 09:24:00,224.7,149.4,0.0,0.0,0.0,147.76745721429995,87.52995138888889,0.0,834.8564027777777,0.0,10.5595,0.0,14.521798611111112
2026-03-11 09:25:00,234.2,161.9,0.0,0.0,0.0,151.37221624556216,87.52995138888889,0.0,834.8564027777777,0.0,10.5595,0.0,14.521798611111112
2026-03-11 09:26:00,224.8,148.5,0.0,0.0,0.0,147.1252043127181,87.52995138888889,0.0,834.8564027777777,0.0,10.5595,0.0,14.521798611111112
2026-03-11 09:27:00,227.8,147.2,0.0,0.0,0.0,147.73163185452898,87.52995138888889,0.0,834.8564027777777,0.0,10.5595,0.0,14.521798611111112
2026-03-11 09:28:00,232.9,144.2,0.0,0.0,0.0,150.60700078806641,87.52995138888889,0.0,834.8564027777777,0.0,10.5595,0.0,14.521798611111112
2026-03-11 09:29:00,227.9,151.0,0.0,0.0,0.0,147.8138106678725,87.52995138888889,0.0,834.8564027777777,0.0,10.5595,0.0,14.521798611111112
2026-03-11 09:30:00,236.2,152.9,0.0,0.0,0.0,151.95848741739567,87.52995138888889,0.0,834.8564027777777,0.0,10.5595,0.0,14.521798611111112
2026-03-11 09:31:00,232.2,145.8,0.0,0.0,0.0,149.9535324345046,87.52995138888889,0.0,834.8564027777777,0.0,10.5595,0.0,14.521798611111112
2026-03-11 09:32:00,227.0,147.7,0.0,0.0,0.0,148.26363691656923,87.52995138888889,0.0,834.8564027777777,0.0,10.5595,0.0,14.521798611111112
2026-03-11 09:33:00,230.1,151.8,0.0,0.0,0.0,150.7207161099048,87.52995138888889,0.0,834.8564027777777,0.0,10.5595,0.0,14.521798611111112
2026-03-11 09:34:00,220.7,147.0,0.0,0.0,0.0,144.9446657490114,87.52995138888889,0.0,834.8564027777777,0.0,10.5595,0.0,14.521798611111112
2026-03-11 09:35:00,93.4,0.0,0.0,0.0,0.0,0.0,87.52995138888889,0.0,834.8564027777777,0.0,10.5595,0.0,14.521798611111112
2026-03-11 09:36:00,84.1,0.0,0.0,0.0,0.0,0.0,87.52995138888889,0.0,834.8564027777777,0.0,10.5595,0.0,14.521798611111112
2026-03-11 09:37:00,85.7,0.0,0.0,0.0,0.0,0.0,87.52995138888889,0.0,834.8564027777777,0.0,10.5595,0.0,14.521798611111112
2026-03-11 09:38:00,77.7,0.0,0.0,0.0,0.0,0.0,87.52995138888889,0.0,834.8564027777777,0.0,10.5595,0.0,14.521798611111112
2026-03-11 09:39:00,76.3,0.0,0.0,0.0,0.0,0.0,87.52995138888889,0.0,834.8564027777777,0.0,10.5595,0.0,14.521798611111112
2026-03-11 09:40:00,76.5,0.0,0.0,0.0,0.0,0.0,87.52995138888889,0.0,834.8564027777777,0.0,10.5595,0.0,14.521798611111112
2026-03-11 09:41:00,87.5,0.0,0.0,0.0,0.0,0.0,87.52995138888889,0.0,834.8564027777777,0.0,10.5595,0.0,14.521798611111112
2026-03-11 09:42:00,81.6,0.0,0.0,0.0,0.0,0.0,87.52995138888889,0.0,834.8564027777777,0.0,10.5595,0.0,14.521798611111112
2026-03-11 09:43:00,76.6,0.0,0.0,0.0,0.0,0.0,87.52995138888889,0.0,834.8564027777777,0.0,10.5595,0.0,14.521798611111112
2026-03-11 09:44:00,78.0,0.0,0.0,0.0,0.0,0.0,87.52995138888889,0.0,834.8564027777777,0.0,10.5595,0.0,14.521798611111112
2026-03-11 09:45:00,75.0,0.0,0.0,0.0,0.0,0.0,87.52995138888889,0.0,834.8564027777777,0.0,10.5595,0.0,14.521798611111112
2026-03-11 09:46:00,83.9,0.0,0.0,0.0,0.0,0.0,87.52995138888889,0.0,834.8564027777777,0.0,10.5595,0.0,14.521798611111112
2026-03-11 09:47:00,83.6,0.0,0.0,0.0,0.0,0.0,87.52995138888889,0.0,834.8564027777777,0.0,10.5595,0.0,14.521798611111112
2026-03-11 09:48:00,63.3,0.0,0.0,0.0,0.0,0.0,87.52995138888889,0.0,834.8564027777777,0.0,10.5595,0.0,14.521798611111112
2026-03-11 09:49:00,94.8,0.0,0.0,0.0,0.0,0.0,87.52995138888889,0.0,834.8564027777777,0.0,10.5595,0.0,14.521798611111112
2026-03-11 09:50:00,77.5,0.0,0.0,0.0,0.0,0.0,87.52995138888889,0.0,834.8564027777777,0.0,10.5595,0.0,14.521798611111112
2026-03-11 09:51:00,78.7,0.0,0.0,0.0,0.0,0.0,87.52995138888889,0.0,834.8564027777777,0.0,10.5595,0.0,14.521798611111112
2026-03-11 09:52:00,77.4,0.0,0.0,0.0,0.0,0.0,87.52995138888889,0.0,834.8564027777777,0.0,10.5595,0.0,14.521798611111112
2026-03-11 09:53:00,71.6,0.0,0.0,0.0,0.0,0.0,87.52995138888889,0.0,834.8564027777777,0.0,10.5595,0.0,14.521798611111112
2026-03-11 09:54:00,83.9,0.0,0.0,0.0,0.0,0.0,87.52995138888889,0.0,834.8564027777777,0.0,10.5595,0.0,14.521798611111112
2026-03-11 09:55:00,79.5,0.0,0.0,0.0,0.0,0.0,87.52995138888889,0.0,834.8564027777777,0.0,10.5595,0.0,14.521798611111112
2026-03-11 09:56:00,76.4,0.0,0.0,0.0,0.0,0.0,87.52995138888889,0.0,834.8564027777777,0.0,10.5595,0.0,14.521798611111112
2026-03-11 09:57:00,87.6,0.0,0.0,0.0,0.0,0.0,87.52995138888889,0.0,834.8564027777777,0.0,10.5595,0.0,14.521798611111112
2026-03-11 09:58:00,71.3,0.0,0.0,0.0,0.0,0.0,87.52995138888889,0.0,834.8564027777777,0.0,10.5595,0.0,14.521798611111112
2026-03-11 09:59:00,79.9,0.0,0.0,0.0,0.0,0.0,87.52995138888889,0.0,834.8564027777777,0.0,10.5595,0.0,14.521798611111112
2026-03-11 10:00:00,222.1,147.7,0.0,0.0,0.0,146.38382581040105,87.52995138888889,0.0,834.8564027777777,0.0,10.5595,0.0,14.521798611111112
2026-03-11 10:01:00,230.4,153.0,0.0,0.0,0.0,149.88774805423338,87.52995138888889,0.0,834.8564027777777,0.0,10.5595,0.0,14.521798611111112
2026-03-11 10:02:00,221.9,148.4,0.0,0.0,0.0,147.0094591940252,87.52995138888889,0.0,834.8564027777777,0.0,10.5595,0.0,14.521798611111112
2026-03-11 10:03:00,224.8,150.9,0.0,0.0,0.0,146.57599456975484,87.52995138888889,0.0,834.8564027777777,0.0,10.5595,0.0,14.521798611111112
2026-03-11 10:04:00,236.7,156.7,0.0,0.0,0.0,153.32595189665847,87.52995138888889,0.0,834.8564027777777,0.0,10.5595,0.0,14.521798611111112
2026-03-11 10:05:00,238.4,152.6,0.0,0.0,0.0,154.3311961308328,87.52995138888889,0.0,834.8564027777777,0.0,10.5595,0.0,14.521798611111112
2026-03-11 10:06:00,235.9,152.4,0.0,0.0,0.0,152.8603148132311,87.52995138888889,0.0,834.8564027777777,0.0,10.5595,0.0,14.521798611111112
2026-03-11 10:07:00,226.4,149.6,0.0,0.0,0.0,148.28645236142327,87.52995138888889,0.0,834.8564027777777,0.0,10.5595,0.0,14.521798611111112
2026-03-11 10:08:00,224.0,147.9,0.0,0.0,0.0,148.19118624467774,87.52995138888889,0.0,834.8564027777777,0.0,10.5595,0.0,14.521798611111112
2026-03-11 10:09:00,222.7,142.4,0.0,0.0,0.0,146.98099933854994,87.52995138888889,0.0,834.8564027777777,0.0,10.5595,0.0,14.521798611111112
2026-03-11 10:10:00,231.6,148.8,0.0,0.0,0.0,150.15191313920286,87.52995138888889,0.0,834.8564027777777,0.0,10.5595,0.0,14.521798611111112
2026-03-11 10:11:00,234.1,155.4,0.0,0.0,0.0,152.08124263776585,87.52995138888889,0.0,834.8564027777777,0.0,10.5595,0.0,14.521798611111112
2026-03-11 10:12:00,246.6,159.2,0.0,0.0,0.0,156.2319060222457,87.52995138888889,0.0,834.8564027777777,0.0,10.5595,0.0,14.521798611111112
2026-03-11 10:13:00,236.0,147.0,0.0,0.0,0.0,153.2068477662316,87.52995138888889,0.0,834.8564027777777,0.0,10.5595,0.0,14.521798611111112
2026-03-11 10:14:00,232.6,150.0,0.0,0.0,0.0,151.99727375990028,87.52995138888889,0.0,834.8564027777777,0.0,10.5595,0.0,14.521798611111112
2026-03-11 10:15:00,221.1,152.4,0.0,0.0,0.0,144.8870778133632,87.52995138888889,0.0,834.8564027777777,0.0,10.5595,0.0,14.521798611111112
2026-03-11 10:16:00,231.7,151.4,0.0,0.0,0.0,151.56175132240486,87.52995138888889,0.0,834.8564027777777,0.0,10.5595,0.0,14.521798611111112
2026-03-11 10:17:00,224.6,147.9,0.0,0.0,0.0,148.3871408187673,87.52995138888889,0.0,834.8564027777777,0.0,10.5595,0.0,14.521798611111112
2026-03-11 10:18:00,225.9,138.1,0.0,0.0,0.0,148.537798766865,87.52995138888889,0.0,834.8564027777777,0.0,10.5595,0.0,14.521798611111112
2026-03-11 10:19:00,224.1,147.6,0.0,0.0,0.0,148.280180239423,87.52995138888889,0.0,834.8564027777777,0.0,10.5595,0.0,14.521798611111112
2026-03-11 10:20:00,224.4,146.5,0.0,0.0,0.0,147.9970992439478,87.52995138888889,0.0,834.8564027777777,0.0,10.5595,0.0,14.521798611111112
2026-03-11 10:21:00,225.7,148.2,0.0,0.0,0.0,147.3631517141899,87.52995138888889,0.0,834.8564027777777,0.0,10.5595,0.0,14.521798611111112
2026-03-11 10:22:00,233.6,149.0,0.0,0.0,0.0,151.24590930709695,87.52995138888889,0.0,834.8564027777777,0.0,10.5595,0.0,14.521798611111112
2026-03-11 10:23:00,220.5,146.3,0.0,0.0,0.0,145.0093870806209,87.52995138888889,0.0,834.8564027777777,0.0,10.5595,0.0,14.521798611111112
2026-03-11 10:24:00,236.2,151.0,0.0,0.0,0.0,153.26692752693918,87.52995138888889,0.0,834.8564027777777,0.0,10.5595,0.0,14.521798611111112
2026-03-11 10:25:00,229.9,146.5,0.0,0.0,0.0,150.44317329059834,87.52995138888889,0.0,834.8564027777777,0.0,10.5595,0.0,14.521798611111112
2026-03-11 10:26:00,218.5,142.8,0.0,0.0,0.0,145.03722637065945,87.52995138888889,0.0,834.8564027777777,0.0,10.5595,0.0,14.521798611111112
2026-03-11 10:27:00,229.5,151.7,0.0,0.0,0.0,150.29559372849377,87.52995138888889,0.0,834.8564027777777,0.0,10.5595,0.0,14.521798611111112
2026-03-11 10:28:00,229.6,149.4,0.0,0.0,0.0,150.51906241166245,87.52995138888889,0.0,834.8564027777777,0.0,10.5595,0.0,14.521798611111112
2026-03-11 10:29:00,228.2,151.8,0.0,0.0,0.0,148.92889939597436,87.52995138888889,0.0,834.8564027777777,0.0,10.5595,0.0,14.521798611111112
2026-03-11 10:30:00,235.9,154.8,0.0,0.0,0.0,151.90529965170992,87.52995138888889,0.0,834.8564027777777,0.0,10.5595,0.0,14.521798611111112
2026-03-11 10:31:00,230.1,142.3,0.0,0.0,0.0,150.55773344077957,87.52995138888889,0.0,834.8564027777777,0.0,10.5595,0.0,14.521798611111112
2026-03-11 10:32:00,236.3,148.6,0.0,0.0,0.0,152.46133002132595,87.52995138888889,0.0,834.8564027777777,0.0,10.5595,0.0,14.521798611111112
2026-03-11 10:33:00,221.4,143.5,0.0,0.0,0.0,145.6368236578237,87.52995138888889,0.0,834.8564027777777,0.0,10.5595,0.0,14.521798611111112
2026-03-11 10:34:00,232.2,150.9,0.0,0.0,0.0,150.8337267518544,87.52995138888889,0.0,834.8564027777777,0.0,10.5595,0.0,14.521798611111112
2026-03-11 10:35:00,88.1,0.0,0.0,0.0,0.0,0.0,87.52995138888889,0.0,834.8564027777777,0.0,10.5595,0.0,14.521798611111112
2026-03-11 10:36:00,75.9,0.0,0.0,0.0,0.0,0.0,87.52995138888889,0.0,834.8564027777777,0.0,10.5595,0.0,14.521798611111112
2026-03-11 10:37:00,73.1,0.0,0.0,0.0,0.0,0.0,87.52995138888889,0.0,834.8564027777777,0.0,10.5595,0.0,14.521798611111112
2026-03-11 10:38:00,76.1,0.0,0.0,0.0,0.0,0.0,87.52995138888889,0.0,834.8564027777777,0.0,10.5595,0.0,14.521798611111112
2026-03-11 10:39:00,83.6,0.0,0.0,0.0,0.0,0.0,87.52995138888889,0.0,834.8564027777777,0.0,10.5595,0.0,14.521798611111112
2026-03-11 10:40:00,70.7,0.0,0.0,0.0,0.0,0.0,87.52995138888889,0.0,834.8564027777777,0.0,10.5595,0.0,14.521798611111112
2026-03-11 10:41:00,90.3,0.0,0.0,0.0,0.0,0.0,87.52995138888889,0.0,834.8564027777777,0.0,10.5595,0.0,14.521798611111112
2026-03-11 10:42:00,89.7,0.0,0.0,0.0,0.0,0.0,87.52995138888889,0.0,834.8564027777777,0.0,10.5595,0.0,14.521798611111112
2026-03-11 10:43:00,79.7,0.0,0.0,0.0,0.0,0.0,87.52995138888889,0.0,834.8564027777777,0.0,10.5595,0.0,14.521798611111112
2026-03-11 10:44:00,78.5,0.0,0.0,0.0,0.0,0.0,87.52995138888889,0.0,834.8564027777777,0.0,10.5595,0.0,14.521798611111112
2026-03-11 10:45:00,77.0,0.0,0.0,0.0,0.0,0.0,87.52995138888889,0.0,834.8564027777777,0.0,10.5595,0.0,14.521798611111112
2026-03-11 10:46:00,85.9,0.0,0.0,0.0,0.0,0.0,87.52995138888889,0.0,834.8564027777777,0.0,10.5595,0.0,14.521798611111112
2026-03-11 10:47:00,74.5,0.0,0.0,0.0,0.0,0.0,87.52995138888889,0.0,834.8564027777777,0.0,10.5595,0.0,14.521798611111112
2026-03-11 10:48:00,76.2,0.0,0.0,0.0,0.0,0.0,87.52995138888889,0.0,834.8564027777777,0.0,10.5595,0.0,14.521798611111112
2026-03-11 10:49:00,77.3,0.0,0.0,0.0,0.0,0.0,87.52995138888889,0.0,834.8564027777777,0.0,10.5595,0.0,14.521798611111112
2026-03-11 10:50:00,86.0,0.0,0.0,0.0,0.0,0.0,87.52995138888889,0.0,834.8564027777777,0.0,10.5595,0.0,14.521798611111112
2026-03-11 10:51:00,89.6,0.0,0.0,0.0,0.0,0.0,87.52995138888889,0.0,834.8564027777777,0.0,10.5595,0.0,14.521798611111112
2026-03-11 10:52:00,83.6,0.0,0.0,0.0,0.0,0.0,87.52995138888889,0.0,834.8564027777777,0.0,10.5595,0.0,14.521798611111112
2026-03-11 10:53:00,88.0,0.0,0.0,0.0,0.0,0.0,87.52995138888889,0.0,834.8564027777777,0.0,10.5595,0.0,14.521798611111112
2026-03-11 10:54:00,89.3,0.0,0.0,0.0,0.0,0.0,87.52995138888889,0.0,834.8564027777777,0.0,10.5595,0.0,14.521798611111112
2026-03-11 10:55:00,86.4,0.0,0.0,0.0,0.0,0.0,87.52995138888889,0.0,834.8564027777777,0.0,10.5595,0.0,14.521798611111112
2026-03-11 10:56:00,78.2,0.0,0.0,0.0,0.0,0.0,87.52995138888889,0.0,834.8564027777777,0.0,10.5595,0.0,14.521798611111112
2026-03-11 10:57:00,75.5,0.0,0.0,0.0,0.0,0.0,87.52995138888889,0.0,834.8564027777777,0.0,10.5595,0.0,14.521798611111112
2026-03-11 10:58:00,70.5,0.0,0.0,0.0,0.0,0.0,87.52995138888889,0.0,834.8564027777777,0.0,10.5595,0.0,14.521798611111112
2026-03-11 10:59:00,76.9,0.0,0.0,0.0,0.0,0.0,87.52995138888889,0.0,834.8564027777777,0.0,10.5595,0.0,14.521798611111112
2026-03-11 11:00:00,227.5,150.0,0.0,0.0,0.0,147.67905070974774,87.52995138888889,0.0,834.8564027777777,0.0,10.5595,0.0,14.521798611111112
2026-03-11 11:01:00,231.7,156.5,0.0,0.0,0.0,150.11733640409017,87.52995138888889,0.0,834.8564027777777,0.0,10.5595,0.0,14.521798611111112
2026-03-11 11:02:00,228.7,147.4,0.0,0.0,0.0,149.5956809321942,87.52995138888889,0.0,834.8564027777777,0.0,10.5595,0.0,14.521798611111112
2026-03-11 11:03:00,224.2,141.4,0.0,0.0,0.0,148.04224486308894,87.52995138888889,0.0,834.8564027777777,0.0,10.5595,0.0,14.521798611111112
2026-03-11 11:04:00,228.2,148.2,0.0,0.0,0.0,150.0323833687555,87.52995138888889,0.0,834.8564027777777,0.0,10.5595,0.0,14.521798611111112
2026-03-11 11:05:00,223.7,143.6,0.0,0.0,0.0,148.13317923051883,87.52995138888889,0.0,834.8564027777777,0.0,10.5595,0.0,14.521798611111112
2026-03-11 11:06:00,225.3,148.4,0.0,0.0,0.0,149.00609315140196,87.52995138888889,0.0,834.8564027777777,0.0,10.5595,0.0,14.521798611111112
2026-03-11 11:07:00,214.3,141.8,0.0,0.0,0.0,142.78886536215762,87.52995138888889,0.0,834.8564027777777,0.0,10.5595,0.0,14.521798611111112
2026-03-11 11:08:00,236.7,157.3,0.0,0.0,0.0,152.57794095037514,87.52995138888889,0.0,834.8564027777777,0.0,10.5595,0.0,14.521798611111112
2026-03-11 11:09:00,227.9,149.5,0.0,0.0,0.0,149.3472108532851,87.52995138888889,0.0,834.8564027777777,0.0,10.5595,0.0,14.521798611111112
2026-03-11 11:10:00,236.5,152.9,0.0,0.0,0.0,152.11891928044724,87.52995138888889,0.0,834.8564027777777,0.0,10.5595,0.0,14.521798611111112
2026-03-11 11:11:00,236.1,149.9,0.0,0.0,0.0,152.5066802330567,87.52995138888889,0.0,834.8564027777777,0.0,10.5595,0.0,14.521798611111112
2026-03-11 11:12:00,231.9,153.7,0.0,0.0,0.0,150.4515758367994,87.52995138888889,0.0,834.8564027777777,0.0,10.5595,0.0,14.521798611111112
2026-03-11 11:13:00,225.6,148.4,0.0,0.0,0.0,148.2004731186025,87.52995138888889,0.0,834.8564027777777,0.0,10.5595,0.0,14.521798611111112
2026-03-11 11:14:00,224.4,147.5,0.0,0.0,0.0,147.0939970282441,87.52995138888889,0.0,834.8564027777777,0.0,10.5595,0.0,14.521798611111112
2026-03-11 11:15:00,225.8,145.1,0.0,0.0,0.0,148.08188711178073,87.52995138888889,0.0,834.8564027777777,0.0,10.5595,0.0,14.521798611111112
2026-03-11 11:16:00,231.0,146.7,0.0,0.0,0.0,150.310355953306,87.52995138888889,0.0,834.8564027777777,0.0,10.5595,0.0,14.521798611111112
2026-03-11 11:17:00,232.1,153.9,0.0,0.0,0.0,150.26746078741522,87.52995138888889,0.0,834.8564027777777,0.0,10.5595,0.0,14.521798611111112
2026-03-11 11:18:00,235.8,154.7,0.0,0.0,0.0,152.7546550637041,87.52995138888889,0.0,834.8564027777777,0.0,10.5595,0.0,14.521798611111112
2026-03-11 11:19:00,217.7,147.0,0.0,0.0,0.0,144.98540357137418,87.52995138888889,0.0,834.8564027777777,0.0,10.5595,0.0,14.521798611111112
2026-03-11 11:20:00,226.7,141.9,0.0,0.0,0.0,147.77834172552204,87.52995138888889,0.0,834.8564027777777,0.0,10.5595,0.0,14.521798611111112
2026-03-11 11:21:00,241.1,154.1,0.0,0.0,0.0,154.77090450856906,87.52995138888889,0.0,834.8564027777777,0.0,10.5595,0.0,14.521798611111112
2026-03-11 11:22:00,216.8,145.2,0.0,0.0,0.0,144.1320705541735,87.52995138888889,0.0,834.8564027777777,0.0,10.5595,0.0,14.521798611111112
2026-03-11 11:23:00,231.7,146.1,0.0,0.0,0.0,151.1106240694491,87.52995138888889,0.0,834.8564027777777,0.0,10.5595,0.0,14.521798611111112
2026-03-11 11:24:00,230.2,148.3,0.0,0.0,0.0,149.70404387284833,87.52995138888889,0.0,834.8564027777777,0.0,10.5595,0.0,14.521798611111112
2026-03-11 11:25:00,248.3,154.5,0.0,0.0,0.0,155.85126382190785,87.52995138888889,0.0,834.8564027777777,0.0,10.5595,0.0,14.521798611111112
2026-03-11 11:26:00,237.2,151.5,0.0,0.0,0.0,152.4259225837429,87.52995138888889,0.0,834.8564027777777,0.0,10.5595,0.0,14.521798611111112
2026-03-11 11:27:00,227.8,148.3,0.0,0.0,0.0,148.43075088480202,87.52995138888889,0.0,834.8564027777777,0.0,10.5595,0.0,14.521798611111112
2026-03-11 11:28:00,225.7,142.3,0.0,0.0,0.0,148.69210317702303,87.52995138888889,0.0,834.8564027777777,0.0,10.5595,0.0,14.521798611111112
2026-03-11 11:29:00,233.5,149.9,0.0,0.0,0.0,151.54713506058218,87.52995138888889,0.0,834.8564027777777,0.0,10.5595,0.0,14.521798611111112
2026-03-11 11:30:00,239.6,155.5,0.0,0.0,0.0,153.39874794149216,87.52995138888889,0.0,834.8564027777777,0.0,10.5595,0.0,14.521798611111112
2026-03-11 11:31:00,219.6,150.5,0.0,0.0,0.0,145.82508810908456,87.52995138888889,0.0,834.8564027777777,0.0,10.5595,0.0,14.521798611111112
2026-03-11 11:32:00,245.9,153.2,0.0,0.0,0.0,155.78572424301976,87.52995138888889,0.0,834.8564027777777,0.0,10.5595,0.0,14.521798611111112
2026-03-11 11:33:00,225.2,150.3,0.0,0.0,0.0,147.9818928062936,87.52995138888889,0.0,834.8564027777777,0.0,10.5595,0.0,14.521798611111112
2026-03-11 11:34:00,223.2,148.7,0.0,0.0,0.0,148.1110075142207,87.52995138888889,0.0,834.8564027777777,0.0,10.5595,0.0,14.521798611111112
2026-03-11 11:35:00,83.1,0.0,0.0,0.0,0.0,0.0,87.52995138888889,0.0,834.8564027777777,0.0,10.5595,0.0,14.521798611111112
2026-03-11 11:36:00,73.8,0.0,0.0,0.0,0.0,0.0,87.52995138888889,0.0,834.8564027777777,0.0,10.5595,0.0,14.521798611111112
2026-03-11 11:37:00,74.3,0.0,0.0,0.0,0.0,0.0,87.52995138888889,0.0,834.8564027777777,0.0,10.5595,0.0,14.521798611111112
2026-03-11 11:38:00,83.3,0.0,0.0,0.0,0.0,0.0,87.52995138888889,0.0,834.8564027777777,0.0,10.5595,0.0,14.521798611111112
2026-03-11 11:39:00,83.3,0.0,0.0,0.0,0.0,0.0,87.52995138888889,0.0,834.8564027777777,0.0,10.5595,0.0,14.521798611111112
2026-03-11 11:40:00,79.3,0.0,0.0,0.0,0.0,0.0,87.52995138888889,0.0,834.8564027777777,0.0,10.5595,0.0,14.521798611111112
2026-03-11 11:41:00,71.3,0.0,0.0,0.0,0.0,0.0,87.52995138888889,0.0,834.8564027777777,0.0,10.5595,0.0,14.521798611111112
2026-03-11 11:42:00,88.1,0.0,0.0,0.0,0.0,0.0,87.52995138888889,0.0,834.8564027777777,0.0,10.5595,0.0,14.521798611111112
2026-03-11 11:43:00,69.5,0.0,0.0,0.0,0.0,0.0,87.52995138888889,0.0,834.8564027777777,0.0,10.5595,0.0,14.521798611111112
2026-03-11 11:44:00,84.9,0.0,0.0,0.0,0.0,0.0,87.52995138888889,0.0,834.8564027777777,0.0,10.5595,0.0,14.521798611111112
2026-03-11 11:45:00,86.1,0.0,0.0,0.0,0.0,0.0,87.52995138888889,0.0,834.8564027777777,0.0,10.5595,0.0,14.521798611111112
2026-03-11 11:46:00,84.7,0.0,0.0,0.0,0.0,0.0,87.52995138888889,0.0,834.8564027777777,0.0,10.5595,0.0,14.521798611111112
2026-03-11 11:47:00,77.7,0.0,0.0,0.0,0.0,0.0,87.52995138888889,0.0,834.8564027777777,0.0,10.5595,0.0,14.521798611111112
2026-03-11 11:48:00,81.2,0.0,0.0,0.0,0.0,0.0,87.52995138888889,0.0,834.8564027777777,0.0,10.5595,0.0,14.521798611111112
2026-03-11 11:49:00,88.9,0.0,0.0,0.0,0.0,0.0,87.52995138888889,0.0,834.8564027777777,0.0,10.5595,0.0,14.521798611111112
2026-03-11 11:50:00,81.4,0.0,0.0,0.0,0.0,0.0,87.52995138888889,0.0,834.8564027777777,0.0,10.5595,0.0,14.521798611111112
2026-03-11 11:51:00,76.4,0.0,0.0,0.0,0.0,0.0,87.52995138888889,0.0,834.8564027777777,0.0,10.5595,0.0,14.521798611111112
2026-03-11 11:52:00,77.3,0.0,0.0,0.0,0.0,0.0,87.52995138888889,0.0,834.8564027777777,0.0,10.5595,0.0,14.521798611111112
2026-03-11 11:53:00,74.2,0.0,0.0,0.0,0.0,0.0,87.52995138888889,0.0,834.8564027777777,0.0,10.5595,0.0,14.521798611111112
2026-03-11 11:54:00,87.5,0.0,0.0,0.0,0.0,0.0,87.52995138888889,0.0,834.8564027777777,0.0,10.5595,0.0,14.521798611111112
2026-03-11 11:55:00,84.7,0.0,0.0,0.0,0.0,0.0,87.52995138888889,0.0,834.8564027777777,0.0,10.5595,0.0,14.521798611111112
2026-03-11 11:56:00,76.6,0.0,0.0,0.0,0.0,0.0,87.52995138888889,0.0,834.8564027777777,0.0,10.5595,0.0,14.521798611111112
2026-03-11 11:57:00,84.2,0.0,0.0,0.0,0.0,0.0,87.52995138888889,0.0,834.8564027777777,0.0,10.5595,0.0,14.521798611111112
2026-03-11 11:58:00,85.4,0.0,0.0,0.0,0.0,0.0,87.52995138888889,0.0,834.8564027777777,0.0,10.5595,0.0,14.521798611111112
2026-03-11 11:59:00,81.3,0.0,0.0,0.0,0.0,0.0,87.52995138888889,0.0,834.8564027777777,0.0,10.5595,0.0,14.521798611111112
2026-03-11 12:00:00,226.8,146.7,0.0,0.0,0.0,148.08838327750684,87.52995138888889,0.0,834.8564027777777,0.0,10.5595,0.0,14.521798611111112
2026-03-11 12:01:00,228.8,152.7,0.0,0.0,0.0,149.7610755578415,87.52995138888889,0.0,834.8564027777777,0.0,10.5595,0.0,14.521798611111112
2026-03-11 12:02:00,222.6,147.7,0.0,0.0,0.0,148.93019044294485,87.52995138888889,0.0,834.8564027777777,0.0,10.5595,0.0,14.521798611111112
2026-03-11 12:03:00,221.9,150.4,0.0,0.0,0.0,148.17056914610444,87.52995138888889,0.0,834.8564027777777,0.0,10.5595,0.0,14.521798611111112
2026-03-11 12:04:00,229.4,146.3,0.0,0.0,0.0,150.52085182339457,87.52995138888889,0.0,834.8564027777777,0.0,10.5595,0.0,14.521798611111112
2026-03-11 12:05:00,232.0,147.4,0.0,0.0,0.0,151.90858680627653,87.52995138888889,0.0,834.8564027777777,0.0,10.5595,0.0,14.521798611111112
2026-03-11 12:06:00,213.9,145.9,0.0,0.0,0.0,143.290327435473,87.52995138888889,0.0,834.8564027777777,0.0,10.5595,0.0,14.521798611111112
2026-03-11 12:07:00,238.8,151.9,0.0,0.0,0.0,153.64831090229288,87.52995138888889,0.0,834.8564027777777,0.0,10.5595,0.0,14.521798611111112
2026-03-11 12:08:00,224.5,146.6,0.0,0.0,0.0,147.42730426936888,87.52995138888889,0.0,834.8564027777777,0.0,10.5595,0.0,14.521798611111112
2026-03-11 12:09:00,228.4,144.9,0.0,0.0,0.0,151.12139037472386,87.52995138888889,0.0,834.8564027777777,0.0,10.5595,0.0,14.521798611111112
2026-03-11 12:10:00,232.5,153.2,0.0,0.0,0.0,151.66846601792324,87.52995138888889,0.0,834.8564027777777,0.0,10.5595,0.0,14.521798611111112
2026-03-11 12:11:00,227.8,151.9,0.0,0.0,0.0,150.40691764679826,87.52995138888889,0.0,834.8564027777777,0.0,10.5595,0.0,14.521798611111112
2026-03-11 12:12:00,239.4,157.8,0.0,0.0,0.0,154.0439598795196,87.52995138888889,0.0,834.8564027777777,0.0,10.5595,0.0,14.521798611111112
2026-03-11 12:13:00,220.6,149.5,0.0,0.0,0.0,146.657380164389,87.52995138888889,0.0,834.8564027777777,0.0,10.5595,0.0,14.521798611111112
2026-03-11 12:14:00,225.4,153.8,0.0,0.0,0.0,148.22473088784855,87.52995138888889,0.0,834.8564027777777,0.0,10.5595,0.0,14.521798611111112
2026-03-11 12:15:00,233.8,146.8,0.0,0.0,0.0,151.31373345967765,87.52995138888889,0.0,834.8564027777777,0.0,10.5595,0.0,14.521798611111112
2026-03-11 12:16:00,236.5,154.8,0.0,0.0,0.0,152.0717475040755,87.52995138888889,0.0,834.8564027777777,0.0,10.5595,0.0,14.521798611111112
2026-03-11 12:17:00,244.7,157.3,0.0,0.0,0.0,156.86717122861074,87.52995138888889,0.0,834.8564027777777,0.0,10.5595,0.0,14.521798611111112
2026-03-11 12:18:00,235.0,157.1,0.0,0.0,0.0,151.37746949940043,87.52995138888889,0.0,834.8564027777777,0.0,10.5595,0.0,14.521798611111112
2026-03-11 12:19:00,217.4,141.1,0.0,0.0,0.0,144.02539411806416,87.52995138888889,0.0,834.8564027777777,0.0,10.5595,0.0,14.521798611111112
2026-03-11 12:20:00,228.4,144.0,0.0,0.0,0.0,148.76118058542767,87.52995138888889,0.0,834.8564027777777,0.0,10.5595,0.0,14.521798611111112
2026-03-11 12:21:00,227.9,140.0,0.0,0.0,0.0,148.4304323066482,87.52995138888889,0.0,834.8564027777777,0.0,10.5595,0.0,14.521798611111112
2026-03-11 12:22:00,225.5,155.1,0.0,0.0,0.0,148.55637662965975,87.52995138888889,0.0,834.8564027777777,0.0,10.5595,0.0,14.521798611111112
2026-03-11 12:23:00,225.1,156.1,0.0,0.0,0.0,148.84498739133818,87.52995138888889,0.0,834.8564027777777,0.0,10.5595,0.0,14.521798611111112
2026-03-11 12:24:00,220.2,148.1,0.0,0.0,0.0,145.36276996649724,87.52995138888889,0.0,834.8564027777777,0.0,10.5595,0.0,14.521798611111112
2026-03-11 12:25:00,227.7,145.5,0.0,0.0,0.0,148.65949331513005,87.52995138888889,0.0,834.8564027777777,0.0,10.5595,0.0,14.521798611111112
2026-03-11 12:26:00,230.3,146.7,0.0,0.0,0.0,149.63883920529364,87.52995138888889,0.0,834.8564027777777,0.0,10.5595,0.0,14.521798611111112
2026-03-11 12:27:00,223.4,145.3,0.0,0.0,0.0,146.8414255245843,87.52995138888889,0.0,834.8564027777777,0.0,10.5595,0.0,14.521798611111112
2026-03-11 12:28:00,224.2,146.8,0.0,0.0,0.0,147.19637721053456,87.52995138888889,0.0,834.8564027777777,0.0,10.5595,0.0,14.521798611111112
2026-03-11 12:29:00,225.1,145.9,0.0,0.0,0.0,147.73882264162847,87.52995138888889,0.0,834.8564027777777,0.0,10.5595,0.0,14.521798611111112
2026-03-11 12:30:00,232.6,153.6,0.0,0.0,0.0,152.38181292133797,87.52995138888889,0.0,834.8564027777777,0.0,10.5595,0.0,14.521798611111112
2026-03-11 12:31:00,232.9,160.1,0.0,0.0,0.0,151.98253983735566,87.52995138888889,0.0,834.8564027777777,0.0,10.5595,0.0,14.521798611111112
2026-03-11 12:32:00,230.9,149.2,0.0,0.0,0.0,150.15636023870923,87.52995138888889,0.0,834.8564027777777,0.0,10.5595,0.0,14.521798611111112
2026-03-11 12:33:00,235.0,154.0,0.0,0.0,0.0,151.35718207130557,87.52995138888889,0.0,834.8564027777777,0.0,10.5595,0.0,14.521798611111112
2026-03-11 12:34:00,245.1,157.7,0.0,0.0,0.0,156.44041185492352,87.52995138888889,0.0,834.8564027777777,0.0,10.5595,0.0,14.521798611111112
2026-03-11 12:35:00,83.8,0.0,0.0,0.0,0.0,0.0,87.52995138888889,0.0,834.8564027777777,0.0,10.5595,0.0,14.521798611111112
2026-03-11 12:36:00,75.8,0.0,0.0,0.0,0.0,0.0,87.52995138888889,0.0,834.8564027777777,0.0,10.5595,0.0,14.521798611111112
2026-03-11 12:37:00,72.6,0.0,0.0,0.0,0.0,0.0,87.52995138888889,0.0,834.8564027777777,0.0,10.5595,0.0,14.521798611111112
2026-03-11 12:38:00,74.5,0.0,0.0,0.0,0.0,0.0,87.52995138888889,0.0,834.8564027777777,0.0,10.5595,0.0,14.521798611111112
2026-03-11 12:39:00,83.0,0.0,0.0,0.0,0.0,0.0,87.52995138888889,0.0,834.8564027777777,0.0,10.5595,0.0,14.521798611111112
2026-03-11 12:40:00,74.9,0.0,0.0,0.0,0.0,0.0,87.52995138888889,0.0,834.8564027777777,0.0,10.5595,0.0,14.521798611111112
2026-03-11 12:41:00,78.3,0.0,0.0,0.0,0.0,0.0,87.52995138888889,0.0,834.8564027777777,0.0,10.5595,0.0,14.521798611111112
2026-03-11 12:42:00,81.3,0.0,0.0,0.0,0.0,0.0,87.52995138888889,0.0,834.8564027777777,0.0,10.5595,0.0,14.521798611111112
2026-03-11 12:43:00,87.0,0.0,0.0,0.0,0.0,0.0,87.52995138888889,0.0,834.8564027777777,0.0,10.5595,0.0,14.521798611111112
2026-03-11 12:44:00,75.4,0.0,0.0,0.0,0.0,0.0,87.52995138888889,0.0,834.8564027777777,0.0,10.5595,0.0,14.521798611111112
2026-03-11 12:45:00,77.5,0.0,0.0,0.0,0.0,0.0,87.52995138888889,0.0,834.8564027777777,0.0,10.5595,0.0,14.521798611111112
2026-03-11 12:46:00,82.0,0.0,0.0,0.0,0.0,0.0,87.52995138888889,0.0,834.8564027777777,0.0,10.5595,0.0,14.521798611111112
2026-03-11 12:47:00,85.6,0.0,0.0,0.0,0.0,0.0,87.52995138888889,0.0,834.8564027777777,0.0,10.5595,0.0,14.521798611111112
2026-03-11 12:48:00,75.0,0.0,0.0,0.0,0.0,0.0,87.52995138888889,0.0,834.8564027777777,0.0,10.5595,0.0,14.521798611111112
2026-03-11 12:49:00,82.7,0.0,0.0,0.0,0.0,0.0,87.52995138888889,0.0,834.8564027777777,0.0,10.5595,0.0,14.521798611111112
2026-03-11 12:50:00,77.0,0.0,0.0,0.0,0.0,0.0,87.52995138888889,0.0,834.8564027777777,0.0,10.5595,0.0,14.521798611111112
2026-03-11 12:51:00,69.3,0.0,0.0,0.0,0.0,0.0,87.52995138888889,0.0,834.8564027777777,0.0,10.5595,0.0,14.521798611111112
2026-03-11 12:52:00,81.2,0.0,0.0,0.0,0.0,0.0,87.52995138888889,0.0,834.8564027777777,0.0,10.5595,0.0,14.521798611111112
2026-03-11 12:53:00,80.3,0.0,0.0,0.0,0.0,0.0,87.52995138888889,0.0,834.8564027777777,0.0,10.5595,0.0,14.521798611111112
2026-03-11 12:54:00,81.1,0.0,0.0,0.0,0.0,0.0,87.52995138888889,0.0,834.8564027777777,0.0,10.5595,0.0,14.521798611111112
2026-03-11 12:55:00,90.2,0.0,0.0,0.0,0.0,0.0,87.52995138888889,0.0,834.8564027777777,0.0,10.5595,0.0,14.521798611111112
2026-03-11 12:56:00,74.8,0.0,0.0,0.0,0.0,0.0,87.52995138888889,0.0,834.8564027777777,0.0,10.5595,0.0,14.521798611111112
2026-03-11 12:57:00,81.2,0.0,0.0,0.0,0.0,0.0,87.52995138888889,0.0,834.8564027777777,0.0,10.5595,0.0,14.521798611111112
2026-03-11 12:58:00,86.0,0.0,0.0,0.0,0.0,0.0,87.52995138888889,0.0,834.8564027777777,0.0,10.5595,0.0,14.521798611111112
2026-03-11 12:59:00,89.4,0.0,0.0,0.0,0.0,0.0,87.52995138888889,0.0,834.8564027777777,0.0,10.5595,0.0,14.521798611111112
2026-03-11 13:00:00,229.4,149.4,0.0,0.0,0.0,148.3383480292583,87.52995138888889,0.0,834.8564027777777,0.0,10.5595,0.0,14.521798611111112
2026-03-11 13:01:00,229.1,152.3,0.0,0.0,0.0,148.50689053092876,87.52995138888889,0.0,834.8564027777777,0.0,10.5595,0.0,14.521798611111112
2026-03-11 13:02:00,221.3,144.5,0.0,0.0,0.0,146.13980748998162,87.52995138888889,0.0,834.8564027777777,0.0,10.5595,0.0,14.521798611111112
2026-03-11 13:03:00,231.0,146.0,0.0,0.0,0.0,150.6613998433083,87.52995138888889,0.0,834.8564027777777,0.0,10.5595,0.0,14.521798611111112
2026-03-11 13:04:00,238.0,147.2,0.0,0.0,0.0,153.67568670193188,87.52995138888889,0.0,834.8564027777777,0.0,10.5595,0.0,14.521798611111112
2026-03-11 13:05:00,224.4,143.1,0.0,0.0,0.0,147.3551983036571,87.52995138888889,0.0,834.8564027777777,0.0,10.5595,0.0,14.521798611111112
2026-03-11 13:06:00,219.9,140.4,0.0,0.0,0.0,145.6559455142123,87.52995138888889,0.0,834.8564027777777,0.0,10.5595,0.0,14.521798611111112
2026-03-11 13:07:00,216.0,144.2,0.0,0.0,0.0,142.95311090793743,87.52995138888889,0.0,834.8564027777777,0.0,10.5595,0.0,14.521798611111112
2026-03-11 13:08:00,233.9,152.7,0.0,0.0,0.0,153.01474413467798,87.52995138888889,0.0,834.8564027777777,0.0,10.5595,0.0,14.521798611111112
2026-03-11 13:09:00,239.6,148.8,0.0,0.0,0.0,154.77801697458324,87.52995138888889,0.0,834.8564027777777,0.0,10.5595,0.0,14.521798611111112
2026-03-11 13:10:00,234.0,151.1,0.0,0.0,0.0,152.78746315928083,87.52995138888889,0.0,834.8564027777777,0.0,10.5595,0.0,14.521798611111112
2026-03-11 13:11:00,225.5,149.6,0.0,0.0,0.0,147.95596752324897,87.52995138888889,0.0,834.8564027777777,0.0,10.5595,0.0,14.521798611111112
2026-03-11 13:12:00,241.2,158.6,0.0,0.0,0.0,155.69098619958467,87.52995138888889,0.0,834.8564027777777,0.0,10.5595,0.0,14.521798611111112
2026-03-11 13:13:00,233.7,147.7,0.0,0.0,0.0,151.86053160238458,87.52995138888889,0.0,834.8564027777777,0.0,10.5595,0.0,14.521798611111112
2026-03-11 13:14:00,220.9,149.3,0.0,0.0,0.0,144.53463829720906,87.52995138888889,0.0,834.8564027777777,0.0,10.5595,0.0,14.521798611111112
2026-03-11 13:15:00,244.4,154.1,0.0,0.0,0.0,155.28278067582855,87.52995138888889,0.0,834.8564027777777,0.0,10.5595,0.0,14.521798611111112
2026-03-11 13:16:00,235.0,150.4,0.0,0.0,0.0,152.10647524328382,87.52995138888889,0.0,834.8564027777777,0.0,10.5595,0.0,14.521798611111112
2026-03-11 13:17:00,229.2,151.3,0.0,0.0,0.0,149.12489735667384,87.52995138888889,0.0,834.8564027777777,0.0,10.5595,0.0,14.521798611111112
2026-03-11 13:18:00,236.6,152.5,0.0,0.0,0.0,153.38007765024207,87.52995138888889,0.0,834.8564027777777,0.0,10.5595,0.0,14.521798611111112
2026-03-11 13:19:00,224.7,145.1,0.0,0.0,0.0,149.35889711312657,87.52995138888889,0.0,834.8564027777777,0.0,10.5595,0.0,14.521798611111112
2026-03-11 13:20:00,230.1,144.0,0.0,0.0,0.0,149.61848866520188,87.52995138888889,0.0,834.8564027777777,0.0,10.5595,0.0,14.521798611111112
2026-03-11 13:21:00,230.2,146.7,0.0,0.0,0.0,150.95131313448334,87.52995138888889,0.0,834.8564027777777,0.0,10.5595,0.0,14.521798611111112
2026-03-11 13:22:00,227.3,154.5,0.0,0.0,0.0,149.2754925566579,87.52995138888889,0.0,834.8564027777777,0.0,10.5595,0.0,14.521798611111112
2026-03-11 13:23:00,249.3,162.7,0.0,0.0,0.0,156.1721625823522,87.52995138888889,0.0,834.8564027777777,0.0,10.5595,0.0,14.521798611111112
2026-03-11 13:24:00,231.8,144.6,0.0,0.0,0.0,152.46011561951127,87.52995138888889,0.0,834.8564027777777,0.0,10.5595,0.0,14.521798611111112
2026-03-11 13:25:00,229.1,151.8,0.0,0.0,0.0,149.62735265926878,87.52995138888889,0.0,834.8564027777777,0.0,10.5595,0.0,14.521798611111112
2026-03-11 13:26:00,220.7,139.5,0.0,0.0,0.0,145.29534633803019,87.52995138888889,0.0,834.8564027777777,0.0,10.5595,0.0,14.521798611111112
2026-03-11 13:27:00,239.5,149.2,0.0,0.0,0.0,154.266202489713,87.52995138888889,0.0,834.8564027777777,0.0,10.5595,0.0,14.521798611111112
2026-03-11 13:28:00,230.6,151.6,0.0,0.0,0.0,151.67154944684947,87.52995138888889,0.0,834.8564027777777,0.0,10.5595,0.0,14.521798611111112
2026-03-11 13:29:00,225.8,150.5,0.0,0.0,0.0,148.12608148316824,87.52995138888889,0.0,834.8564027777777,0.0,10.5595,0.0,14.521798611111112
2026-03-11 13:30:00,224.1,143.5,0.0,0.0,0.0,146.78953822783978,87.52995138888889,0.0,834.8564027777777,0.0,10.5595,0.0,14.521798611111112
2026-03-11 13:31:00,233.5,148.0,0.0,0.0,0.0,151.3019611241785,87.52995138888889,0.0,834.8564027777777,0.0,10.5595,0.0,14.521798611111112
2026-03-11 13:32:00,235.1,158.0,0.0,0.0,0.0,152.34972695973326,87.52995138888889,0.0,834.8564027777777,0.0,10.5595,0.0,14.521798611111112
2026-03-11 13:33:00,225.8,150.6,0.0,0.0,0.0,148.3834036936376,87.52995138888889,0.0,834.8564027777777,0.0,10.5595,0.0,14.521798611111112
2026-03-11 13:34:00,222.6,146.6,0.0,0.0,0.0,145.87781549017438,87.52995138888889,0.0,834.8564027777777,0.0,10.5595,0.0,14.521798611111112
2026-03-11 13:35:00,76.3,0.0,0.0,0.0,0.0,0.0,87.52995138888889,0.0,834.8564027777777,0.0,10.5595,0.0,14.521798611111112
2026-03-11 13:36:00,82.1,0.0,0.0,0.0,0.0,0.0,87.52995138888889,0.0,834.8564027777777,0.0,10.5595,0.0,14.521798611111112
2026-03-11 13:37:00,82.1,0.0,0.0,0.0,0.0,0.0,87.52995138888889,0.0,834.8564027777777,0.0,10.5595,0.0,14.521798611111112
2026-03-11 13:38:00,82.4,0.0,0.0,0.0,0.0,0.0,87.52995138888889,0.0,834.8564027777777,0.0,10.5595,0.0,14.521798611111112
2026-03-11 13:39:00,84.1,0.0,0.0,0.0,0.0,0.0,87.52995138888889,0.0,834.8564027777777,0.0,10.5595,0.0,14.521798611111112
2026-03-11 13:40:00,83.9,0.0,0.0,0.0,0.0,0.0,87.52995138888889,0.0,834.8564027777777,0.0,10.5595,0.0,14.521798611111112
2026-03-11 13:41:00,82.9,0.0,0.0,0.0,0.0,0.0,87.52995138888889,0.0,834.8564027777777,0.0,10.5595,0.0,14.521798611111112
2026-03-11 13:42:00,88.6,0.0,0.0,0.0,0.0,0.0,87.52995138888889,0.0,834.8564027777777,0.0,10.5595,0.0,14.521798611111112
2026-03-11 13:43:00,82.0,0.0,0.0,0.0,0.0,0.0,87.52995138888889,0.0,834.8564027777777,0.0,10.5595,0.0,14.521798611111112
2026-03-11 13:44:00,75.0,0.0,0.0,0.0,0.0,0.0,87.52995138888889,0.0,834.8564027777777,0.0,10.5595,0.0,14.521798611111112
2026-03-11 13:45:00,84.4,0.0,0.0,0.0,0.0,0.0,87.52995138888889,0.0,834.8564027777777,0.0,10.5595,0.0,14.521798611111112
2026-03-11 13:46:00,82.5,0.0,0.0,0.0,0.0,0.0,87.52995138888889,0.0,834.8564027777777,0.0,10.5595,0.0,14.521798611111112
2026-03-11 13:47:00,85.3,0.0,0.0,0.0,0.0,0.0,87.52995138888889,0.0,834.8564027777777,0.0,10.5595,0.0,14.521798611111112
2026-03-11 13:48:00,72.9,0.0,0.0,0.0,0.0,0.0,87.52995138888889,0.0,834.8564027777777,0.0,10.5595,0.0,14.521798611111112
2026-03-11 13:49:00,90.7,0.0,0.0,0.0,0.0,0.0,87.52995138888889,0.0,834.8564027777777,0.0,10.5595,0.0,14.521798611111112
2026-03-11 13:50:00,83.4,0.0,0.0,0.0,0.0,0.0,87.52995138888889,0.0,834.8564027777777,0.0,10.5595,0.0,14.521798611111112
2026-03-11 13:51:00,86.4,0.0,0.0,0.0,0.0,0.0,87.52995138888889,0.0,834.8564027777777,0.0,10.5595,0.0,14.521798611111112
2026-03-11 13:52:00,82.0,0.0,0.0,0.0,0.0,0.0,87.52995138888889,0.0,834.8564027777777,0.0,10.5595,0.0,14.521798611111112
2026-03-11 13:53:00,76.3,0.0,0.0,0.0,0.0,0.0,87.52995138888889,0.0,834.8564027777777,0.0,10.5595,0.0,14.521798611111112
2026-03-11 13:54:00,81.1,0.0,0.0,0.0,0.0,0.0,87.52995138888889,0.0,834.8564027777777,0.0,10.5595,0.0,14.521798611111112
2026-03-11 13:55:00,79.5,0.0,0.0,0.0,0.0,0.0,87.52995138888889,0.0,834.8564027777777,0.0,10.5595,0.0,14.521798611111112
2026-03-11 13:56:00,95.3,0.0,0.0,0.0,0.0,0.0,87.52995138888889,0.0,834.8564027777777,0.0,10.5595,0.0,14.521798611111112
2026-03-11 13:57:00,74.3,0.0,0.0,0.0,0.0,0.0,87.52995138888889,0.0,834.8564027777777,0.0,10.5595,0.0,14.521798611111112
2026-03-11 13:58:00,76.2,0.0,0.0,0.0,0.0,0.0,87.52995138888889,0.0,834.8564027777777,0.0,10.5595,0.0,14.521798611111112
2026-03-11 13:59:00,80.4,0.0,0.0,0.0,0.0,0.0,87.52995138888889,0.0,834.8564027777777,0.0,10.5595,0.0,14.521798611111112
2026-03-11 14:00:00,235.1,153.8,0.0,0.0,0.0,152.0733750851002,87.52995138888889,0.0,834.8564027777777,0.0,10.5595,0.0,14.521798611111112
2026-03-11 14:01:00,225.6,150.7,0.0,0.0,0.0,148.21634744302534,87.52995138888889,0.0,834.8564027777777,0.0,10.5595,0.0,14.521798611111112
2026-03-11 14:02:00,242.5,152.6,0.0,0.0,0.0,155.1632581065448,87.52995138888889,0.0,834.8564027777777,0.0,10.5595,0.0,14.521798611111112
2026-03-11 14:03:00,225.3,143.3,0.0,0.0,0.0,148.5841592680196,87.52995138888889,0.0,834.8564027777777,0.0,10.5595,0.0,14.521798611111112
2026-03-11 14:04:00,234.0,143.4,0.0,0.0,0.0,152.4868044186321,87.52995138888889,0.0,834.8564027777777,0.0,10.5595,0.0,14.521798611111112
2026-03-11 14:05:00,224.2,144.6,0.0,0.0,0.0,148.51726570407004,87.52995138888889,0.0,834.8564027777777,0.0,10.5595,0.0,14.521798611111112
2026-03-11 14:06:00,224.2,148.0,0.0,0.0,0.0,148.5550404635698,87.52995138888889,0.0,834.8564027777777,0.0,10.5595,0.0,14.521798611111112
2026-03-11 14:07:00,225.6,144.8,0.0,0.0,0.0,148.69105457075892,87.52995138888889,0.0,834.8564027777777,0.0,10.5595,0.0,14.521798611111112
2026-03-11 14:08:00,222.9,144.3,0.0,0.0,0.0,146.44322176650903,87.52995138888889,0.0,834.8564027777777,0.0,10.5595,0.0,14.521798611111112
2026-03-11 14:09:00,2212.3,153.5,1978.4,0.0,0.0,148.43757759653207,87.52995138888889,1980.3997151811157,834.8564027777777,0.0,10.5595,0.0,14.521798611111112
2026-03-11 14:10:00,227.4,148.9,0.0,0.0,0.0,148.82931013811893,87.52995138888889,0.0,834.8564027777777,0.0,10.5595,0.0,14.521798611111112
2026-03-11 14:11:00,224.2,143.2,0.0,0.0,0.0,148.46259396349268,87.52995138888889,0.0,834.8564027777777,0.0,10.5595,0.0,14.521798611111112
2026-03-11 14:12:00,234.2,156.1,0.0,0.0,0.0,152.5029966916096,87.52995138888889,0.0,834.8564027777777,0.0,10.5595,0.0,14.521798611111112
2026-03-11 14:13:00,230.1,156.1,0.0,0.0,0.0,149.57266668663587,87.52995138888889,0.0,834.8564027777777,0.0,10.5595,0.0,14.521798611111112
2026-03-11 14:14:00,232.2,155.7,0.0,0.0,0.0,151.35178315911824,87.52995138888889,0.0,834.8564027777777,0.0,10.5595,0.0,14.521798611111112
2026-03-11 14:15:00,219.5,138.3,0.0,0.0,0.0,146.63222605689518,87.52995138888889,0.0,834.8564027777777,0.0,10.5595,0.0,14.521798611111112
2026-03-11 14:16:00,231.6,143.5,0.0,0.0,0.0,151.11679420237778,87.52995138888889,0.0,834.8564027777777,0.0,10.5595,0.0,14.521798611111112
2026-03-11 14:17:00,220.0,144.2,0.0,0.0,0.0,146.58078029372592,87.52995138888889,0.0,834.8564027777777,0.0,10.5595,0.0,14.521798611111112
2026-03-11 14:18:00,237.7,150.6,0.0,0.0,0.0,153.71960527571554,87.52995138888889,0.0,834.8564027777777,0.0,10.5595,0.0,14.521798611111112
2026-03-11 14:19:00,238.2,152.6,0.0,0.0,0.0,153.5043534109137,87.52995138888889,0.0,834.8564027777777,0.0,10.5595,0.0,14.521798611111112
2026-03-11 14:20:00,223.6,152.3,0.0,0.0,0.0,148.46704120557524,87.52995138888889,0.0,834.8564027777777,0.0,10.5595,0.0,14.521798611111112
2026-03-11 14:21:00,228.2,146.5,0.0,0.0,0.0,149.42373216424093,87.52995138888889,0.0,834.8564027777777,0.0,10.5595,0.0,14.521798611111112
2026-03-11 14:22:00,236.0,155.2,0.0,0.0,0.0,153.03166457861303,87.52995138888889,0.0,834.8564027777777,0.0,10.5595,0.0,14.521798611111112
2026-03-11 14:23:00,242.2,160.3,0.0,0.0,0.0,155.35193806070657,87.52995138888889,0.0,834.8564027777777,0.0,10.5595,0.0,14.521798611111112
2026-03-11 14:24:00,227.9,150.4,0.0,0.0,0.0,149.38341850932295,87.52995138888889,0.0,834.8564027777777,0.0,10.5595,0.0,14.521798611111112
2026-03-11 14:25:00,233.7,155.5,0.0,0.0,0.0,151.76807270824852,87.52995138888889,0.0,834.8564027777777,0.0,10.5595,0.0,14.521798611111112
2026-03-11 14:26:00,231.2,150.5,0.0,0.0,0.0,151.32651365541926,87.52995138888889,0.0,834.8564027777777,0.0,10.5595,0.0,14.521798611111112
2026-03-11 14:27:00,216.4,137.0,0.0,0.0,0.0,144.61415709089394,87.52995138888889,0.0,834.8564027777777,0.0,10.5595,0.0,14.521798611111112
2026-03-11 14:28:00,222.1,146.7,0.0,0.0,0.0,146.3021079496985,87.52995138888889,0.0,834.8564027777777,0.0,10.5595,0.0,14.521798611111112
2026-03-11 14:29:00,238.4,148.1,0.0,0.0,0.0,154.48058614308513,87.52995138888889,0.0,834.8564027777777,0.0,10.5595,0.0,14.521798611111112
2026-03-11 14:30:00,238.0,152.7,0.0,0.0,0.0,153.989078038419,87.52995138888889,0.0,834.8564027777777,0.0,10.5595,0.0,14.521798611111112
2026-03-11 14:31:00,227.9,154.1,0.0,0.0,0.0,149.63071028791464,87.52995138888889,0.0,834.8564027777777,0.0,10.5595,0.0,14.521798611111112
2026-03-11 14:32:00,223.8,146.9,0.0,0.0,0.0,148.25949796614057,87.52995138888889,0.0,834.8564027777777,0.0,10.5595,0.0,14.521798611111112
2026-03-11 14:33:00,232.2,144.7,0.0,0.0,0.0,151.9434551948167,87.52995138888889,0.0,834.8564027777777,0.0,10.5595,0.0,14.521798611111112
2026-03-11 14:34:00,239.9,145.3,0.0,0.0,0.0,155.36117929138857,87.52995138888889,0.0,834.8564027777777,0.0,10.5595,0.0,14.521798611111112
2026-03-11 14:35:00,78.5,0.0,0.0,0.0,0.0,0.0,87.52995138888889,0.0,834.8564027777777,0.0,10.5595,0.0,14.521798611111112
2026-03-11 14:36:00,77.9,0.0,0.0,0.0,0.0,0.0,87.52995138888889,0.0,834.8564027777777,0.0,10.5595,0.0,14.521798611111112
2026-03-11 14:37:00,78.2,0.0,0.0,0.0,0.0,0.0,87.52995138888889,0.0,834.8564027777777,0.0,10.5595,0.0,14.521798611111112
2026-03-11 14:38:00,78.7,0.0,0.0,0.0,0.0,0.0,87.52995138888889,0.0,834.8564027777777,0.0,10.5595,0.0,14.521798611111112
2026-03-11 14:39:00,69.2,0.0,0.0,0.0,0.0,0.0,87.52995138888889,0.0,834.8564027777777,0.0,10.5595,0.0,14.521798611111112
2026-03-11 14:40:00,73.2,0.0,0.0,0.0,0.0,0.0,87.52995138888889,0.0,834.8564027777777,0.0,10.5595,0.0,14.521798611111112
2026-03-11 14:41:00,82.9,0.0,0.0,0.0,0.0,0.0,87.52995138888889,0.0,834.8564027777777,0.0,10.5595,0.0,14.521798611111112
2026-03-11 14:42:00,83.1,0.0,0.0,0.0,0.0,0.0,87.52995138888889,0.0,834.8564027777777,0.0,10.5595,0.0,14.521798611111112
2026-03-11 14:43:00,85.5,0.0,0.0,0.0,0.0,0.0,87.52995138888889,0.0,834.8564027777777,0.0,10.5595,0.0,14.521798611111112
2026-03-11 14:44:00,78.0,0.0,0.0,0.0,0.0,0.0,87.52995138888889,0.0,834.8564027777777,0.0,10.5595,0.0,14.521798611111112
2026-03-11 14:45:00,82.7,0.0,0.0,0.0,0.0,0.0,87.52995138888889,0.0,834.8564027777777,0.0,10.5595,0.0,14.521798611111112
2026-03-11 14:46:00,71.1,0.0,0.0,0.0,0.0,0.0,87.52995138888889,0.0,834.8564027777777,0.0,10.5595,0.0,14.521798611111112
2026-03-11 14:47:00,77.0,0.0,0.0,0.0,0.0,0.0,87.52995138888889,0.0,834.8564027777777,0.0,10.5595,0.0,14.521798611111112
2026-03-11 14:48:00,76.0,0.0,0.0,0.0,0.0,0.0,87.52995138888889,0.0,834.8564027777777,0.0,10.5595,0.0,14.521798611111112
2026-03-11 14:49:00,74.0,0.0,0.0,0.0,0.0,0.0,87.52995138888889,0.0,834.8564027777777,0.0,10.5595,0.0,14.521798611111112
2026-03-11 14:50:00,77.8,0.0,0.0,0.0,0.0,0.0,87.52995138888889,0.0,834.8564027777777,0.0,10.5595,0.0,14.521798611111112
2026-03-11 14:51:00,88.6,0.0,0.0,0.0,0.0,0.0,87.52995138888889,0.0,834.8564027777777,0.0,10.5595,0.0,14.521798611111112
2026-03-11 14:52:00,2127.4,0.0,2049.6,0.0,0.0,0.19079999999999997,87.52995138888889,2042.361849379858,834.8564027777777,0.0,10.5595,0.0,14.521798611111112
2026-03-11 14:53:00,94.7,0.0,0.0,0.0,0.0,0.0,87.52995138888889,0.0,834.8564027777777,0.0,10.5595,0.0,14.521798611111112
2026-03-11 14:54:00,77.9,0.0,0.0,0.0,0.0,0.0,87.52995138888889,0.0,834.8564027777777,0.0,10.5595,0.0,14.521798611111112
2026-03-11 14:55:00,2106.8,0.0,2025.9,0.0,0.0,0.0,87.52995138888889,2027.170474683812,834.8564027777777,0.0,10.5595,0.0,14.521798611111112
2026-03-11 14:56:00,2132.9,0.0,2049.9,0.0,0.0,0.19079999999999997,87.52995138888889,2041.7631670906355,834.8564027777777,0.0,10.5595,0.0,14.521798611111112
2026-03-11 14:57:00,2040.6,0.0,1951.0,0.0,0.0,0.0,87.52995138888889,1961.3961472231476,834.8564027777777,0.0,10.5595,0.0,14.521798611111112
2026-03-11 14:58:00,2140.5,0.0,2059.9,0.0,0.0,51.94898080993081,87.52995138888889,2014.440944275183,834.8564027777777,0.0,10.5595,0.0,14.521798611111112
2026-03-11 14:59:00,79.4,0.0,0.0,0.0,0.0,0.0,87.52995138888889,0.0,834.8564027777777,0.0,10.5595,0.0,14.521798611111112
2026-03-11 15:00:00,233.1,155.2,0.0,0.0,0.0,151.57764557027943,87.52995138888889,0.0,834.8564027777777,0.0,10.5595,0.0,14.521798611111112
2026-03-11 15:01:00,2243.6,147.6,2025.2,0.0,0.0,150.76716897136225,87.52995138888889,2010.1513168211472,834.8564027777777,0.0,10.5595,0.0,14.521798611111112
2026-03-11 15:02:00,2188.7,156.0,1962.2,0.0,0.0,149.59822473452476,87.52995138888889,1957.2297706012944,834.8564027777777,0.0,10.5595,0.0,14.521798611111112
2026-03-11 15:03:00,2229.9,154.1,1993.8,0.0,0.0,148.02075300840363,87.52995138888889,2002.290873990589,834.8564027777777,0.0,10.5595,0.0,14.521798611111112
2026-03-11 15:04:00,2250.2,153.1,2017.1,0.0,0.0,148.92470361144998,87.52995138888889,2022.9125667080764,834.8564027777777,0.0,10.5595,0.0,14.521798611111112
2026-03-11 15:05:00,2159.5,149.5,1930.8,0.0,0.0,126.37909024766088,87.52995138888889,1944.8616984936634,834.8564027777777,0.0,10.5595,0.0,14.521798611111112
2026-03-11 15:06:00,2207.0,147.1,1978.8,0.0,0.0,148.5130796856739,87.52995138888889,1976.6738145897484,834.8564027777777,0.0,10.5595,0.0,14.521798611111112
2026-03-11 15:07:00,2250.8,152.1,2022.3,0.0,0.0,149.09770385224806,87.52995138888889,2022.6651986659822,834.8564027777777,0.0,10.5595,0.0,14.521798611111112
2026-03-11 15:08:00,2206.8,144.2,1979.4,0.0,0.0,148.70620993135412,87.52995138888889,1976.6464308947395,834.8564027777777,0.0,10.5595,0.0,14.521798611111112
2026-03-11 15:09:00,2211.7,151.4,1985.0,0.0,0.0,147.3940636786416,87.52995138888889,1982.3522558571065,834.8564027777777,0.0,10.5595,0.0,14.521798611111112
2026-03-11 15:10:00,2202.4,145.4,1979.9,0.0,0.0,148.47556269525685,87.52995138888889,1973.7349288796177,834.8564027777777,0.0,10.5595,0.0,14.521798611111112
2026-03-11 15:11:00,2278.9,155.8,2046.7,0.0,0.0,151.14003693093403,87.52995138888889,2048.0832339728436,834.8564027777777,0.0,10.5595,0.0,14.521798611111112
2026-03-11 15:12:00,2244.2,150.5,2003.6,0.0,0.0,149.88432506700101,87.52995138888889,2014.1357209971993,834.8564027777777,0.0,10.5595,0.0,14.521798611111112
2026-03-11 15:13:00,2268.3,155.0,2029.5,0.0,0.0,152.2569310565453,87.52995138888889,2033.5041447581837,834.8564027777777,0.0,10.5595,0.0,14.521798611111112
2026-03-11 15:14:00,2212.3,144.9,1984.0,0.0,0.0,147.06943797498795,87.52995138888889,1983.3013499963004,834.8564027777777,0.0,10.5595,0.0,14.521798611111112
2026-03-11 15:15:00,2192.4,149.9,1960.0,0.0,0.0,148.39101212169902,87.52995138888889,1966.3792539747287,834.8564027777777,0.0,10.5595,0.0,14.521798611111112
2026-03-11 15:16:00,225.0,146.7,0.0,0.0,0.0,149.21717570208435,87.52995138888889,0.0,834.8564027777777,0.0,10.5595,0.0,14.521798611111112
2026-03-11 15:17:00,2210.8,149.0,1987.9,0.0,0.0,147.72311119713615,87.52995138888889,1983.0582383853084,834.8564027777777,0.0,10.5595,0.0,14.521798611111112
2026-03-11 15:18:00,2232.5,144.1,2000.1,0.0,0.0,149.8897208961316,87.52995138888889,2000.834304480977,834.8564027777777,0.0,10.5595,0.0,14.521798611111112
2026-03-11 15:19:00,2228.2,154.6,1987.8,0.0,0.0,147.3469667969285,87.52995138888889,1999.6019959873454,834.8564027777777,0.0,10.5595,0.0,14.521798611111112
2026-03-11 15:20:00,2191.5,145.8,1963.1,0.0,0.0,148.08634416046914,87.52995138888889,1964.7781940459868,834.8564027777777,0.0,10.5595,0.0,14.521798611111112
2026-03-11 15:21:00,2260.9,152.2,2025.8,0.0,0.0,151.30164302510357,87.52995138888889,2027.1936859549771,834.8564027777777,0.0,10.5595,0.0,14.521798611111112
2026-03-11 15:22:00,2193.2,152.7,1965.5,0.0,0.0,147.8082643967143,87.52995138888889,1966.2503212974402,834.8564027777777,0.0,10.5595,0.0,14.521798611111112
2026-03-11 15:23:00,2221.1,156.8,1995.3,0.0,0.0,147.83522487376453,87.52995138888889,1990.5231535384987,834.8564027777777,0.0,10.5595,0.0,14.521798611111112
2026-03-11 15:24:00,2251.3,153.0,2021.4,0.0,0.0,151.61203763174962,87.52995138888889,2019.9001347488677,834.8564027777777,0.0,10.5595,0.0,14.521798611111112
2026-03-11 15:25:00,2187.7,141.6,1967.4,0.0,0.0,148.05914021931224,87.52995138888889,1959.0654961487314,834.8564027777777,0.0,10.5595,0.0,14.521798611111112
2026-03-11 15:26:00,2242.8,146.0,2013.3,0.0,0.0,149.19681548237043,87.52995138888889,2016.691610346082,834.8564027777777,0.0,10.5595,0.0,14.521798611111112
2026-03-11 15:27:00,2258.1,143.8,2026.8,0.0,0.0,151.07511367044842,87.52995138888889,2027.7840106684703,834.8564027777777,0.0,10.5595,0.0,14.521798611111112
2026-03-11 15:28:00,2212.9,143.5,1980.5,0.0,0.0,147.97499490906696,87.52995138888889,1985.259442854195,834.8564027777777,0.0,10.5595,0.0,14.521798611111112
2026-03-11 15:29:00,2201.2,144.6,1970.6,0.0,0.0,147.86625722888212,87.52995138888889,1975.9853207050023,834.8564027777777,0.0,10.5595,0.0,14.521798611111112
2026-03-11 15:30:00,2173.9,153.5,1934.2,0.0,0.0,144.76352427664932,87.52995138888889,1951.1822973637472,834.8564027777777,0.0,10.5595,0.0,14.521798611111112
2026-03-11 15:31:00,2244.4,153.2,2008.8,0.0,0.0,149.55642547369212,87.52995138888889,2014.7399708177486,834.8564027777777,0.0,10.5595,0.0,14.521798611111112
2026-03-11 15:32:00,219.3,151.4,0.0,0.0,0.0,146.3784000255993,87.52995138888889,0.0,834.8564027777777,0.0,10.5595,0.0,14.521798611111112
2026-03-11 15:33:00,215.1,144.5,0.0,0.0,0.0,143.94958731589756,87.52995138888889,0.0,834.8564027777777,0.0,10.5595,0.0,14.521798611111112
2026-03-11 15:34:00,2255.8,147.3,2025.0,0.0,0.0,150.91682165925468,87.52995138888889,2025.4915135879912,834.8564027777777,0.0,10.5595,0.0,14.521798611111112
2026-03-11 15:35:00,2052.9,0.0,1968.1,0.0,0.0,0.0,87.52995138888889,1974.439057905428,834.8564027777777,0.0,10.5595,0.0,14.521798611111112
2026-03-11 15:36:00,2112.4,0.0,2029.7,0.0,0.0,0.0,87.52995138888889,2032.383249092355,834.8564027777777,0.0,10.5595,0.0,14.521798611111112
2026-03-11 15:37:00,2061.9,0.0,1976.8,0.0,0.0,0.0,87.52995138888889,1984.0679807830625,834.8564027777777,0.0,10.5595,0.0,14.521798611111112
2026-03-11 15:38:00,2093.3,0.0,2007.1,0.0,0.0,0.0,87.52995138888889,2014.6397448036175,834.8564027777777,0.0,10.5595,0.0,14.521798611111112
2026-03-11 15:39:00,2118.1,0.0,2040.5,0.0,0.0,0.0,87.52995138888889,2036.2295026647657,834.8564027777777,0.0,10.5595,0.0,14.521798611111112
2026-03-11 15:40:00,2059.9,0.0,1974.8,0.0,0.0,0.0,87.52995138888889,1982.034961112664,834.8564027777777,0.0,10.5595,0.0,14.521798611111112
2026-03-11 15:41:00,2096.3,0.0,2020.1,0.0,0.0,0.0,87.52995138888889,2016.5072709778242,834.8564027777777,0.0,10.5595,0.0,14.521798611111112
2026-03-11 15:42:00,2101.4,0.0,2016.3,0.0,0.0,0.0,87.52995138888889,2019.4753405153124,834.8564027777777,0.0,10.5595,0.0,14.521798611111112
2026-03-11 15:43:00,2092.0,0.0,2005.3,0.0,0.0,0.0,87.52995138888889,2012.7960270544813,834.8564027777777,0.0,10.5595,0.0,14.521798611111112
2026-03-11 15:44:00,2112.8,0.0,2023.8,0.0,0.0,0.0,87.52995138888889,2032.3051922602983,834.8564027777777,0.0,10.5595,0.0,14.521798611111112
2026-03-11 15:45:00,2037.1,0.0,1954.4,0.0,0.0,0.0,87.52995138888889,1957.6250181738194,834.8564027777777,0.0,10.5595,0.0,14.521798611111112
2026-03-11 15:46:00,2091.8,0.0,2006.4,0.0,0.0,0.0,87.52995138888889,2010.3570449435474,834.8564027777777,0.0,10.5595,0.0,14.521798611111112
2026-03-11 15:47:00,2049.7,0.0,1972.6,0.0,0.0,0.0,87.52995138888889,1973.1225006772536,834.8564027777777,0.0,10.5595,0.0,14.521798611111112
2026-03-11 15:48:00,2065.4,0.0,1995.9,0.0,0.0,0.0,87.52995138888889,1985.3002007501755,834.8564027777777,0.0,10.5595,0.0,14.521798611111112
2026-03-11 15:49:00,2086.5,0.0,2015.1,0.0,0.0,0.0,87.52995138888889,2005.2950862582804,834.8564027777777,0.0,10.5595,0.0,14.521798611111112
2026-03-11 15:50:00,2107.7,0.0,2021.8,0.0,0.0,0.0,87.52995138888889,2025.3010731440988,834.8564027777777,0.0,10.5595,0.0,14.521798611111112
2026-03-11 15:51:00,2062.1,0.0,1986.7,0.0,0.0,0.0,87.52995138888889,1982.8529975094666,834.8564027777777,0.0,10.5595,0.0,14.521798611111112
2026-03-11 15:52:00,2040.7,0.0,1955.1,0.0,0.0,0.0,87.52995138888889,1962.8970435445817,834.8564027777777,0.0,10.5595,0.0,14.521798611111112
2026-03-11 15:53:00,2141.4,0.0,2054.2,0.0,0.0,47.670505870055884,87.52995138888889,2028.5202156859505,834.8564027777777,0.0,10.5595,0.0,14.521798611111112
2026-03-11 15:54:00,2066.0,0.0,1984.1,0.0,0.0,0.0,87.52995138888889,1985.9366372122417,834.8564027777777,0.0,10.5595,0.0,14.521798611111112
2026-03-11 15:55:00,2106.8,0.0,2030.0,0.0,0.0,0.0,87.52995138888889,2024.9070771336287,834.8564027777777,0.0,10.5595,0.0,14.521798611111112
2026-03-11 15:56:00,2105.9,0.0,2018.4,0.0,0.0,0.0,87.52995138888889,2024.2432688427052,834.8564027777777,0.0,10.5595,0.0,14.521798611111112
2026-03-11 15:57:00,2058.6,0.0,1979.0,0.0,0.0,0.0,87.52995138888889,1980.259647402047,834.8564027777777,0.0,10.5595,0.0,14.521798611111112
2026-03-11 15:58:00,2096.3,0.0,2019.0,0.0,0.0,0.0,87.52995138888889,2017.179031649654,834.8564027777777,0.0,10.5595,0.0,14.521798611111112
2026-03-11 15:59:00,2123.1,0.0,2045.9,0.0,0.0,0.0,87.52995138888889,2041.0176892856484,834.8564027777777,0.0,10.5595,0.0,14.521798611111112
2026-03-11 16:00:00,2242.0,159.6,2006.7,0.0,0.0,149.49163765286997,87.52995138888889,2011.8626947251753,834.8564027777777,0.0,10.5595,0.0,14.521798611111112
2026-03-11 16:01:00,2198.6,148.2,1981.5,0.0,0.0,148.57613090364222,87.52995138888889,1967.9556971882703,834.8564027777777,0.0,10.5595,0.0,14.521798611111112
2026-03-11 16:02:00,2194.5,151.2,1960.2,0.0,0.0,149.14776421200054,87.52995138888889,1965.816675503637,834.8564027777777,0.0,10.5595,0.0,14.521798611111112
2026-03-11 16:03:00,2191.9,143.0,1976.1,0.0,0.0,149.2544492510356,87.52995138888889,1965.0006896455407,834.8564027777777,0.0,10.5595,0.0,14.521798611111112
2026-03-11 16:04:00,2248.6,149.6,2021.9,0.0,0.0,149.48054861935452,87.52995138888889,2019.138045270306,834.8564027777777,0.0,10.5595,0.0,14.521798611111112
2026-03-11 16:05:00,2236.3,148.5,2006.0,0.0,0.0,152.08666609606138,87.52995138888889,2002.6474574918004,834.8564027777777,0.0,10.5595,0.0,14.521798611111112
2026-03-11 16:06:00,2268.1,151.3,2036.7,0.0,0.0,151.7923818613991,87.52995138888889,2038.1733253705786,834.8564027777777,0.0,10.5595,0.0,14.521798611111112
2026-03-11 16:07:00,2230.9,150.3,1997.6,0.0,0.0,149.21568808918687,87.52995138888889,2000.0767288479492,834.8564027777777,0.0,10.5595,0.0,14.521798611111112
2026-03-11 16:08:00,2224.6,149.3,2001.3,0.0,0.0,149.20598859620767,87.52995138888889,1995.1176091166997,834.8564027777777,0.0,10.5595,0.0,14.521798611111112
2026-03-11 16:09:00,2193.5,154.2,1954.3,0.0,0.0,148.58674892081027,87.52995138888889,1965.086909303285,834.8564027777777,0.0,10.5595,0.0,14.521798611111112
2026-03-11 16:10:00,2199.5,146.9,1979.0,0.0,0.0,147.9779420295534,87.52995138888889,1968.3271421430427,834.8564027777777,0.0,10.5595,0.0,14.521798611111112
2026-03-11 16:11:00,2228.1,144.9,2007.1,0.0,0.0,148.02492260158152,87.52995138888889,2001.5828506415155,834.8564027777777,0.0,10.5595,0.0,14.521798611111112
2026-03-11 16:12:00,2165.2,155.7,1926.9,0.0,0.0,141.04507895062454,87.52995138888889,1949.1253903215647,834.8564027777777,0.0,10.5595,0.0,14.521798611111112
2026-03-11 16:13:00,2191.5,153.1,1967.0,0.0,0.0,147.3581110186253,87.52995138888889,1966.1757510924276,834.8564027777777,0.0,10.5595,0.0,14.521798611111112
2026-03-11 16:14:00,2240.4,145.5,2009.2,0.0,0.0,150.15832254399646,87.52995138888889,2007.2028161647183,834.8564027777777,0.0,10.5595,0.0,14.521798611111112
2026-03-11 16:15:00,2210.3,144.1,1995.9,0.0,0.0,148.23537426282587,87.52995138888889,1983.8440856421905,834.8564027777777,0.0,10.5595,0.0,14.521798611111112
2026-03-11 16:16:00,2149.4,144.4,1929.0,0.0,0.0,96.88914177968002,87.52995138888889,1970.009546547299,834.8564027777777,0.0,10.5595,0.0,14.521798611111112
2026-03-11 16:17:00,2249.3,161.4,2009.5,0.0,0.0,149.63052709870098,87.52995138888889,2022.4577616650352,834.8564027777777,0.0,10.5595,0.0,14.521798611111112
2026-03-11 16:18:00,2216.2,153.8,1966.8,0.0,0.0,149.35119011941217,87.52995138888889,1987.3873912831175,834.8564027777777,0.0,10.5595,0.0,14.521798611111112
2026-03-11 16:19:00,2201.1,151.5,1957.0,0.0,0.0,148.20176213962623,87.52995138888889,1977.2834284594892,834.8564027777777,0.0,10.5595,0.0,14.521798611111112
2026-03-11 16:20:00,2245.1,153.8,2013.0,0.0,0.0,149.23073966614447,87.52995138888889,2012.5429317625224,834.8564027777777,0.0,10.5595,0.0,14.521798611111112
2026-03-11 16:21:00,2167.7,153.1,1934.7,0.0,0.0,141.07205894726187,87.52995138888889,1949.8937063032952,834.8564027777777,0.0,10.5595,0.0,14.521798611111112
2026-03-11 16:22:00,2236.2,162.4,1998.2,0.0,0.0,149.92204241607487,87.52995138888889,2004.5338625214952,834.8564027777777,0.0,10.5595,0.0,14.521798611111112
2026-03-11 16:23:00,2205.6,153.3,1971.9,0.0,0.0,147.7968182639399,87.52995138888889,1979.1483730675106,834.8564027777777,0.0,10.5595,0.0,14.521798611111112
2026-03-11 16:24:00,2211.5,152.8,1975.8,0.0,0.0,148.35441965497813,87.52995138888889,1983.342959833087,834.8564027777777,0.0,10.5595,0.0,14.521798611111112
2026-03-11 16:25:00,2190.5,148.9,1963.6,0.0,0.0,148.1112798348453,87.52995138888889,1965.4371976079485,834.8564027777777,0.0,10.5595,0.0,14.521798611111112
2026-03-11 16:26:00,2263.9,154.9,2014.2,0.0,0.0,150.30630938816083,87.52995138888889,2034.708870852443,834.8564027777777,0.0,10.5595,0.0,14.521798611111112
2026-03-11 16:27:00,2245.1,152.2,2017.9,0.0,0.0,149.21166509938567,87.52995138888889,2012.3656719982127,834.8564027777777,0.0,10.5595,0.0,14.521798611111112
2026-03-11 16:28:00,2264.0,151.2,2039.9,0.0,0.0,150.3314769335784,87.52995138888889,2034.6800674613892,834.8564027777777,0.0,10.5595,0.0,14.521798611111112
2026-03-11 16:29:00,2186.7,136.7,1964.3,0.0,0.0,148.16724249733187,87.52995138888889,1961.2735231335655,834.8564027777777,0.0,10.5595,0.0,14.521798611111112
2026-03-11 16:30:00,2200.6,149.2,1980.7,0.0,0.0,148.23468498749278,87.52995138888889,1972.3162310755893,834.8564027777777,0.0,10.5595,0.0,14.521798611111112
2026-03-11 16:31:00,2233.0,145.7,2003.7,0.0,0.0,149.42978832981885,87.52995138888889,2002.125115854408,834.8564027777777,0.0,10.5595,0.0,14.521798611111112
2026-03-11 16:32:00,2259.5,153.8,2029.6,0.0,0.0,150.7607865228739,87.52995138888889,2029.4023375832603,834.8564027777777,0.0,10.5595,0.0,14.521798611111112
2026-03-11 16:33:00,2218.1,140.1,1999.7,0.0,0.0,149.57633887044338,87.52995138888889,1987.4404997587321,834.8564027777777,0.0,10.5595,0.0,14.521798611111112
2026-03-11 16:34:00,2214.0,147.1,1986.3,0.0,0.0,149.95328521668964,87.52995138888889,1984.3175997078147,834.8564027777777,0.0,10.5595,0.0,14.521798611111112
2026-03-11 16:35:00,2116.8,0.0,2034.5,0.0,0.0,0.0,87.52995138888889,2029.6863477068825,834.8564027777777,0.0,10.5595,0.0,14.521798611111112
2026-03-11 16:36:00,2039.4,0.0,1957.2,0.0,0.0,0.0,87.52995138888889,1960.49823275537,834.8564027777777,0.0,10.5595,0.0,14.521798611111112
2026-03-11 16:37:00,2062.2,0.0,1980.8,0.0,0.0,0.0,87.52995138888889,1981.5937973514774,834.8564027777777,0.0,10.5595,0.0,14.521798611111112
2026-03-11 16:38:00,2041.4,0.0,1965.7,0.0,0.0,0.0,87.52995138888889,1965.436080821574,834.8564027777777,0.0,10.5595,0.0,14.521798611111112
2026-03-11 16:39:00,2104.7,0.0,2022.3,0.0,0.0,0.0,87.52995138888889,2020.8717478982894,834.8564027777777,0.0,10.5595,0.0,14.521798611111112
2026-03-11 16:40:00,2091.2,0.0,2011.3,0.0,0.0,0.0,87.52995138888889,2009.2657251217736,834.8564027777777,0.0,10.5595,0.0,14.521798611111112
2026-03-11 16:41:00,2155.5,0.0,2082.4,0.0,0.0,117.80549245239912,87.52995138888889,1951.14411408352,834.8564027777777,0.0,10.5595,0.0,14.521798611111112
2026-03-11 16:42:00,2079.4,0.0,2002.6,0.0,0.0,0.0,87.52995138888889,1998.4499961445108,834.8564027777777,0.0,10.5595,0.0,14.521798611111112
2026-03-11 16:43:00,2082.5,0.0,1998.6,0.0,0.0,0.0,87.52995138888889,2003.621545012819,834.8564027777777,0.0,10.5595,0.0,14.521798611111112
2026-03-11 16:44:00,2056.9,0.0,1974.6,0.0,0.0,0.0,87.52995138888889,1974.371182373246,834.8564027777777,0.0,10.5595,0.0,14.521798611111112
2026-03-11 16:45:00,2082.6,0.0,2002.5,0.0,0.0,0.0,87.52995138888889,2003.3100305273042,834.8564027777777,0.0,10.5595,0.0,14.521798611111112
2026-03-11 16:46:00,2067.5,0.0,1990.3,0.0,0.0,0.0,87.52995138888889,1988.4483647957154,834.8564027777777,0.0,10.5595,0.0,14.521798611111112
2026-03-11 16:47:00,2101.5,0.0,2029.1,0.0,0.0,0.0,87.52995138888889,2021.8231810140835,834.8564027777777,0.0,10.5595,0.0,14.521798611111112
2026-03-11 16:48:00,2056.1,0.0,1981.0,0.0,0.0,0.0,87.52995138888889,1974.4602969132175,834.8564027777777,0.0,10.5595,0.0,14.521798611111112
2026-03-11 16:49:00,2114.7,0.0,2025.3,0.0,0.0,0.0,87.52995138888889,2030.7623487782362,834.8564027777777,0.0,10.5595,0.0,14.521798611111112
2026-03-11 16:50:00,2081.2,0.0,1987.6,0.0,0.0,0.0,87.52995138888889,2001.3734950750122,834.8564027777777,0.0,10.5595,0.0,14.521798611111112
2026-03-11 16:51:00,2113.5,0.0,2040.3,0.0,0.0,0.0,87.52995138888889,2032.2983417045364,834.8564027777777,0.0,10.5595,0.0,14.521798611111112
2026-03-11 16:52:00,2093.2,0.0,2015.0,0.0,0.0,0.0,87.52995138888889,2014.0967924422525,834.8564027777777,0.0,10.5595,0.0,14.521798611111112
2026-03-11 16:53:00,2092.7,0.0,2011.5,0.0,0.0,0.0,87.52995138888889,2013.8690862724961,834.8564027777777,0.0,10.5595,0.0,14.521798611111112
2026-03-11 16:54:00,2076.1,0.0,1994.5,0.0,0.0,0.0,87.52995138888889,1995.5828101329498,834.8564027777777,0.0,10.5595,0.0,14.521798611111112
2026-03-11 16:55:00,2123.3,0.0,2045.8,0.0,0.0,0.20666666666666667,87.52995138888889,2041.3110878808982,834.8564027777777,0.0,10.5595,0.0,14.521798611111112
2026-03-11 16:56:00,2108.3,0.0,2018.8,0.0,0.0,0.0,87.52995138888889,2027.1482286084056,834.8564027777777,0.0,10.5595,0.0,14.521798611111112
2026-03-11 16:57:00,2090.8,0.0,2008.1,0.0,0.0,0.0,87.52995138888889,2010.2268936020407,834.8564027777777,0.0,10.5595,0.0,14.521798611111112
2026-03-11 16:58:00,2069.2,0.0,1995.3,0.0,0.0,0.0,87.52995138888889,1990.2623253343604,834.8564027777777,0.0,10.5595,0.0,14.521798611111112
2026-03-11 16:59:00,2073.3,0.0,1987.0,0.0,0.0,0.0,87.52995138888889,1992.412729955828,834.8564027777777,0.0,10.5595,0.0,14.521798611111112
2026-03-11 17:00:00,2195.5,154.6,1959.4,0.0,0.0,149.09250883124153,87.52995138888889,1966.6240952599294,834.8564027777777,0.0,10.5595,0.0,14.521798611111112
2026-03-11 17:01:00,2218.6,149.4,1992.2,0.0,0.0,151.1765060182708,87.52995138888889,1984.8651514301002,834.8564027777777,0.0,10.5595,0.0,14.521798611111112
2026-03-11 17:02:00,2231.3,155.5,1998.0,0.0,0.0,149.72152250302165,87.52995138888889,2002.4061639030906,834.8564027777777,0.0,10.5595,0.0,14.521798611111112
2026-03-11 17:03:00,2221.2,142.2,2011.0,0.0,0.0,151.75294862265358,87.52995138888889,1986.108579621353,834.8564027777777,0.0,10.5595,0.0,14.521798611111112
2026-03-11 17:04:00,2221.3,144.0,1996.2,0.0,0.0,150.91627082332874,87.52995138888889,1988.5798034039544,834.8564027777777,0.0,10.5595,0.0,14.521798611111112
2026-03-11 17:05:00,2316.8,151.0,2076.2,0.0,0.0,151.06904863081618,87.52995138888889,2067.8785241630135,834.8564027777777,0.0,10.5595,0.38492255892255894,14.521798611111112
2026-03-11 17:06:00,2246.5,143.6,2029.8,0.0,0.0,151.1787396886977,87.52995138888889,2018.464538528573,834.8564027777777,0.0,10.5595,0.0,14.521798611111112
2026-03-11 17:07:00,2243.9,158.0,2006.6,0.0,0.0,152.06544403284283,87.52995138888889,2015.3291121613133,834.8564027777777,0.0,10.5595,0.0,14.521798611111112
2026-03-11 17:08:00,2243.9,149.9,2011.6,0.0,0.0,152.21961298856036,87.52995138888889,2015.7775642055653,834.8564027777777,0.0,10.5595,0.0,14.521798611111112
2026-03-11 17:09:00,2267.4,155.1,2032.1,0.0,0.0,151.5582916785923,87.52995138888889,2036.0978108963075,834.8564027777777,0.0,10.5595,0.0,14.521798611111112
2026-03-11 17:10:00,2178.9,150.6,1950.8,0.0,0.0,149.68254229425256,87.52995138888889,1954.1911212276407,834.8564027777777,0.0,10.5595,0.0,14.521798611111112
2026-03-11 17:11:00,2196.1,147.8,1976.0,0.0,0.0,150.04227099659582,87.52995138888889,1969.3759574444064,834.8564027777777,0.0,10.5595,0.0,14.521798611111112
2026-03-11 17:12:00,2230.2,149.0,2020.3,0.0,0.0,150.08352657604124,87.52995138888889,2000.412409575555,834.8564027777777,0.0,10.5595,0.0,14.521798611111112
2026-03-11 17:13:00,2286.6,154.5,2058.3,0.0,0.0,151.8832407180023,87.52995138888889,2050.4053138324643,834.8564027777777,0.0,10.5595,0.969362433862434,14.521798611111112
2026-03-11 17:14:00,2176.6,148.7,1946.9,0.0,0.0,147.7258990876742,87.52995138888889,1952.472057357349,834.8564027777777,0.0,10.5595,0.0,14.521798611111112
2026-03-11 17:15:00,2240.4,140.2,2013.0,0.0,0.0,149.74155093082882,87.52995138888889,2010.852188315901,834.8564027777777,0.0,10.5595,0.0,14.521798611111112
2026-03-11 17:16:00,2231.8,157.2,1992.6,0.0,0.0,150.0277011633248,87.52995138888889,2003.6180733260214,834.8564027777777,0.0,10.5595,0.0,14.521798611111112
2026-03-11 17:17:00,2210.0,148.3,1988.0,0.0,0.0,150.32181117798322,87.52995138888889,1980.8779914265976,834.8564027777777,0.0,10.5595,0.0,14.521798611111112
2026-03-11 17:18:00,2268.2,148.7,2037.1,0.0,0.0,151.44602698935617,87.52995138888889,2035.4036617275594,834.8564027777777,0.0,10.5595,0.0,14.521798611111112
2026-03-11 17:19:00,2255.9,149.1,2027.3,0.0,0.0,150.05740806045807,87.52995138888889,2024.53845771478,834.8564027777777,0.0,10.5595,0.0,14.521798611111112
2026-03-11 17:20:00,2257.0,145.2,2045.4,0.0,0.0,149.45433551236923,87.52995138888889,2028.1395045775027,834.8564027777777,0.0,10.5595,0.0,14.521798611111112
2026-03-11 17:21:00,2220.5,136.8,2010.4,0.0,0.0,150.27668048740972,87.52995138888889,1988.6703765749148,834.8564027777777,0.0,10.5595,0.0,14.521798611111112
2026-03-11 17:22:00,2248.3,147.2,2028.0,0.0,0.0,148.25569679302754,87.52995138888889,2022.4784317558624,834.8564027777777,0.0,10.5595,0.0,14.521798611111112
2026-03-11 17:23:00,2234.8,146.7,2007.8,0.0,0.0,149.8884601111851,87.52995138888889,2004.1179356797359,834.8564027777777,0.0,10.5595,0.0,14.521798611111112
2026-03-11 17:24:00,2241.1,150.9,2008.4,0.0,0.0,149.36963428609008,87.52995138888889,2011.276746403462,834.8564027777777,0.0,10.5595,0.0,14.521798611111112
2026-03-11 17:25:00,2219.9,150.8,1998.5,0.0,0.0,149.5839659084759,87.52995138888889,1988.4346409273264,834.8564027777777,0.0,10.5595,0.0,14.521798611111112
2026-03-11 17:26:00,2201.5,147.8,1978.7,0.0,0.0,149.4520375928624,87.52995138888889,1975.6907819527962,834.8564027777777,0.0,10.5595,0.0,14.521798611111112
2026-03-11 17:27:00,2215.8,146.1,1987.2,0.0,0.0,150.08240013374424,87.52995138888889,1985.6189415574897,834.8564027777777,0.0,10.5595,0.0,14.521798611111112
2026-03-11 17:28:00,2218.6,158.4,1981.4,0.0,0.0,150.01719423929543,87.52995138888889,1986.6722741218675,834.8564027777777,0.0,10.5595,0.0,14.521798611111112
2026-03-11 17:29:00,2261.3,152.2,2030.4,0.0,0.0,148.34836109130518,87.52995138888889,2030.6197223871814,834.8564027777777,0.0,10.5595,0.0,14.521798611111112
2026-03-11 17:30:00,2190.2,149.9,1953.9,0.0,0.0,149.49125176432335,87.52995138888889,1965.368922244584,834.8564027777777,0.0,10.5595,0.0,14.521798611111112
2026-03-11 17:31:00,2240.2,142.9,2022.6,0.0,0.0,150.12604150589257,87.52995138888889,2009.8491734548418,834.8564027777777,0.0,10.5595,0.0,14.521798611111112
2026-03-11 17:32:00,2278.2,147.0,2055.9,0.0,0.0,150.60196341746487,87.52995138888889,2043.0711803983058,834.8564027777777,0.0,10.5595,0.0,14.521798611111112
2026-03-11 17:33:00,2276.1,150.1,2038.7,0.0,0.0,150.61264326446974,87.52995138888889,2040.8561782319546,834.8564027777777,0.0,10.5595,0.0,14.521798611111112
2026-03-11 17:34:00,2237.0,144.5,2016.8,0.0,0.0,150.87586120725402,87.52995138888889,2006.729419610006,834.8564027777777,0.0,10.5595,0.0,14.521798611111112
2026-03-11 17:35:00,2084.2,0.0,2008.4,0.0,0.0,0.0,87.52995138888889,2000.7300708268303,834.8564027777777,0.0,10.5595,0.0,14.521798611111112
2026-03-11 17:36:00,2049.0,0.0,1975.4,0.0,0.0,0.0,87.52995138888889,1970.6588325362,834.8564027777777,0.0,10.5595,0.0,14.521798611111112
2026-03-11 17:37:00,2104.4,0.0,2027.4,0.0,0.0,0.0,87.52995138888889,2022.9601421469947,834.8564027777777,0.0,10.5595,0.0,14.521798611111112
2026-03-11 17:38:00,2056.0,0.0,1980.5,0.0,0.0,0.0,87.52995138888889,1976.6743748342412,834.8564027777777,0.0,10.5595,0.0,14.521798611111112
2026-03-11 17:39:00,2083.5,0.0,1994.6,0.0,0.0,0.0,87.52995138888889,2001.9932550722147,834.8564027777777,0.0,10.5595,0.0,14.521798611111112
2026-03-11 17:40:00,2040.3,0.0,1961.1,0.0,0.0,0.0,87.52995138888889,1963.084543745524,834.8564027777777,0.0,10.5595,0.0,14.521798611111112
2026-03-11 17:41:00,2089.6,0.0,2008.6,0.0,0.0,0.0,87.52995138888889,2010.1188844935025,834.8564027777777,0.0,10.5595,0.0,14.521798611111112
2026-03-11 17:42:00,2074.6,0.0,1990.6,0.0,0.0,0.0,87.52995138888889,1992.8301479283798,834.8564027777777,0.0,10.5595,0.0,14.521798611111112
2026-03-11 17:43:00,2082.7,0.0,2007.3,0.0,0.0,0.0,87.52995138888889,2000.3003934468045,834.8564027777777,0.0,10.5595,0.0,14.521798611111112
2026-03-11 17:44:00,2094.0,0.0,2008.3,0.0,0.0,0.0,87.52995138888889,2016.0024023469991,834.8564027777777,0.0,10.5595,0.0,14.521798611111112
2026-03-11 17:45:00,2048.2,0.0,1967.1,0.0,0.0,0.0,87.52995138888889,1970.9993414776714,834.8564027777777,0.0,10.5595,0.0,14.521798611111112
2026-03-11 17:46:00,2037.5,0.0,1954.9,0.0,0.0,0.0,87.52995138888889,1959.669080659753,834.8564027777777,0.0,10.5595,0.0,14.521798611111112
2026-03-11 17:47:00,2041.7,0.0,1970.1,0.0,0.0,0.0,87.52995138888889,1964.447535765214,834.8564027777777,0.0,10.5595,0.0,14.521798611111112
2026-03-11 17:48:00,2082.6,0.0,1987.4,0.0,0.0,0.0,87.52995138888889,1998.7985746294562,834.8564027777777,0.0,10.5595,0.0,14.521798611111112
2026-03-11 17:49:00,2065.7,0.0,1977.0,0.0,0.0,0.0,87.52995138888889,1984.622511950562,834.8564027777777,0.0,10.5595,0.0,14.521798611111112
2026-03-11 17:50:00,2073.1,0.0,2001.3,0.0,0.0,0.0,87.52995138888889,1993.3663207022287,834.8564027777777,0.0,10.5595,0.0,14.521798611111112
2026-03-11 17:51:00,2138.7,0.0,2048.8,0.0,0.0,2.337388095238095,87.52995138888889,2055.3504131996146,834.8564027777777,0.0,10.5595,0.10771428571428569,14.521798611111112
2026-03-11 17:52:00,2102.4,0.0,2016.4,0.0,0.0,0.0,87.52995138888889,2022.2231373108377,834.8564027777777,0.0,10.5595,0.0,14.521798611111112
2026-03-11 17:53:00,2125.3,0.0,2037.6,0.0,0.0,0.0,87.52995138888889,2041.2301703079065,834.8564027777777,0.0,10.5595,0.0,14.521798611111112
2026-03-11 17:54:00,2081.6,0.0,2009.8,0.0,0.0,0.0,87.52995138888889,1998.7171706289907,834.8564027777777,0.0,10.5595,0.0,14.521798611111112
2026-03-11 17:55:00,2055.0,0.0,1984.3,0.0,0.0,0.0,87.52995138888889,1975.731452185179,834.8564027777777,0.0,10.5595,0.0,14.521798611111112
2026-03-11 17:56:00,2066.2,0.0,1985.1,0.0,0.0,0.0,87.52995138888889,1985.0069178070837,834.8564027777777,0.0,10.5595,0.0,14.521798611111112
2026-03-11 17:57:00,2057.4,0.0,1969.5,0.0,0.0,0.0,87.52995138888889,1976.056174441898,834.8564027777777,0.0,10.5595,0.0,14.521798611111112
2026-03-11 17:58:00,2048.0,0.0,1975.3,0.0,0.0,0.0,87.52995138888889,1970.5993590329056,834.8564027777777,0.0,10.5595,0.0,14.521798611111112
2026-03-11 17:59:00,2078.6,0.0,1999.8,0.0,0.0,0.0,87.52995138888889,1997.3433861425617,834.8564027777777,0.0,10.5595,0.0788,14.521798611111112
2026-03-11 18:00:00,2239.2,151.8,2009.3,0.0,0.0,151.13872867166378,87.52995138888889,2008.4509168221705,834.8564027777777,0.0,10.5595,0.4914055555555556,14.521798611111112
2026-03-11 18:01:00,2209.7,136.9,1995.6,0.0,0.0,152.18332816087414,87.52995138888889,1978.960334856528,834.8564027777777,0.0,10.5595,0.0788,14.521798611111112
2026-03-11 18:02:00,2266.9,149.4,2045.2,0.0,0.0,151.26838704263855,87.52995138888889,2033.1432845885597,834.8564027777777,0.0,10.5595,2.76411746031746,14.521798611111112
2026-03-11 18:03:00,2386.6,145.7,2028.1,0.0,125.4,139.39897243494667,87.52995138888889,2032.880670636754,834.8564027777777,0.0,10.5595,120.8020394124395,14.521798611111112
2026-03-11 18:04:00,2405.4,153.6,2060.6,0.0,117.8,153.31016981156964,87.52995138888889,2048.2536158015737,834.8564027777777,0.0,10.5595,121.44142552196405,14.521798611111112
2026-03-11 18:05:00,2211.9,155.5,1980.2,0.0,0.0,142.910211998671,87.52995138888889,1989.0293285499001,834.8564027777777,0.0,10.5595,25.680556717574365,14.521798611111112
2026-03-11 18:06:00,2378.9,151.4,2022.1,0.0,122.7,150.72966851439185,87.52995138888889,2026.769853418911,834.8564027777777,0.0,10.5595,121.25228254908717,14.521798611111112
2026-03-11 18:07:00,2247.3,147.4,2010.1,0.0,0.0,128.44294682131596,87.52995138888889,2021.2427732129522,834.8564027777777,0.0,10.5595,25.46600902523403,14.521798611111112
2026-03-11 18:08:00,2133.8,152.2,1911.6,0.0,0.0,0.0,87.52995138888889,1997.879246155732,834.8564027777777,0.0,10.5595,20.927728834566995,14.521798611111112
2026-03-11 18:09:00,2376.6,154.1,2012.4,0.0,116.5,151.37057372943823,87.52995138888889,2025.3393188844916,834.8564027777777,0.0,10.5595,121.31291281789245,14.521798611111112
2026-03-11 18:10:00,2337.6,155.7,1992.8,0.0,114.7,152.43423232671472,87.52995138888889,1985.5260800089345,834.8564027777777,0.0,10.5595,117.73830564422235,14.521798611111112
2026-03-11 18:11:00,2317.0,155.1,1956.7,0.0,120.7,151.49625963399345,87.52995138888889,1984.569123357726,834.8564027777777,0.0,10.5595,113.9968393088622,14.521798611111112
2026-03-11 18:12:00,2276.6,148.8,1934.9,0.0,120.7,130.99348958590429,87.52995138888889,1993.7286127408054,834.8564027777777,0.0,10.5595,15.493632075332073,14.521798611111112
2026-03-11 18:13:00,2418.7,150.9,2066.0,0.0,131.4,152.4755223139347,87.52995138888889,2057.823332240744,834.8564027777777,0.0,10.5595,122.08805393332152,14.521798611111112
2026-03-11 18:14:00,2377.0,150.1,2030.2,0.0,111.4,149.63847537740037,87.52995138888889,2026.7861299506046,834.8564027777777,0.0,10.5595,122.99446752506749,14.521798611111112
2026-03-11 18:15:00,2336.1,156.0,1981.5,0.0,122.9,150.71163096865294,87.52995138888889,1984.9211846177498,834.8564027777777,0.0,10.5595,120.85487958060463,14.521798611111112
2026-03-11 18:16:00,2318.3,142.6,1989.2,0.0,114.1,150.17467490771747,87.52995138888889,1983.4235824874306,834.8564027777777,0.0,10.5595,114.67061079720932,14.521798611111112
2026-03-11 18:17:00,2182.3,142.2,1953.0,0.0,0.0,130.74569076323286,87.52995138888889,1965.7923466720858,834.8564027777777,0.0,10.5595,11.98908424723425,14.521798611111112
2026-03-11 18:18:00,2393.3,155.5,2038.4,0.0,117.7,150.38386802372315,87.52995138888889,2036.9000941619304,834.8564027777777,0.0,10.5595,124.39567203837606,14.521798611111112
2026-03-11 18:19:00,2364.7,155.4,2001.5,0.0,120.6,150.10595814283755,87.52995138888889,2018.3004369694079,834.8564027777777,0.0,10.5595,122.0779313608218,14.521798611111112
2026-03-11 18:20:00,2301.6,153.4,1954.2,0.0,118.3,149.79352730901996,87.52995138888889,1979.5591070725568,834.8564027777777,0.0,10.5595,90.12490565503467,14.521798611111112
2026-03-11 18:21:00,2322.2,149.3,1964.5,0.0,127.8,149.44114125166772,87.52995138888889,1983.3998315686322,834.8564027777777,0.0,10.5595,116.81314031344478,14.521798611111112
2026-03-11 18:22:00,2392.2,154.8,2039.3,0.0,119.4,145.64283876764793,87.52995138888889,2037.2802701652301,834.8564027777777,0.0,10.5595,124.37595991165692,14.521798611111112
2026-03-11 18:23:00,2328.4,149.6,1980.5,0.0,121.4,149.24919119479594,87.52995138888889,1982.5036874506786,834.8564027777777,0.0,10.5595,120.68087275190693,14.521798611111112
2026-03-11 18:24:00,2279.6,146.8,2045.7,0.0,0.0,148.53197134317924,87.52995138888889,2006.9983080950856,834.8564027777777,0.0,10.5595,33.76008576842546,14.521798611111112
2026-03-11 18:25:00,2333.6,153.2,1988.3,0.0,115.9,149.31485760915504,87.52995138888889,1984.9796546956306,834.8564027777777,0.0,10.5595,119.87771113146118,14.521798611111112
2026-03-11 18:26:00,2320.4,144.3,1972.3,0.0,120.2,148.27550624397395,87.52995138888889,1985.0925685589505,834.8564027777777,0.0,10.5595,111.03626974506977,14.521798611111112
2026-03-11 18:27:00,2319.9,151.6,1962.4,0.0,120.8,147.98445356843877,87.52995138888889,1984.451634681716,834.8564027777777,0.0,10.5595,111.54988175343176,14.521798611111112
2026-03-11 18:28:00,2269.5,148.7,2033.3,0.0,0.0,151.19655755071958,87.52995138888889,2024.9565769352612,834.8564027777777,0.0,10.5595,4.245254995004996,14.521798611111112
2026-03-11 18:29:00,2195.1,150.5,1960.6,0.0,0.0,129.98792875457877,87.52995138888889,1966.6594777777784,834.8564027777777,0.0,10.5595,7.830019924519925,14.521798611111112
2026-03-11 18:30:00,2198.5,159.0,1967.4,0.0,0.0,125.52065262542467,87.52995138888889,1972.6687032199372,834.8564027777777,0.0,10.5595,5.642533732280792,14.521798611111112
2026-03-11 18:31:00,2352.9,143.1,2012.7,0.0,126.0,149.7346160770059,87.52995138888889,2002.6298440962476,834.8564027777777,0.0,10.5595,120.80593251579577,14.521798611111112
2026-03-11 18:32:00,2228.7,151.6,1997.5,0.0,0.0,128.7330299686811,87.52995138888889,1999.925481172205,834.8564027777777,0.0,10.5595,11.093561183261187,14.521798611111112
2026-03-11 18:33:00,2350.1,156.0,2003.5,0.0,119.9,149.69611422635114,87.52995138888889,1998.475772157455,834.8564027777777,0.0,10.5595,120.58743258794583,14.521798611111112
2026-03-11 18:34:00,2257.9,154.4,2019.9,0.0,0.0,144.77659350143327,87.52995138888889,2029.5747829053296,834.8564027777777,0.0,10.5595,3.219674266474266,14.521798611111112
2026-03-11 18:35:00,2232.7,0.0,2032.8,0.0,125.7,120.64343642242407,87.52995138888889,2003.6944156823017,834.8564027777777,0.0,10.5595,13.846482141932144,14.521798611111112
2026-03-11 18:36:00,2059.5,0.0,1974.6,0.0,0.0,0.0,87.52995138888889,1981.0314942730467,834.8564027777777,0.0,10.5595,0.0,14.521798611111112
2026-03-11 18:37:00,2049.0,0.0,1956.9,0.0,0.0,0.0,87.52995138888889,1970.6609049493536,834.8564027777777,0.0,10.5595,0.0,14.521798611111112
2026-03-11 18:38:00,2162.9,0.0,1959.3,0.0,132.0,54.27161999694207,87.52995138888889,1976.4758347058175,834.8564027777777,0.0,10.5595,110.26610130571471,14.521798611111112
2026-03-11 18:39:00,2227.0,0.0,2021.7,0.0,118.8,29.772150557503494,87.52995138888889,2008.333627489105,834.8564027777777,0.0,10.5595,95.70161185992653,14.521798611111112
2026-03-11 18:40:00,2167.3,0.0,1971.9,0.0,118.3,35.49885366975073,87.52995138888889,1978.5113852464,834.8564027777777,0.0,10.5595,110.07097224033564,14.521798611111112
2026-03-11 18:41:00,2158.6,0.0,1971.4,0.0,116.3,19.87019980230181,87.52995138888889,1978.1676482069674,834.8564027777777,0.0,10.5595,101.29867413424779,14.521798611111112
2026-03-11 18:42:00,2204.7,0.0,1999.5,0.0,126.9,21.70773082599662,87.52995138888889,2001.0077831668682,834.8564027777777,0.0,10.5595,85.52761934623108,14.521798611111112
2026-03-11 18:43:00,2203.2,0.0,1994.4,0.0,123.4,25.890558654649446,87.52995138888889,2000.1594508229036,834.8564027777777,0.0,10.5595,83.4867215662333,14.521798611111112
2026-03-11 18:44:00,2162.5,0.0,1956.2,0.0,128.2,21.056856185375228,87.52995138888889,1975.4637710530199,834.8564027777777,0.0,10.5595,76.84864478495359,14.521798611111112
2026-03-11 18:45:00,2100.0,0.0,2012.6,0.0,0.0,0.0,87.52995138888889,2017.0470925529814,834.8564027777777,0.0,10.5595,0.0,14.521798611111112
2026-03-11 18:46:00,2185.4,0.0,2004.5,0.0,105.3,14.718973377548378,87.52995138888889,1984.4274278984922,834.8564027777777,0.0,10.5595,95.71257214611443,14.521798611111112
2026-03-11 18:47:00,2193.7,0.0,1988.2,0.0,120.1,12.888620996595996,87.52995138888889,1991.9792060784068,834.8564027777777,0.0,10.5595,100.15729365701095,14.521798611111112
2026-03-11 18:48:00,2229.4,0.0,2028.9,0.0,120.7,38.51031001079531,87.52995138888889,2020.0211832592788,834.8564027777777,0.0,10.5595,97.21321491033619,14.521798611111112
2026-03-11 18:49:00,2258.0,0.0,2065.9,0.0,113.7,104.98120333545884,87.52995138888889,2034.979508528368,834.8564027777777,0.0,10.5595,67.01662369751853,14.521798611111112
2026-03-11 18:50:00,2228.2,0.0,2028.7,0.0,120.7,31.408110039089454,87.52995138888889,2021.4558153292235,834.8564027777777,0.0,10.5595,101.01740021484646,14.521798611111112
2026-03-11 18:51:00,2194.4,0.0,1994.5,0.0,120.6,16.22067371468401,87.52995138888889,1988.7524259770817,834.8564027777777,0.0,10.5595,107.99386446102918,14.521798611111112
2026-03-11 18:52:00,2200.9,0.0,1988.0,0.0,122.2,32.73431064866506,87.52995138888889,1984.6104128556717,834.8564027777777,0.0,10.5595,70.54475841229066,14.521798611111112
2026-03-11 18:53:00,2218.6,0.0,2013.6,0.0,119.9,39.405114219168624,87.52995138888889,2002.4812720766158,834.8564027777777,0.0,10.5595,66.59563181598246,14.521798611111112
2026-03-11 18:54:00,2064.7,0.0,1982.8,0.0,0.0,0.0,87.52995138888889,1985.0887437520544,834.8564027777777,0.0,10.5595,0.0,14.521798611111112
2026-03-11 18:55:00,2043.3,0.0,1978.8,0.0,0.0,0.0,87.52995138888889,1965.3768897750394,834.8564027777777,0.0,10.5595,0.0,14.521798611111112
2026-03-11 18:56:00,2191.9,0.0,1995.0,0.0,120.4,22.523777981223567,87.52995138888889,1985.9242107542318,834.8564027777777,0.0,10.5595,113.42190670572691,14.521798611111112
2026-03-11 18:57:00,2194.4,0.0,1983.3,0.0,128.5,24.59684954985102,87.52995138888889,1988.5628565556538,834.8564027777777,0.0,10.5595,115.26575131030532,14.521798611111112
2026-03-11 18:58:00,2226.4,0.0,2027.4,0.0,121.8,40.136240905935026,87.52995138888889,2011.1283436384422,834.8564027777777,0.0,10.5595,103.61120546160349,14.521798611111112
2026-03-11 18:59:00,2096.4,0.0,2020.3,0.0,0.0,0.0,87.52995138888889,2016.3691733094254,834.8564027777777,0.0,10.5595,0.0,14.521798611111112
2026-03-11 19:00:00,2244.9,147.6,2016.0,0.0,0.0,85.3529010153761,87.52995138888889,2029.3549226633747,834.8564027777777,0.0,10.5595,76.39395230817229,14.521798611111112
2026-03-11 19:01:00,2322.1,146.0,1972.7,0.0,124.7,149.59492693678865,87.52995138888889,1976.4192978105236,834.8564027777777,0.0,10.5595,119.29008732926003,14.521798611111112
2026-03-11 19:02:00,2240.6,160.4,1999.4,0.0,0.0,97.20029790933467,87.52995138888889,2020.4422335565316,834.8564027777777,0.0,10.5595,62.7544292626849,14.521798611111112
2026-03-11 19:03:00,2262.7,146.0,2028.9,0.0,0.0,134.50327349230005,87.52995138888889,2033.294934232543,834.8564027777777,0.0,10.5595,52.77394074313201,14.521798611111112
2026-03-11 19:04:00,2364.8,145.0,2034.6,0.0,114.4,150.5020166664003,87.52995138888889,2014.2117538327145,834.8564027777777,0.0,10.5595,120.80882927140799,14.521798611111112
2026-03-11 19:05:00,2300.1,152.0,1943.3,0.0,115.7,149.1420963433625,87.52995138888889,1974.3868831770087,834.8564027777777,0.0,10.5595,96.01509628952917,14.521798611111112
2026-03-11 19:06:00,2268.1,153.0,2040.6,0.0,0.0,144.03943403083278,87.52995138888889,2028.918175673619,834.8564027777777,0.0,10.5595,23.582772730972724,14.521798611111112
2026-03-11 19:07:00,2199.9,151.9,1960.4,0.0,0.0,105.02179701872201,87.52995138888889,1984.57806333699,834.8564027777777,0.0,10.5595,45.60366321500139,14.521798611111112
2026-03-11 19:08:00,2360.0,145.0,2009.9,0.0,124.5,150.56706399181317,87.52995138888889,2011.5428688135949,834.8564027777777,0.0,10.5595,120.25882507628536,14.521798611111112
2026-03-11 19:09:00,2220.4,150.5,1997.0,0.0,0.0,119.49467089723143,87.52995138888889,2006.9563401534122,834.8564027777777,0.0,10.5595,36.14911049043551,14.521798611111112
2026-03-11 19:10:00,2213.9,154.2,1981.8,0.0,0.0,99.53083334343388,87.52995138888889,2000.0906614488285,834.8564027777777,0.0,10.5595,24.83658651835494,14.521798611111112
2026-03-11 19:11:00,2210.3,146.4,1989.7,0.0,0.0,100.24630028313906,87.52995138888889,1998.6582392283653,834.8564027777777,0.0,10.5595,26.996367165485587,14.521798611111112
2026-03-11 19:12:00,2397.3,158.0,2029.6,0.0,118.6,153.18251639810708,87.52995138888889,2046.536955849651,834.8564027777777,0.0,10.5595,120.27999761406173,14.521798611111112
2026-03-11 19:13:00,2365.5,147.4,2011.0,0.0,120.8,151.4136849368124,87.52995138888889,2014.7753915598018,834.8564027777777,0.0,10.5595,120.78179206466048,14.521798611111112
2026-03-11 19:14:00,2239.3,152.4,2014.9,0.0,0.0,140.37809358844913,87.52995138888889,2014.095838378615,834.8564027777777,0.0,10.5595,17.8276441003441,14.521798611111112
2026-03-11 19:15:00,2228.5,151.0,1999.4,0.0,0.0,136.18539606614576,87.52995138888889,1999.9982244242137,834.8564027777777,0.0,10.5595,20.75180891700892,14.521798611111112
2026-03-11 19:16:00,2401.4,148.4,2049.3,0.0,121.3,153.88874546739814,87.52995138888889,2048.1848888053437,834.8564027777777,0.0,10.5595,119.2685520285271,14.521798611111112
2026-03-11 19:17:00,2330.4,155.2,1969.4,0.0,120.1,149.24116507076798,87.52995138888889,1980.2480110788163,834.8564027777777,0.0,10.5595,120.00773071394258,14.521798611111112
2026-03-11 19:18:00,2352.5,143.0,2002.3,0.0,122.2,149.08755275737332,87.52995138888889,2004.1808241795648,834.8564027777777,0.0,10.5595,119.97022664334007,14.521798611111112
2026-03-11 19:19:00,2247.5,149.7,2014.7,0.0,0.0,132.5372761305087,87.52995138888889,2023.4813917092172,834.8564027777777,0.0,10.5595,9.528329348320524,14.521798611111112
2026-03-11 19:20:00,2227.7,144.0,2013.3,0.0,0.0,135.26025776409696,87.52995138888889,2002.4044789497011,834.8564027777777,0.0,10.5595,15.258468590559769,14.521798611111112
2026-03-11 19:21:00,2211.9,152.2,1979.5,0.0,0.0,140.03423184861796,87.52995138888889,1987.5640304653405,834.8564027777777,0.0,10.5595,12.177451829543003,14.521798611111112
2026-03-11 19:22:00,2261.7,140.9,2040.9,0.0,0.0,146.6294615988243,87.52995138888889,2034.8346697382062,834.8564027777777,0.0,10.5595,1.3678795075295076,14.521798611111112
2026-03-11 19:23:00,2247.8,153.3,2005.4,0.0,0.0,141.83185762820773,87.52995138888889,2025.3828925140358,834.8564027777777,0.0,10.5595,3.7669544973544977,14.521798611111112
2026-03-11 19:24:00,2199.3,146.9,1973.2,0.0,0.0,147.6158078181622,87.52995138888889,1974.3982054083433,834.8564027777777,0.0,10.5595,2.146975228475229,14.521798611111112
2026-03-11 19:25:00,2263.0,154.6,2027.2,0.0,0.0,144.86924375283584,87.52995138888889,2030.2586537109582,834.8564027777777,0.0,10.5595,4.5203436507936505,14.521798611111112
2026-03-11 19:26:00,2366.7,148.1,2028.5,0.0,115.2,149.79946518519034,87.52995138888889,2021.7446880026348,834.8564027777777,0.0,10.5595,119.78443680834421,14.521798611111112
2026-03-11 19:27:00,2298.1,157.9,2062.7,0.0,0.0,151.10444147176364,87.52995138888889,1956.866902167821,834.8564027777777,0.0,10.5595,107.25986087432234,14.521798611111112
2026-03-11 19:28:00,2328.1,148.9,1984.2,0.0,127.8,151.45687606211877,87.52995138888889,1975.8217416544705,834.8564027777777,0.0,10.5595,120.52376901782426,14.521798611111112
2026-03-11 19:29:00,2194.6,148.3,1967.5,0.0,0.0,142.98317799923385,87.52995138888889,1967.289146370786,834.8564027777777,0.0,10.5595,4.791321169679994,14.521798611111112
2026-03-11 19:30:00,2366.7,147.1,2027.7,0.0,116.7,152.00311982108306,87.52995138888889,2013.3503995066478,834.8564027777777,0.0,10.5595,119.91894917076388,14.521798611111112
2026-03-11 19:31:00,2386.2,147.9,2033.6,0.0,127.8,152.81797450994134,87.52995138888889,2034.2963373528805,834.8564027777777,0.0,10.5595,120.59726780441788,14.521798611111112
2026-03-11 19:32:00,2396.6,142.7,2043.9,0.0,120.3,152.11237551679767,87.52995138888889,2048.4396936316957,834.8564027777777,0.0,10.5595,119.1803203874013,14.521798611111112
2026-03-11 19:33:00,2188.9,150.8,1960.4,0.0,0.0,138.8590952195608,87.52995138888889,1965.7042609570715,834.8564027777777,0.0,10.5595,10.009160496801671,14.521798611111112
2026-03-11 19:34:00,2188.2,141.2,1965.2,0.0,0.0,138.39496478033766,87.52995138888889,1968.403017130201,834.8564027777777,0.0,10.5595,8.521633486883486,14.521798611111112
2026-03-11 19:35:00,2215.3,0.0,2009.5,0.0,124.7,128.1568237383531,87.52995138888889,1991.8973591869428,834.8564027777777,0.0,10.5595,4.625064141414141,14.521798611111112
2026-03-11 19:36:00,2191.7,0.0,2003.3,0.0,113.4,120.99131350631646,87.52995138888889,1969.7407274439613,834.8564027777777,0.0,10.5595,11.703285340476514,14.521798611111112
2026-03-11 19:37:00,2063.1,0.0,1981.7,0.0,0.0,0.0,87.52995138888889,1982.5034140341143,834.8564027777777,0.0,10.5595,0.0,14.521798611111112
2026-03-11 19:38:00,2181.8,0.0,1983.1,0.0,119.4,8.572518388637505,87.52995138888889,1977.0852883667997,834.8564027777777,0.0,10.5595,96.53062419813305,14.521798611111112
2026-03-11 19:39:00,2048.5,0.0,1965.3,0.0,0.0,0.0,87.52995138888889,1970.84740832909,834.8564027777777,0.0,10.5595,0.0,14.521798611111112
2026-03-11 19:40:00,2220.5,0.0,2023.8,0.0,114.8,16.368774977653917,87.52995138888889,2012.7584965337778,834.8564027777777,0.0,10.5595,100.72804356465979,14.521798611111112
2026-03-11 19:41:00,2240.1,0.0,2026.1,0.0,130.1,24.467463831538833,87.52995138888889,2026.481097031617,834.8564027777777,0.0,10.5595,94.93868016079786,14.521798611111112
2026-03-11 19:42:00,2053.7,0.0,1982.5,0.0,0.0,0.0,87.52995138888889,1976.0864147954442,834.8564027777777,0.0,10.5595,0.0,14.521798611111112
2026-03-11 19:43:00,2068.0,0.0,1982.6,0.0,0.0,0.0,87.52995138888889,1989.3304422548956,834.8564027777777,0.0,10.5595,0.0,14.521798611111112
2026-03-11 19:44:00,2146.1,0.0,2066.8,0.0,0.0,5.22971199105905,87.52995138888889,1966.414430266775,834.8564027777777,0.0,10.5595,88.73421432248524,14.521798611111112
2026-03-11 19:45:00,2040.3,0.0,1963.7,0.0,0.0,0.0,87.52995138888889,1962.4197268208911,834.8564027777777,0.0,10.5595,0.0,14.521798611111112
2026-03-11 19:46:00,2034.0,0.0,1952.7,0.0,0.0,0.0,87.52995138888889,1953.5325218590492,834.8564027777777,0.0,10.5595,0.0,14.521798611111112
2026-03-11 19:47:00,2067.2,0.0,1990.8,0.0,0.0,0.0,87.52995138888889,1987.7673954482168,834.8564027777777,0.0,10.5595,0.0,14.521798611111112
2026-03-11 19:48:00,2048.5,0.0,1967.9,0.0,0.0,0.0,87.52995138888889,1969.9172902908956,834.8564027777777,0.0,10.5595,0.0,14.521798611111112
2026-03-11 19:49:00,2094.8,0.0,2017.4,0.0,0.0,0.0,87.52995138888889,2014.5408125282122,834.8564027777777,0.0,10.5595,0.0,14.521798611111112
2026-03-11 19:50:00,2162.6,0.0,1968.8,0.0,111.0,14.373038307444194,87.52995138888889,1976.054206716269,834.8564027777777,0.0,10.5595,105.95749941708617,14.521798611111112
2026-03-11 19:51:00,2067.1,0.0,1993.9,0.0,0.0,0.0,87.52995138888889,1987.4476572911667,834.8564027777777,0.0,10.5595,0.0,14.521798611111112
2026-03-11 19:52:00,2160.1,0.0,1961.4,0.0,124.3,18.529028022522144,87.52995138888889,1978.0045827430192,834.8564027777777,0.0,10.5595,108.75490017205013,14.521798611111112
2026-03-11 19:53:00,2067.0,0.0,1974.4,0.0,0.0,0.0,87.52995138888889,1987.4369449357828,834.8564027777777,0.0,10.5595,0.0,14.521798611111112
2026-03-11 19:54:00,2169.0,0.0,1969.5,0.0,115.1,23.125968332212437,87.52995138888889,1979.993985414912,834.8564027777777,0.0,10.5595,113.72012927666013,14.521798611111112
2026-03-11 19:55:00,2233.8,0.0,2034.2,0.0,113.9,12.242198377548378,87.52995138888889,2016.345540485515,834.8564027777777,0.0,10.5595,116.57819297963533,14.521798611111112
2026-03-11 19:56:00,2187.6,0.0,1984.0,0.0,125.7,4.907996200096201,87.52995138888889,1991.6712399727714,834.8564027777777,0.0,10.5595,117.91864728566642,14.521798611111112
2026-03-11 19:57:00,2187.0,0.0,1986.2,0.0,123.4,5.625662866762866,87.52995138888889,1989.7619127657194,834.8564027777777,0.0,10.5595,116.77566516854604,14.521798611111112
2026-03-11 19:58:00,2185.1,0.0,1999.0,0.0,115.3,7.976974314574314,87.52995138888889,1984.9460888489502,834.8564027777777,0.0,10.5595,117.26052786880874,14.521798611111112
2026-03-11 19:59:00,2214.5,0.0,2016.6,0.0,125.6,11.401676863876869,87.52995138888889,2007.2787367658682,834.8564027777777,0.0,10.5595,115.21456545095485,14.521798611111112
2026-03-11 20:00:00,2169.7,141.3,1953.6,0.0,0.0,13.072038624338624,87.52995138888889,1970.8837374066566,834.8564027777777,0.0,10.5595,94.19453015546542,14.521798611111112
2026-03-11 20:01:00,2228.2,153.1,1991.2,0.0,0.0,16.98773255263256,87.52995138888889,2015.9569024033906,834.8564027777777,0.0,10.5595,108.04528139545637,14.521798611111112
2026-03-11 20:02:00,2369.5,158.4,2013.6,0.0,117.2,151.26625821484157,87.52995138888889,2012.9077639479783,834.8564027777777,0.0,10.5595,121.21903227246607,14.521798611111112
2026-03-11 20:03:00,2393.5,144.9,2038.6,0.0,123.7,152.69444971733338,87.52995138888889,2037.6227897938786,834.8564027777777,0.0,10.5595,121.46448641032163,14.521798611111112
2026-03-11 20:04:00,2210.5,146.8,1974.5,0.0,0.0,104.3814268401533,87.52995138888889,1997.0522381760402,834.8564027777777,0.0,10.5595,61.311721496586216,14.521798611111112
2026-03-11 20:05:00,2242.3,156.4,2005.7,0.0,0.0,87.79882360609807,87.52995138888889,2025.8616957320983,834.8564027777777,0.0,10.5595,59.66741111121992,14.521798611111112
2026-03-11 20:06:00,2216.0,143.7,2004.8,0.0,0.0,112.60220233003147,87.52995138888889,2001.6152878581147,834.8564027777777,0.0,10.5595,28.2292676143029,14.521798611111112
2026-03-11 20:07:00,2206.5,144.9,1979.3,0.0,0.0,106.54273197261112,87.52995138888889,1992.0374853316644,834.8564027777777,0.0,10.5595,33.63377357870886,14.521798611111112
2026-03-11 20:08:00,2378.9,152.3,2014.9,0.0,118.9,152.36078909974896,87.52995138888889,2026.186507875085,834.8564027777777,0.0,10.5595,121.5345427060412,14.521798611111112
2026-03-11 20:09:00,2333.0,150.0,1976.1,0.0,122.1,149.77944944744797,87.52995138888889,1986.4711127170215,834.8564027777777,0.0,10.5595,119.46426130644953,14.521798611111112
2026-03-11 20:10:00,2359.9,153.1,1995.1,0.0,130.2,151.8380109006118,87.52995138888889,2011.592862366405,834.8564027777777,0.0,10.5595,119.92531430430313,14.521798611111112
2026-03-11 20:11:00,2212.6,142.8,1997.9,0.0,0.0,115.50501930754426,87.52995138888889,1995.7308305265522,834.8564027777777,0.0,10.5595,24.316677130712417,14.521798611111112
2026-03-11 20:12:00,2386.0,153.7,2026.7,0.0,124.2,151.0430155740315,87.52995138888889,2033.8112242671004,834.8564027777777,0.0,10.5595,120.52495535608188,14.521798611111112
2026-03-11 20:13:00,2289.8,146.5,1953.1,0.0,124.5,148.40790809294197,87.52995138888889,1980.4461721808684,834.8564027777777,0.0,10.5595,87.61314226001323,14.521798611111112
2026-03-11 20:14:00,2231.2,155.5,1996.9,0.0,0.0,140.48116373731756,87.52995138888889,2008.403217285491,834.8564027777777,0.0,10.5595,3.2684951418951416,14.521798611111112
2026-03-11 20:15:00,2378.1,153.9,2030.0,0.0,119.1,149.63805599063537,87.52995138888889,2026.70512628539,834.8564027777777,0.0,10.5595,119.65127651078139,14.521798611111112
2026-03-11 20:16:00,2354.1,147.3,1993.7,0.0,128.7,148.80814242908514,87.52995138888889,2004.4230836385143,834.8564027777777,0.0,10.5595,119.41591110048081,14.521798611111112
2026-03-11 20:17:00,2402.5,155.4,2040.8,0.0,122.8,150.13125966836458,87.52995138888889,2048.958029143569,834.8564027777777,0.0,10.5595,118.56247310864518,14.521798611111112
2026-03-11 20:18:00,2362.7,148.8,2010.0,0.0,119.0,149.91113542465163,87.52995138888889,2012.8557836071336,834.8564027777777,0.0,10.5595,119.27003131969512,14.521798611111112
2026-03-11 20:19:00,2295.9,144.9,1971.6,0.0,112.0,150.07366922913693,87.52995138888889,1959.884576210337,834.8564027777777,0.0,10.5595,96.4525695139513,14.521798611111112
2026-03-11 20:20:00,2215.9,147.8,1978.6,0.0,0.0,145.4690755091858,87.52995138888889,1991.0626302092762,834.8564027777777,0.0,10.5595,2.1036170741023685,14.521798611111112
2026-03-11 20:21:00,2362.2,143.1,2012.4,0.0,123.1,149.87783099176366,87.52995138888889,2011.9597417002385,834.8564027777777,0.0,10.5595,119.778837333255,14.521798611111112
2026-03-11 20:22:00,2327.8,148.7,1983.2,0.0,117.3,148.32040881067675,87.52995138888889,1977.396101729191,834.8564027777777,0.0,10.5595,119.90102734117735,14.521798611111112
2026-03-11 20:23:00,2328.4,145.1,1979.1,0.0,121.9,148.66024414147938,87.52995138888889,1976.553339337879,834.8564027777777,0.0,10.5595,120.25482597499968,14.521798611111112
2026-03-11 20:24:00,2348.3,155.7,1984.9,0.0,128.5,148.52440040466067,87.52995138888889,2001.1175785658795,834.8564027777777,0.0,10.5595,119.3273473788738,14.521798611111112
2026-03-11 20:25:00,2235.5,144.7,2006.8,0.0,0.0,144.8437818373462,87.52995138888889,2008.0844768286745,834.8564027777777,0.0,10.5595,5.780474314574315,14.521798611111112
2026-03-11 20:26:00,2383.9,156.1,2029.4,0.0,118.0,151.24168788475887,87.52995138888889,2032.1425683721961,834.8564027777777,0.0,10.5595,120.19316557652584,14.521798611111112
2026-03-11 20:27:00,2218.5,153.6,1976.1,0.0,0.0,146.73996102644634,87.52995138888889,1988.5126609377694,834.8564027777777,0.0,10.5595,6.244053968253969,14.521798611111112
2026-03-11 20:28:00,2308.0,141.7,1962.4,0.0,118.5,150.0779619815913,87.52995138888889,1958.6723024901946,834.8564027777777,0.0,10.5595,116.99176788863302,14.521798611111112
2026-03-11 20:29:00,2366.4,149.2,2017.5,0.0,120.6,150.78936496459625,87.52995138888889,2017.3191526276664,834.8564027777777,0.0,10.5595,120.69524843636749,14.521798611111112
2026-03-11 20:30:00,2365.3,148.6,2008.7,0.0,121.6,150.2279497039968,87.52995138888889,2018.3821903690102,834.8564027777777,0.0,10.5595,120.32013573357327,14.521798611111112
2026-03-11 20:31:00,2337.5,146.9,2002.8,0.0,122.6,149.46734804182745,87.52995138888889,1984.1134011698537,834.8564027777777,0.0,10.5595,118.44471692386558,14.521798611111112
2026-03-11 20:32:00,2173.7,149.0,1942.1,0.0,0.0,114.77845650139338,87.52995138888889,1952.3649972469807,834.8564027777777,0.0,10.5595,36.72032068416333,14.521798611111112
2026-03-11 20:33:00,2266.9,160.0,2027.1,0.0,0.0,150.09937579833016,87.52995138888889,2028.5167839228855,834.8564027777777,0.0,10.5595,5.060215440115441,14.521798611111112
2026-03-11 20:34:00,2317.0,149.1,1971.7,0.0,111.2,148.43266375836637,87.52995138888889,1975.276566986592,834.8564027777777,0.0,10.5595,118.63415692274417,14.521798611111112
2026-03-11 20:35:00,2079.1,0.0,2008.5,0.0,0.0,7.087428292078292,87.52995138888889,1998.5928992581485,834.8564027777777,0.0,10.5595,0.08511111111111112,14.521798611111112
2026-03-11 20:36:00,2095.2,0.0,2020.8,0.0,0.0,0.0,87.52995138888889,2012.5587042799798,834.8564027777777,0.0,10.5595,0.0,14.521798611111112
2026-03-11 20:37:00,2151.9,0.0,1956.6,0.0,118.3,21.82782105302105,87.52995138888889,1963.7598366379725,834.8564027777777,0.0,10.5595,87.03968604990361,14.521798611111112
2026-03-11 20:38:00,2193.5,0.0,1993.8,0.0,118.7,10.971600728519846,87.52995138888889,1991.5187838706472,834.8564027777777,0.0,10.5595,107.25815838124159,14.521798611111112
2026-03-11 20:39:00,2193.1,0.0,1999.0,0.0,111.2,7.731638145188144,87.52995138888889,1989.819792398285,834.8564027777777,0.0,10.5595,102.86262005094444,14.521798611111112
2026-03-11 20:40:00,2216.1,0.0,2020.1,0.0,121.8,9.535039574314576,87.52995138888889,2009.469240060333,834.8564027777777,0.0,10.5595,100.4816588984001,14.521798611111112
2026-03-11 20:41:00,2243.1,0.0,2042.7,0.0,120.6,43.660125249260524,87.52995138888889,2026.2837992993932,834.8564027777777,0.0,10.5595,83.1880469683854,14.521798611111112
2026-03-11 20:42:00,2233.8,0.0,2031.2,0.0,116.7,34.4564388074888,87.52995138888889,2018.3649404109528,834.8564027777777,0.0,10.5595,88.13302753781598,14.521798611111112
2026-03-11 20:43:00,2245.0,0.0,2052.0,0.0,116.0,62.136104704357095,87.52995138888889,2027.3554786441048,834.8564027777777,0.0,10.5595,77.42253877021099,14.521798611111112
2026-03-11 20:44:00,2141.6,0.0,1940.9,0.0,119.8,1.2149345376845375,87.52995138888889,1973.481837793143,834.8564027777777,0.0,10.5595,60.95199883599375,14.521798611111112
2026-03-11 20:45:00,2146.7,0.0,2069.4,0.0,0.0,1.9969911526382118,87.52995138888889,1956.756933432907,834.8564027777777,0.0,10.5595,89.8393746965338,14.521798611111112
2026-03-11 20:46:00,2059.4,0.0,1980.7,0.0,0.0,0.0,87.52995138888889,1978.5850669079366,834.8564027777777,0.0,10.5595,0.0,14.521798611111112
2026-03-11 20:47:00,2073.5,0.0,1995.8,0.0,0.0,0.0,87.52995138888889,1995.8021332862295,834.8564027777777,0.0,10.5595,0.0,14.521798611111112
2026-03-11 20:48:00,2176.0,0.0,1977.1,0.0,115.3,15.73918156843157,87.52995138888889,1973.248812322066,834.8564027777777,0.0,10.5595,93.86397542965464,14.521798611111112
2026-03-11 20:49:00,2235.0,0.0,2030.0,0.0,119.7,18.479250059200062,87.52995138888889,2027.6447561724328,834.8564027777777,0.0,10.5595,110.07296363451363,14.521798611111112
2026-03-11 20:50:00,2231.6,0.0,2032.4,0.0,122.4,31.986666920661033,87.52995138888889,2018.215145025505,834.8564027777777,0.0,10.5595,100.66086696503818,14.521798611111112
2026-03-11 20:51:00,2188.1,0.0,1986.6,0.0,121.5,17.333110374810374,87.52995138888889,1981.318010455099,834.8564027777777,0.0,10.5595,104.78672628607778,14.521798611111112
2026-03-11 20:52:00,2089.2,0.0,2007.0,0.0,0.0,0.0,87.52995138888889,2010.0015636761552,834.8564027777777,0.0,10.5595,0.0,14.521798611111112
2026-03-11 20:53:00,2197.4,0.0,2002.5,0.0,118.1,6.486315913715913,87.52995138888889,1991.0743379389626,834.8564027777777,0.0,10.5595,112.416119510025,14.521798611111112
2026-03-11 20:54:00,2205.2,0.0,2004.4,0.0,119.5,6.799320044770044,87.52995138888889,2003.1835165290593,834.8564027777777,0.0,10.5595,111.4135061279278,14.521798611111112
2026-03-11 20:55:00,2074.8,0.0,1999.5,0.0,0.0,0.0,87.52995138888889,1996.0517179408284,834.8564027777777,0.0,10.5595,0.0,14.521798611111112
2026-03-11 20:56:00,2087.9,0.0,2008.7,0.0,0.0,0.0,87.52995138888889,2007.1451896629362,834.8564027777777,0.0,10.5595,0.0,14.521798611111112
2026-03-11 20:57:00,2210.5,0.0,2004.2,0.0,129.0,0.973,87.52995138888889,2007.1623455012334,834.8564027777777,0.0,10.5595,119.27901348439144,14.521798611111112
2026-03-11 20:58:00,2097.0,0.0,2026.9,0.0,0.0,0.0,87.52995138888889,2016.9774042941424,834.8564027777777,0.0,10.5595,0.0,14.521798611111112
2026-03-11 20:59:00,2079.7,0.0,2007.6,0.0,0.0,0.0,87.52995138888889,2000.6798965003939,834.8564027777777,0.0,10.5595,0.0,14.521798611111112
2026-03-11 21:00:00,2174.8,151.3,1944.5,0.0,0.0,8.217451082251081,87.52995138888889,1973.5268980641015,834.8564027777777,0.0,10.5595,116.42592545330486,14.521798611111112
2026-03-11 21:01:00,2351.1,161.4,1992.8,0.0,111.7,148.1538725085544,87.52995138888889,2000.6007697428934,834.8564027777777,0.0,10.5595,119.79161413659436,14.521798611111112
2026-03-11 21:02:00,2211.0,148.7,1974.9,0.0,0.0,72.73155099785835,87.52995138888889,2001.573587063376,834.8564027777777,0.0,10.5595,83.98007189349464,14.521798611111112
2026-03-11 21:03:00,2346.9,152.5,2001.2,0.0,119.6,150.2516810327099,87.52995138888889,1997.878506457142,834.8564027777777,0.0,10.5595,120.6213210486651,14.521798611111112
2026-03-11 21:04:00,2321.3,152.2,1973.2,0.0,118.4,150.24116720131718,87.52995138888889,1976.1246707802802,834.8564027777777,0.0,10.5595,116.56817774173427,14.521798611111112
2026-03-11 21:05:00,2357.7,148.6,2013.0,0.0,119.3,150.33034417907797,87.52995138888889,2007.4087714290076,834.8564027777777,0.0,10.5595,118.99635023480417,14.521798611111112
2026-03-11 21:06:00,2325.0,142.3,1999.7,0.0,110.1,150.39744101307187,87.52995138888889,1974.8560621294264,834.8564027777777,0.0,10.5595,119.75301053834085,14.521798611111112
2026-03-11 21:07:00,2325.6,150.1,1966.3,0.0,125.1,150.2858190156793,87.52995138888889,1974.0408903734044,834.8564027777777,0.0,10.5595,119.985322725881,14.521798611111112
2026-03-11 21:08:00,2254.1,139.7,2024.9,0.0,0.0,131.84215778295788,87.52995138888889,2027.1304197607403,834.8564027777777,0.0,10.5595,39.270675992253935,14.521798611111112
2026-03-11 21:09:00,2256.3,151.7,2027.4,0.0,0.0,131.20302469719834,87.52995138888889,2025.1734966475249,834.8564027777777,0.0,10.5595,39.76985309848105,14.521798611111112
2026-03-11 21:10:00,2260.5,142.6,2035.5,0.0,0.0,128.75089513606738,87.52995138888889,2027.5089868319442,834.8564027777777,0.0,10.5595,41.734906072631084,14.521798611111112
2026-03-11 21:11:00,2372.0,151.4,2022.5,0.0,118.7,151.56302070176696,87.52995138888889,2016.1542199753962,834.8564027777777,0.0,10.5595,121.43254238397763,14.521798611111112
2026-03-11 21:12:00,2231.7,155.1,1988.9,0.0,0.0,98.42886317386318,87.52995138888889,2013.6017991633123,834.8564027777777,0.0,10.5595,53.76527760202761,14.521798611111112
2026-03-11 21:13:00,2187.0,146.2,1972.8,0.0,0.0,127.15712388999886,87.52995138888889,1973.9088349229203,834.8564027777777,0.0,10.5595,25.290453346750716,14.521798611111112
2026-03-11 21:14:00,2316.1,152.9,1962.9,0.0,114.6,149.46566159243812,87.52995138888889,1970.763272039073,834.8564027777777,0.0,10.5595,119.35008035770848,14.521798611111112
2026-03-11 21:15:00,2209.5,155.7,1972.5,0.0,0.0,137.4786856442548,87.52995138888889,1987.8013982011164,834.8564027777777,0.0,10.5595,9.954150809619229,14.521798611111112
2026-03-11 21:16:00,2355.2,144.5,2012.6,0.0,122.4,150.3382255497771,87.52995138888889,2004.6838914185482,834.8564027777777,0.0,10.5595,120.59690316635543,14.521798611111112
2026-03-11 21:17:00,2373.9,139.4,2022.4,0.0,126.8,146.88031650810782,87.52995138888889,2022.1906929281502,834.8564027777777,0.0,10.5595,121.00694271915447,14.521798611111112
2026-03-11 21:18:00,2324.5,146.8,1980.5,0.0,117.7,147.124864116167,87.52995138888889,1979.5330862456522,834.8564027777777,0.0,10.5595,119.31982737389316,14.521798611111112
2026-03-11 21:19:00,2230.8,151.3,1999.0,0.0,0.0,143.87952118105204,87.52995138888889,2002.9915468711572,834.8564027777777,0.0,10.5595,11.535916043216043,14.521798611111112
2026-03-11 21:20:00,2364.3,144.7,2024.4,0.0,120.4,147.59542213858848,87.52995138888889,2008.140202320882,834.8564027777777,0.0,10.5595,119.92435947881954,14.521798611111112
2026-03-11 21:21:00,2301.1,149.8,1964.1,0.0,114.8,147.16314138802377,87.52995138888889,1953.2255470161651,834.8564027777777,0.0,10.5595,117.83813130193678,14.521798611111112
2026-03-11 21:22:00,2257.3,151.0,2029.8,0.0,0.0,144.71307667240168,87.52995138888889,2026.0672268987141,834.8564027777777,0.0,10.5595,10.561537777037778,14.521798611111112
2026-03-11 21:23:00,2333.1,153.5,1987.3,0.0,121.5,148.57822970240682,87.52995138888889,1986.6366303872592,834.8564027777777,0.0,10.5595,118.78774735692008,14.521798611111112
2026-03-11 21:24:00,2362.2,155.7,2018.4,0.0,116.4,148.68510016814682,87.52995138888889,2007.8030832450231,834.8564027777777,0.0,10.5595,119.09497800815738,14.521798611111112
2026-03-11 21:25:00,2327.0,151.9,1979.6,0.0,117.3,146.95590297904707,87.52995138888889,1982.6029886984857,834.8564027777777,0.0,10.5595,118.91098080564659,14.521798611111112
2026-03-11 21:26:00,2324.1,145.7,1981.4,0.0,123.2,147.26044841813953,87.52995138888889,1980.5708033442454,834.8564027777777,0.0,10.5595,119.2585968969627,14.521798611111112
2026-03-11 21:27:00,2352.2,148.4,2007.5,0.0,115.5,147.59929627202862,87.52995138888889,2003.0886314014278,834.8564027777777,0.0,10.5595,118.7010607311305,14.521798611111112
2026-03-11 21:28:00,2339.7,141.9,2003.4,0.0,119.4,147.1017752667811,87.52995138888889,1989.744822431218,834.8564027777777,0.0,10.5595,118.80110130089214,14.521798611111112
2026-03-11 21:29:00,2382.5,153.2,2023.6,0.0,121.4,147.18333133337254,87.52995138888889,2030.7518299079377,834.8564027777777,0.0,10.5595,121.06567302408915,14.521798611111112
2026-03-11 21:30:00,2390.6,160.2,2025.7,0.0,119.6,150.93021519161385,87.52995138888889,2036.9505036992969,834.8564027777777,0.0,10.5595,119.29393004979768,14.521798611111112
2026-03-11 21:31:00,2203.6,143.2,1984.2,0.0,0.0,132.73908331819257,87.52995138888889,1980.0626237807028,834.8564027777777,0.0,10.5595,15.348001574351578,14.521798611111112
2026-03-11 21:32:00,2193.4,152.5,1961.3,0.0,0.0,131.89112625500863,87.52995138888889,1969.9885059369278,834.8564027777777,0.0,10.5595,22.581071950271955,14.521798611111112
2026-03-11 21:33:00,2221.6,153.5,1997.6,0.0,0.0,115.29452432601221,87.52995138888889,1997.3873729634024,834.8564027777777,0.0,10.5595,34.06037342960903,14.521798611111112
2026-03-11 21:34:00,2404.1,164.9,2033.6,0.0,116.3,152.22929577948713,87.52995138888889,2047.5521271892594,834.8564027777777,0.0,10.5595,119.98099320601428,14.521798611111112
2026-03-11 21:35:00,2195.2,0.0,1998.3,0.0,114.3,102.69411686967715,87.52995138888889,1969.2099478026337,834.8564027777777,0.0,10.5595,51.80632417777153,14.521798611111112
2026-03-11 21:36:00,2164.0,0.0,1971.8,0.0,117.8,62.59161367918001,87.52995138888889,1954.4500727297755,834.8564027777777,0.0,10.5595,75.3040088816298,14.521798611111112
2026-03-11 21:37:00,2087.9,0.0,2011.1,0.0,0.0,0.0,87.52995138888889,2006.0698233299488,834.8564027777777,0.0,10.5595,0.08511111111111112,14.521798611111112
2026-03-11 21:38:00,2224.3,0.0,2029.1,0.0,110.7,61.31472893925247,87.52995138888889,2005.746564594827,834.8564027777777,0.0,10.5595,82.057721203633,14.521798611111112
2026-03-11 21:39:00,2079.8,0.0,2004.5,0.0,0.0,0.0,87.52995138888889,2000.0757580604568,834.8564027777777,0.0,10.5595,0.0,14.521798611111112
2026-03-11 21:40:00,2169.0,0.0,1968.1,0.0,122.0,7.893584568209568,87.52995138888889,1967.1539596174234,834.8564027777777,0.0,10.5595,107.18011098025072,14.521798611111112
2026-03-11 21:41:00,2187.8,0.0,2004.2,0.0,107.5,12.929886618936619,87.52995138888889,1976.7657815798027,834.8564027777777,0.0,10.5595,111.27322919553214,14.521798611111112
2026-03-11 21:42:00,2137.9,0.0,2061.2,0.0,0.0,1.7636719336219335,87.52995138888889,1965.5656100761444,834.8564027777777,0.0,10.5595,90.22561559562445,14.521798611111112
2026-03-11 21:43:00,2211.6,0.0,2019.3,0.0,119.8,6.488092857142856,87.52995138888889,2006.611855237477,834.8564027777777,0.0,10.5595,109.70526644189151,14.521798611111112
2026-03-11 21:44:00,2227.5,0.0,2036.4,0.0,109.0,43.495130945361836,87.52995138888889,2010.732755730326,834.8564027777777,0.0,10.5595,79.1257572832397,14.521798611111112
2026-03-11 21:45:00,2085.7,0.0,2011.4,0.0,0.0,0.0,87.52995138888889,2003.6181083196634,834.8564027777777,0.0,10.5595,0.0,14.521798611111112
2026-03-11 21:46:00,2102.7,0.0,2032.7,0.0,0.0,0.0,87.52995138888889,2020.0388093221595,834.8564027777777,0.0,10.5595,0.0,14.521798611111112
2026-03-11 21:47:00,2206.0,0.0,2001.2,0.0,121.2,17.518493064732542,87.52995138888889,2002.844027692409,834.8564027777777,0.0,10.5595,106.25048219373217,14.521798611111112
2026-03-11 21:48:00,2185.6,0.0,1984.5,0.0,118.5,23.511889120356777,87.52995138888889,1981.7641947458076,834.8564027777777,0.0,10.5595,103.16478065839384,14.521798611111112
2026-03-11 21:49:00,2288.8,0.0,2090.1,0.0,118.3,148.36031884237764,87.52995138888889,2008.3520984730349,834.8564027777777,0.0,10.5595,70.17209927975074,14.521798611111112
2026-03-11 21:50:00,2199.2,0.0,1996.5,0.0,129.1,22.531339432789437,87.52995138888889,1991.3182863845386,834.8564027777777,0.0,10.5595,98.43291011114964,14.521798611111112
2026-03-11 21:51:00,2159.2,0.0,1957.6,0.0,119.7,22.09372326377327,87.52995138888889,1960.869573475217,834.8564027777777,0.0,10.5595,92.92909707418663,14.521798611111112
2026-03-11 21:52:00,2182.1,0.0,1988.5,0.0,123.5,20.210740724526026,87.52995138888889,1975.5790048937217,834.8564027777777,0.0,10.5595,103.59376651132092,14.521798611111112
2026-03-11 21:53:00,2011.6,0.0,1938.9,0.0,0.0,0.0,87.52995138888889,1933.9546283327777,834.8564027777777,0.0,10.5595,0.0,14.521798611111112
2026-03-11 21:54:00,2172.2,0.0,1976.4,0.0,119.6,17.841679418729417,87.52995138888889,1966.2751573940354,834.8564027777777,0.0,10.5595,103.37120864712628,14.521798611111112
2026-03-11 21:55:00,2168.0,0.0,1968.6,0.0,117.9,11.721032804232806,87.52995138888889,1964.0071310809153,834.8564027777777,0.0,10.5595,102.90141670388432,14.521798611111112
2026-03-11 21:56:00,2200.1,0.0,2005.0,0.0,119.4,40.98474792429793,87.52995138888889,1988.9307188816713,834.8564027777777,0.0,10.5595,98.3324312214474,14.521798611111112
2026-03-11 21:57:00,2051.2,0.0,1975.8,0.0,0.0,0.0,87.52995138888889,1972.8991493131919,834.8564027777777,0.0,10.5595,0.0,14.521798611111112
2026-03-11 21:58:00,2182.7,0.0,1995.8,0.0,113.3,5.737502693602694,87.52995138888889,1976.9737932067935,834.8564027777777,0.0,10.5595,114.28641925209868,14.521798611111112
2026-03-11 21:59:00,2174.2,0.0,1978.9,0.0,120.1,5.168663203463203,87.52995138888889,1971.1901494719527,834.8564027777777,0.0,10.5595,118.73294998226176,14.521798611111112
2026-03-11 22:00:00,2231.8,146.6,2000.1,0.0,0.0,75.67006233951234,87.52995138888889,2017.017192845605,834.8564027777777,0.0,10.5595,76.71622198547638,14.521798611111112
2026-03-11 22:01:00,2254.6,151.3,2028.9,0.0,0.0,120.08043734250217,87.52995138888889,2027.56917548987,834.8564027777777,0.0,10.5595,49.46648894356129,14.521798611111112
2026-03-11 22:02:00,2219.0,154.1,1988.6,0.0,0.0,89.46748264252089,87.52995138888889,2009.0620819610606,834.8564027777777,0.0,10.5595,65.36161376805455,14.521798611111112
2026-03-11 22:03:00,2360.9,153.9,2019.2,0.0,109.9,150.40603583706746,87.52995138888889,2010.9922134182812,834.8564027777777,0.0,10.5595,120.28230933876065,14.521798611111112
2026-03-11 22:04:00,2311.4,155.0,1962.0,0.0,119.6,148.56842981174603,87.52995138888889,1966.5274129836944,834.8564027777777,0.0,10.5595,113.27287299204065,14.521798611111112
2026-03-11 22:05:00,2379.7,154.0,2024.8,0.0,122.0,150.56429945882581,87.52995138888889,2026.3749620955698,834.8564027777777,0.0,10.5595,120.20497384603414,14.521798611111112
2026-03-11 22:06:00,2278.6,153.0,2049.0,0.0,0.0,132.2800699005186,87.52995138888889,2027.9924103526655,834.8564027777777,0.0,10.5595,24.25779006549007,14.521798611111112
2026-03-11 22:07:00,2330.8,150.4,2112.0,0.0,0.0,149.58873177791708,87.52995138888889,1983.560152108205,834.8564027777777,0.0,10.5595,118.73548819805917,14.521798611111112
2026-03-11 22:08:00,2273.3,148.6,2045.3,0.0,0.0,132.36087901363342,87.52995138888889,2028.3805609668652,834.8564027777777,0.0,10.5595,29.874080746595453,14.521798611111112
2026-03-11 22:09:00,2377.2,147.3,2035.6,0.0,121.3,150.77756964840853,87.52995138888889,2024.5889351200394,834.8564027777777,0.0,10.5595,120.6777126287111,14.521798611111112
2026-03-11 22:10:00,2258.8,161.5,2016.8,0.0,0.0,111.94849742462844,87.52995138888889,2022.364445766989,834.8564027777777,0.0,10.5595,28.41874003959004,14.521798611111112
2026-03-11 22:11:00,2381.5,154.6,2021.6,0.0,123.9,150.22066461547848,87.52995138888889,2029.8961276701368,834.8564027777777,0.0,10.5595,120.52778571118421,14.521798611111112
2026-03-11 22:12:00,2273.3,151.5,2030.0,0.0,0.0,150.27119441936048,87.52995138888889,2025.4659385186167,834.8564027777777,0.0,10.5595,21.53513011955365,14.521798611111112
2026-03-11 22:13:00,2353.1,156.1,1985.5,0.0,128.2,148.82656840615817,87.52995138888889,2001.2781674533385,834.8564027777777,0.0,10.5595,119.60915485081081,14.521798611111112
2026-03-11 22:14:00,2388.8,152.8,2033.4,0.0,118.8,149.58790996470276,87.52995138888889,2035.3467599961589,834.8564027777777,0.0,10.5595,120.6552191770648,14.521798611111112
2026-03-11 22:15:00,2170.4,153.2,1941.1,0.0,0.0,65.91984899109035,87.52995138888889,1960.8740366763404,834.8564027777777,0.0,10.5595,46.86715805398304,14.521798611111112
2026-03-11 22:16:00,2365.8,151.4,2009.4,0.0,124.2,148.57744033569904,87.52995138888889,2017.3233499220285,834.8564027777777,0.0,10.5595,120.76649383280116,14.521798611111112
2026-03-11 22:17:00,2238.7,153.1,2004.7,0.0,0.0,134.88882635910988,87.52995138888889,2013.7182758981762,834.8564027777777,0.0,10.5595,9.220048647648648,14.521798611111112
2026-03-11 22:18:00,2324.7,151.1,1972.8,0.0,116.2,149.69700459866928,87.52995138888889,1977.0435396344394,834.8564027777777,0.0,10.5595,120.3342372785712,14.521798611111112
2026-03-11 22:19:00,2341.2,143.7,1999.0,0.0,115.7,148.83276966345196,87.52995138888889,1993.7322268508185,834.8564027777777,0.0,10.5595,119.07786816757938,14.521798611111112
2026-03-11 22:20:00,2214.9,151.5,1978.8,0.0,0.0,135.34282222533517,87.52995138888889,1993.504953809843,834.8564027777777,0.0,10.5595,10.010433307433308,14.521798611111112
2026-03-11 22:21:00,2366.7,153.3,2015.5,0.0,115.4,149.11937558497567,87.52995138888889,2017.8388114452541,834.8564027777777,0.0,10.5595,121.66196887753625,14.521798611111112
2026-03-11 22:22:00,2372.2,150.4,2034.3,0.0,114.3,148.83978685148693,87.52995138888889,2017.5250242378543,834.8564027777777,0.0,10.5595,122.85192440555089,14.521798611111112
2026-03-11 22:23:00,2153.0,149.0,1938.9,0.0,0.0,58.99365837408207,87.52995138888889,1953.6331529781223,834.8564027777777,0.0,10.5595,36.911130692601745,14.521798611111112
2026-03-11 22:24:00,2367.9,151.3,2018.2,0.0,117.9,149.23302570583294,87.52995138888889,2019.4393941906144,834.8564027777777,0.0,10.5595,121.27081424812425,14.521798611111112
2026-03-11 22:25:00,2230.7,150.0,2002.9,0.0,0.0,126.17449281279725,87.52995138888889,2007.772427065965,834.8564027777777,0.0,10.5595,8.360050681888918,14.521798611111112
2026-03-11 22:26:00,2239.3,144.6,2011.7,0.0,0.0,132.05309471160655,87.52995138888889,2013.2288555355324,834.8564027777777,0.0,10.5595,4.411159980759981,14.521798611111112
2026-03-11 22:27:00,2361.8,149.9,2011.5,0.0,114.1,149.70459497097332,87.52995138888889,2010.7598518073974,834.8564027777777,0.0,10.5595,120.78600606683472,14.521798611111112
2026-03-11 22:28:00,2320.9,146.4,1973.4,0.0,122.3,148.813990033264,87.52995138888889,1974.5338604187468,834.8564027777777,0.0,10.5595,118.36787319222744,14.521798611111112
2026-03-11 22:29:00,2219.3,143.8,1991.3,0.0,0.0,134.46299626054773,87.52995138888889,2001.7252328299703,834.8564027777777,0.0,10.5595,7.873428595043303,14.521798611111112
2026-03-11 22:30:00,2228.6,152.2,2000.9,0.0,0.0,140.33206159755278,87.52995138888889,1999.3513559310534,834.8564027777777,0.0,10.5595,5.049615626856805,14.521798611111112
2026-03-11 22:31:00,2275.1,151.5,2042.9,0.0,0.0,145.56477151356265,87.52995138888889,2027.757807285282,834.8564027777777,0.0,10.5595,38.18091593716741,14.521798611111112
2026-03-11 22:32:00,2251.7,154.4,2014.7,0.0,0.0,135.70961309332512,87.52995138888889,2024.4451908626224,834.8564027777777,0.0,10.5595,16.771703222267934,14.521798611111112
2026-03-11 22:33:00,2296.1,148.8,1937.9,0.0,125.3,150.58374939200235,87.52995138888889,1963.4082624773366,834.8564027777777,0.0,10.5595,103.4344311692493,14.521798611111112
2026-03-11 22:34:00,2230.1,152.4,1993.3,0.0,0.0,98.93710631881311,87.52995138888889,2003.249450429693,834.8564027777777,0.0,10.5595,54.74474040153747,14.521798611111112
2026-03-11 22:35:00,2114.7,0.0,2030.5,0.0,0.0,0.0,87.52995138888889,2024.9590786000092,834.8564027777777,0.0,10.5595,6.730768742368742,14.521798611111112
2026-03-11 22:36:00,2186.4,0.0,1975.2,0.0,126.1,62.15813001546957,87.52995138888889,1975.3895497489243,834.8564027777777,0.0,10.5595,93.32718136504019,14.521798611111112
2026-03-11 22:37:00,2235.7,0.0,2041.1,0.0,115.3,90.2044343167382,87.52995138888889,2008.547116528146,834.8564027777777,0.0,10.5595,85.38162658768246,14.521798611111112
2026-03-11 22:38:00,2049.6,0.0,1971.5,0.0,0.0,0.0,87.52995138888889,1970.9110980028681,834.8564027777777,0.0,10.5595,0.0,14.521798611111112
2026-03-11 22:39:00,2214.8,0.0,2012.9,0.0,123.7,58.8675309879176,87.52995138888889,2000.0890829363605,834.8564027777777,0.0,10.5595,88.45324624939329,14.521798611111112
2026-03-11 22:40:00,2089.2,0.0,2008.0,0.0,0.0,0.0,87.52995138888889,2009.1059047246335,834.8564027777777,0.0,10.5595,0.0,14.521798611111112
2026-03-11 22:41:00,2229.8,0.0,2024.1,0.0,124.7,76.84750289498083,87.52995138888889,2006.9833424465526,834.8564027777777,0.0,10.5595,94.31133883208295,14.521798611111112
2026-03-11 22:42:00,2165.7,0.0,1973.5,0.0,115.8,32.04387421364611,87.52995138888889,1960.444372774231,834.8564027777777,0.0,10.5595,76.57154743796507,14.521798611111112
2026-03-11 22:43:00,2055.3,0.0,1976.7,0.0,0.0,0.0,87.52995138888889,1977.9099860510253,834.8564027777777,0.0,10.5595,0.0,14.521798611111112
2026-03-11 22:44:00,2187.9,0.0,1987.1,0.0,116.9,68.57162211041168,87.52995138888889,1978.3098186601528,834.8564027777777,0.0,10.5595,70.53432573722571,14.521798611111112
2026-03-11 22:45:00,2256.0,0.0,2055.3,0.0,115.9,130.57078381099456,87.52995138888889,2026.31300635073,834.8564027777777,0.0,10.5595,51.83536470566471,14.521798611111112
2026-03-11 22:46:00,2197.9,0.0,1991.2,0.0,128.1,61.00367383515751,87.52995138888889,1989.7726741477215,834.8564027777777,0.0,10.5595,70.60798695841196,14.521798611111112
2026-03-11 22:47:00,2193.2,0.0,1985.9,0.0,124.1,58.295954831394376,87.52995138888889,1988.2227976498527,834.8564027777777,0.0,10.5595,72.19889129808102,14.521798611111112
2026-03-11 22:48:00,2170.2,0.0,1980.1,0.0,117.6,23.9668589798603,87.52995138888889,1966.7079671835388,834.8564027777777,0.0,10.5595,81.06421521775326,14.521798611111112
2026-03-11 22:49:00,2062.9,0.0,1977.6,0.0,0.0,0.0,87.52995138888889,1981.6793799933187,834.8564027777777,0.0,10.5595,0.0,14.521798611111112
2026-03-11 22:50:00,2098.6,0.0,2018.6,0.0,0.0,0.0,87.52995138888889,2014.5843320594956,834.8564027777777,0.0,10.5595,0.0,14.521798611111112
2026-03-11 22:51:00,2206.0,0.0,2000.5,0.0,123.2,27.49925939257395,87.52995138888889,1998.9854524326045,834.8564027777777,0.0,10.5595,102.66715359237718,14.521798611111112
2026-03-11 22:52:00,2158.1,0.0,1955.9,0.0,125.8,17.894937494809398,87.52995138888889,1964.7521837765173,834.8564027777777,0.0,10.5595,109.55522511725748,14.521798611111112
2026-03-11 22:53:00,2100.3,0.0,2015.8,0.0,0.0,0.0,87.52995138888889,2016.4124127566895,834.8564027777777,0.0,10.5595,0.0,14.521798611111112
2026-03-11 22:54:00,2232.2,0.0,2029.9,0.0,119.7,35.673942975542964,87.52995138888889,2015.6871414566579,834.8564027777777,0.0,10.5595,105.01214399228225,14.521798611111112
2026-03-11 22:55:00,2070.8,0.0,1989.7,0.0,0.0,0.0,87.52995138888889,1988.7714499431395,834.8564027777777,0.0,10.5595,0.0,14.521798611111112
2026-03-11 22:56:00,2217.9,0.0,2020.0,0.0,114.7,20.06457362001317,87.52995138888889,2010.1513855164555,834.8564027777777,0.0,10.5595,113.8601416401137,14.521798611111112
2026-03-11 22:57:00,2099.0,0.0,2020.8,0.0,0.0,0.0,87.52995138888889,2015.2178496915362,834.8564027777777,0.0,10.5595,0.0,14.521798611111112
2026-03-11 22:58:00,2053.9,0.0,1979.9,0.0,0.0,0.0,87.52995138888889,1973.8440871194568,834.8564027777777,0.0,10.5595,0.0,14.521798611111112
2026-03-11 22:59:00,2205.0,0.0,2010.7,0.0,113.8,21.502690118329674,87.52995138888889,2000.0210248082142,834.8564027777777,0.0,10.5595,113.12710658061982,14.521798611111112
2026-03-11 23:00:00,2216.5,147.1,1994.0,0.0,0.0,127.67665620637538,87.52995138888889,1991.8345091496199,834.8564027777777,0.0,10.5595,1.1512222222222221,14.521798611111112
2026-03-11 23:01:00,2260.3,146.1,2038.8,0.0,0.0,107.25493086614968,87.52995138888889,2029.842044633711,834.8564027777777,0.0,10.5595,1.1512222222222221,14.521798611111112
2026-03-11 23:02:00,2248.7,148.4,2017.8,0.0,0.0,115.72447679994296,87.52995138888889,2026.095948602433,834.8564027777777,0.0,10.5595,1.1512222222222221,14.521798611111112
2026-03-11 23:03:00,2257.1,152.8,2021.6,0.0,0.0,128.2623443073382,87.52995138888889,2025.8009652770008,834.8564027777777,0.0,10.5595,1.6215238095238094,14.521798611111112
2026-03-11 23:04:00,2202.1,153.3,1979.2,0.0,0.0,147.4581187679279,87.52995138888889,1980.7402468722792,834.8564027777777,0.0,10.5595,2.1512634920634923,14.521798611111112
2026-03-11 23:05:00,2204.7,155.3,1967.7,0.0,0.0,148.03303963556795,87.52995138888889,1981.7651089906847,834.8564027777777,0.0,10.5595,0.859547619047619,14.521798611111112
2026-03-11 23:06:00,2185.7,148.4,1956.5,0.0,0.0,144.59199565585482,87.52995138888889,1960.3500269554531,834.8564027777777,0.0,10.5595,1.8079666666666663,14.521798611111112
2026-03-11 23:07:00,2227.1,149.3,2000.1,0.0,0.0,146.33895377395234,87.52995138888889,2004.4733648996432,834.8564027777777,0.0,10.5595,1.1153095238095239,14.521798611111112
2026-03-11 23:08:00,2174.0,147.9,1945.0,0.0,0.0,116.55252084282816,87.52995138888889,1955.1978114093577,834.8564027777777,0.0,10.5595,4.909697643097643,14.521798611111112
2026-03-11 23:09:00,2232.2,132.9,2027.6,0.0,0.0,147.17683317589712,87.52995138888889,2003.8303843949075,834.8564027777777,0.0,10.5595,1.7571919191919192,14.521798611111112
2026-03-11 23:10:00,2270.6,150.1,2036.2,0.0,0.0,150.0059695533024,87.52995138888889,2034.927614776143,834.8564027777777,0.0,10.5595,1.5651174603174605,14.521798611111112
2026-03-11 23:11:00,2174.1,150.3,1947.7,0.0,0.0,121.53169300285766,87.52995138888889,1956.9205908107501,834.8564027777777,0.0,10.5595,5.695851611351612,14.521798611111112
2026-03-11 23:12:00,2241.2,147.4,2008.3,0.0,0.0,150.08481696616073,87.52995138888889,2011.891295938711,834.8564027777777,0.0,10.5595,0.0,14.521798611111112
2026-03-11 23:13:00,2186.8,150.9,1963.6,0.0,0.0,144.3657857718534,87.52995138888889,1961.0531122761593,834.8564027777777,0.0,10.5595,0.2712761904761905,14.521798611111112
2026-03-11 23:14:00,2255.5,155.5,2016.9,0.0,0.0,150.09711409415883,87.52995138888889,2025.7831914264616,834.8564027777777,0.0,10.5595,0.0,14.521798611111112
2026-03-11 23:15:00,2211.0,143.9,1990.7,0.0,0.0,148.92806545987835,87.52995138888889,1982.4965351349153,834.8564027777777,0.0,10.5595,0.0,14.521798611111112
2026-03-11 23:16:00,2218.1,152.0,1981.9,0.0,0.0,149.15899793033768,87.52995138888889,1989.7065617149906,834.8564027777777,0.0,10.5595,0.1508,14.521798611111112
2026-03-11 23:17:00,2250.9,146.8,2028.9,0.0,0.0,151.17716992794493,87.52995138888889,2023.066340687168,834.8564027777777,0.0,10.5595,0.1508,14.521798611111112
2026-03-11 23:18:00,2193.0,149.2,1970.0,0.0,0.0,148.57363145215356,87.52995138888889,1964.401599768912,834.8564027777777,0.0,10.5595,0.1508,14.521798611111112
2026-03-11 23:19:00,2259.8,149.0,2032.5,0.0,0.0,153.29933466767153,87.52995138888889,2025.4979150858396,834.8564027777777,0.0,10.5595,0.1508,14.521798611111112
2026-03-11 23:20:00,2188.6,148.7,1967.4,0.0,0.0,148.83972807764138,87.52995138888889,1959.9837636406428,834.8564027777777,0.0,10.5595,0.1508,14.521798611111112
2026-03-11 23:21:00,2249.2,157.5,2006.7,0.0,0.0,151.56973409303978,87.52995138888889,2023.084306973659,834.8564027777777,0.0,10.5595,0.0,14.521798611111112
2026-03-11 23:22:00,2293.2,149.5,2057.6,0.0,0.0,152.8622840219292,87.52995138888889,2060.314630812271,834.8564027777777,0.0,10.5595,2.5754800378270963,14.521798611111112
2026-03-11 23:23:00,2194.1,148.8,1968.3,0.0,0.0,148.72169672855236,87.52995138888889,1965.9864221834796,834.8564027777777,0.0,10.5595,0.0,14.521798611111112
2026-03-11 23:24:00,2176.7,144.6,1969.1,0.0,0.0,142.38652057572065,87.52995138888889,1950.1909852880615,834.8564027777777,0.0,10.5595,0.0,14.521798611111112
2026-03-11 23:25:00,2274.2,158.1,2038.8,0.0,0.0,151.34285420127682,87.52995138888889,2042.7767557679804,834.8564027777777,0.0,10.5595,0.0,14.521798611111112
2026-03-11 23:26:00,2241.8,152.4,2006.4,0.0,0.0,150.73592481397458,87.52995138888889,2012.6734701614603,834.8564027777777,0.0,10.5595,0.0,14.521798611111112
2026-03-11 23:27:00,2272.9,150.2,2038.1,0.0,0.0,152.3086968361474,87.52995138888889,2039.9215130925315,834.8564027777777,0.0,10.5595,0.0,14.521798611111112
2026-03-11 23:28:00,2229.0,145.8,2011.3,0.0,0.0,150.15379802789795,87.52995138888889,1999.6531160437603,834.8564027777777,0.0,10.5595,0.0,14.521798611111112
2026-03-11 23:29:00,2244.8,148.3,2026.2,0.0,0.0,149.6041739765681,87.52995138888889,2013.6002021727882,834.8564027777777,0.0,10.5595,0.0,14.521798611111112
2026-03-11 23:30:00,2265.3,158.3,2030.4,0.0,0.0,151.2701612450415,87.52995138888889,2032.2632927447262,834.8564027777777,0.0,10.5595,0.0,14.521798611111112
2026-03-11 23:31:00,2188.5,145.7,1955.6,0.0,0.0,147.0483961723461,87.52995138888889,1961.8693927656018,834.8564027777777,0.0,10.5595,0.0,14.521798611111112
2026-03-11 23:32:00,2229.8,145.1,2010.6,0.0,0.0,148.45749601694592,87.52995138888889,2000.5876053424242,834.8564027777777,0.0,10.5595,0.0,14.521798611111112
2026-03-11 23:33:00,2248.3,157.0,2015.9,0.0,0.0,149.07303305849928,87.52995138888889,2023.3471314195347,834.8564027777777,0.0,10.5595,0.0,14.521798611111112
2026-03-11 23:34:00,2245.9,145.1,2016.1,0.0,0.0,144.59155239286858,87.52995138888889,2014.2883653864258,834.8564027777777,0.0,10.5595,0.0,14.521798611111112
2026-03-11 23:35:00,2081.9,0.0,2006.5,0.0,0.0,0.0,87.52995138888889,2002.4763927330837,834.8564027777777,0.0,10.5595,0.0,14.521798611111112
2026-03-11 23:36:00,2093.6,0.0,2001.6,0.0,0.0,0.0,87.52995138888889,2014.7049310315506,834.8564027777777,0.0,10.5595,0.0,14.521798611111112
2026-03-11 23:37:00,2117.5,0.0,2034.8,0.0,0.0,0.0,87.52995138888889,2034.0948105967623,834.8564027777777,0.0,10.5595,0.0,14.521798611111112
2026-03-11 23:38:00,2069.9,0.0,1984.8,0.0,0.0,0.0,87.52995138888889,1989.0593991745186,834.8564027777777,0.0,10.5595,0.0,14.521798611111112
2026-03-11 23:39:00,2061.7,0.0,1974.3,0.0,0.0,0.0,87.52995138888889,1980.8072204018206,834.8564027777777,0.0,10.5595,0.0,14.521798611111112
2026-03-11 23:40:00,2126.2,0.0,2052.6,0.0,0.0,0.0,87.52995138888889,2041.1554988942405,834.8564027777777,0.0,10.5595,0.0,14.521798611111112
2026-03-11 23:41:00,2062.6,0.0,1986.9,0.0,0.0,0.0,87.52995138888889,1981.6215136594888,834.8564027777777,0.0,10.5595,0.0,14.521798611111112
2026-03-11 23:42:00,2041.3,0.0,1958.0,0.0,0.0,0.0,87.52995138888889,1963.5046996587837,834.8564027777777,0.0,10.5595,0.0,14.521798611111112
2026-03-11 23:43:00,2113.1,0.0,2041.6,0.0,0.0,0.0,87.52995138888889,2034.0776837982312,834.8564027777777,0.0,10.5595,0.0,14.521798611111112
2026-03-11 23:44:00,2056.6,0.0,1982.2,0.0,0.0,0.0,87.52995138888889,1977.1162367274974,834.8564027777777,0.0,10.5595,0.0,14.521798611111112
2026-03-11 23:45:00,2077.6,0.0,1996.7,0.0,0.0,0.0,87.52995138888889,1996.3433823490236,834.8564027777777,0.0,10.5595,0.0,14.521798611111112
2026-03-11 23:46:00,2062.7,0.0,1985.0,0.0,0.0,0.0,87.52995138888889,1982.7953522701162,834.8564027777777,0.0,10.5595,0.0,14.521798611111112
2026-03-11 23:47:00,2032.6,0.0,1947.8,0.0,0.0,0.0,87.52995138888889,1951.564113062935,834.8564027777777,0.0,10.5595,0.0,14.521798611111112
2026-03-11 23:48:00,2125.8,0.0,2049.3,0.0,0.0,0.0,87.52995138888889,2044.040614457381,834.8564027777777,0.0,10.5595,0.0,14.521798611111112
2026-03-11 23:49:00,2107.2,0.0,2030.7,0.0,0.0,0.0,87.52995138888889,2026.8229080418687,834.8564027777777,0.0,10.5595,0.0,14.521798611111112
2026-03-11 23:50:00,2100.8,0.0,2013.5,0.0,0.0,0.0,87.52995138888889,2020.6871490390347,834.8564027777777,0.0,10.5595,0.0,14.521798611111112
2026-03-11 23:51:00,2059.9,0.0,1976.8,0.0,0.0,0.0,87.52995138888889,1979.4304663778973,834.8564027777777,0.0,10.5595,0.0,14.521798611111112
2026-03-11 23:52:00,2071.4,0.0,1990.4,0.0,0.0,0.0,87.52995138888889,1992.3658344054413,834.8564027777777,0.0,10.5595,0.0,14.521798611111112
2026-03-11 23:53:00,2082.1,0.0,1997.6,0.0,0.0,0.0,87.52995138888889,2001.4973103203433,834.8564027777777,0.0,10.5595,0.0,14.521798611111112
2026-03-11 23:54:00,2071.0,0.0,2001.0,0.0,0.0,0.0,87.52995138888889,1992.4196606985927,834.8564027777777,0.0,10.5595,0.0,14.521798611111112
2026-03-11 23:55:00,2042.6,0.0,1972.3,0.0,0.0,0.0,87.52995138888889,1962.6022956727472,834.8564027777777,0.0,10.5595,0.0,14.521798611111112
2026-03-11 23:56:00,2121.6,0.0,2038.5,0.0,0.0,0.0,87.52995138888889,2041.0833105590912,834.8564027777777,0.0,10.5595,0.0,14.521798611111112
2026-03-11 23:57:00,2103.9,0.0,2017.6,0.0,0.0,0.0,87.52995138888889,2021.8150711899748,834.8564027777777,0.0,10.5595,0.0,14.521798611111112
2026-03-11 23:58:00,2086.7,0.0,2003.5,0.0,0.0,0.0,87.52995138888889,2006.6085570671103,834.8564027777777,0.0,10.5595,0.0,14.521798611111112
2026-03-11 23:59:00,2083.2,0.0,2010.1,0.0,0.0,0.0,87.52995138888889,2004.3838812547476,834.8564027777777,0.0,10.5595,0.0,14.521798611111112
2026-03-12 00:00:00,2241.7,153.7,2003.8,0.0,0.0,149.9558444097383,87.52995138888889,2008.6809771066826,834.8564027777777,0.0,10.5595,0.0,14.521798611111112
2026-03-12 00:01:00,2257.3,147.2,2028.6,0.0,0.0,150.98328676818824,87.52995138888889,2025.0640764009945,834.8564027777777,0.0,10.5595,0.0,14.521798611111112
2026-03-12 00:02:00,2249.3,156.2,2005.1,0.0,0.0,149.31279440086055,87.52995138888889,2020.3601126815477,834.8564027777777,0.0,10.5595,0.0,14.521798611111112
2026-03-12 00:03:00,2226.6,154.6,1994.1,0.0,0.0,150.82964160701985,87.52995138888889,1994.8165532546416,834.8564027777777,0.0,10.5595,0.0,14.521798611111112
2026-03-12 00:04:00,2313.4,161.8,2074.6,0.0,0.0,149.18720405199375,87.52995138888889,2077.9456718385954,834.8564027777777,0.0,10.5595,0.5569781144781145,14.521798611111112
2026-03-12 00:05:00,2251.6,149.9,2020.5,0.0,0.0,149.1474592060559,87.52995138888889,2021.1298877404763,834.8564027777777,0.0,10.5595,0.0,14.521798611111112
2026-03-12 00:06:00,2250.9,150.2,2027.0,0.0,0.0,148.58124793841063,87.52995138888889,2020.4765754491295,834.8564027777777,0.0,10.5595,0.0,14.521798611111112
2026-03-12 00:07:00,2275.1,147.7,2036.6,0.0,0.0,149.49358871151497,87.52995138888889,2043.7151854593671,834.8564027777777,0.0,10.5595,0.0,14.521798611111112
2026-03-12 00:08:00,2177.2,144.9,1959.4,0.0,0.0,149.13045775851253,87.52995138888889,1965.4215866752527,834.8564027777777,0.0,10.5595,0.0,14.521798611111112
2026-03-12 00:09:00,2274.5,152.1,2034.3,0.0,0.0,149.15282108948563,87.52995138888889,2043.9643755193074,834.8564027777777,0.0,10.5595,0.0,14.521798611111112
2026-03-12 00:10:00,2197.0,161.0,1950.4,0.0,0.0,150.14523635378487,87.52995138888889,1968.8353277789743,834.8564027777777,0.0,10.5595,0.0,14.521798611111112
2026-03-12 00:11:00,2228.2,147.0,2002.0,0.0,0.0,150.21972237075798,87.52995138888889,1997.315525935066,834.8564027777777,0.0,10.5595,0.0,14.521798611111112
2026-03-12 00:12:00,2208.0,146.0,1993.6,0.0,0.0,148.83767230732235,87.52995138888889,1975.6035262513637,834.8564027777777,0.0,10.5595,0.0,14.521798611111112
2026-03-12 00:13:00,2160.3,150.8,1944.4,0.0,0.0,136.01118522746313,87.52995138888889,1944.3882543193176,834.8564027777777,0.0,10.5595,0.0,14.521798611111112
2026-03-12 00:14:00,2273.6,146.6,2047.3,0.0,0.0,148.45579015050424,87.52995138888889,2043.586141480197,834.8564027777777,0.0,10.5595,0.0,14.521798611111112
2026-03-12 00:15:00,2235.6,152.6,2008.3,0.0,0.0,148.4595506942404,87.52995138888889,2007.2065997867442,834.8564027777777,0.0,10.5595,0.0,14.521798611111112
2026-03-12 00:16:00,2220.9,148.8,2000.7,0.0,0.0,149.25176375899932,87.52995138888889,1987.2162133393983,834.8564027777777,0.0,10.5595,0.0,14.521798611111112
2026-03-12 00:17:00,2211.8,147.6,1985.3,0.0,0.0,148.81177253133578,87.52995138888889,1981.2666418702393,834.8564027777777,0.0,10.5595,0.0,14.521798611111112
2026-03-12 00:18:00,2304.9,147.5,2089.0,0.0,0.0,149.59625994911525,87.52995138888889,2073.6742266597,834.8564027777777,0.0,10.5595,0.17205555555555554,14.521798611111112
2026-03-12 00:19:00,2175.2,150.4,1949.2,0.0,0.0,145.58817657043105,87.52995138888889,1952.1946643564877,834.8564027777777,0.0,10.5595,0.0,14.521798611111112
2026-03-12 00:20:00,2251.6,157.3,2011.3,0.0,0.0,149.08497191780236,87.52995138888889,2022.9157164564313,834.8564027777777,0.0,10.5595,0.0,14.521798611111112
2026-03-12 00:21:00,2205.9,140.3,1987.5,0.0,0.0,148.4761012922263,87.52995138888889,1975.0411240582291,834.8564027777777,0.0,10.5595,0.0,14.521798611111112
2026-03-12 00:22:00,2268.3,159.6,2028.0,0.0,0.0,149.50121815834942,87.52995138888889,2034.9967688327592,834.8564027777777,0.0,10.5595,0.0,14.521798611111112
2026-03-12 00:23:00,2176.8,152.0,1944.0,0.0,0.0,146.167211738803,87.52995138888889,1952.022595591211,834.8564027777777,0.0,10.5595,0.0,14.521798611111112
2026-03-12 00:24:00,2229.8,157.3,2001.6,0.0,0.0,149.5839105006105,87.52995138888889,2000.8460783043213,834.8564027777777,0.0,10.5595,0.0,14.521798611111112
2026-03-12 00:25:00,2224.1,154.6,1994.1,0.0,0.0,148.03581957840638,87.52995138888889,1996.589855089681,834.8564027777777,0.0,10.5595,0.0,14.521798611111112
2026-03-12 00:26:00,2256.1,153.1,2027.8,0.0,0.0,148.9112767925028,87.52995138888889,2022.8777724080126,834.8564027777777,0.0,10.5595,0.0,14.521798611111112
2026-03-12 00:27:00,2233.0,145.9,1999.5,0.0,0.0,149.64367130277128,87.52995138888889,2003.7815826151361,834.8564027777777,0.0,10.5595,0.0,14.521798611111112
2026-03-12 00:28:00,2210.2,145.8,1969.8,0.0,0.0,147.81890361528474,87.52995138888889,1979.5805580495205,834.8564027777777,0.0,10.5595,0.0,14.521798611111112
2026-03-12 00:29:00,2252.7,154.1,2011.8,0.0,0.0,149.5131869574066,87.52995138888889,2021.3831498394425,834.8564027777777,0.0,10.5595,0.0,14.521798611111112
2026-03-12 00:30:00,2244.2,152.9,2012.0,0.0,0.0,149.18418284439156,87.52995138888889,2014.2431967774053,834.8564027777777,0.0,10.5595,0.0,14.521798611111112
2026-03-12 00:31:00,2298.4,160.5,2053.3,0.0,0.0,149.54157099786184,87.52995138888889,2064.964190861947,834.8564027777777,0.0,10.5595,0.11257142857142857,14.521798611111112
2026-03-12 00:32:00,2212.2,133.9,1993.6,0.0,0.0,147.57113915099086,87.52995138888889,1981.6755491214856,834.8564027777777,0.0,10.5595,0.0,14.521798611111112
2026-03-12 00:33:00,2226.5,147.0,1999.7,0.0,0.0,148.7311537997405,87.52995138888889,1998.6340998321934,834.8564027777777,0.0,10.5595,0.0,14.521798611111112
2026-03-12 00:34:00,213.0,136.9,0.0,0.0,0.0,142.4255077146939,87.52995138888889,0.0,834.8564027777777,0.0,10.5595,0.0,14.521798611111112
2026-03-12 00:35:00,76.5,0.0,0.0,0.0,0.0,0.0,87.52995138888889,0.0,834.8564027777777,0.0,10.5595,0.0,14.521798611111112
2026-03-12 00:36:00,77.8,0.0,0.0,0.0,0.0,0.0,87.52995138888889,0.0,834.8564027777777,0.0,10.5595,0.0,14.521798611111112
2026-03-12 00:37:00,2098.6,0.0,2018.6,0.0,0.0,0.0,87.52995138888889,2017.3633579596874,834.8564027777777,0.0,10.5595,0.0,14.521798611111112
2026-03-12 00:38:00,2095.6,0.0,2013.8,0.0,0.0,0.0,87.52995138888889,2014.6922205860758,834.8564027777777,0.0,10.5595,0.0,14.521798611111112
2026-03-12 00:39:00,2113.2,0.0,2030.6,0.0,0.0,0.0,87.52995138888889,2037.2590306383186,834.8564027777777,0.0,10.5595,0.0,14.521798611111112
2026-03-12 00:40:00,81.8,0.0,0.0,0.0,0.0,0.0,87.52995138888889,0.0,834.8564027777777,0.0,10.5595,0.0,14.521798611111112
2026-03-12 00:41:00,2108.7,0.0,2028.1,0.0,0.0,0.0,87.52995138888889,2029.8049790520367,834.8564027777777,0.0,10.5595,0.0,14.521798611111112
2026-03-12 00:42:00,2111.6,0.0,2027.2,0.0,0.0,0.0,87.52995138888889,2035.5158448000225,834.8564027777777,0.0,10.5595,0.0,14.521798611111112
2026-03-12 00:43:00,2096.2,0.0,2012.5,0.0,0.0,0.0,87.52995138888889,2014.7877995452257,834.8564027777777,0.0,10.5595,0.0,14.521798611111112
2026-03-12 00:44:00,2098.8,0.0,2016.0,0.0,0.0,0.0,87.52995138888889,2017.3727200660999,834.8564027777777,0.0,10.5595,0.0,14.521798611111112
2026-03-12 00:45:00,2079.6,0.0,1997.5,0.0,0.0,0.0,87.52995138888889,1996.8185602782837,834.8564027777777,0.0,10.5595,0.0,14.521798611111112
2026-03-12 00:46:00,2056.1,0.0,1975.1,0.0,0.0,0.0,87.52995138888889,1975.1206720424805,834.8564027777777,0.0,10.5595,0.0,14.521798611111112
2026-03-12 00:47:00,2044.8,0.0,1964.4,0.0,0.0,0.0,87.52995138888889,1966.1184650009254,834.8564027777777,0.0,10.5595,0.0,14.521798611111112
2026-03-12 00:48:00,2081.2,0.0,2005.2,0.0,0.0,0.0,87.52995138888889,2001.3435225429805,834.8564027777777,0.0,10.5595,0.0,14.521798611111112
2026-03-12 00:49:00,2095.4,0.0,2022.6,0.0,0.0,0.0,87.52995138888889,2014.2328172256932,834.8564027777777,0.0,10.5595,0.0,14.521798611111112
2026-03-12 00:50:00,2057.9,0.0,1973.6,0.0,0.0,0.0,87.52995138888889,1979.608697159324,834.8564027777777,0.0,10.5595,0.0,14.521798611111112
2026-03-12 00:51:00,89.7,0.0,0.0,0.0,0.0,0.0,87.52995138888889,0.0,834.8564027777777,0.0,10.5595,0.0,14.521798611111112
2026-03-12 00:52:00,83.1,0.0,0.0,0.0,0.0,0.0,87.52995138888889,0.0,834.8564027777777,0.0,10.5595,0.0,14.521798611111112
2026-03-12 00:53:00,2083.7,0.0,1990.8,0.0,0.0,0.0,87.52995138888889,2003.6888477820116,834.8564027777777,0.0,10.5595,0.0,14.521798611111112
2026-03-12 00:54:00,77.3,0.0,0.0,0.0,0.0,0.0,87.52995138888889,0.0,834.8564027777777,0.0,10.5595,0.0,14.521798611111112
2026-03-12 00:55:00,72.4,0.0,0.0,0.0,0.0,0.0,87.52995138888889,0.0,834.8564027777777,0.0,10.5595,0.0,14.521798611111112
2026-03-12 00:56:00,75.7,0.0,0.0,0.0,0.0,0.0,87.52995138888889,0.0,834.8564027777777,0.0,10.5595,0.0,14.521798611111112
2026-03-12 00:57:00,2068.0,0.0,1998.2,0.0,0.0,0.0,87.52995138888889,1988.8636305757973,834.8564027777777,0.0,10.5595,0.0,14.521798611111112
2026-03-12 00:58:00,2078.6,0.0,1992.2,0.0,0.0,0.0,87.52995138888889,1994.8177117818466,834.8564027777777,0.0,10.5595,0.0,14.521798611111112
2026-03-12 00:59:00,2067.2,0.0,1987.5,0.0,0.0,0.0,87.52995138888889,1987.5187006300346,834.8564027777777,0.0,10.5595,0.0,14.521798611111112
2026-03-12 01:00:00,2228.5,155.6,1999.7,0.0,0.0,150.37578959088157,87.52995138888889,2000.583984416999,834.8564027777777,0.0,10.5595,0.0,14.521798611111112
2026-03-12 01:01:00,2238.2,160.7,2004.3,0.0,0.0,152.46543687710053,87.52995138888889,2007.4184467590694,834.8564027777777,0.0,10.5595,0.0,14.521798611111112
2026-03-12 01:02:00,226.5,141.7,0.0,0.0,0.0,148.54742342472343,87.52995138888889,0.0,834.8564027777777,0.0,10.5595,0.0,14.521798611111112
2026-03-12 01:03:00,228.3,143.5,0.0,0.0,0.0,150.45534884073038,87.52995138888889,0.0,834.8564027777777,0.0,10.5595,0.0,14.521798611111112
2026-03-12 01:04:00,2199.3,156.4,1966.2,0.0,0.0,148.86415656739774,87.52995138888889,1970.8843393569944,834.8564027777777,0.0,10.5595,0.0,14.521798611111112
2026-03-12 01:05:00,2283.3,153.2,2058.2,0.0,0.0,151.00361992640714,87.52995138888889,2049.1206039868034,834.8564027777777,0.0,10.5595,0.0,14.521798611111112
2026-03-12 01:06:00,2197.8,147.6,1974.2,0.0,0.0,148.97180837114956,87.52995138888889,1969.9082165912134,834.8564027777777,0.0,10.5595,0.0,14.521798611111112
2026-03-12 01:07:00,2217.7,151.4,1995.4,0.0,0.0,149.02648896756267,87.52995138888889,1989.401718066621,834.8564027777777,0.0,10.5595,0.0,14.521798611111112
2026-03-12 01:08:00,2205.7,155.6,1971.4,0.0,0.0,148.48667291586415,87.52995138888889,1975.1902459851044,834.8564027777777,0.0,10.5595,0.0,14.521798611111112
2026-03-12 01:09:00,2231.5,153.0,2000.7,0.0,0.0,150.36402382812977,87.52995138888889,2005.8798675793173,834.8564027777777,0.0,10.5595,0.0,14.521798611111112
2026-03-12 01:10:00,2237.8,140.9,2019.7,0.0,0.0,151.052347105778,87.52995138888889,2006.2490155191556,834.8564027777777,0.0,10.5595,0.0,14.521798611111112
2026-03-12 01:11:00,232.0,149.8,0.0,0.0,0.0,152.04570452287365,87.52995138888889,0.0,834.8564027777777,0.0,10.5595,0.0,14.521798611111112
2026-03-12 01:12:00,236.2,150.9,0.0,0.0,0.0,153.47675909080027,87.52995138888889,0.0,834.8564027777777,0.0,10.5595,0.0,14.521798611111112
2026-03-12 01:13:00,233.6,155.6,0.0,0.0,0.0,152.7189800703111,87.52995138888889,0.0,834.8564027777777,0.0,10.5595,0.0,14.521798611111112
2026-03-12 01:14:00,234.0,156.2,0.0,0.0,0.0,151.78375945628463,87.52995138888889,0.0,834.8564027777777,0.0,10.5595,0.0,14.521798611111112
2026-03-12 01:15:00,226.5,150.6,0.0,0.0,0.0,148.6208904280905,87.52995138888889,0.0,834.8564027777777,0.0,10.5595,0.0,14.521798611111112
2026-03-12 01:16:00,233.3,152.7,0.0,0.0,0.0,150.80093454339783,87.52995138888889,0.0,834.8564027777777,0.0,10.5595,0.0,14.521798611111112
2026-03-12 01:17:00,225.1,148.1,0.0,0.0,0.0,150.27418436808009,87.52995138888889,0.0,834.8564027777777,0.0,10.5595,0.0,14.521798611111112
2026-03-12 01:18:00,230.1,145.6,0.0,0.0,0.0,150.92245064087382,87.52995138888889,0.0,834.8564027777777,0.0,10.5595,0.0,14.521798611111112
2026-03-12 01:19:00,215.8,151.2,0.0,0.0,0.0,143.48677852670207,87.52995138888889,0.0,834.8564027777777,0.0,10.5595,0.0,14.521798611111112
2026-03-12 01:20:00,229.3,142.8,0.0,0.0,0.0,149.67004096068428,87.52995138888889,0.0,834.8564027777777,0.0,10.5595,0.0,14.521798611111112
2026-03-12 01:21:00,213.6,139.5,0.0,0.0,0.0,142.712255387804,87.52995138888889,0.0,834.8564027777777,0.0,10.5595,0.0,14.521798611111112
2026-03-12 01:22:00,228.0,143.0,0.0,0.0,0.0,148.5545927591471,87.52995138888889,0.0,834.8564027777777,0.0,10.5595,0.0,14.521798611111112
2026-03-12 01:23:00,238.8,152.9,0.0,0.0,0.0,155.19168148593238,87.52995138888889,0.0,834.8564027777777,0.0,10.5595,0.0,14.521798611111112
2026-03-12 01:24:00,226.3,150.4,0.0,0.0,0.0,146.16077395425924,87.52995138888889,0.0,834.8564027777777,0.0,10.5595,0.0,14.521798611111112
2026-03-12 01:25:00,236.4,149.4,0.0,0.0,0.0,154.30317715557874,87.52995138888889,0.0,834.8564027777777,0.0,10.5595,0.0,14.521798611111112
2026-03-12 01:26:00,243.8,157.7,0.0,0.0,0.0,156.07357675635913,87.52995138888889,0.0,834.8564027777777,0.0,10.5595,0.0,14.521798611111112
2026-03-12 01:27:00,222.0,151.8,0.0,0.0,0.0,145.86209844251604,87.52995138888889,0.0,834.8564027777777,0.0,10.5595,0.0,14.521798611111112
2026-03-12 01:28:00,234.7,148.3,0.0,0.0,0.0,153.20717818135037,87.52995138888889,0.0,834.8564027777777,0.0,10.5595,0.0,14.521798611111112
2026-03-12 01:29:00,228.1,156.1,0.0,0.0,0.0,149.4072663653168,87.52995138888889,0.0,834.8564027777777,0.0,10.5595,0.0,14.521798611111112
2026-03-12 01:30:00,232.3,149.9,0.0,0.0,0.0,151.35138605985523,87.52995138888889,0.0,834.8564027777777,0.0,10.5595,0.0,14.521798611111112
2026-03-12 01:31:00,223.5,141.7,0.0,0.0,0.0,146.09750818756407,87.52995138888889,0.0,834.8564027777777,0.0,10.5595,0.0,14.521798611111112
2026-03-12 01:32:00,217.5,146.8,0.0,0.0,0.0,145.74084618110652,87.52995138888889,0.0,834.8564027777777,0.0,10.5595,0.0,14.521798611111112
2026-03-12 01:33:00,222.5,147.1,0.0,0.0,0.0,145.8845404661014,87.52995138888889,0.0,834.8564027777777,0.0,10.5595,0.0,14.521798611111112
2026-03-12 01:34:00,221.6,151.3,0.0,0.0,0.0,146.20699220036352,87.52995138888889,0.0,834.8564027777777,0.0,10.5595,0.0,14.521798611111112
2026-03-12 01:35:00,77.4,0.0,0.0,0.0,0.0,0.0,87.52995138888889,0.0,834.8564027777777,0.0,10.5595,0.0,14.521798611111112
2026-03-12 01:36:00,73.0,0.0,0.0,0.0,0.0,0.0,87.52995138888889,0.0,834.8564027777777,0.0,10.5595,0.0,14.521798611111112
2026-03-12 01:37:00,89.5,0.0,0.0,0.0,0.0,0.0,87.52995138888889,0.0,834.8564027777777,0.0,10.5595,0.0,14.521798611111112
2026-03-12 01:38:00,83.0,0.0,0.0,0.0,0.0,0.0,87.52995138888889,0.0,834.8564027777777,0.0,10.5595,0.0,14.521798611111112
2026-03-12 01:39:00,74.4,0.0,0.0,0.0,0.0,0.0,87.52995138888889,0.0,834.8564027777777,0.0,10.5595,0.0,14.521798611111112
2026-03-12 01:40:00,80.1,0.0,0.0,0.0,0.0,0.0,87.52995138888889,0.0,834.8564027777777,0.0,10.5595,0.0,14.521798611111112
2026-03-12 01:41:00,92.2,0.0,0.0,0.0,0.0,0.0,87.52995138888889,0.0,834.8564027777777,0.0,10.5595,0.0,14.521798611111112
2026-03-12 01:42:00,80.5,0.0,0.0,0.0,0.0,0.0,87.52995138888889,0.0,834.8564027777777,0.0,10.5595,0.0,14.521798611111112
2026-03-12 01:43:00,83.5,0.0,0.0,0.0,0.0,0.0,87.52995138888889,0.0,834.8564027777777,0.0,10.5595,0.0,14.521798611111112
2026-03-12 01:44:00,73.2,0.0,0.0,0.0,0.0,0.0,87.52995138888889,0.0,834.8564027777777,0.0,10.5595,0.0,14.521798611111112
2026-03-12 01:45:00,82.2,0.0,0.0,0.0,0.0,0.0,87.52995138888889,0.0,834.8564027777777,0.0,10.5595,0.0,14.521798611111112
2026-03-12 01:46:00,77.2,0.0,0.0,0.0,0.0,0.0,87.52995138888889,0.0,834.8564027777777,0.0,10.5595,0.0,14.521798611111112
2026-03-12 01:47:00,89.1,0.0,0.0,0.0,0.0,0.0,87.52995138888889,0.0,834.8564027777777,0.0,10.5595,0.0,14.521798611111112
2026-03-12 01:48:00,84.3,0.0,0.0,0.0,0.0,0.0,87.52995138888889,0.0,834.8564027777777,0.0,10.5595,0.0,14.521798611111112
2026-03-12 01:49:00,78.4,0.0,0.0,0.0,0.0,0.0,87.52995138888889,0.0,834.8564027777777,0.0,10.5595,0.0,14.521798611111112
2026-03-12 01:50:00,81.6,0.0,0.0,0.0,0.0,0.0,87.52995138888889,0.0,834.8564027777777,0.0,10.5595,0.0,14.521798611111112
2026-03-12 01:51:00,85.7,0.0,0.0,0.0,0.0,0.0,87.52995138888889,0.0,834.8564027777777,0.0,10.5595,0.0,14.521798611111112
2026-03-12 01:52:00,77.8,0.0,0.0,0.0,0.0,0.0,87.52995138888889,0.0,834.8564027777777,0.0,10.5595,0.0,14.521798611111112
2026-03-12 01:53:00,79.8,0.0,0.0,0.0,0.0,0.0,87.52995138888889,0.0,834.8564027777777,0.0,10.5595,0.0,14.521798611111112
2026-03-12 01:54:00,87.9,0.0,0.0,0.0,0.0,0.0,87.52995138888889,0.0,834.8564027777777,0.0,10.5595,0.0,14.521798611111112
2026-03-12 01:55:00,70.9,0.0,0.0,0.0,0.0,0.0,87.52995138888889,0.0,834.8564027777777,0.0,10.5595,0.0,14.521798611111112
2026-03-12 01:56:00,87.3,0.0,0.0,0.0,0.0,0.0,87.52995138888889,0.0,834.8564027777777,0.0,10.5595,0.0,14.521798611111112
2026-03-12 01:57:00,77.0,0.0,0.0,0.0,0.0,0.0,87.52995138888889,0.0,834.8564027777777,0.0,10.5595,0.0,14.521798611111112
2026-03-12 01:58:00,79.9,0.0,0.0,0.0,0.0,0.0,87.52995138888889,0.0,834.8564027777777,0.0,10.5595,0.0,14.521798611111112
2026-03-12 01:59:00,80.5,0.0,0.0,0.0,0.0,0.0,87.52995138888889,0.0,834.8564027777777,0.0,10.5595,0.0,14.521798611111112
2026-03-12 02:00:00,234.2,147.2,0.0,0.0,0.0,151.49177339320178,87.52995138888889,0.0,834.8564027777777,0.0,10.5595,0.0,14.521798611111112
2026-03-12 02:01:00,221.0,150.5,0.0,0.0,0.0,146.29597083649344,87.52995138888889,0.0,834.8564027777777,0.0,10.5595,0.0,14.521798611111112
2026-03-12 02:02:00,236.9,152.9,0.0,0.0,0.0,152.81493452952284,87.52995138888889,0.0,834.8564027777777,0.0,10.5595,0.0,14.521798611111112
2026-03-12 02:03:00,223.5,141.5,0.0,0.0,0.0,146.68046927571072,87.52995138888889,0.0,834.8564027777777,0.0,10.5595,0.0,14.521798611111112
2026-03-12 02:04:00,234.5,159.7,0.0,0.0,0.0,152.41350629985484,87.52995138888889,0.0,834.8564027777777,0.0,10.5595,0.0,14.521798611111112
2026-03-12 02:05:00,229.9,149.3,0.0,0.0,0.0,151.22647906635848,87.52995138888889,0.0,834.8564027777777,0.0,10.5595,0.0,14.521798611111112
2026-03-12 02:06:00,233.2,153.4,0.0,0.0,0.0,152.89317257932703,87.52995138888889,0.0,834.8564027777777,0.0,10.5595,0.0,14.521798611111112
2026-03-12 02:07:00,223.3,138.9,0.0,0.0,0.0,145.0427162261344,87.52995138888889,0.0,834.8564027777777,0.0,10.5595,0.0,14.521798611111112
2026-03-12 02:08:00,219.1,150.6,0.0,0.0,0.0,145.3452526633641,87.52995138888889,0.0,834.8564027777777,0.0,10.5595,0.0,14.521798611111112
2026-03-12 02:09:00,220.9,144.3,0.0,0.0,0.0,146.4505113796878,87.52995138888889,0.0,834.8564027777777,0.0,10.5595,0.0,14.521798611111112
2026-03-12 02:10:00,223.3,149.5,0.0,0.0,0.0,146.0206428274855,87.52995138888889,0.0,834.8564027777777,0.0,10.5595,0.0,14.521798611111112
2026-03-12 02:11:00,225.0,144.2,0.0,0.0,0.0,148.71059753221982,87.52995138888889,0.0,834.8564027777777,0.0,10.5595,0.0,14.521798611111112
2026-03-12 02:12:00,221.0,144.5,0.0,0.0,0.0,145.32553356980705,87.52995138888889,0.0,834.8564027777777,0.0,10.5595,0.0,14.521798611111112
2026-03-12 02:13:00,216.1,141.4,0.0,0.0,0.0,144.61756127412886,87.52995138888889,0.0,834.8564027777777,0.0,10.5595,0.0,14.521798611111112
2026-03-12 02:14:00,223.6,156.3,0.0,0.0,0.0,147.4252508809817,87.52995138888889,0.0,834.8564027777777,0.0,10.5595,0.0,14.521798611111112
2026-03-12 02:15:00,215.5,146.2,0.0,0.0,0.0,144.2881968479777,87.52995138888889,0.0,834.8564027777777,0.0,10.5595,0.0,14.521798611111112
2026-03-12 02:16:00,213.3,144.3,0.0,0.0,0.0,143.31882909928052,87.52995138888889,0.0,834.8564027777777,0.0,10.5595,0.0,14.521798611111112
2026-03-12 02:17:00,228.3,142.2,0.0,0.0,0.0,148.69912548396735,87.52995138888889,0.0,834.8564027777777,0.0,10.5595,0.0,14.521798611111112
2026-03-12 02:18:00,227.8,149.1,0.0,0.0,0.0,148.2074082872752,87.52995138888889,0.0,834.8564027777777,0.0,10.5595,0.0,14.521798611111112
2026-03-12 02:19:00,236.6,157.9,0.0,0.0,0.0,152.11947662932184,87.52995138888889,0.0,834.8564027777777,0.0,10.5595,0.0,14.521798611111112
2026-03-12 02:20:00,213.2,149.4,0.0,0.0,0.0,143.25178383898523,87.52995138888889,0.0,834.8564027777777,0.0,10.5595,0.0,14.521798611111112
2026-03-12 02:21:00,220.9,145.3,0.0,0.0,0.0,146.6904621896077,87.52995138888889,0.0,834.8564027777777,0.0,10.5595,0.0,14.521798611111112
2026-03-12 02:22:00,224.7,149.2,0.0,0.0,0.0,147.99331879884824,87.52995138888889,0.0,834.8564027777777,0.0,10.5595,0.0,14.521798611111112
2026-03-12 02:23:00,227.8,146.4,0.0,0.0,0.0,147.6874485978905,87.52995138888889,0.0,834.8564027777777,0.0,10.5595,0.0,14.521798611111112
2026-03-12 02:24:00,219.2,148.7,0.0,0.0,0.0,146.9612700798656,87.52995138888889,0.0,834.8564027777777,0.0,10.5595,0.0,14.521798611111112
2026-03-12 02:25:00,222.6,146.0,0.0,0.0,0.0,146.62413859832975,87.52995138888889,0.0,834.8564027777777,0.0,10.5595,0.0,14.521798611111112
2026-03-12 02:26:00,247.6,157.0,0.0,0.0,0.0,158.61748265068258,87.52995138888889,0.0,834.8564027777777,0.0,10.5595,0.0,14.521798611111112
2026-03-12 02:27:00,246.9,160.9,0.0,0.0,0.0,157.63019380924084,87.52995138888889,0.0,834.8564027777777,0.0,10.5595,0.0,14.521798611111112
2026-03-12 02:28:00,220.3,148.0,0.0,0.0,0.0,145.80113280423282,87.52995138888889,0.0,834.8564027777777,0.0,10.5595,0.0,14.521798611111112
2026-03-12 02:29:00,227.1,145.2,0.0,0.0,0.0,147.3128626032521,87.52995138888889,0.0,834.8564027777777,0.0,10.5595,0.0,14.521798611111112
2026-03-12 02:30:00,230.7,151.0,0.0,0.0,0.0,151.33659280773404,87.52995138888889,0.0,834.8564027777777,0.0,10.5595,0.0,14.521798611111112
2026-03-12 02:31:00,234.4,150.5,0.0,0.0,0.0,152.26656545371836,87.52995138888889,0.0,834.8564027777777,0.0,10.5595,0.0,14.521798611111112
2026-03-12 02:32:00,236.9,154.9,0.0,0.0,0.0,153.34866170740165,87.52995138888889,0.0,834.8564027777777,0.0,10.5595,0.0,14.521798611111112
2026-03-12 02:33:00,224.6,147.2,0.0,0.0,0.0,147.11167904223115,87.52995138888889,0.0,834.8564027777777,0.0,10.5595,0.0,14.521798611111112
2026-03-12 02:34:00,230.1,149.0,0.0,0.0,0.0,151.20458198335604,87.52995138888889,0.0,834.8564027777777,0.0,10.5595,0.0,14.521798611111112
2026-03-12 02:35:00,79.9,0.0,0.0,0.0,0.0,0.0,87.52995138888889,0.0,834.8564027777777,0.0,10.5595,0.0,14.521798611111112
2026-03-12 02:36:00,75.5,0.0,0.0,0.0,0.0,0.0,87.52995138888889,0.0,834.8564027777777,0.0,10.5595,0.0,14.521798611111112
2026-03-12 02:37:00,78.3,0.0,0.0,0.0,0.0,0.0,87.52995138888889,0.0,834.8564027777777,0.0,10.5595,0.0,14.521798611111112
2026-03-12 02:38:00,76.0,0.0,0.0,0.0,0.0,0.0,87.52995138888889,0.0,834.8564027777777,0.0,10.5595,0.0,14.521798611111112
2026-03-12 02:39:00,75.4,0.0,0.0,0.0,0.0,0.0,87.52995138888889,0.0,834.8564027777777,0.0,10.5595,0.0,14.521798611111112
2026-03-12 02:40:00,73.9,0.0,0.0,0.0,0.0,0.0,87.52995138888889,0.0,834.8564027777777,0.0,10.5595,0.0,14.521798611111112
2026-03-12 02:41:00,81.0,0.0,0.0,0.0,0.0,0.0,87.52995138888889,0.0,834.8564027777777,0.0,10.5595,0.0,14.521798611111112
2026-03-12 02:42:00,77.9,0.0,0.0,0.0,0.0,0.0,87.52995138888889,0.0,834.8564027777777,0.0,10.5595,0.0,14.521798611111112
2026-03-12 02:43:00,87.4,0.0,0.0,0.0,0.0,0.0,87.52995138888889,0.0,834.8564027777777,0.0,10.5595,0.0,14.521798611111112
2026-03-12 02:44:00,74.6,0.0,0.0,0.0,0.0,0.0,87.52995138888889,0.0,834.8564027777777,0.0,10.5595,0.0,14.521798611111112
2026-03-12 02:45:00,78.4,0.0,0.0,0.0,0.0,0.0,87.52995138888889,0.0,834.8564027777777,0.0,10.5595,0.0,14.521798611111112
2026-03-12 02:46:00,81.7,0.0,0.0,0.0,0.0,0.0,87.52995138888889,0.0,834.8564027777777,0.0,10.5595,0.0,14.521798611111112
2026-03-12 02:47:00,79.9,0.0,0.0,0.0,0.0,0.0,87.52995138888889,0.0,834.8564027777777,0.0,10.5595,0.0,14.521798611111112
2026-03-12 02:48:00,81.8,0.0,0.0,0.0,0.0,0.0,87.52995138888889,0.0,834.8564027777777,0.0,10.5595,0.0,14.521798611111112
2026-03-12 02:49:00,80.4,0.0,0.0,0.0,0.0,0.0,87.52995138888889,0.0,834.8564027777777,0.0,10.5595,0.0,14.521798611111112
2026-03-12 02:50:00,71.9,0.0,0.0,0.0,0.0,0.0,87.52995138888889,0.0,834.8564027777777,0.0,10.5595,0.0,14.521798611111112
2026-03-12 02:51:00,83.5,0.0,0.0,0.0,0.0,0.0,87.52995138888889,0.0,834.8564027777777,0.0,10.5595,0.0,14.521798611111112
2026-03-12 02:52:00,79.4,0.0,0.0,0.0,0.0,0.0,87.52995138888889,0.0,834.8564027777777,0.0,10.5595,0.0,14.521798611111112
2026-03-12 02:53:00,77.0,0.0,0.0,0.0,0.0,0.0,87.52995138888889,0.0,834.8564027777777,0.0,10.5595,0.0,14.521798611111112
2026-03-12 02:54:00,87.3,0.0,0.0,0.0,0.0,0.0,87.52995138888889,0.0,834.8564027777777,0.0,10.5595,0.0,14.521798611111112
2026-03-12 02:55:00,73.4,0.0,0.0,0.0,0.0,0.0,87.52995138888889,0.0,834.8564027777777,0.0,10.5595,0.0,14.521798611111112
2026-03-12 02:56:00,87.1,0.0,0.0,0.0,0.0,0.0,87.52995138888889,0.0,834.8564027777777,0.0,10.5595,0.0,14.521798611111112
2026-03-12 02:57:00,71.9,0.0,0.0,0.0,0.0,0.0,87.52995138888889,0.0,834.8564027777777,0.0,10.5595,0.0,14.521798611111112
2026-03-12 02:58:00,90.0,0.0,0.0,0.0,0.0,0.0,87.52995138888889,0.0,834.8564027777777,0.0,10.5595,0.0,14.521798611111112
2026-03-12 02:59:00,77.0,0.0,0.0,0.0,0.0,0.0,87.52995138888889,0.0,834.8564027777777,0.0,10.5595,0.0,14.521798611111112
2026-03-12 03:00:00,239.9,158.1,0.0,0.0,0.0,154.69224973136883,87.52995138888889,0.0,834.8564027777777,0.0,10.5595,0.0,14.521798611111112
2026-03-12 03:01:00,236.6,152.6,0.0,0.0,0.0,152.68077526618262,87.52995138888889,0.0,834.8564027777777,0.0,10.5595,0.0,14.521798611111112
2026-03-12 03:02:00,212.4,145.7,0.0,0.0,0.0,141.37735788215338,87.52995138888889,0.0,834.8564027777777,0.0,10.5595,0.0,14.521798611111112
2026-03-12 03:03:00,247.3,152.2,0.0,0.0,0.0,158.54395071807275,87.52995138888889,0.0,834.8564027777777,0.0,10.5595,0.0,14.521798611111112
2026-03-12 03:04:00,219.3,147.9,0.0,0.0,0.0,146.53179347183314,87.52995138888889,0.0,834.8564027777777,0.0,10.5595,0.0,14.521798611111112
2026-03-12 03:05:00,236.4,155.8,0.0,0.0,0.0,152.84203452370068,87.52995138888889,0.0,834.8564027777777,0.0,10.5595,0.0,14.521798611111112
2026-03-12 03:06:00,232.0,150.3,0.0,0.0,0.0,151.6703109054889,87.52995138888889,0.0,834.8564027777777,0.0,10.5595,0.0,14.521798611111112
2026-03-12 03:07:00,220.9,149.4,0.0,0.0,0.0,145.85022037694847,87.52995138888889,0.0,834.8564027777777,0.0,10.5595,0.0,14.521798611111112
2026-03-12 03:08:00,241.1,150.0,0.0,0.0,0.0,153.9967991772933,87.52995138888889,0.0,834.8564027777777,0.0,10.5595,0.0,14.521798611111112
2026-03-12 03:09:00,230.7,144.4,0.0,0.0,0.0,150.96387500766923,87.52995138888889,0.0,834.8564027777777,0.0,10.5595,0.0,14.521798611111112
2026-03-12 03:10:00,229.4,150.6,0.0,0.0,0.0,149.44036314065193,87.52995138888889,0.0,834.8564027777777,0.0,10.5595,0.0,14.521798611111112
2026-03-12 03:11:00,211.8,148.9,0.0,0.0,0.0,141.78150568723504,87.52995138888889,0.0,834.8564027777777,0.0,10.5595,0.0,14.521798611111112
2026-03-12 03:12:00,230.1,150.4,0.0,0.0,0.0,150.96235405812217,87.52995138888889,0.0,834.8564027777777,0.0,10.5595,0.0,14.521798611111112
2026-03-12 03:13:00,240.1,155.5,0.0,0.0,0.0,155.06939651236564,87.52995138888889,0.0,834.8564027777777,0.0,10.5595,0.0,14.521798611111112
2026-03-12 03:14:00,216.0,144.1,0.0,0.0,0.0,143.21102465649807,87.52995138888889,0.0,834.8564027777777,0.0,10.5595,0.0,14.521798611111112
2026-03-12 03:15:00,234.8,149.6,0.0,0.0,0.0,152.54395339177782,87.52995138888889,0.0,834.8564027777777,0.0,10.5595,0.0,14.521798611111112
2026-03-12 03:16:00,226.7,157.6,0.0,0.0,0.0,148.47938616487565,87.52995138888889,0.0,834.8564027777777,0.0,10.5595,0.0,14.521798611111112
2026-03-12 03:17:00,230.7,149.2,0.0,0.0,0.0,151.165133521644,87.52995138888889,0.0,834.8564027777777,0.0,10.5595,0.0,14.521798611111112
2026-03-12 03:18:00,233.3,148.2,0.0,0.0,0.0,152.2441518987549,87.52995138888889,0.0,834.8564027777777,0.0,10.5595,0.0,14.521798611111112
2026-03-12 03:19:00,232.6,151.1,0.0,0.0,0.0,152.0981220423911,87.52995138888889,0.0,834.8564027777777,0.0,10.5595,0.0,14.521798611111112
2026-03-12 03:20:00,237.8,156.1,0.0,0.0,0.0,153.51291934101621,87.52995138888889,0.0,834.8564027777777,0.0,10.5595,0.0,14.521798611111112
2026-03-12 03:21:00,235.5,150.4,0.0,0.0,0.0,152.6106956094559,87.52995138888889,0.0,834.8564027777777,0.0,10.5595,0.0,14.521798611111112
2026-03-12 03:22:00,241.2,155.9,0.0,0.0,0.0,153.34395352199112,87.52995138888889,0.0,834.8564027777777,0.0,10.5595,0.0,14.521798611111112
2026-03-12 03:23:00,219.9,144.9,0.0,0.0,0.0,145.2919586307197,87.52995138888889,0.0,834.8564027777777,0.0,10.5595,0.0,14.521798611111112
2026-03-12 03:24:00,247.9,156.9,0.0,0.0,0.0,158.25064223820837,87.52995138888889,0.0,834.8564027777777,0.0,10.5595,0.0,14.521798611111112
2026-03-12 03:25:00,238.2,148.5,0.0,0.0,0.0,152.568020112023,87.52995138888889,0.0,834.8564027777777,0.0,10.5595,0.0,14.521798611111112
2026-03-12 03:26:00,234.7,153.2,0.0,0.0,0.0,153.1654880033766,87.52995138888889,0.0,834.8564027777777,0.0,10.5595,0.0,14.521798611111112
2026-03-12 03:27:00,235.6,155.3,0.0,0.0,0.0,153.16640262622198,87.52995138888889,0.0,834.8564027777777,0.0,10.5595,0.0,14.521798611111112
2026-03-12 03:28:00,237.0,146.8,0.0,0.0,0.0,152.5578994735713,87.52995138888889,0.0,834.8564027777777,0.0,10.5595,0.0,14.521798611111112
2026-03-12 03:29:00,248.5,160.0,0.0,0.0,0.0,158.5294157302937,87.52995138888889,0.0,834.8564027777777,0.0,10.5595,0.0,14.521798611111112
2026-03-12 03:30:00,226.7,151.2,0.0,0.0,0.0,148.32058394845888,87.52995138888889,0.0,834.8564027777777,0.0,10.5595,0.0,14.521798611111112
2026-03-12 03:31:00,235.7,148.0,0.0,0.0,0.0,153.86413664720493,87.52995138888889,0.0,834.8564027777777,0.0,10.5595,0.0,14.521798611111112
2026-03-12 03:32:00,236.6,158.4,0.0,0.0,0.0,153.04404245646563,87.52995138888889,0.0,834.8564027777777,0.0,10.5595,0.0,14.521798611111112
2026-03-12 03:33:00,237.5,153.9,0.0,0.0,0.0,152.64701959179664,87.52995138888889,0.0,834.8564027777777,0.0,10.5595,0.0,14.521798611111112
2026-03-12 03:34:00,244.4,161.3,0.0,0.0,0.0,155.8402592156927,87.52995138888889,0.0,834.8564027777777,0.0,10.5595,0.0,14.521798611111112
2026-03-12 03:35:00,78.3,0.0,0.0,0.0,0.0,0.0,87.52995138888889,0.0,834.8564027777777,0.0,10.5595,0.0,14.521798611111112
2026-03-12 03:36:00,78.9,0.0,0.0,0.0,0.0,0.0,87.52995138888889,0.0,834.8564027777777,0.0,10.5595,0.0,14.521798611111112
2026-03-12 03:37:00,83.7,0.0,0.0,0.0,0.0,0.0,87.52995138888889,0.0,834.8564027777777,0.0,10.5595,0.0,14.521798611111112
2026-03-12 03:38:00,72.9,0.0,0.0,0.0,0.0,0.0,87.52995138888889,0.0,834.8564027777777,0.0,10.5595,0.0,14.521798611111112
2026-03-12 03:39:00,75.8,0.0,0.0,0.0,0.0,0.0,87.52995138888889,0.0,834.8564027777777,0.0,10.5595,0.0,14.521798611111112
2026-03-12 03:40:00,84.4,0.0,0.0,0.0,0.0,0.0,87.52995138888889,0.0,834.8564027777777,0.0,10.5595,0.0,14.521798611111112
2026-03-12 03:41:00,82.4,0.0,0.0,0.0,0.0,0.0,87.52995138888889,0.0,834.8564027777777,0.0,10.5595,0.0,14.521798611111112
2026-03-12 03:42:00,80.5,0.0,0.0,0.0,0.0,0.0,87.52995138888889,0.0,834.8564027777777,0.0,10.5595,0.0,14.521798611111112
2026-03-12 03:43:00,90.3,0.0,0.0,0.0,0.0,0.0,87.52995138888889,0.0,834.8564027777777,0.0,10.5595,0.0,14.521798611111112
2026-03-12 03:44:00,80.4,0.0,0.0,0.0,0.0,0.0,87.52995138888889,0.0,834.8564027777777,0.0,10.5595,0.0,14.521798611111112
2026-03-12 03:45:00,72.4,0.0,0.0,0.0,0.0,0.0,87.52995138888889,0.0,834.8564027777777,0.0,10.5595,0.0,14.521798611111112
2026-03-12 03:46:00,82.0,0.0,0.0,0.0,0.0,0.0,87.52995138888889,0.0,834.8564027777777,0.0,10.5595,0.0,14.521798611111112
2026-03-12 03:47:00,74.1,0.0,0.0,0.0,0.0,0.0,87.52995138888889,0.0,834.8564027777777,0.0,10.5595,0.0,14.521798611111112
2026-03-12 03:48:00,75.4,0.0,0.0,0.0,0.0,0.0,87.52995138888889,0.0,834.8564027777777,0.0,10.5595,0.0,14.521798611111112
2026-03-12 03:49:00,87.1,0.0,0.0,0.0,0.0,0.0,87.52995138888889,0.0,834.8564027777777,0.0,10.5595,0.0,14.521798611111112
2026-03-12 03:50:00,86.5,0.0,0.0,0.0,0.0,0.0,87.52995138888889,0.0,834.8564027777777,0.0,10.5595,0.0,14.521798611111112
2026-03-12 03:51:00,76.4,0.0,0.0,0.0,0.0,0.0,87.52995138888889,0.0,834.8564027777777,0.0,10.5595,0.0,14.521798611111112
2026-03-12 03:52:00,75.7,0.0,0.0,0.0,0.0,0.0,87.52995138888889,0.0,834.8564027777777,0.0,10.5595,0.0,14.521798611111112
2026-03-12 03:53:00,67.0,0.0,0.0,0.0,0.0,0.0,87.52995138888889,0.0,834.8564027777777,0.0,10.5595,0.0,14.521798611111112
2026-03-12 03:54:00,79.8,0.0,0.0,0.0,0.0,0.0,87.52995138888889,0.0,834.8564027777777,0.0,10.5595,0.0,14.521798611111112
2026-03-12 03:55:00,82.8,0.0,0.0,0.0,0.0,0.0,87.52995138888889,0.0,834.8564027777777,0.0,10.5595,0.0,14.521798611111112
2026-03-12 03:56:00,78.3,0.0,0.0,0.0,0.0,0.0,87.52995138888889,0.0,834.8564027777777,0.0,10.5595,0.0,14.521798611111112
2026-03-12 03:57:00,85.6,0.0,0.0,0.0,0.0,0.0,87.52995138888889,0.0,834.8564027777777,0.0,10.5595,0.0,14.521798611111112
2026-03-12 03:58:00,71.6,0.0,0.0,0.0,0.0,0.0,87.52995138888889,0.0,834.8564027777777,0.0,10.5595,0.0,14.521798611111112
2026-03-12 03:59:00,87.2,0.0,0.0,0.0,0.0,0.0,87.52995138888889,0.0,834.8564027777777,0.0,10.5595,0.0,14.521798611111112
2026-03-12 04:00:00,242.2,148.8,0.0,0.0,0.0,155.17811574503924,87.52995138888889,0.0,834.8564027777777,0.0,10.5595,0.0,14.521798611111112
2026-03-12 04:01:00,224.4,145.0,0.0,0.0,0.0,147.37235534454175,87.52995138888889,0.0,834.8564027777777,0.0,10.5595,0.0,14.521798611111112
2026-03-12 04:02:00,223.6,148.5,0.0,0.0,0.0,147.39049316951645,87.52995138888889,0.0,834.8564027777777,0.0,10.5595,0.0,14.521798611111112
2026-03-12 04:03:00,238.4,154.4,0.0,0.0,0.0,153.7904703970064,87.52995138888889,0.0,834.8564027777777,0.0,10.5595,0.0,14.521798611111112
2026-03-12 04:04:00,220.7,149.5,0.0,0.0,0.0,145.97469786597415,87.52995138888889,0.0,834.8564027777777,0.0,10.5595,0.0,14.521798611111112
2026-03-12 04:05:00,226.8,147.0,0.0,0.0,0.0,148.43727561822715,87.52995138888889,0.0,834.8564027777777,0.0,10.5595,0.0,14.521798611111112
2026-03-12 04:06:00,236.0,148.8,0.0,0.0,0.0,152.12587056685143,87.52995138888889,0.0,834.8564027777777,0.0,10.5595,0.0,14.521798611111112
2026-03-12 04:07:00,241.1,144.8,0.0,0.0,0.0,152.86929624395216,87.52995138888889,0.0,834.8564027777777,0.0,10.5595,0.0,14.521798611111112
2026-03-12 04:08:00,221.0,150.9,0.0,0.0,0.0,145.8547537319377,87.52995138888889,0.0,834.8564027777777,0.0,10.5595,0.0,14.521798611111112
2026-03-12 04:09:00,243.9,154.6,0.0,0.0,0.0,155.8882804878129,87.52995138888889,0.0,834.8564027777777,0.0,10.5595,0.0,14.521798611111112
2026-03-12 04:10:00,230.2,155.1,0.0,0.0,0.0,149.8281092130092,87.52995138888889,0.0,834.8564027777777,0.0,10.5595,0.0,14.521798611111112
2026-03-12 04:11:00,229.4,159.1,0.0,0.0,0.0,150.50597817275312,87.52995138888889,0.0,834.8564027777777,0.0,10.5595,0.0,14.521798611111112
2026-03-12 04:12:00,228.7,153.3,0.0,0.0,0.0,150.36720877885728,87.52995138888889,0.0,834.8564027777777,0.0,10.5595,0.0,14.521798611111112
2026-03-12 04:13:00,219.8,138.7,0.0,0.0,0.0,146.47051144521973,87.52995138888889,0.0,834.8564027777777,0.0,10.5595,0.0,14.521798611111112
2026-03-12 04:14:00,236.6,151.9,0.0,0.0,0.0,153.05571071086646,87.52995138888889,0.0,834.8564027777777,0.0,10.5595,0.0,14.521798611111112
2026-03-12 04:15:00,231.3,143.0,0.0,0.0,0.0,151.90536027271386,87.52995138888889,0.0,834.8564027777777,0.0,10.5595,0.0,14.521798611111112
2026-03-12 04:16:00,243.4,147.8,0.0,0.0,0.0,155.32759077835368,87.52995138888889,0.0,834.8564027777777,0.0,10.5595,0.0,14.521798611111112
2026-03-12 04:17:00,228.3,146.3,0.0,0.0,0.0,149.91962379477815,87.52995138888889,0.0,834.8564027777777,0.0,10.5595,0.0,14.521798611111112
2026-03-12 04:18:00,230.5,152.4,0.0,0.0,0.0,150.472105127641,87.52995138888889,0.0,834.8564027777777,0.0,10.5595,0.0,14.521798611111112
2026-03-12 04:19:00,230.8,149.7,0.0,0.0,0.0,151.91515319224698,87.52995138888889,0.0,834.8564027777777,0.0,10.5595,0.0,14.521798611111112
2026-03-12 04:20:00,233.6,147.5,0.0,0.0,0.0,152.88769383753498,87.52995138888889,0.0,834.8564027777777,0.0,10.5595,0.0,14.521798611111112
2026-03-12 04:21:00,228.8,150.3,0.0,0.0,0.0,149.88922266072709,87.52995138888889,0.0,834.8564027777777,0.0,10.5595,0.0,14.521798611111112
2026-03-12 04:22:00,228.9,142.0,0.0,0.0,0.0,150.722095774487,87.52995138888889,0.0,834.8564027777777,0.0,10.5595,0.0,14.521798611111112
2026-03-12 04:23:00,234.2,145.0,0.0,0.0,0.0,152.2268692769649,87.52995138888889,0.0,834.8564027777777,0.0,10.5595,0.0,14.521798611111112
2026-03-12 04:24:00,242.1,152.9,0.0,0.0,0.0,154.38556291747474,87.52995138888889,0.0,834.8564027777777,0.0,10.5595,0.0,14.521798611111112
2026-03-12 04:25:00,244.2,159.1,0.0,0.0,0.0,155.34492221819582,87.52995138888889,0.0,834.8564027777777,0.0,10.5595,0.0,14.521798611111112
2026-03-12 04:26:00,226.2,146.9,0.0,0.0,0.0,148.5568936949761,87.52995138888889,0.0,834.8564027777777,0.0,10.5595,0.0,14.521798611111112
2026-03-12 04:27:00,237.9,156.3,0.0,0.0,0.0,151.96521562357125,87.52995138888889,0.0,834.8564027777777,0.0,10.5595,0.0,14.521798611111112
2026-03-12 04:28:00,221.2,148.7,0.0,0.0,0.0,146.13891561216556,87.52995138888889,0.0,834.8564027777777,0.0,10.5595,0.0,14.521798611111112
2026-03-12 04:29:00,245.9,155.8,0.0,0.0,0.0,156.99510824986558,87.52995138888889,0.0,834.8564027777777,0.0,10.5595,0.0,14.521798611111112
2026-03-12 04:30:00,239.4,143.8,0.0,0.0,0.0,152.7902629518058,87.52995138888889,0.0,834.8564027777777,0.0,10.5595,0.0,14.521798611111112
2026-03-12 04:31:00,232.0,151.1,0.0,0.0,0.0,151.68808205128207,87.52995138888889,0.0,834.8564027777777,0.0,10.5595,0.0,14.521798611111112
2026-03-12 04:32:00,230.8,155.7,0.0,0.0,0.0,151.28054377803997,87.52995138888889,0.0,834.8564027777777,0.0,10.5595,0.0,14.521798611111112
2026-03-12 04:33:00,223.2,143.9,0.0,0.0,0.0,146.34439736500462,87.52995138888889,0.0,834.8564027777777,0.0,10.5595,0.0,14.521798611111112
2026-03-12 04:34:00,222.9,149.9,0.0,0.0,0.0,146.19847410496575,87.52995138888889,0.0,834.8564027777777,0.0,10.5595,0.0,14.521798611111112
2026-03-12 04:35:00,72.3,0.0,0.0,0.0,0.0,0.0,87.52995138888889,0.0,834.8564027777777,0.0,10.5595,0.0,14.521798611111112
2026-03-12 04:36:00,78.5,0.0,0.0,0.0,0.0,0.0,87.52995138888889,0.0,834.8564027777777,0.0,10.5595,0.0,14.521798611111112
2026-03-12 04:37:00,80.3,0.0,0.0,0.0,0.0,0.0,87.52995138888889,0.0,834.8564027777777,0.0,10.5595,0.0,14.521798611111112
2026-03-12 04:38:00,76.0,0.0,0.0,0.0,0.0,0.0,87.52995138888889,0.0,834.8564027777777,0.0,10.5595,0.0,14.521798611111112
2026-03-12 04:39:00,80.1,0.0,0.0,0.0,0.0,0.0,87.52995138888889,0.0,834.8564027777777,0.0,10.5595,0.0,14.521798611111112
2026-03-12 04:40:00,77.6,0.0,0.0,0.0,0.0,0.0,87.52995138888889,0.0,834.8564027777777,0.0,10.5595,0.0,14.521798611111112
2026-03-12 04:41:00,78.1,0.0,0.0,0.0,0.0,0.0,87.52995138888889,0.0,834.8564027777777,0.0,10.5595,0.0,14.521798611111112
2026-03-12 04:42:00,85.0,0.0,0.0,0.0,0.0,0.0,87.52995138888889,0.0,834.8564027777777,0.0,10.5595,0.0,14.521798611111112
2026-03-12 04:43:00,78.8,0.0,0.0,0.0,0.0,0.0,87.52995138888889,0.0,834.8564027777777,0.0,10.5595,0.0,14.521798611111112
2026-03-12 04:44:00,81.2,0.0,0.0,0.0,0.0,0.0,87.52995138888889,0.0,834.8564027777777,0.0,10.5595,0.0,14.521798611111112
2026-03-12 04:45:00,79.8,0.0,0.0,0.0,0.0,0.0,87.52995138888889,0.0,834.8564027777777,0.0,10.5595,0.0,14.521798611111112
2026-03-12 04:46:00,84.0,0.0,0.0,0.0,0.0,0.0,87.52995138888889,0.0,834.8564027777777,0.0,10.5595,0.0,14.521798611111112
2026-03-12 04:47:00,77.0,0.0,0.0,0.0,0.0,0.0,87.52995138888889,0.0,834.8564027777777,0.0,10.5595,0.0,14.521798611111112
2026-03-12 04:48:00,84.7,0.0,0.0,0.0,0.0,0.0,87.52995138888889,0.0,834.8564027777777,0.0,10.5595,0.0,14.521798611111112
2026-03-12 04:49:00,75.6,0.0,0.0,0.0,0.0,0.0,87.52995138888889,0.0,834.8564027777777,0.0,10.5595,0.0,14.521798611111112
2026-03-12 04:50:00,69.3,0.0,0.0,0.0,0.0,0.0,87.52995138888889,0.0,834.8564027777777,0.0,10.5595,0.0,14.521798611111112
2026-03-12 04:51:00,85.3,0.0,0.0,0.0,0.0,0.0,87.52995138888889,0.0,834.8564027777777,0.0,10.5595,0.0,14.521798611111112
2026-03-12 04:52:00,75.7,0.0,0.0,0.0,0.0,0.0,87.52995138888889,0.0,834.8564027777777,0.0,10.5595,0.0,14.521798611111112
2026-03-12 04:53:00,80.1,0.0,0.0,0.0,0.0,0.0,87.52995138888889,0.0,834.8564027777777,0.0,10.5595,0.0,14.521798611111112
2026-03-12 04:54:00,85.8,0.0,0.0,0.0,0.0,0.0,87.52995138888889,0.0,834.8564027777777,0.0,10.5595,0.0,14.521798611111112
2026-03-12 04:55:00,83.4,0.0,0.0,0.0,0.0,0.0,87.52995138888889,0.0,834.8564027777777,0.0,10.5595,0.0,14.521798611111112
2026-03-12 04:56:00,80.2,0.0,0.0,0.0,0.0,0.0,87.52995138888889,0.0,834.8564027777777,0.0,10.5595,0.0,14.521798611111112
2026-03-12 04:57:00,71.8,0.0,0.0,0.0,0.0,0.0,87.52995138888889,0.0,834.8564027777777,0.0,10.5595,0.0,14.521798611111112
2026-03-12 04:58:00,81.1,0.0,0.0,0.0,0.0,0.0,87.52995138888889,0.0,834.8564027777777,0.0,10.5595,0.0,14.521798611111112
2026-03-12 04:59:00,78.4,0.0,0.0,0.0,0.0,0.0,87.52995138888889,0.0,834.8564027777777,0.0,10.5595,0.0,14.521798611111112
2026-03-12 05:00:00,246.8,159.4,0.0,0.0,0.0,157.36611219429867,87.52995138888889,0.0,834.8564027777777,0.0,10.5595,0.0,14.521798611111112
2026-03-12 05:01:00,224.2,144.6,0.0,0.0,0.0,147.06335665734042,87.52995138888889,0.0,834.8564027777777,0.0,10.5595,0.0,14.521798611111112
2026-03-12 05:02:00,223.9,148.1,0.0,0.0,0.0,147.59592618503498,87.52995138888889,0.0,834.8564027777777,0.0,10.5595,0.0,14.521798611111112
2026-03-12 05:03:00,228.8,148.8,0.0,0.0,0.0,149.07508610219048,87.52995138888889,0.0,834.8564027777777,0.0,10.5595,0.0,14.521798611111112
2026-03-12 05:04:00,228.0,145.8,0.0,0.0,0.0,149.94166694300432,87.52995138888889,0.0,834.8564027777777,0.0,10.5595,0.0,14.521798611111112
2026-03-12 05:05:00,216.1,139.0,0.0,0.0,0.0,142.91238561563716,87.52995138888889,0.0,834.8564027777777,0.0,10.5595,0.0,14.521798611111112
2026-03-12 05:06:00,231.2,155.1,0.0,0.0,0.0,150.75062043721388,87.52995138888889,0.0,834.8564027777777,0.0,10.5595,0.0,14.521798611111112
2026-03-12 05:07:00,241.7,167.0,0.0,0.0,0.0,154.79411196260173,87.52995138888889,0.0,834.8564027777777,0.0,10.5595,0.0,14.521798611111112
2026-03-12 05:08:00,231.2,155.4,0.0,0.0,0.0,150.4433311921997,87.52995138888889,0.0,834.8564027777777,0.0,10.5595,0.0,14.521798611111112
2026-03-12 05:09:00,228.7,140.7,0.0,0.0,0.0,149.9679356624857,87.52995138888889,0.0,834.8564027777777,0.0,10.5595,0.0,14.521798611111112
2026-03-12 05:10:00,228.3,149.9,0.0,0.0,0.0,149.81592683803123,87.52995138888889,0.0,834.8564027777777,0.0,10.5595,0.0,14.521798611111112
2026-03-12 05:11:00,222.5,148.5,0.0,0.0,0.0,146.92924379110755,87.52995138888889,0.0,834.8564027777777,0.0,10.5595,0.0,14.521798611111112
2026-03-12 05:12:00,240.0,155.8,0.0,0.0,0.0,154.46121951057782,87.52995138888889,0.0,834.8564027777777,0.0,10.5595,0.0,14.521798611111112
2026-03-12 05:13:00,226.7,150.4,0.0,0.0,0.0,148.01373110761782,87.52995138888889,0.0,834.8564027777777,0.0,10.5595,0.0,14.521798611111112
2026-03-12 05:14:00,228.8,148.8,0.0,0.0,0.0,150.59459471639474,87.52995138888889,0.0,834.8564027777777,0.0,10.5595,0.0,14.521798611111112
2026-03-12 05:15:00,235.1,145.8,0.0,0.0,0.0,152.42142344521938,87.52995138888889,0.0,834.8564027777777,0.0,10.5595,0.0,14.521798611111112
2026-03-12 05:16:00,235.3,151.9,0.0,0.0,0.0,152.77335145294157,87.52995138888889,0.0,834.8564027777777,0.0,10.5595,0.0,14.521798611111112
2026-03-12 05:17:00,225.1,148.0,0.0,0.0,0.0,148.14072943385585,87.52995138888889,0.0,834.8564027777777,0.0,10.5595,0.0,14.521798611111112
2026-03-12 05:18:00,237.9,151.2,0.0,0.0,0.0,152.3286526769527,87.52995138888889,0.0,834.8564027777777,0.0,10.5595,0.0,14.521798611111112
2026-03-12 05:19:00,229.4,151.8,0.0,0.0,0.0,151.33474480136596,87.52995138888889,0.0,834.8564027777777,0.0,10.5595,0.0,14.521798611111112
2026-03-12 05:20:00,240.4,150.0,0.0,0.0,0.0,154.37189933957237,87.52995138888889,0.0,834.8564027777777,0.0,10.5595,0.0,14.521798611111112
2026-03-12 05:21:00,223.1,149.6,0.0,0.0,0.0,146.89662589888323,87.52995138888889,0.0,834.8564027777777,0.0,10.5595,0.0,14.521798611111112
2026-03-12 05:22:00,221.6,148.1,0.0,0.0,0.0,145.64542191316312,87.52995138888889,0.0,834.8564027777777,0.0,10.5595,0.0,14.521798611111112
2026-03-12 05:23:00,233.5,149.5,0.0,0.0,0.0,150.89520474133704,87.52995138888889,0.0,834.8564027777777,0.0,10.5595,0.0,14.521798611111112
2026-03-12 05:24:00,227.5,143.0,0.0,0.0,0.0,148.8105149462738,87.52995138888889,0.0,834.8564027777777,0.0,10.5595,0.0,14.521798611111112
2026-03-12 05:25:00,217.1,138.9,0.0,0.0,0.0,142.71941108216689,87.52995138888889,0.0,834.8564027777777,0.0,10.5595,0.0,14.521798611111112
2026-03-12 05:26:00,223.2,148.7,0.0,0.0,0.0,146.85410266073788,87.52995138888889,0.0,834.8564027777777,0.0,10.5595,0.0,14.521798611111112
2026-03-12 05:27:00,225.9,153.2,0.0,0.0,0.0,147.23752416749917,87.52995138888889,0.0,834.8564027777777,0.0,10.5595,0.0,14.521798611111112
2026-03-12 05:28:00,229.0,147.6,0.0,0.0,0.0,150.53771722491473,87.52995138888889,0.0,834.8564027777777,0.0,10.5595,0.0,14.521798611111112
2026-03-12 05:29:00,225.7,145.8,0.0,0.0,0.0,147.79197922657258,87.52995138888889,0.0,834.8564027777777,0.0,10.5595,0.0,14.521798611111112
2026-03-12 05:30:00,225.5,150.0,0.0,0.0,0.0,147.34687519588252,87.52995138888889,0.0,834.8564027777777,0.0,10.5595,0.0,14.521798611111112
2026-03-12 05:31:00,230.6,144.5,0.0,0.0,0.0,150.9462700498275,87.52995138888889,0.0,834.8564027777777,0.0,10.5595,0.0,14.521798611111112
2026-03-12 05:32:00,226.7,144.6,0.0,0.0,0.0,147.1060857762608,87.52995138888889,0.0,834.8564027777777,0.0,10.5595,0.0,14.521798611111112
2026-03-12 05:33:00,228.0,147.5,0.0,0.0,0.0,147.95505352632412,87.52995138888889,0.0,834.8564027777777,0.0,10.5595,0.0,14.521798611111112
2026-03-12 05:34:00,236.3,150.1,0.0,0.0,0.0,152.515765203948,87.52995138888889,0.0,834.8564027777777,0.0,10.5595,0.0,14.521798611111112
2026-03-12 05:35:00,80.3,0.0,0.0,0.0,0.0,0.0,87.52995138888889,0.0,834.8564027777777,0.0,10.5595,0.0,14.521798611111112
2026-03-12 05:36:00,82.2,0.0,0.0,0.0,0.0,0.0,87.52995138888889,0.0,834.8564027777777,0.0,10.5595,0.0,14.521798611111112
2026-03-12 05:37:00,78.7,0.0,0.0,0.0,0.0,0.0,87.52995138888889,0.0,834.8564027777777,0.0,10.5595,0.0,14.521798611111112
2026-03-12 05:38:00,86.1,0.0,0.0,0.0,0.0,0.0,87.52995138888889,0.0,834.8564027777777,0.0,10.5595,0.0,14.521798611111112
2026-03-12 05:39:00,76.7,0.0,0.0,0.0,0.0,0.0,87.52995138888889,0.0,834.8564027777777,0.0,10.5595,0.0,14.521798611111112
2026-03-12 05:40:00,84.3,0.0,0.0,0.0,0.0,0.0,87.52995138888889,0.0,834.8564027777777,0.0,10.5595,0.0,14.521798611111112
2026-03-12 05:41:00,82.3,0.0,0.0,0.0,0.0,0.0,87.52995138888889,0.0,834.8564027777777,0.0,10.5595,0.0,14.521798611111112
2026-03-12 05:42:00,76.3,0.0,0.0,0.0,0.0,0.0,87.52995138888889,0.0,834.8564027777777,0.0,10.5595,0.0,14.521798611111112
2026-03-12 05:43:00,82.1,0.0,0.0,0.0,0.0,0.0,87.52995138888889,0.0,834.8564027777777,0.0,10.5595,0.0,14.521798611111112
2026-03-12 05:44:00,89.9,0.0,0.0,0.0,0.0,0.0,87.52995138888889,0.0,834.8564027777777,0.0,10.5595,0.0,14.521798611111112
2026-03-12 05:45:00,70.9,0.0,0.0,0.0,0.0,0.0,87.52995138888889,0.0,834.8564027777777,0.0,10.5595,0.0,14.521798611111112
2026-03-12 05:46:00,78.2,0.0,0.0,0.0,0.0,0.0,87.52995138888889,0.0,834.8564027777777,0.0,10.5595,0.0,14.521798611111112
2026-03-12 05:47:00,87.9,0.0,0.0,0.0,0.0,0.0,87.52995138888889,0.0,834.8564027777777,0.0,10.5595,0.0,14.521798611111112
2026-03-12 05:48:00,75.2,0.0,0.0,0.0,0.0,0.0,87.52995138888889,0.0,834.8564027777777,0.0,10.5595,0.0,14.521798611111112
2026-03-12 05:49:00,91.8,0.0,0.0,0.0,0.0,0.0,87.52995138888889,0.0,834.8564027777777,0.0,10.5595,0.0,14.521798611111112
2026-03-12 05:50:00,83.4,0.0,0.0,0.0,0.0,0.0,87.52995138888889,0.0,834.8564027777777,0.0,10.5595,0.0,14.521798611111112
2026-03-12 05:51:00,80.3,0.0,0.0,0.0,0.0,0.0,87.52995138888889,0.0,834.8564027777777,0.0,10.5595,0.0,14.521798611111112
2026-03-12 05:52:00,70.6,0.0,0.0,0.0,0.0,0.0,87.52995138888889,0.0,834.8564027777777,0.0,10.5595,0.0,14.521798611111112
2026-03-12 05:53:00,74.6,0.0,0.0,0.0,0.0,0.0,87.52995138888889,0.0,834.8564027777777,0.0,10.5595,0.0,14.521798611111112
2026-03-12 05:54:00,76.8,0.0,0.0,0.0,0.0,0.0,87.52995138888889,0.0,834.8564027777777,0.0,10.5595,0.0,14.521798611111112
2026-03-12 05:55:00,80.5,0.0,0.0,0.0,0.0,0.0,87.52995138888889,0.0,834.8564027777777,0.0,10.5595,0.0,14.521798611111112
2026-03-12 05:56:00,69.5,0.0,0.0,0.0,0.0,0.0,87.52995138888889,0.0,834.8564027777777,0.0,10.5595,0.0,14.521798611111112
2026-03-12 05:57:00,74.9,0.0,0.0,0.0,0.0,0.0,87.52995138888889,0.0,834.8564027777777,0.0,10.5595,0.0,14.521798611111112
2026-03-12 05:58:00,75.5,0.0,0.0,0.0,0.0,0.0,87.52995138888889,0.0,834.8564027777777,0.0,10.5595,0.0,14.521798611111112
2026-03-12 05:59:00,68.0,0.0,0.0,0.0,0.0,0.0,87.52995138888889,0.0,834.8564027777777,0.0,10.5595,0.0,14.521798611111112
2026-03-12 06:00:00,231.4,154.5,0.0,0.0,0.0,150.17684870668555,87.52995138888889,0.0,834.8564027777777,0.0,10.5595,0.0,14.521798611111112
2026-03-12 06:01:00,252.3,162.1,0.0,0.0,0.0,162.19809584892232,87.52995138888889,0.0,834.8564027777777,0.0,10.5595,0.0,14.521798611111112
2026-03-12 06:02:00,229.3,144.8,0.0,0.0,0.0,149.52443352284962,87.52995138888889,0.0,834.8564027777777,0.0,10.5595,0.0,14.521798611111112
2026-03-12 06:03:00,238.0,150.0,0.0,0.0,0.0,154.24536557442102,87.52995138888889,0.0,834.8564027777777,0.0,10.5595,0.0,14.521798611111112
2026-03-12 06:04:00,243.3,158.9,0.0,0.0,0.0,155.2316062056136,87.52995138888889,0.0,834.8564027777777,0.0,10.5595,0.0,14.521798611111112
2026-03-12 06:05:00,238.2,159.6,0.0,0.0,0.0,153.9158018532838,87.52995138888889,0.0,834.8564027777777,0.0,10.5595,0.0,14.521798611111112
2026-03-12 06:06:00,239.9,158.1,0.0,0.0,0.0,153.96747468842707,87.52995138888889,0.0,834.8564027777777,0.0,10.5595,0.0,14.521798611111112
2026-03-12 06:07:00,222.1,149.6,0.0,0.0,0.0,147.56293504383763,87.52995138888889,0.0,834.8564027777777,0.0,10.5595,0.0,14.521798611111112
2026-03-12 06:08:00,233.7,156.8,0.0,0.0,0.0,150.83283885934338,87.52995138888889,0.0,834.8564027777777,0.0,10.5595,0.0,14.521798611111112
2026-03-12 06:09:00,238.1,150.4,0.0,0.0,0.0,153.84453228010096,87.52995138888889,0.0,834.8564027777777,0.0,10.5595,0.0,14.521798611111112
2026-03-12 06:10:00,226.9,145.0,0.0,0.0,0.0,148.27048919658776,87.52995138888889,0.0,834.8564027777777,0.0,10.5595,0.0,14.521798611111112
2026-03-12 06:11:00,221.5,151.7,0.0,0.0,0.0,147.4701571206027,87.52995138888889,0.0,834.8564027777777,0.0,10.5595,0.0,14.521798611111112
2026-03-12 06:12:00,226.0,152.3,0.0,0.0,0.0,148.68755136652132,87.52995138888889,0.0,834.8564027777777,0.0,10.5595,0.0,14.521798611111112
2026-03-12 06:13:00,235.6,157.5,0.0,0.0,0.0,153.59033657980873,87.52995138888889,0.0,834.8564027777777,0.0,10.5595,0.0,14.521798611111112
2026-03-12 06:14:00,223.0,147.2,0.0,0.0,0.0,147.51063102102574,87.52995138888889,0.0,834.8564027777777,0.0,10.5595,0.0,14.521798611111112
2026-03-12 06:15:00,224.9,145.7,0.0,0.0,0.0,149.0973679878401,87.52995138888889,0.0,834.8564027777777,0.0,10.5595,0.0,14.521798611111112
2026-03-12 06:16:00,230.3,151.8,0.0,0.0,0.0,152.14868975191476,87.52995138888889,0.0,834.8564027777777,0.0,10.5595,0.0,14.521798611111112
2026-03-12 06:17:00,233.7,153.1,0.0,0.0,0.0,152.4455875830597,87.52995138888889,0.0,834.8564027777777,0.0,10.5595,0.0,14.521798611111112
2026-03-12 06:18:00,236.6,158.5,0.0,0.0,0.0,153.9804264647662,87.52995138888889,0.0,834.8564027777777,0.0,10.5595,0.0,14.521798611111112
2026-03-12 06:19:00,229.8,151.9,0.0,0.0,0.0,149.76685706112198,87.52995138888889,0.0,834.8564027777777,0.0,10.5595,0.0,14.521798611111112
2026-03-12 06:20:00,236.1,147.6,0.0,0.0,0.0,154.33876201673573,87.52995138888889,0.0,834.8564027777777,0.0,10.5595,0.0,14.521798611111112
2026-03-12 06:21:00,232.6,150.2,0.0,0.0,0.0,150.79897963708402,87.52995138888889,0.0,834.8564027777777,0.0,10.5595,0.0,14.521798611111112
2026-03-12 06:22:00,241.0,164.6,0.0,0.0,0.0,155.23707560816092,87.52995138888889,0.0,834.8564027777777,0.0,10.5595,0.0,14.521798611111112
2026-03-12 06:23:00,224.9,140.5,0.0,0.0,0.0,148.36636476580986,87.52995138888889,0.0,834.8564027777777,0.0,10.5595,0.0,14.521798611111112
2026-03-12 06:24:00,225.7,149.9,0.0,0.0,0.0,149.1098172540624,87.52995138888889,0.0,834.8564027777777,0.0,10.5595,0.0,14.521798611111112
2026-03-12 06:25:00,232.0,158.6,0.0,0.0,0.0,151.00777728582045,87.52995138888889,0.0,834.8564027777777,0.0,10.5595,0.0,14.521798611111112
2026-03-12 06:26:00,228.9,150.9,0.0,0.0,0.0,149.07016180252205,87.52995138888889,0.0,834.8564027777777,0.0,10.5595,0.0,14.521798611111112
2026-03-12 06:27:00,219.0,145.6,0.0,0.0,0.0,147.47477259219394,87.52995138888889,0.0,834.8564027777777,0.0,10.5595,0.0,14.521798611111112
2026-03-12 06:28:00,237.3,147.2,0.0,0.0,0.0,154.67350004336623,87.52995138888889,0.0,834.8564027777777,0.0,10.5595,0.0,14.521798611111112
2026-03-12 06:29:00,232.7,154.0,0.0,0.0,0.0,150.04969398615378,87.52995138888889,0.0,834.8564027777777,0.0,10.5595,0.0,14.521798611111112
2026-03-12 06:30:00,226.8,145.2,0.0,0.0,0.0,148.46630440338527,87.52995138888889,0.0,834.8564027777777,0.0,10.5595,0.0,14.521798611111112
2026-03-12 06:31:00,236.8,151.3,0.0,0.0,0.0,153.48878150091224,87.52995138888889,0.0,834.8564027777777,0.0,10.5595,0.0,14.521798611111112
2026-03-12 06:32:00,232.8,150.3,0.0,0.0,0.0,150.14028851847334,87.52995138888889,0.0,834.8564027777777,0.0,10.5595,0.0,14.521798611111112
2026-03-12 06:33:00,239.1,153.3,0.0,0.0,0.0,154.71179252898514,87.52995138888889,0.0,834.8564027777777,0.0,10.5595,0.0,14.521798611111112
2026-03-12 06:34:00,231.8,154.1,0.0,0.0,0.0,150.79977458633562,87.52995138888889,0.0,834.8564027777777,0.0,10.5595,0.0,14.521798611111112
2026-03-12 06:35:00,82.1,0.0,0.0,0.0,0.0,0.0,87.52995138888889,0.0,834.8564027777777,0.0,10.5595,0.0,14.521798611111112
2026-03-12 06:36:00,76.8,0.0,0.0,0.0,0.0,0.0,87.52995138888889,0.0,834.8564027777777,0.0,10.5595,0.0,14.521798611111112
2026-03-12 06:37:00,84.7,0.0,0.0,0.0,0.0,0.0,87.52995138888889,0.0,834.8564027777777,0.0,10.5595,0.0,14.521798611111112
2026-03-12 06:38:00,86.2,0.0,0.0,0.0,0.0,0.0,87.52995138888889,0.0,834.8564027777777,0.0,10.5595,0.0,14.521798611111112
2026-03-12 06:39:00,78.5,0.0,0.0,0.0,0.0,0.0,87.52995138888889,0.0,834.8564027777777,0.0,10.5595,0.0,14.521798611111112
2026-03-12 06:40:00,88.8,0.0,0.0,0.0,0.0,0.0,87.52995138888889,0.0,834.8564027777777,0.0,10.5595,0.0,14.521798611111112
2026-03-12 06:41:00,87.4,0.0,0.0,0.0,0.0,0.0,87.52995138888889,0.0,834.8564027777777,0.0,10.5595,0.0,14.521798611111112
2026-03-12 06:42:00,83.7,0.0,0.0,0.0,0.0,0.0,87.52995138888889,0.0,834.8564027777777,0.0,10.5595,0.0,14.521798611111112
2026-03-12 06:43:00,85.0,0.0,0.0,0.0,0.0,0.0,87.52995138888889,0.0,834.8564027777777,0.0,10.5595,0.0,14.521798611111112
2026-03-12 06:44:00,80.6,0.0,0.0,0.0,0.0,0.0,87.52995138888889,0.0,834.8564027777777,0.0,10.5595,0.0,14.521798611111112
2026-03-12 06:45:00,81.4,0.0,0.0,0.0,0.0,0.0,87.52995138888889,0.0,834.8564027777777,0.0,10.5595,0.0,14.521798611111112
2026-03-12 06:46:00,87.1,0.0,0.0,0.0,0.0,0.0,87.52995138888889,0.0,834.8564027777777,0.0,10.5595,0.0,14.521798611111112
2026-03-12 06:47:00,73.9,0.0,0.0,0.0,0.0,0.0,87.52995138888889,0.0,834.8564027777777,0.0,10.5595,0.0,14.521798611111112
2026-03-12 06:48:00,74.4,0.0,0.0,0.0,0.0,0.0,87.52995138888889,0.0,834.8564027777777,0.0,10.5595,0.0,14.521798611111112
2026-03-12 06:49:00,78.5,0.0,0.0,0.0,0.0,0.0,87.52995138888889,0.0,834.8564027777777,0.0,10.5595,0.0,14.521798611111112
2026-03-12 06:50:00,75.9,0.0,0.0,0.0,0.0,0.0,87.52995138888889,0.0,834.8564027777777,0.0,10.5595,0.0,14.521798611111112
2026-03-12 06:51:00,87.6,0.0,0.0,0.0,0.0,0.0,87.52995138888889,0.0,834.8564027777777,0.0,10.5595,0.0,14.521798611111112
2026-03-12 06:52:00,83.2,0.0,0.0,0.0,0.0,0.0,87.52995138888889,0.0,834.8564027777777,0.0,10.5595,0.0,14.521798611111112
2026-03-12 06:53:00,78.4,0.0,0.0,0.0,0.0,0.0,87.52995138888889,0.0,834.8564027777777,0.0,10.5595,0.0,14.521798611111112
2026-03-12 06:54:00,83.3,0.0,0.0,0.0,0.0,0.0,87.52995138888889,0.0,834.8564027777777,0.0,10.5595,0.0,14.521798611111112
2026-03-12 06:55:00,87.3,0.0,0.0,0.0,0.0,0.0,87.52995138888889,0.0,834.8564027777777,0.0,10.5595,0.0,14.521798611111112
2026-03-12 06:56:00,87.3,0.0,0.0,0.0,0.0,0.0,87.52995138888889,0.0,834.8564027777777,0.0,10.5595,0.0,14.521798611111112
2026-03-12 06:57:00,87.7,0.0,0.0,0.0,0.0,0.0,87.52995138888889,0.0,834.8564027777777,0.0,10.5595,0.0,14.521798611111112
2026-03-12 06:58:00,73.4,0.0,0.0,0.0,0.0,0.0,87.52995138888889,0.0,834.8564027777777,0.0,10.5595,0.0,14.521798611111112
2026-03-12 06:59:00,85.3,0.0,0.0,0.0,0.0,0.0,87.52995138888889,0.0,834.8564027777777,0.0,10.5595,0.0,14.521798611111112
2026-03-12 07:00:00,218.7,144.8,0.0,0.0,0.0,146.8516270907255,87.52995138888889,0.0,834.8564027777777,0.0,10.5595,0.0,14.521798611111112
2026-03-12 07:01:00,236.6,152.7,0.0,0.0,0.0,153.52349036448297,87.52995138888889,0.0,834.8564027777777,0.0,10.5595,0.0,14.521798611111112
2026-03-12 07:02:00,226.7,142.3,0.0,0.0,0.0,148.25850833322454,87.52995138888889,0.0,834.8564027777777,0.0,10.5595,0.0,14.521798611111112
2026-03-12 07:03:00,245.0,155.6,0.0,0.0,0.0,156.62316174234547,87.52995138888889,0.0,834.8564027777777,0.0,10.5595,0.0,14.521798611111112
2026-03-12 07:04:00,234.2,152.8,0.0,0.0,0.0,151.99022059911775,87.52995138888889,0.0,834.8564027777777,0.0,10.5595,0.0,14.521798611111112
2026-03-12 07:05:00,214.9,146.7,0.0,0.0,0.0,143.1646004845917,87.52995138888889,0.0,834.8564027777777,0.0,10.5595,0.0,14.521798611111112
2026-03-12 07:06:00,235.3,150.1,0.0,0.0,0.0,153.32494860716622,87.52995138888889,0.0,834.8564027777777,0.0,10.5595,0.0,14.521798611111112
2026-03-12 07:07:00,226.6,147.3,0.0,0.0,0.0,148.70258446526236,87.52995138888889,0.0,834.8564027777777,0.0,10.5595,0.0,14.521798611111112
2026-03-12 07:08:00,233.6,151.9,0.0,0.0,0.0,151.21191831605222,87.52995138888889,0.0,834.8564027777777,0.0,10.5595,0.0,14.521798611111112
2026-03-12 07:09:00,242.5,156.3,0.0,0.0,0.0,154.47850911879664,87.52995138888889,0.0,834.8564027777777,0.0,10.5595,0.0,14.521798611111112
2026-03-12 07:10:00,235.0,148.9,0.0,0.0,0.0,152.1248659806424,87.52995138888889,0.0,834.8564027777777,0.0,10.5595,0.0,14.521798611111112
2026-03-12 07:11:00,236.8,151.5,0.0,0.0,0.0,153.98030313194425,87.52995138888889,0.0,834.8564027777777,0.0,10.5595,0.0,14.521798611111112
2026-03-12 07:12:00,233.1,156.2,0.0,0.0,0.0,151.14746249844933,87.52995138888889,0.0,834.8564027777777,0.0,10.5595,0.0,14.521798611111112
2026-03-12 07:13:00,225.2,149.7,0.0,0.0,0.0,148.39620658100065,87.52995138888889,0.0,834.8564027777777,0.0,10.5595,0.0,14.521798611111112
2026-03-12 07:14:00,239.8,154.8,0.0,0.0,0.0,154.38563818233143,87.52995138888889,0.0,834.8564027777777,0.0,10.5595,0.0,14.521798611111112
2026-03-12 07:15:00,237.1,146.4,0.0,0.0,0.0,153.54785047512118,87.52995138888889,0.0,834.8564027777777,0.0,10.5595,0.0,14.521798611111112
2026-03-12 07:16:00,224.1,148.9,0.0,0.0,0.0,147.50850075132414,87.52995138888889,0.0,834.8564027777777,0.0,10.5595,0.0,14.521798611111112
2026-03-12 07:17:00,242.8,154.2,0.0,0.0,0.0,154.5672939258426,87.52995138888889,0.0,834.8564027777777,0.0,10.5595,0.0,14.521798611111112
2026-03-12 07:18:00,234.7,156.2,0.0,0.0,0.0,152.00775496936268,87.52995138888889,0.0,834.8564027777777,0.0,10.5595,0.0,14.521798611111112
2026-03-12 07:19:00,222.9,144.1,0.0,0.0,0.0,146.43799549811504,87.52995138888889,0.0,834.8564027777777,0.0,10.5595,0.0,14.521798611111112
2026-03-12 07:20:00,236.7,149.7,0.0,0.0,0.0,153.60763871477693,87.52995138888889,0.0,834.8564027777777,0.0,10.5595,0.0,14.521798611111112
2026-03-12 07:21:00,240.2,156.7,0.0,0.0,0.0,154.17652072923363,87.52995138888889,0.0,834.8564027777777,0.0,10.5595,0.0,14.521798611111112
2026-03-12 07:22:00,229.5,152.0,0.0,0.0,0.0,149.99302769129739,87.52995138888889,0.0,834.8564027777777,0.0,10.5595,0.0,14.521798611111112
2026-03-12 07:23:00,225.8,146.2,0.0,0.0,0.0,147.21320863999833,87.52995138888889,0.0,834.8564027777777,0.0,10.5595,0.0,14.521798611111112
2026-03-12 07:24:00,223.5,152.0,0.0,0.0,0.0,146.70471101306669,87.52995138888889,0.0,834.8564027777777,0.0,10.5595,0.0,14.521798611111112
2026-03-12 07:25:00,220.5,147.6,0.0,0.0,0.0,146.37499771916535,87.52995138888889,0.0,834.8564027777777,0.0,10.5595,0.0,14.521798611111112
2026-03-12 07:26:00,239.3,156.6,0.0,0.0,0.0,154.2846095645927,87.52995138888889,0.0,834.8564027777777,0.0,10.5595,0.0,14.521798611111112
2026-03-12 07:27:00,223.8,146.2,0.0,0.0,0.0,146.8143916801121,87.52995138888889,0.0,834.8564027777777,0.0,10.5595,0.0,14.521798611111112
2026-03-12 07:28:00,223.8,144.9,0.0,0.0,0.0,146.7462121670326,87.52995138888889,0.0,834.8564027777777,0.0,10.5595,0.0,14.521798611111112
2026-03-12 07:29:00,230.3,150.7,0.0,0.0,0.0,150.00336361969357,87.52995138888889,0.0,834.8564027777777,0.0,10.5595,0.0,14.521798611111112
2026-03-12 07:30:00,241.7,150.0,0.0,0.0,0.0,154.9263231207332,87.52995138888889,0.0,834.8564027777777,0.0,10.5595,0.0,14.521798611111112
2026-03-12 07:31:00,226.9,150.0,0.0,0.0,0.0,149.10339878902764,87.52995138888889,0.0,834.8564027777777,0.0,10.5595,0.0,14.521798611111112
2026-03-12 07:32:00,225.5,145.7,0.0,0.0,0.0,148.21183403528303,87.52995138888889,0.0,834.8564027777777,0.0,10.5595,0.0,14.521798611111112
2026-03-12 07:33:00,222.4,153.7,0.0,0.0,0.0,145.3514551524785,87.52995138888889,0.0,834.8564027777777,0.0,10.5595,0.0,14.521798611111112
2026-03-12 07:34:00,225.9,149.3,0.0,0.0,0.0,147.7504378901599,87.52995138888889,0.0,834.8564027777777,0.0,10.5595,0.0,14.521798611111112
2026-03-12 07:35:00,85.9,0.0,0.0,0.0,0.0,0.0,87.52995138888889,0.0,834.8564027777777,0.0,10.5595,0.0,14.521798611111112
2026-03-12 07:36:00,71.2,0.0,0.0,0.0,0.0,0.0,87.52995138888889,0.0,834.8564027777777,0.0,10.5595,0.0,14.521798611111112
2026-03-12 07:37:00,72.5,0.0,0.0,0.0,0.0,0.0,87.52995138888889,0.0,834.8564027777777,0.0,10.5595,0.0,14.521798611111112
2026-03-12 07:38:00,76.8,0.0,0.0,0.0,0.0,0.0,87.52995138888889,0.0,834.8564027777777,0.0,10.5595,0.0,14.521798611111112
2026-03-12 07:39:00,74.5,0.0,0.0,0.0,0.0,0.0,87.52995138888889,0.0,834.8564027777777,0.0,10.5595,0.0,14.521798611111112
2026-03-12 07:40:00,79.0,0.0,0.0,0.0,0.0,0.0,87.52995138888889,0.0,834.8564027777777,0.0,10.5595,0.0,14.521798611111112
2026-03-12 07:41:00,76.0,0.0,0.0,0.0,0.0,0.0,87.52995138888889,0.0,834.8564027777777,0.0,10.5595,0.0,14.521798611111112
2026-03-12 07:42:00,83.9,0.0,0.0,0.0,0.0,0.0,87.52995138888889,0.0,834.8564027777777,0.0,10.5595,0.0,14.521798611111112
2026-03-12 07:43:00,77.4,0.0,0.0,0.0,0.0,0.0,87.52995138888889,0.0,834.8564027777777,0.0,10.5595,0.0,14.521798611111112
2026-03-12 07:44:00,76.9,0.0,0.0,0.0,0.0,0.0,87.52995138888889,0.0,834.8564027777777,0.0,10.5595,0.0,14.521798611111112
2026-03-12 07:45:00,77.0,0.0,0.0,0.0,0.0,0.0,87.52995138888889,0.0,834.8564027777777,0.0,10.5595,0.0,14.521798611111112
2026-03-12 07:46:00,67.0,0.0,0.0,0.0,0.0,0.0,87.52995138888889,0.0,834.8564027777777,0.0,10.5595,0.0,14.521798611111112
2026-03-12 07:47:00,75.0,0.0,0.0,0.0,0.0,0.0,87.52995138888889,0.0,834.8564027777777,0.0,10.5595,0.0,14.521798611111112
2026-03-12 07:48:00,79.2,0.0,0.0,0.0,0.0,0.0,87.52995138888889,0.0,834.8564027777777,0.0,10.5595,0.0,14.521798611111112
2026-03-12 07:49:00,69.7,0.0,0.0,0.0,0.0,0.0,87.52995138888889,0.0,834.8564027777777,0.0,10.5595,0.0,14.521798611111112
2026-03-12 07:50:00,86.4,0.0,0.0,0.0,0.0,0.0,87.52995138888889,0.0,834.8564027777777,0.0,10.5595,0.0,14.521798611111112
2026-03-12 07:51:00,81.6,0.0,0.0,0.0,0.0,0.0,87.52995138888889,0.0,834.8564027777777,0.0,10.5595,0.0,14.521798611111112
2026-03-12 07:52:00,74.6,0.0,0.0,0.0,0.0,0.0,87.52995138888889,0.0,834.8564027777777,0.0,10.5595,0.0,14.521798611111112
2026-03-12 07:53:00,76.7,0.0,0.0,0.0,0.0,0.0,87.52995138888889,0.0,834.8564027777777,0.0,10.5595,0.0,14.521798611111112
2026-03-12 07:54:00,76.2,0.0,0.0,0.0,0.0,0.0,87.52995138888889,0.0,834.8564027777777,0.0,10.5595,0.0,14.521798611111112
2026-03-12 07:55:00,78.8,0.0,0.0,0.0,0.0,0.0,87.52995138888889,0.0,834.8564027777777,0.0,10.5595,0.0,14.521798611111112
2026-03-12 07:56:00,78.2,0.0,0.0,0.0,0.0,0.0,87.52995138888889,0.0,834.8564027777777,0.0,10.5595,0.0,14.521798611111112
2026-03-12 07:57:00,82.0,0.0,0.0,0.0,0.0,0.0,87.52995138888889,0.0,834.8564027777777,0.0,10.5595,0.0,14.521798611111112
2026-03-12 07:58:00,83.6,0.0,0.0,0.0,0.0,0.0,87.52995138888889,0.0,834.8564027777777,0.0,10.5595,0.0,14.521798611111112
2026-03-12 07:59:00,76.0,0.0,0.0,0.0,0.0,0.0,87.52995138888889,0.0,834.8564027777777,0.0,10.5595,0.0,14.521798611111112
2026-03-12 08:00:00,229.1,153.4,0.0,0.0,0.0,149.02647154523035,87.52995138888889,0.0,834.8564027777777,0.0,10.5595,0.0,14.521798611111112
2026-03-12 08:01:00,231.7,150.2,0.0,0.0,0.0,149.58504842151316,87.52995138888889,0.0,834.8564027777777,0.0,10.5595,0.0,14.521798611111112
2026-03-12 08:02:00,222.1,147.5,0.0,0.0,0.0,146.72552129308318,87.52995138888889,0.0,834.8564027777777,0.0,10.5595,0.0,14.521798611111112
2026-03-12 08:03:00,235.9,161.8,0.0,0.0,0.0,153.34879903968573,87.52995138888889,0.0,834.8564027777777,0.0,10.5595,0.0,14.521798611111112
2026-03-12 08:04:00,227.5,146.5,0.0,0.0,0.0,148.31544284934193,87.52995138888889,0.0,834.8564027777777,0.0,10.5595,0.0,14.521798611111112
2026-03-12 08:05:00,247.6,152.8,0.0,0.0,0.0,158.56491816119612,87.52995138888889,0.0,834.8564027777777,0.0,10.5595,0.0,14.521798611111112
2026-03-12 08:06:00,218.5,146.9,0.0,0.0,0.0,146.40388254708247,87.52995138888889,0.0,834.8564027777777,0.0,10.5595,0.0,14.521798611111112
2026-03-12 08:07:00,229.6,146.7,0.0,0.0,0.0,149.19053187068928,87.52995138888889,0.0,834.8564027777777,0.0,10.5595,0.0,14.521798611111112
2026-03-12 08:08:00,216.7,146.5,0.0,0.0,0.0,142.54251694612583,87.52995138888889,0.0,834.8564027777777,0.0,10.5595,0.0,14.521798611111112
2026-03-12 08:09:00,252.8,158.3,0.0,0.0,0.0,162.2859215731981,87.52995138888889,0.0,834.8564027777777,0.0,10.5595,0.0,14.521798611111112
2026-03-12 08:10:00,229.8,148.5,0.0,0.0,0.0,149.85927869128056,87.52995138888889,0.0,834.8564027777777,0.0,10.5595,0.0,14.521798611111112
2026-03-12 08:11:00,221.5,141.9,0.0,0.0,0.0,146.28730431529254,87.52995138888889,0.0,834.8564027777777,0.0,10.5595,0.0,14.521798611111112
2026-03-12 08:12:00,222.7,145.3,0.0,0.0,0.0,146.9654720447767,87.52995138888889,0.0,834.8564027777777,0.0,10.5595,0.0,14.521798611111112
2026-03-12 08:13:00,224.4,143.3,0.0,0.0,0.0,148.6072420845294,87.52995138888889,0.0,834.8564027777777,0.0,10.5595,0.0,14.521798611111112
2026-03-12 08:14:00,222.5,148.3,0.0,0.0,0.0,147.13813800319048,87.52995138888889,0.0,834.8564027777777,0.0,10.5595,0.0,14.521798611111112
2026-03-12 08:15:00,222.6,147.7,0.0,0.0,0.0,147.49107253429116,87.52995138888889,0.0,834.8564027777777,0.0,10.5595,0.0,14.521798611111112
2026-03-12 08:16:00,242.3,157.9,0.0,0.0,0.0,155.6700696053402,87.52995138888889,0.0,834.8564027777777,0.0,10.5595,0.0,14.521798611111112
2026-03-12 08:17:00,221.8,145.7,0.0,0.0,0.0,146.00487241854006,87.52995138888889,0.0,834.8564027777777,0.0,10.5595,0.0,14.521798611111112
2026-03-12 08:18:00,234.3,144.6,0.0,0.0,0.0,152.15513435598626,87.52995138888889,0.0,834.8564027777777,0.0,10.5595,0.0,14.521798611111112
2026-03-12 08:19:00,227.7,151.4,0.0,0.0,0.0,148.65953591306356,87.52995138888889,0.0,834.8564027777777,0.0,10.5595,0.0,14.521798611111112
2026-03-12 08:20:00,245.1,159.9,0.0,0.0,0.0,157.89816048406936,87.52995138888889,0.0,834.8564027777777,0.0,10.5595,0.0,14.521798611111112
2026-03-12 08:21:00,228.7,148.6,0.0,0.0,0.0,149.5577092894435,87.52995138888889,0.0,834.8564027777777,0.0,10.5595,0.0,14.521798611111112
2026-03-12 08:22:00,232.9,146.7,0.0,0.0,0.0,151.82518667021534,87.52995138888889,0.0,834.8564027777777,0.0,10.5595,0.0,14.521798611111112
2026-03-12 08:23:00,236.2,157.4,0.0,0.0,0.0,151.97876764776902,87.52995138888889,0.0,834.8564027777777,0.0,10.5595,0.0,14.521798611111112
2026-03-12 08:24:00,232.2,141.9,0.0,0.0,0.0,151.66560956461842,87.52995138888889,0.0,834.8564027777777,0.0,10.5595,0.0,14.521798611111112
2026-03-12 08:25:00,231.6,150.2,0.0,0.0,0.0,151.7522375630904,87.52995138888889,0.0,834.8564027777777,0.0,10.5595,0.0,14.521798611111112
2026-03-12 08:26:00,216.5,148.2,0.0,0.0,0.0,143.30052221111657,87.52995138888889,0.0,834.8564027777777,0.0,10.5595,0.0,14.521798611111112
2026-03-12 08:27:00,237.3,153.6,0.0,0.0,0.0,153.79488623410472,87.52995138888889,0.0,834.8564027777777,0.0,10.5595,0.0,14.521798611111112
2026-03-12 08:28:00,221.0,152.7,0.0,0.0,0.0,145.08581087692264,87.52995138888889,0.0,834.8564027777777,0.0,10.5595,0.0,14.521798611111112
2026-03-12 08:29:00,239.9,149.5,0.0,0.0,0.0,154.25380039892738,87.52995138888889,0.0,834.8564027777777,0.0,10.5595,0.0,14.521798611111112
2026-03-12 08:30:00,227.2,148.5,0.0,0.0,0.0,147.60248882454547,87.52995138888889,0.0,834.8564027777777,0.0,10.5595,0.0,14.521798611111112
2026-03-12 08:31:00,238.2,150.5,0.0,0.0,0.0,154.00121579322806,87.52995138888889,0.0,834.8564027777777,0.0,10.5595,0.0,14.521798611111112
2026-03-12 08:32:00,231.0,148.7,0.0,0.0,0.0,152.82615009924714,87.52995138888889,0.0,834.8564027777777,0.0,10.5595,0.0,14.521798611111112
2026-03-12 08:33:00,226.2,147.5,0.0,0.0,0.0,147.27510175698342,87.52995138888889,0.0,834.8564027777777,0.0,10.5595,0.0,14.521798611111112
2026-03-12 08:34:00,233.9,150.5,0.0,0.0,0.0,151.79630505888449,87.52995138888889,0.0,834.8564027777777,0.0,10.5595,0.0,14.521798611111112
2026-03-12 08:35:00,82.8,0.0,0.0,0.0,0.0,0.0,87.52995138888889,0.0,834.8564027777777,0.0,10.5595,0.0,14.521798611111112
2026-03-12 08:36:00,73.9,0.0,0.0,0.0,0.0,0.0,87.52995138888889,0.0,834.8564027777777,0.0,10.5595,0.0,14.521798611111112
2026-03-12 08:37:00,79.7,0.0,0.0,0.0,0.0,0.0,87.52995138888889,0.0,834.8564027777777,0.0,10.5595,0.0,14.521798611111112
2026-03-12 08:38:00,68.1,0.0,0.0,0.0,0.0,0.0,87.52995138888889,0.0,834.8564027777777,0.0,10.5595,0.0,14.521798611111112
2026-03-12 08:39:00,79.2,0.0,0.0,0.0,0.0,0.0,87.52995138888889,0.0,834.8564027777777,0.0,10.5595,0.0,14.521798611111112
2026-03-12 08:40:00,89.7,0.0,0.0,0.0,0.0,0.0,87.52995138888889,0.0,834.8564027777777,0.0,10.5595,0.0,14.521798611111112
2026-03-12 08:41:00,71.6,0.0,0.0,0.0,0.0,0.0,87.52995138888889,0.0,834.8564027777777,0.0,10.5595,0.0,14.521798611111112
2026-03-12 08:42:00,87.9,0.0,0.0,0.0,0.0,0.0,87.52995138888889,0.0,834.8564027777777,0.0,10.5595,0.0,14.521798611111112
2026-03-12 08:43:00,79.6,0.0,0.0,0.0,0.0,0.0,87.52995138888889,0.0,834.8564027777777,0.0,10.5595,0.0,14.521798611111112
2026-03-12 08:44:00,90.1,0.0,0.0,0.0,0.0,0.0,87.52995138888889,0.0,834.8564027777777,0.0,10.5595,0.0,14.521798611111112
2026-03-12 08:45:00,90.0,0.0,0.0,0.0,0.0,0.0,87.52995138888889,0.0,834.8564027777777,0.0,10.5595,0.0,14.521798611111112
2026-03-12 08:46:00,84.0,0.0,0.0,0.0,0.0,0.0,87.52995138888889,0.0,834.8564027777777,0.0,10.5595,0.0,14.521798611111112
2026-03-12 08:47:00,77.5,0.0,0.0,0.0,0.0,0.0,87.52995138888889,0.0,834.8564027777777,0.0,10.5595,0.0,14.521798611111112
2026-03-12 08:48:00,75.2,0.0,0.0,0.0,0.0,0.0,87.52995138888889,0.0,834.8564027777777,0.0,10.5595,0.0,14.521798611111112
2026-03-12 08:49:00,83.5,0.0,0.0,0.0,0.0,0.0,87.52995138888889,0.0,834.8564027777777,0.0,10.5595,0.0,14.521798611111112
2026-03-12 08:50:00,83.0,0.0,0.0,0.0,0.0,0.0,87.52995138888889,0.0,834.8564027777777,0.0,10.5595,0.0,14.521798611111112
2026-03-12 08:51:00,72.6,0.0,0.0,0.0,0.0,0.0,87.52995138888889,0.0,834.8564027777777,0.0,10.5595,0.0,14.521798611111112
2026-03-12 08:52:00,72.5,0.0,0.0,0.0,0.0,0.0,87.52995138888889,0.0,834.8564027777777,0.0,10.5595,0.0,14.521798611111112
2026-03-12 08:53:00,86.0,0.0,0.0,0.0,0.0,0.0,87.52995138888889,0.0,834.8564027777777,0.0,10.5595,0.0,14.521798611111112
2026-03-12 08:54:00,80.5,0.0,0.0,0.0,0.0,0.0,87.52995138888889,0.0,834.8564027777777,0.0,10.5595,0.0,14.521798611111112
2026-03-12 08:55:00,74.5,0.0,0.0,0.0,0.0,0.0,87.52995138888889,0.0,834.8564027777777,0.0,10.5595,0.0,14.521798611111112
2026-03-12 08:56:00,77.2,0.0,0.0,0.0,0.0,0.0,87.52995138888889,0.0,834.8564027777777,0.0,10.5595,0.0,14.521798611111112
2026-03-12 08:57:00,76.0,0.0,0.0,0.0,0.0,0.0,87.52995138888889,0.0,834.8564027777777,0.0,10.5595,0.0,14.521798611111112
2026-03-12 08:58:00,78.5,0.0,0.0,0.0,0.0,0.0,87.52995138888889,0.0,834.8564027777777,0.0,10.5595,0.0,14.521798611111112
2026-03-12 08:59:00,86.3,0.0,0.0,0.0,0.0,0.0,87.52995138888889,0.0,834.8564027777777,0.0,10.5595,0.0,14.521798611111112
2026-03-12 09:00:00,223.6,144.2,0.0,0.0,0.0,147.0471334989629,87.52995138888889,0.0,834.8564027777777,0.0,10.5595,0.0,14.521798611111112
2026-03-12 09:01:00,218.9,140.2,0.0,0.0,0.0,145.99606549850498,87.52995138888889,0.0,834.8564027777777,0.0,10.5595,0.0,14.521798611111112
2026-03-12 09:02:00,241.7,154.5,0.0,0.0,0.0,155.1519815574604,87.52995138888889,0.0,834.8564027777777,0.0,10.5595,0.0,14.521798611111112
2026-03-12 09:03:00,234.3,150.5,0.0,0.0,0.0,151.92583973945443,87.52995138888889,0.0,834.8564027777777,0.0,10.5595,0.0,14.521798611111112
2026-03-12 09:04:00,226.8,146.1,0.0,0.0,0.0,148.52369315852985,87.52995138888889,0.0,834.8564027777777,0.0,10.5595,0.0,14.521798611111112
2026-03-12 09:05:00,230.9,151.5,0.0,0.0,0.0,150.95963011944482,87.52995138888889,0.0,834.8564027777777,0.0,10.5595,0.0,14.521798611111112
2026-03-12 09:06:00,229.8,148.9,0.0,0.0,0.0,149.52763195763927,87.52995138888889,0.0,834.8564027777777,0.0,10.5595,0.0,14.521798611111112
2026-03-12 09:07:00,231.8,153.9,0.0,0.0,0.0,150.8502948091314,87.52995138888889,0.0,834.8564027777777,0.0,10.5595,0.0,14.521798611111112
2026-03-12 09:08:00,233.7,148.3,0.0,0.0,0.0,151.79734467270205,87.52995138888889,0.0,834.8564027777777,0.0,10.5595,0.0,14.521798611111112
2026-03-12 09:09:00,227.9,152.7,0.0,0.0,0.0,149.3200192300934,87.52995138888889,0.0,834.8564027777777,0.0,10.5595,0.0,14.521798611111112
2026-03-12 09:10:00,219.6,138.3,0.0,0.0,0.0,147.0461241349609,87.52995138888889,0.0,834.8564027777777,0.0,10.5595,0.0,14.521798611111112
2026-03-12 09:11:00,239.2,159.8,0.0,0.0,0.0,153.92541817817832,87.52995138888889,0.0,834.8564027777777,0.0,10.5595,0.0,14.521798611111112
2026-03-12 09:12:00,228.2,153.8,0.0,0.0,0.0,150.22662162314808,87.52995138888889,0.0,834.8564027777777,0.0,10.5595,0.0,14.521798611111112
2026-03-12 09:13:00,213.6,147.0,0.0,0.0,0.0,142.84933068028462,87.52995138888889,0.0,834.8564027777777,0.0,10.5595,0.0,14.521798611111112
2026-03-12 09:14:00,231.0,144.0,0.0,0.0,0.0,150.98296230588582,87.52995138888889,0.0,834.8564027777777,0.0,10.5595,0.0,14.521798611111112
2026-03-12 09:15:00,211.5,138.7,0.0,0.0,0.0,141.60724677593643,87.52995138888889,0.0,834.8564027777777,0.0,10.5595,0.0,14.521798611111112
2026-03-12 09:16:00,222.2,147.6,0.0,0.0,0.0,145.70435877956473,87.52995138888889,0.0,834.8564027777777,0.0,10.5595,0.0,14.521798611111112
2026-03-12 09:17:00,219.8,146.5,0.0,0.0,0.0,145.62025925730035,87.52995138888889,0.0,834.8564027777777,0.0,10.5595,0.0,14.521798611111112
2026-03-12 09:18:00,232.6,148.4,0.0,0.0,0.0,151.8140442799862,87.52995138888889,0.0,834.8564027777777,0.0,10.5595,0.0,14.521798611111112
2026-03-12 09:19:00,232.8,148.4,0.0,0.0,0.0,151.75872801090668,87.52995138888889,0.0,834.8564027777777,0.0,10.5595,0.0,14.521798611111112
2026-03-12 09:20:00,227.6,150.3,0.0,0.0,0.0,148.4065189007072,87.52995138888889,0.0,834.8564027777777,0.0,10.5595,0.0,14.521798611111112
2026-03-12 09:21:00,227.4,140.6,0.0,0.0,0.0,148.05524137082963,87.52995138888889,0.0,834.8564027777777,0.0,10.5595,0.0,14.521798611111112
2026-03-12 09:22:00,220.4,140.7,0.0,0.0,0.0,146.02019826638505,87.52995138888889,0.0,834.8564027777777,0.0,10.5595,0.0,14.521798611111112
2026-03-12 09:23:00,229.0,154.3,0.0,0.0,0.0,147.85842975103668,87.52995138888889,0.0,834.8564027777777,0.0,10.5595,0.0,14.521798611111112
2026-03-12 09:24:00,232.2,149.8,0.0,0.0,0.0,151.92080942301308,87.52995138888889,0.0,834.8564027777777,0.0,10.5595,0.0,14.521798611111112
2026-03-12 09:25:00,239.8,156.1,0.0,0.0,0.0,155.2970374281005,87.52995138888889,0.0,834.8564027777777,0.0,10.5595,0.0,14.521798611111112
2026-03-12 09:26:00,225.3,143.7,0.0,0.0,0.0,147.5849852790999,87.52995138888889,0.0,834.8564027777777,0.0,10.5595,0.0,14.521798611111112
2026-03-12 09:27:00,233.4,148.1,0.0,0.0,0.0,152.20212669272595,87.52995138888889,0.0,834.8564027777777,0.0,10.5595,0.0,14.521798611111112
2026-03-12 09:28:00,218.8,143.8,0.0,0.0,0.0,146.02852667436042,87.52995138888889,0.0,834.8564027777777,0.0,10.5595,0.0,14.521798611111112
2026-03-12 09:29:00,246.5,163.2,0.0,0.0,0.0,157.0826802708185,87.52995138888889,0.0,834.8564027777777,0.0,10.5595,0.0,14.521798611111112
2026-03-12 09:30:00,212.4,140.6,0.0,0.0,0.0,141.58026539729326,87.52995138888889,0.0,834.8564027777777,0.0,10.5595,0.0,14.521798611111112
2026-03-12 09:31:00,212.6,144.4,0.0,0.0,0.0,141.5541332518244,87.52995138888889,0.0,834.8564027777777,0.0,10.5595,0.0,14.521798611111112
2026-03-12 09:32:00,233.0,152.0,0.0,0.0,0.0,151.64691445122358,87.52995138888889,0.0,834.8564027777777,0.0,10.5595,0.0,14.521798611111112
2026-03-12 09:33:00,240.7,155.3,0.0,0.0,0.0,155.0783669552669,87.52995138888889,0.0,834.8564027777777,0.0,10.5595,0.0,14.521798611111112
2026-03-12 09:34:00,225.4,139.4,0.0,0.0,0.0,147.334036970981,87.52995138888889,0.0,834.8564027777777,0.0,10.5595,0.0,14.521798611111112
2026-03-12 09:35:00,87.8,0.0,0.0,0.0,0.0,0.0,87.52995138888889,0.0,834.8564027777777,0.0,10.5595,0.0,14.521798611111112
2026-03-12 09:36:00,75.8,0.0,0.0,0.0,0.0,0.0,87.52995138888889,0.0,834.8564027777777,0.0,10.5595,0.0,14.521798611111112
2026-03-12 09:37:00,69.0,0.0,0.0,0.0,0.0,0.0,87.52995138888889,0.0,834.8564027777777,0.0,10.5595,0.0,14.521798611111112
2026-03-12 09:38:00,86.7,0.0,0.0,0.0,0.0,0.0,87.52995138888889,0.0,834.8564027777777,0.0,10.5595,0.0,14.521798611111112
2026-03-12 09:39:00,84.5,0.0,0.0,0.0,0.0,0.0,87.52995138888889,0.0,834.8564027777777,0.0,10.5595,0.0,14.521798611111112
2026-03-12 09:40:00,82.8,0.0,0.0,0.0,0.0,0.0,87.52995138888889,0.0,834.8564027777777,0.0,10.5595,0.0,14.521798611111112
2026-03-12 09:41:00,79.5,0.0,0.0,0.0,0.0,0.0,87.52995138888889,0.0,834.8564027777777,0.0,10.5595,0.0,14.521798611111112
2026-03-12 09:42:00,69.3,0.0,0.0,0.0,0.0,0.0,87.52995138888889,0.0,834.8564027777777,0.0,10.5595,0.0,14.521798611111112
2026-03-12 09:43:00,83.0,0.0,0.0,0.0,0.0,0.0,87.52995138888889,0.0,834.8564027777777,0.0,10.5595,0.0,14.521798611111112
2026-03-12 09:44:00,80.7,0.0,0.0,0.0,0.0,0.0,87.52995138888889,0.0,834.8564027777777,0.0,10.5595,0.0,14.521798611111112
2026-03-12 09:45:00,91.5,0.0,0.0,0.0,0.0,0.0,87.52995138888889,0.0,834.8564027777777,0.0,10.5595,0.0,14.521798611111112
2026-03-12 09:46:00,80.7,0.0,0.0,0.0,0.0,0.0,87.52995138888889,0.0,834.8564027777777,0.0,10.5595,0.0,14.521798611111112
2026-03-12 09:47:00,77.9,0.0,0.0,0.0,0.0,0.0,87.52995138888889,0.0,834.8564027777777,0.0,10.5595,0.0,14.521798611111112
2026-03-12 09:48:00,75.2,0.0,0.0,0.0,0.0,0.0,87.52995138888889,0.0,834.8564027777777,0.0,10.5595,0.0,14.521798611111112
2026-03-12 09:49:00,77.7,0.0,0.0,0.0,0.0,0.0,87.52995138888889,0.0,834.8564027777777,0.0,10.5595,0.0,14.521798611111112
2026-03-12 09:50:00,79.4,0.0,0.0,0.0,0.0,0.0,87.52995138888889,0.0,834.8564027777777,0.0,10.5595,0.0,14.521798611111112
2026-03-12 09:51:00,85.5,0.0,0.0,0.0,0.0,0.0,87.52995138888889,0.0,834.8564027777777,0.0,10.5595,0.0,14.521798611111112
2026-03-12 09:52:00,84.0,0.0,0.0,0.0,0.0,0.0,87.52995138888889,0.0,834.8564027777777,0.0,10.5595,0.0,14.521798611111112
2026-03-12 09:53:00,80.2,0.0,0.0,0.0,0.0,0.0,87.52995138888889,0.0,834.8564027777777,0.0,10.5595,0.0,14.521798611111112
2026-03-12 09:54:00,74.2,0.0,0.0,0.0,0.0,0.0,87.52995138888889,0.0,834.8564027777777,0.0,10.5595,0.0,14.521798611111112
2026-03-12 09:55:00,82.0,0.0,0.0,0.0,0.0,0.0,87.52995138888889,0.0,834.8564027777777,0.0,10.5595,0.0,14.521798611111112
2026-03-12 09:56:00,71.4,0.0,0.0,0.0,0.0,0.0,87.52995138888889,0.0,834.8564027777777,0.0,10.5595,0.0,14.521798611111112
2026-03-12 09:57:00,72.6,0.0,0.0,0.0,0.0,0.0,87.52995138888889,0.0,834.8564027777777,0.0,10.5595,0.0,14.521798611111112
2026-03-12 09:58:00,85.3,0.0,0.0,0.0,0.0,0.0,87.52995138888889,0.0,834.8564027777777,0.0,10.5595,0.0,14.521798611111112
2026-03-12 09:59:00,87.2,0.0,0.0,0.0,0.0,0.0,87.52995138888889,0.0,834.8564027777777,0.0,10.5595,0.0,14.521798611111112
2026-03-12 10:00:00,235.4,149.4,0.0,0.0,0.0,151.53323643034534,87.52995138888889,0.0,834.8564027777777,0.0,10.5595,0.0,14.521798611111112
2026-03-12 10:01:00,235.3,147.5,0.0,0.0,0.0,152.54850314745164,87.52995138888889,0.0,834.8564027777777,0.0,10.5595,0.0,14.521798611111112
2026-03-12 10:02:00,225.4,146.1,0.0,0.0,0.0,147.83211007665938,87.52995138888889,0.0,834.8564027777777,0.0,10.5595,0.0,14.521798611111112
2026-03-12 10:03:00,240.2,158.6,0.0,0.0,0.0,153.89745744337367,87.52995138888889,0.0,834.8564027777777,0.0,10.5595,0.0,14.521798611111112
2026-03-12 10:04:00,231.1,153.5,0.0,0.0,0.0,152.31176612586762,87.52995138888889,0.0,834.8564027777777,0.0,10.5595,0.0,14.521798611111112
2026-03-12 10:05:00,222.0,141.8,0.0,0.0,0.0,146.5513727654153,87.52995138888889,0.0,834.8564027777777,0.0,10.5595,0.0,14.521798611111112
2026-03-12 10:06:00,228.0,145.2,0.0,0.0,0.0,148.87349990867418,87.52995138888889,0.0,834.8564027777777,0.0,10.5595,0.0,14.521798611111112
2026-03-12 10:07:00,228.3,145.9,0.0,0.0,0.0,149.0019301374552,87.52995138888889,0.0,834.8564027777777,0.0,10.5595,0.0,14.521798611111112
2026-03-12 10:08:00,226.3,143.4,0.0,0.0,0.0,147.8167213031522,87.52995138888889,0.0,834.8564027777777,0.0,10.5595,0.0,14.521798611111112
2026-03-12 10:09:00,233.2,155.4,0.0,0.0,0.0,153.1236957336581,87.52995138888889,0.0,834.8564027777777,0.0,10.5595,0.0,14.521798611111112
2026-03-12 10:10:00,230.8,149.1,0.0,0.0,0.0,151.36826801069293,87.52995138888889,0.0,834.8564027777777,0.0,10.5595,0.0,14.521798611111112
2026-03-12 10:11:00,233.8,153.4,0.0,0.0,0.0,153.41145143441597,87.52995138888889,0.0,834.8564027777777,0.0,10.5595,0.0,14.521798611111112
2026-03-12 10:12:00,229.0,150.9,0.0,0.0,0.0,149.5273794979558,87.52995138888889,0.0,834.8564027777777,0.0,10.5595,0.0,14.521798611111112
2026-03-12 10:13:00,217.7,141.5,0.0,0.0,0.0,145.42874276437078,87.52995138888889,0.0,834.8564027777777,0.0,10.5595,0.0,14.521798611111112
2026-03-12 10:14:00,230.0,147.0,0.0,0.0,0.0,150.47416832163944,87.52995138888889,0.0,834.8564027777777,0.0,10.5595,0.0,14.521798611111112
2026-03-12 10:15:00,231.8,144.7,0.0,0.0,0.0,150.60014514206978,87.52995138888889,0.0,834.8564027777777,0.0,10.5595,0.0,14.521798611111112
2026-03-12 10:16:00,222.1,154.7,0.0,0.0,0.0,146.19654544257492,87.52995138888889,0.0,834.8564027777777,0.0,10.5595,0.0,14.521798611111112
2026-03-12 10:17:00,234.6,152.0,0.0,0.0,0.0,152.32630033562353,87.52995138888889,0.0,834.8564027777777,0.0,10.5595,0.0,14.521798611111112
2026-03-12 10:18:00,218.4,147.0,0.0,0.0,0.0,146.00542440424493,87.52995138888889,0.0,834.8564027777777,0.0,10.5595,0.0,14.521798611111112
2026-03-12 10:19:00,238.1,157.2,0.0,0.0,0.0,154.67230571835572,87.52995138888889,0.0,834.8564027777777,0.0,10.5595,0.0,14.521798611111112
2026-03-12 10:20:00,254.8,162.6,0.0,0.0,0.0,162.75810767103263,87.52995138888889,0.0,834.8564027777777,0.0,10.5595,0.0,14.521798611111112
2026-03-12 10:21:00,223.9,145.0,0.0,0.0,0.0,150.08288149788234,87.52995138888889,0.0,834.8564027777777,0.0,10.5595,0.0,14.521798611111112
2026-03-12 10:22:00,223.0,140.5,0.0,0.0,0.0,147.95867982383118,87.52995138888889,0.0,834.8564027777777,0.0,10.5595,0.0,14.521798611111112
2026-03-12 10:23:00,217.5,151.3,0.0,0.0,0.0,145.19786446745263,87.52995138888889,0.0,834.8564027777777,0.0,10.5595,0.0,14.521798611111112
2026-03-12 10:24:00,226.8,152.4,0.0,0.0,0.0,149.55548378982843,87.52995138888889,0.0,834.8564027777777,0.0,10.5595,0.0,14.521798611111112
2026-03-12 10:25:00,220.1,140.7,0.0,0.0,0.0,145.82722487158807,87.52995138888889,0.0,834.8564027777777,0.0,10.5595,0.0,14.521798611111112
2026-03-12 10:26:00,222.7,143.5,0.0,0.0,0.0,147.9188853211603,87.52995138888889,0.0,834.8564027777777,0.0,10.5595,0.0,14.521798611111112
2026-03-12 10:27:00,225.0,145.4,0.0,0.0,0.0,149.5693244233236,87.52995138888889,0.0,834.8564027777777,0.0,10.5595,0.0,14.521798611111112
2026-03-12 10:28:00,233.9,153.2,0.0,0.0,0.0,150.72997358458537,87.52995138888889,0.0,834.8564027777777,0.0,10.5595,0.0,14.521798611111112
2026-03-12 10:29:00,234.4,151.4,0.0,0.0,0.0,151.36406523933584,87.52995138888889,0.0,834.8564027777777,0.0,10.5595,0.0,14.521798611111112
2026-03-12 10:30:00,232.0,143.1,0.0,0.0,0.0,151.17069452938142,87.52995138888889,0.0,834.8564027777777,0.0,10.5595,0.0,14.521798611111112
2026-03-12 10:31:00,236.5,145.0,0.0,0.0,0.0,153.25012218249873,87.52995138888889,0.0,834.8564027777777,0.0,10.5595,0.0,14.521798611111112
2026-03-12 10:32:00,217.4,144.0,0.0,0.0,0.0,145.23673812592634,87.52995138888889,0.0,834.8564027777777,0.0,10.5595,0.0,14.521798611111112
2026-03-12 10:33:00,229.2,150.0,0.0,0.0,0.0,149.7541736449653,87.52995138888889,0.0,834.8564027777777,0.0,10.5595,0.0,14.521798611111112
2026-03-12 10:34:00,235.5,160.7,0.0,0.0,0.0,152.64504445260332,87.52995138888889,0.0,834.8564027777777,0.0,10.5595,0.0,14.521798611111112
2026-03-12 10:35:00,74.9,0.0,0.0,0.0,0.0,0.0,87.52995138888889,0.0,834.8564027777777,0.0,10.5595,0.0,14.521798611111112
2026-03-12 10:36:00,87.4,0.0,0.0,0.0,0.0,0.0,87.52995138888889,0.0,834.8564027777777,0.0,10.5595,0.0,14.521798611111112
2026-03-12 10:37:00,85.7,0.0,0.0,0.0,0.0,0.0,87.52995138888889,0.0,834.8564027777777,0.0,10.5595,0.0,14.521798611111112
2026-03-12 10:38:00,85.2,0.0,0.0,0.0,0.0,0.0,87.52995138888889,0.0,834.8564027777777,0.0,10.5595,0.0,14.521798611111112
2026-03-12 10:39:00,86.2,0.0,0.0,0.0,0.0,0.0,87.52995138888889,0.0,834.8564027777777,0.0,10.5595,0.0,14.521798611111112
2026-03-12 10:40:00,82.6,0.0,0.0,0.0,0.0,0.0,87.52995138888889,0.0,834.8564027777777,0.0,10.5595,0.0,14.521798611111112
2026-03-12 10:41:00,84.4,0.0,0.0,0.0,0.0,0.0,87.52995138888889,0.0,834.8564027777777,0.0,10.5595,0.0,14.521798611111112
2026-03-12 10:42:00,83.2,0.0,0.0,0.0,0.0,0.0,87.52995138888889,0.0,834.8564027777777,0.0,10.5595,0.0,14.521798611111112
2026-03-12 10:43:00,75.5,0.0,0.0,0.0,0.0,0.0,87.52995138888889,0.0,834.8564027777777,0.0,10.5595,0.0,14.521798611111112
2026-03-12 10:44:00,78.2,0.0,0.0,0.0,0.0,0.0,87.52995138888889,0.0,834.8564027777777,0.0,10.5595,0.0,14.521798611111112
2026-03-12 10:45:00,93.4,0.0,0.0,0.0,0.0,0.0,87.52995138888889,0.0,834.8564027777777,0.0,10.5595,0.0,14.521798611111112
2026-03-12 10:46:00,80.6,0.0,0.0,0.0,0.0,0.0,87.52995138888889,0.0,834.8564027777777,0.0,10.5595,0.0,14.521798611111112
2026-03-12 10:47:00,83.5,0.0,0.0,0.0,0.0,0.0,87.52995138888889,0.0,834.8564027777777,0.0,10.5595,0.0,14.521798611111112
2026-03-12 10:48:00,77.1,0.0,0.0,0.0,0.0,0.0,87.52995138888889,0.0,834.8564027777777,0.0,10.5595,0.0,14.521798611111112
2026-03-12 10:49:00,80.1,0.0,0.0,0.0,0.0,0.0,87.52995138888889,0.0,834.8564027777777,0.0,10.5595,0.0,14.521798611111112
2026-03-12 10:50:00,76.6,0.0,0.0,0.0,0.0,0.0,87.52995138888889,0.0,834.8564027777777,0.0,10.5595,0.0,14.521798611111112
2026-03-12 10:51:00,89.0,0.0,0.0,0.0,0.0,0.0,87.52995138888889,0.0,834.8564027777777,0.0,10.5595,0.0,14.521798611111112
2026-03-12 10:52:00,72.6,0.0,0.0,0.0,0.0,0.0,87.52995138888889,0.0,834.8564027777777,0.0,10.5595,0.0,14.521798611111112
2026-03-12 10:53:00,76.3,0.0,0.0,0.0,0.0,0.0,87.52995138888889,0.0,834.8564027777777,0.0,10.5595,0.0,14.521798611111112
2026-03-12 10:54:00,70.2,0.0,0.0,0.0,0.0,0.0,87.52995138888889,0.0,834.8564027777777,0.0,10.5595,0.0,14.521798611111112
2026-03-12 10:55:00,75.5,0.0,0.0,0.0,0.0,0.0,87.52995138888889,0.0,834.8564027777777,0.0,10.5595,0.0,14.521798611111112
2026-03-12 10:56:00,75.0,0.0,0.0,0.0,0.0,0.0,87.52995138888889,0.0,834.8564027777777,0.0,10.5595,0.0,14.521798611111112
2026-03-12 10:57:00,85.3,0.0,0.0,0.0,0.0,0.0,87.52995138888889,0.0,834.8564027777777,0.0,10.5595,0.0,14.521798611111112
2026-03-12 10:58:00,82.9,0.0,0.0,0.0,0.0,0.0,87.52995138888889,0.0,834.8564027777777,0.0,10.5595,0.0,14.521798611111112
2026-03-12 10:59:00,80.6,0.0,0.0,0.0,0.0,0.0,87.52995138888889,0.0,834.8564027777777,0.0,10.5595,0.0,14.521798611111112
2026-03-12 11:00:00,230.5,148.6,0.0,0.0,0.0,150.57377432099497,87.52995138888889,0.0,834.8564027777777,0.0,10.5595,0.0,14.521798611111112
2026-03-12 11:01:00,224.0,142.6,0.0,0.0,0.0,148.10625281330863,87.52995138888889,0.0,834.8564027777777,0.0,10.5595,0.0,14.521798611111112
2026-03-12 11:02:00,224.5,144.8,0.0,0.0,0.0,148.14401673549753,87.52995138888889,0.0,834.8564027777777,0.0,10.5595,0.0,14.521798611111112
2026-03-12 11:03:00,225.6,147.1,0.0,0.0,0.0,148.24190099026362,87.52995138888889,0.0,834.8564027777777,0.0,10.5595,0.0,14.521798611111112
2026-03-12 11:04:00,235.4,147.4,0.0,0.0,0.0,152.20971392331728,87.52995138888889,0.0,834.8564027777777,0.0,10.5595,0.0,14.521798611111112
2026-03-12 11:05:00,227.8,149.0,0.0,0.0,0.0,149.68761676072185,87.52995138888889,0.0,834.8564027777777,0.0,10.5595,0.0,14.521798611111112
2026-03-12 11:06:00,230.5,148.4,0.0,0.0,0.0,150.94974574853254,87.52995138888889,0.0,834.8564027777777,0.0,10.5595,0.0,14.521798611111112
2026-03-12 11:07:00,229.0,144.5,0.0,0.0,0.0,150.04282035812767,87.52995138888889,0.0,834.8564027777777,0.0,10.5595,0.0,14.521798611111112
2026-03-12 11:08:00,224.5,141.2,0.0,0.0,0.0,148.46985700067896,87.52995138888889,0.0,834.8564027777777,0.0,10.5595,0.0,14.521798611111112
2026-03-12 11:09:00,234.3,156.7,0.0,0.0,0.0,151.32309067471923,87.52995138888889,0.0,834.8564027777777,0.0,10.5595,0.0,14.521798611111112
2026-03-12 11:10:00,238.3,157.6,0.0,0.0,0.0,153.29654575342954,87.52995138888889,0.0,834.8564027777777,0.0,10.5595,0.0,14.521798611111112
2026-03-12 11:11:00,230.1,150.1,0.0,0.0,0.0,150.14419103690423,87.52995138888889,0.0,834.8564027777777,0.0,10.5595,0.0,14.521798611111112
2026-03-12 11:12:00,239.8,155.4,0.0,0.0,0.0,154.61319019825487,87.52995138888889,0.0,834.8564027777777,0.0,10.5595,0.0,14.521798611111112
2026-03-12 11:13:00,226.1,154.7,0.0,0.0,0.0,149.43646128383708,87.52995138888889,0.0,834.8564027777777,0.0,10.5595,0.0,14.521798611111112
2026-03-12 11:14:00,238.5,154.6,0.0,0.0,0.0,153.8146997389321,87.52995138888889,0.0,834.8564027777777,0.0,10.5595,0.0,14.521798611111112
2026-03-12 11:15:00,225.9,146.7,0.0,0.0,0.0,148.75288878561523,87.52995138888889,0.0,834.8564027777777,0.0,10.5595,0.0,14.521798611111112
2026-03-12 11:16:00,231.5,150.6,0.0,0.0,0.0,151.44110318318016,87.52995138888889,0.0,834.8564027777777,0.0,10.5595,0.0,14.521798611111112
2026-03-12 11:17:00,229.7,147.5,0.0,0.0,0.0,150.09264144767343,87.52995138888889,0.0,834.8564027777777,0.0,10.5595,0.0,14.521798611111112
2026-03-12 11:18:00,213.8,141.8,0.0,0.0,0.0,143.19090729798532,87.52995138888889,0.0,834.8564027777777,0.0,10.5595,0.0,14.521798611111112
2026-03-12 11:19:00,221.7,143.3,0.0,0.0,0.0,145.6402185465407,87.52995138888889,0.0,834.8564027777777,0.0,10.5595,0.0,14.521798611111112
2026-03-12 11:20:00,235.6,151.1,0.0,0.0,0.0,152.49554059794397,87.52995138888889,0.0,834.8564027777777,0.0,10.5595,0.0,14.521798611111112
2026-03-12 11:21:00,234.7,150.0,0.0,0.0,0.0,151.81795813885975,87.52995138888889,0.0,834.8564027777777,0.0,10.5595,0.0,14.521798611111112
2026-03-12 11:22:00,229.6,152.4,0.0,0.0,0.0,149.92345247778545,87.52995138888889,0.0,834.8564027777777,0.0,10.5595,0.0,14.521798611111112
2026-03-12 11:23:00,229.6,150.3,0.0,0.0,0.0,149.88863980157277,87.52995138888889,0.0,834.8564027777777,0.0,10.5595,0.0,14.521798611111112
2026-03-12 11:24:00,235.7,150.8,0.0,0.0,0.0,152.5801952836866,87.52995138888889,0.0,834.8564027777777,0.0,10.5595,0.0,14.521798611111112
2026-03-12 11:25:00,239.1,151.5,0.0,0.0,0.0,153.1352893704334,87.52995138888889,0.0,834.8564027777777,0.0,10.5595,0.0,14.521798611111112
2026-03-12 11:26:00,236.1,144.5,0.0,0.0,0.0,153.32873388812203,87.52995138888889,0.0,834.8564027777777,0.0,10.5595,0.0,14.521798611111112
2026-03-12 11:27:00,235.8,146.1,0.0,0.0,0.0,153.32241082017117,87.52995138888889,0.0,834.8564027777777,0.0,10.5595,0.0,14.521798611111112
2026-03-12 11:28:00,242.0,161.6,0.0,0.0,0.0,154.50894628519626,87.52995138888889,0.0,834.8564027777777,0.0,10.5595,0.0,14.521798611111112
2026-03-12 11:29:00,236.9,151.9,0.0,0.0,0.0,153.22595111664802,87.52995138888889,0.0,834.8564027777777,0.0,10.5595,0.0,14.521798611111112
2026-03-12 11:30:00,242.6,156.4,0.0,0.0,0.0,153.9757294460441,87.52995138888889,0.0,834.8564027777777,0.0,10.5595,0.0,14.521798611111112
2026-03-12 11:31:00,232.2,147.4,0.0,0.0,0.0,151.72514194669287,87.52995138888889,0.0,834.8564027777777,0.0,10.5595,0.0,14.521798611111112
2026-03-12 11:32:00,222.1,150.4,0.0,0.0,0.0,146.60006066531506,87.52995138888889,0.0,834.8564027777777,0.0,10.5595,0.0,14.521798611111112
2026-03-12 11:33:00,230.8,157.1,0.0,0.0,0.0,150.36533467512882,87.52995138888889,0.0,834.8564027777777,0.0,10.5595,0.0,14.521798611111112
2026-03-12 11:34:00,230.4,151.7,0.0,0.0,0.0,150.5135684010434,87.52995138888889,0.0,834.8564027777777,0.0,10.5595,0.0,14.521798611111112
2026-03-12 11:35:00,71.9,0.0,0.0,0.0,0.0,0.0,87.52995138888889,0.0,834.8564027777777,0.0,10.5595,0.0,14.521798611111112
2026-03-12 11:36:00,89.1,0.0,0.0,0.0,0.0,0.0,87.52995138888889,0.0,834.8564027777777,0.0,10.5595,0.0,14.521798611111112
2026-03-12 11:37:00,85.1,0.0,0.0,0.0,0.0,0.0,87.52995138888889,0.0,834.8564027777777,0.0,10.5595,0.0,14.521798611111112
2026-03-12 11:38:00,84.2,0.0,0.0,0.0,0.0,0.0,87.52995138888889,0.0,834.8564027777777,0.0,10.5595,0.0,14.521798611111112
2026-03-12 11:39:00,71.8,0.0,0.0,0.0,0.0,0.0,87.52995138888889,0.0,834.8564027777777,0.0,10.5595,0.0,14.521798611111112
2026-03-12 11:40:00,81.0,0.0,0.0,0.0,0.0,0.0,87.52995138888889,0.0,834.8564027777777,0.0,10.5595,0.0,14.521798611111112
2026-03-12 11:41:00,80.7,0.0,0.0,0.0,0.0,0.0,87.52995138888889,0.0,834.8564027777777,0.0,10.5595,0.0,14.521798611111112
2026-03-12 11:42:00,83.7,0.0,0.0,0.0,0.0,0.0,87.52995138888889,0.0,834.8564027777777,0.0,10.5595,0.0,14.521798611111112
2026-03-12 11:43:00,67.2,0.0,0.0,0.0,0.0,0.0,87.52995138888889,0.0,834.8564027777777,0.0,10.5595,0.0,14.521798611111112
2026-03-12 11:44:00,85.1,0.0,0.0,0.0,0.0,0.0,87.52995138888889,0.0,834.8564027777777,0.0,10.5595,0.0,14.521798611111112
2026-03-12 11:45:00,80.2,0.0,0.0,0.0,0.0,0.0,87.52995138888889,0.0,834.8564027777777,0.0,10.5595,0.0,14.521798611111112
2026-03-12 11:46:00,88.9,0.0,0.0,0.0,0.0,0.0,87.52995138888889,0.0,834.8564027777777,0.0,10.5595,0.0,14.521798611111112
2026-03-12 11:47:00,75.4,0.0,0.0,0.0,0.0,0.0,87.52995138888889,0.0,834.8564027777777,0.0,10.5595,0.0,14.521798611111112
2026-03-12 11:48:00,75.3,0.0,0.0,0.0,0.0,0.0,87.52995138888889,0.0,834.8564027777777,0.0,10.5595,0.0,14.521798611111112
2026-03-12 11:49:00,77.0,0.0,0.0,0.0,0.0,0.0,87.52995138888889,0.0,834.8564027777777,0.0,10.5595,0.0,14.521798611111112
2026-03-12 11:50:00,86.9,0.0,0.0,0.0,0.0,0.0,87.52995138888889,0.0,834.8564027777777,0.0,10.5595,0.0,14.521798611111112
2026-03-12 11:51:00,85.6,0.0,0.0,0.0,0.0,0.0,87.52995138888889,0.0,834.8564027777777,0.0,10.5595,0.0,14.521798611111112
2026-03-12 11:52:00,77.4,0.0,0.0,0.0,0.0,0.0,87.52995138888889,0.0,834.8564027777777,0.0,10.5595,0.0,14.521798611111112
2026-03-12 11:53:00,81.8,0.0,0.0,0.0,0.0,0.0,87.52995138888889,0.0,834.8564027777777,0.0,10.5595,0.0,14.521798611111112
2026-03-12 11:54:00,82.9,0.0,0.0,0.0,0.0,0.0,87.52995138888889,0.0,834.8564027777777,0.0,10.5595,0.0,14.521798611111112
2026-03-12 11:55:00,74.3,0.0,0.0,0.0,0.0,0.0,87.52995138888889,0.0,834.8564027777777,0.0,10.5595,0.0,14.521798611111112
2026-03-12 11:56:00,93.0,0.0,0.0,0.0,0.0,0.0,87.52995138888889,0.0,834.8564027777777,0.0,10.5595,0.0,14.521798611111112
2026-03-12 11:57:00,76.0,0.0,0.0,0.0,0.0,0.0,87.52995138888889,0.0,834.8564027777777,0.0,10.5595,0.0,14.521798611111112
2026-03-12 11:58:00,79.5,0.0,0.0,0.0,0.0,0.0,87.52995138888889,0.0,834.8564027777777,0.0,10.5595,0.0,14.521798611111112
2026-03-12 11:59:00,82.5,0.0,0.0,0.0,0.0,0.0,87.52995138888889,0.0,834.8564027777777,0.0,10.5595,0.0,14.521798611111112
2026-03-12 12:00:00,223.3,153.2,0.0,0.0,0.0,146.77486972068175,87.52995138888889,0.0,834.8564027777777,0.0,10.5595,0.0,14.521798611111112
2026-03-12 12:01:00,234.4,155.5,0.0,0.0,0.0,152.0232848636715,87.52995138888889,0.0,834.8564027777777,0.0,10.5595,0.0,14.521798611111112
2026-03-12 12:02:00,241.6,148.2,0.0,0.0,0.0,156.75252940874626,87.52995138888889,0.0,834.8564027777777,0.0,10.5595,0.0,14.521798611111112
2026-03-12 12:03:00,224.9,148.0,0.0,0.0,0.0,148.6411678016427,87.52995138888889,0.0,834.8564027777777,0.0,10.5595,0.0,14.521798611111112
2026-03-12 12:04:00,234.2,145.3,0.0,0.0,0.0,152.55470842447892,87.52995138888889,0.0,834.8564027777777,0.0,10.5595,0.0,14.521798611111112
2026-03-12 12:05:00,220.7,147.4,0.0,0.0,0.0,144.73887651888305,87.52995138888889,0.0,834.8564027777777,0.0,10.5595,0.0,14.521798611111112
2026-03-12 12:06:00,227.3,147.0,0.0,0.0,0.0,150.6727573211646,87.52995138888889,0.0,834.8564027777777,0.0,10.5595,0.0,14.521798611111112
2026-03-12 12:07:00,222.7,142.1,0.0,0.0,0.0,145.88466522491666,87.52995138888889,0.0,834.8564027777777,0.0,10.5595,0.0,14.521798611111112
2026-03-12 12:08:00,232.3,156.7,0.0,0.0,0.0,152.062772549034,87.52995138888889,0.0,834.8564027777777,0.0,10.5595,0.0,14.521798611111112
2026-03-12 12:09:00,227.1,145.0,0.0,0.0,0.0,148.99924187141826,87.52995138888889,0.0,834.8564027777777,0.0,10.5595,0.0,14.521798611111112
2026-03-12 12:10:00,230.8,154.6,0.0,0.0,0.0,150.2410441649854,87.52995138888889,0.0,834.8564027777777,0.0,10.5595,0.0,14.521798611111112
2026-03-12 12:11:00,229.1,144.1,0.0,0.0,0.0,149.47202421788447,87.52995138888889,0.0,834.8564027777777,0.0,10.5595,0.0,14.521798611111112
2026-03-12 12:12:00,236.7,150.6,0.0,0.0,0.0,151.77102774009333,87.52995138888889,0.0,834.8564027777777,0.0,10.5595,0.0,14.521798611111112
2026-03-12 12:13:00,226.0,145.1,0.0,0.0,0.0,149.13282613682605,87.52995138888889,0.0,834.8564027777777,0.0,10.5595,0.0,14.521798611111112
2026-03-12 12:14:00,229.2,147.5,0.0,0.0,0.0,148.6867745207951,87.52995138888889,0.0,834.8564027777777,0.0,10.5595,0.0,14.521798611111112
2026-03-12 12:15:00,235.8,149.1,0.0,0.0,0.0,152.60166927060448,87.52995138888889,0.0,834.8564027777777,0.0,10.5595,0.0,14.521798611111112
2026-03-12 12:16:00,219.3,147.1,0.0,0.0,0.0,145.7479290731371,87.52995138888889,0.0,834.8564027777777,0.0,10.5595,0.0,14.521798611111112
2026-03-12 12:17:00,230.1,149.3,0.0,0.0,0.0,149.83048020220525,87.52995138888889,0.0,834.8564027777777,0.0,10.5595,0.0,14.521798611111112
2026-03-12 12:18:00,228.8,148.4,0.0,0.0,0.0,148.15091969511974,87.52995138888889,0.0,834.8564027777777,0.0,10.5595,0.0,14.521798611111112
2026-03-12 12:19:00,228.4,145.2,0.0,0.0,0.0,148.10345014985012,87.52995138888889,0.0,834.8564027777777,0.0,10.5595,0.0,14.521798611111112
2026-03-12 12:20:00,235.4,149.8,0.0,0.0,0.0,152.57289102951,87.52995138888889,0.0,834.8564027777777,0.0,10.5595,0.0,14.521798611111112
2026-03-12 12:21:00,229.4,150.2,0.0,0.0,0.0,149.6287933002183,87.52995138888889,0.0,834.8564027777777,0.0,10.5595,0.0,14.521798611111112
2026-03-12 12:22:00,228.9,154.1,0.0,0.0,0.0,148.1008236098869,87.52995138888889,0.0,834.8564027777777,0.0,10.5595,0.0,14.521798611111112
2026-03-12 12:23:00,230.8,148.7,0.0,0.0,0.0,150.637994962445,87.52995138888889,0.0,834.8564027777777,0.0,10.5595,0.0,14.521798611111112
2026-03-12 12:24:00,226.0,143.7,0.0,0.0,0.0,148.08645383396555,87.52995138888889,0.0,834.8564027777777,0.0,10.5595,0.0,14.521798611111112
2026-03-12 12:25:00,216.6,146.6,0.0,0.0,0.0,144.56503182926372,87.52995138888889,0.0,834.8564027777777,0.0,10.5595,0.0,14.521798611111112
2026-03-12 12:26:00,223.7,149.5,0.0,0.0,0.0,148.8913188767115,87.52995138888889,0.0,834.8564027777777,0.0,10.5595,0.0,14.521798611111112
2026-03-12 12:27:00,233.6,148.7,0.0,0.0,0.0,150.91495307557366,87.52995138888889,0.0,834.8564027777777,0.0,10.5595,0.0,14.521798611111112
2026-03-12 12:28:00,234.3,153.6,0.0,0.0,0.0,151.26553815993373,87.52995138888889,0.0,834.8564027777777,0.0,10.5595,0.0,14.521798611111112
2026-03-12 12:29:00,238.3,157.8,0.0,0.0,0.0,153.9252206335603,87.52995138888889,0.0,834.8564027777777,0.0,10.5595,0.0,14.521798611111112
2026-03-12 12:30:00,219.8,152.2,0.0,0.0,0.0,146.34125593738912,87.52995138888889,0.0,834.8564027777777,0.0,10.5595,0.0,14.521798611111112
2026-03-12 12:31:00,236.9,152.3,0.0,0.0,0.0,153.1984717253879,87.52995138888889,0.0,834.8564027777777,0.0,10.5595,0.0,14.521798611111112
2026-03-12 12:32:00,229.9,153.3,0.0,0.0,0.0,149.34267294279795,87.52995138888889,0.0,834.8564027777777,0.0,10.5595,0.0,14.521798611111112
2026-03-12 12:33:00,223.4,148.7,0.0,0.0,0.0,146.50898068059388,87.52995138888889,0.0,834.8564027777777,0.0,10.5595,0.0,14.521798611111112
2026-03-12 12:34:00,221.2,150.6,0.0,0.0,0.0,145.41653797776314,87.52995138888889,0.0,834.8564027777777,0.0,10.5595,0.0,14.521798611111112
2026-03-12 12:35:00,75.9,0.0,0.0,0.0,0.0,0.0,87.52995138888889,0.0,834.8564027777777,0.0,10.5595,0.0,14.521798611111112
2026-03-12 12:36:00,75.4,0.0,0.0,0.0,0.0,0.0,87.52995138888889,0.0,834.8564027777777,0.0,10.5595,0.0,14.521798611111112
2026-03-12 12:37:00,76.3,0.0,0.0,0.0,0.0,0.0,87.52995138888889,0.0,834.8564027777777,0.0,10.5595,0.0,14.521798611111112
2026-03-12 12:38:00,77.7,0.0,0.0,0.0,0.0,0.0,87.52995138888889,0.0,834.8564027777777,0.0,10.5595,0.0,14.521798611111112
2026-03-12 12:39:00,87.6,0.0,0.0,0.0,0.0,0.0,87.52995138888889,0.0,834.8564027777777,0.0,10.5595,0.0,14.521798611111112
2026-03-12 12:40:00,88.8,0.0,0.0,0.0,0.0,0.0,87.52995138888889,0.0,834.8564027777777,0.0,10.5595,0.0,14.521798611111112
2026-03-12 12:41:00,82.3,0.0,0.0,0.0,0.0,0.0,87.52995138888889,0.0,834.8564027777777,0.0,10.5595,0.0,14.521798611111112
2026-03-12 12:42:00,89.4,0.0,0.0,0.0,0.0,0.0,87.52995138888889,0.0,834.8564027777777,0.0,10.5595,0.0,14.521798611111112
2026-03-12 12:43:00,82.3,0.0,0.0,0.0,0.0,0.0,87.52995138888889,0.0,834.8564027777777,0.0,10.5595,0.0,14.521798611111112
2026-03-12 12:44:00,76.5,0.0,0.0,0.0,0.0,0.0,87.52995138888889,0.0,834.8564027777777,0.0,10.5595,0.0,14.521798611111112
2026-03-12 12:45:00,79.5,0.0,0.0,0.0,0.0,0.0,87.52995138888889,0.0,834.8564027777777,0.0,10.5595,0.0,14.521798611111112
2026-03-12 12:46:00,71.6,0.0,0.0,0.0,0.0,0.0,87.52995138888889,0.0,834.8564027777777,0.0,10.5595,0.0,14.521798611111112
2026-03-12 12:47:00,79.7,0.0,0.0,0.0,0.0,0.0,87.52995138888889,0.0,834.8564027777777,0.0,10.5595,0.0,14.521798611111112
2026-03-12 12:48:00,75.0,0.0,0.0,0.0,0.0,0.0,87.52995138888889,0.0,834.8564027777777,0.0,10.5595,0.0,14.521798611111112
2026-03-12 12:49:00,84.2,0.0,0.0,0.0,0.0,0.0,87.52995138888889,0.0,834.8564027777777,0.0,10.5595,0.0,14.521798611111112
2026-03-12 12:50:00,75.1,0.0,0.0,0.0,0.0,0.0,87.52995138888889,0.0,834.8564027777777,0.0,10.5595,0.0,14.521798611111112
2026-03-12 12:51:00,73.0,0.0,0.0,0.0,0.0,0.0,87.52995138888889,0.0,834.8564027777777,0.0,10.5595,0.0,14.521798611111112
2026-03-12 12:52:00,80.5,0.0,0.0,0.0,0.0,0.0,87.52995138888889,0.0,834.8564027777777,0.0,10.5595,0.0,14.521798611111112
2026-03-12 12:53:00,71.3,0.0,0.0,0.0,0.0,0.0,87.52995138888889,0.0,834.8564027777777,0.0,10.5595,0.0,14.521798611111112
2026-03-12 12:54:00,89.2,0.0,0.0,0.0,0.0,0.0,87.52995138888889,0.0,834.8564027777777,0.0,10.5595,0.0,14.521798611111112
2026-03-12 12:55:00,70.9,0.0,0.0,0.0,0.0,0.0,87.52995138888889,0.0,834.8564027777777,0.0,10.5595,0.0,14.521798611111112
2026-03-12 12:56:00,74.0,0.0,0.0,0.0,0.0,0.0,87.52995138888889,0.0,834.8564027777777,0.0,10.5595,0.0,14.521798611111112
2026-03-12 12:57:00,80.8,0.0,0.0,0.0,0.0,0.0,87.52995138888889,0.0,834.8564027777777,0.0,10.5595,0.0,14.521798611111112
2026-03-12 12:58:00,78.7,0.0,0.0,0.0,0.0,0.0,87.52995138888889,0.0,834.8564027777777,0.0,10.5595,0.0,14.521798611111112
2026-03-12 12:59:00,72.7,0.0,0.0,0.0,0.0,0.0,87.52995138888889,0.0,834.8564027777777,0.0,10.5595,0.0,14.521798611111112
2026-03-12 13:00:00,238.8,157.8,0.0,0.0,0.0,154.8829032109502,87.52995138888889,0.0,834.8564027777777,0.0,10.5595,0.0,14.521798611111112
2026-03-12 13:01:00,231.2,153.1,0.0,0.0,0.0,150.95273787973585,87.52995138888889,0.0,834.8564027777777,0.0,10.5595,0.0,14.521798611111112
2026-03-12 13:02:00,221.8,149.5,0.0,0.0,0.0,147.39104096937632,87.52995138888889,0.0,834.8564027777777,0.0,10.5595,0.0,14.521798611111112
2026-03-12 13:03:00,232.5,159.6,0.0,0.0,0.0,153.04644157038058,87.52995138888889,0.0,834.8564027777777,0.0,10.5595,0.0,14.521798611111112
2026-03-12 13:04:00,233.9,157.7,0.0,0.0,0.0,153.2380658309785,87.52995138888889,0.0,834.8564027777777,0.0,10.5595,0.0,14.521798611111112
2026-03-12 13:05:00,240.1,156.8,0.0,0.0,0.0,154.9267291119012,87.52995138888889,0.0,834.8564027777777,0.0,10.5595,0.0,14.521798611111112
2026-03-12 13:06:00,226.9,144.7,0.0,0.0,0.0,148.0416805712309,87.52995138888889,0.0,834.8564027777777,0.0,10.5595,0.0,14.521798611111112
2026-03-12 13:07:00,244.5,160.5,0.0,0.0,0.0,156.2424747399116,87.52995138888889,0.0,834.8564027777777,0.0,10.5595,0.0,14.521798611111112
2026-03-12 13:08:00,234.2,152.5,0.0,0.0,0.0,153.32353289281534,87.52995138888889,0.0,834.8564027777777,0.0,10.5595,0.0,14.521798611111112
2026-03-12 13:09:00,235.2,158.5,0.0,0.0,0.0,152.99468595255516,87.52995138888889,0.0,834.8564027777777,0.0,10.5595,0.0,14.521798611111112
2026-03-12 13:10:00,216.9,145.9,0.0,0.0,0.0,142.95764161111225,87.52995138888889,0.0,834.8564027777777,0.0,10.5595,0.0,14.521798611111112
2026-03-12 13:11:00,230.8,149.8,0.0,0.0,0.0,149.2500795066045,87.52995138888889,0.0,834.8564027777777,0.0,10.5595,0.0,14.521798611111112
2026-03-12 13:12:00,228.9,146.2,0.0,0.0,0.0,149.1738135602959,87.52995138888889,0.0,834.8564027777777,0.0,10.5595,0.0,14.521798611111112
2026-03-12 13:13:00,230.4,147.5,0.0,0.0,0.0,149.2752773928141,87.52995138888889,0.0,834.8564027777777,0.0,10.5595,0.0,14.521798611111112
2026-03-12 13:14:00,224.2,145.8,0.0,0.0,0.0,147.21724209135087,87.52995138888889,0.0,834.8564027777777,0.0,10.5595,0.0,14.521798611111112
2026-03-12 13:15:00,238.4,145.5,0.0,0.0,0.0,153.97936711825895,87.52995138888889,0.0,834.8564027777777,0.0,10.5595,0.0,14.521798611111112
2026-03-12 13:16:00,236.3,154.8,0.0,0.0,0.0,153.06104029198633,87.52995138888889,0.0,834.8564027777777,0.0,10.5595,0.0,14.521798611111112
2026-03-12 13:17:00,229.1,149.4,0.0,0.0,0.0,148.98507453679218,87.52995138888889,0.0,834.8564027777777,0.0,10.5595,0.0,14.521798611111112
2026-03-12 13:18:00,227.3,148.8,0.0,0.0,0.0,149.87031988918375,87.52995138888889,0.0,834.8564027777777,0.0,10.5595,0.0,14.521798611111112
2026-03-12 13:19:00,219.4,140.3,0.0,0.0,0.0,143.98281700369932,87.52995138888889,0.0,834.8564027777777,0.0,10.5595,0.0,14.521798611111112
2026-03-12 13:20:00,235.1,150.7,0.0,0.0,0.0,152.59976296348137,87.52995138888889,0.0,834.8564027777777,0.0,10.5595,0.0,14.521798611111112
2026-03-12 13:21:00,226.7,144.1,0.0,0.0,0.0,149.00226299435852,87.52995138888889,0.0,834.8564027777777,0.0,10.5595,0.0,14.521798611111112
2026-03-12 13:22:00,236.4,154.9,0.0,0.0,0.0,153.68736365551658,87.52995138888889,0.0,834.8564027777777,0.0,10.5595,0.0,14.521798611111112
2026-03-12 13:23:00,218.2,148.2,0.0,0.0,0.0,145.2270331823979,87.52995138888889,0.0,834.8564027777777,0.0,10.5595,0.0,14.521798611111112
2026-03-12 13:24:00,230.9,152.4,0.0,0.0,0.0,150.71380832597055,87.52995138888889,0.0,834.8564027777777,0.0,10.5595,0.0,14.521798611111112
2026-03-12 13:25:00,224.7,148.4,0.0,0.0,0.0,148.24804203073617,87.52995138888889,0.0,834.8564027777777,0.0,10.5595,0.0,14.521798611111112
2026-03-12 13:26:00,227.0,145.6,0.0,0.0,0.0,148.5290455811932,87.52995138888889,0.0,834.8564027777777,0.0,10.5595,0.0,14.521798611111112
2026-03-12 13:27:00,223.2,143.5,0.0,0.0,0.0,147.56663786795994,87.52995138888889,0.0,834.8564027777777,0.0,10.5595,0.0,14.521798611111112
2026-03-12 13:28:00,241.2,154.6,0.0,0.0,0.0,155.84434796069945,87.52995138888889,0.0,834.8564027777777,0.0,10.5595,0.0,14.521798611111112
2026-03-12 13:29:00,228.1,150.3,0.0,0.0,0.0,149.76329258195938,87.52995138888889,0.0,834.8564027777777,0.0,10.5595,0.0,14.521798611111112
2026-03-12 13:30:00,218.6,144.2,0.0,0.0,0.0,145.416711666925,87.52995138888889,0.0,834.8564027777777,0.0,10.5595,0.0,14.521798611111112
2026-03-12 13:31:00,229.1,150.9,0.0,0.0,0.0,149.19859465120925,87.52995138888889,0.0,834.8564027777777,0.0,10.5595,0.0,14.521798611111112
2026-03-12 13:32:00,234.0,155.0,0.0,0.0,0.0,153.20066941740183,87.52995138888889,0.0,834.8564027777777,0.0,10.5595,0.0,14.521798611111112
2026-03-12 13:33:00,237.7,150.4,0.0,0.0,0.0,154.49477833639816,87.52995138888889,0.0,834.8564027777777,0.0,10.5595,0.0,14.521798611111112
2026-03-12 13:34:00,233.2,153.8,0.0,0.0,0.0,151.48283284955787,87.52995138888889,0.0,834.8564027777777,0.0,10.5595,0.0,14.521798611111112
2026-03-12 13:35:00,81.4,0.0,0.0,0.0,0.0,0.0,87.52995138888889,0.0,834.8564027777777,0.0,10.5595,0.0,14.521798611111112
2026-03-12 13:36:00,86.3,0.0,0.0,0.0,0.0,0.0,87.52995138888889,0.0,834.8564027777777,0.0,10.5595,0.0,14.521798611111112
2026-03-12 13:37:00,80.0,0.0,0.0,0.0,0.0,0.0,87.52995138888889,0.0,834.8564027777777,0.0,10.5595,0.0,14.521798611111112
2026-03-12 13:38:00,77.5,0.0,0.0,0.0,0.0,0.0,87.52995138888889,0.0,834.8564027777777,0.0,10.5595,0.0,14.521798611111112
2026-03-12 13:39:00,74.2,0.0,0.0,0.0,0.0,0.0,87.52995138888889,0.0,834.8564027777777,0.0,10.5595,0.0,14.521798611111112
2026-03-12 13:40:00,83.3,0.0,0.0,0.0,0.0,0.0,87.52995138888889,0.0,834.8564027777777,0.0,10.5595,0.0,14.521798611111112
2026-03-12 13:41:00,84.8,0.0,0.0,0.0,0.0,0.0,87.52995138888889,0.0,834.8564027777777,0.0,10.5595,0.0,14.521798611111112
2026-03-12 13:42:00,87.6,0.0,0.0,0.0,0.0,0.0,87.52995138888889,0.0,834.8564027777777,0.0,10.5595,0.0,14.521798611111112
2026-03-12 13:43:00,79.9,0.0,0.0,0.0,0.0,0.0,87.52995138888889,0.0,834.8564027777777,0.0,10.5595,0.0,14.521798611111112
2026-03-12 13:44:00,81.3,0.0,0.0,0.0,0.0,0.0,87.52995138888889,0.0,834.8564027777777,0.0,10.5595,0.0,14.521798611111112
2026-03-12 13:45:00,77.1,0.0,0.0,0.0,0.0,0.0,87.52995138888889,0.0,834.8564027777777,0.0,10.5595,0.0,14.521798611111112
2026-03-12 13:46:00,78.6,0.0,0.0,0.0,0.0,0.0,87.52995138888889,0.0,834.8564027777777,0.0,10.5595,0.0,14.521798611111112
2026-03-12 13:47:00,79.7,0.0,0.0,0.0,0.0,0.0,87.52995138888889,0.0,834.8564027777777,0.0,10.5595,0.0,14.521798611111112
2026-03-12 13:48:00,74.9,0.0,0.0,0.0,0.0,0.0,87.52995138888889,0.0,834.8564027777777,0.0,10.5595,0.0,14.521798611111112
2026-03-12 13:49:00,78.9,0.0,0.0,0.0,0.0,0.0,87.52995138888889,0.0,834.8564027777777,0.0,10.5595,0.0,14.521798611111112
2026-03-12 13:50:00,84.0,0.0,0.0,0.0,0.0,0.0,87.52995138888889,0.0,834.8564027777777,0.0,10.5595,0.0,14.521798611111112
2026-03-12 13:51:00,82.0,0.0,0.0,0.0,0.0,0.0,87.52995138888889,0.0,834.8564027777777,0.0,10.5595,0.0,14.521798611111112
2026-03-12 13:52:00,83.9,0.0,0.0,0.0,0.0,0.0,87.52995138888889,0.0,834.8564027777777,0.0,10.5595,0.0,14.521798611111112
2026-03-12 13:53:00,76.4,0.0,0.0,0.0,0.0,0.0,87.52995138888889,0.0,834.8564027777777,0.0,10.5595,0.0,14.521798611111112
2026-03-12 13:54:00,82.1,0.0,0.0,0.0,0.0,0.0,87.52995138888889,0.0,834.8564027777777,0.0,10.5595,0.0,14.521798611111112
2026-03-12 13:55:00,87.0,0.0,0.0,0.0,0.0,0.0,87.52995138888889,0.0,834.8564027777777,0.0,10.5595,0.0,14.521798611111112
2026-03-12 13:56:00,81.4,0.0,0.0,0.0,0.0,0.0,87.52995138888889,0.0,834.8564027777777,0.0,10.5595,0.0,14.521798611111112
2026-03-12 13:57:00,87.6,0.0,0.0,0.0,0.0,0.0,87.52995138888889,0.0,834.8564027777777,0.0,10.5595,0.0,14.521798611111112
2026-03-12 13:58:00,69.8,0.0,0.0,0.0,0.0,0.0,87.52995138888889,0.0,834.8564027777777,0.0,10.5595,0.0,14.521798611111112
2026-03-12 13:59:00,88.0,0.0,0.0,0.0,0.0,0.0,87.52995138888889,0.0,834.8564027777777,0.0,10.5595,0.0,14.521798611111112
2026-03-12 14:00:00,225.6,147.8,0.0,0.0,0.0,148.41295012373246,87.52995138888889,0.0,834.8564027777777,0.0,10.5595,0.0,14.521798611111112
2026-03-12 14:01:00,234.8,158.5,0.0,0.0,0.0,152.66379216408515,87.52995138888889,0.0,834.8564027777777,0.0,10.5595,0.0,14.521798611111112
2026-03-12 14:02:00,216.4,144.3,0.0,0.0,0.0,145.26762668622231,87.52995138888889,0.0,834.8564027777777,0.0,10.5595,0.0,14.521798611111112
2026-03-12 14:03:00,217.1,143.2,0.0,0.0,0.0,144.45059837036598,87.52995138888889,0.0,834.8564027777777,0.0,10.5595,0.0,14.521798611111112
2026-03-12 14:04:00,238.9,150.6,0.0,0.0,0.0,153.22472050814102,87.52995138888889,0.0,834.8564027777777,0.0,10.5595,0.0,14.521798611111112
2026-03-12 14:05:00,240.8,153.5,0.0,0.0,0.0,155.24425662623702,87.52995138888889,0.0,834.8564027777777,0.0,10.5595,0.0,14.521798611111112
2026-03-12 14:06:00,242.4,150.4,0.0,0.0,0.0,155.82249912484028,87.52995138888889,0.0,834.8564027777777,0.0,10.5595,0.0,14.521798611111112
2026-03-12 14:07:00,215.1,145.9,0.0,0.0,0.0,144.2470383755134,87.52995138888889,0.0,834.8564027777777,0.0,10.5595,0.0,14.521798611111112
2026-03-12 14:08:00,239.7,154.7,0.0,0.0,0.0,155.39534713812162,87.52995138888889,0.0,834.8564027777777,0.0,10.5595,0.0,14.521798611111112
2026-03-12 14:09:00,225.2,139.3,0.0,0.0,0.0,148.2028219085925,87.52995138888889,0.0,834.8564027777777,0.0,10.5595,0.0,14.521798611111112
2026-03-12 14:10:00,231.1,143.4,0.0,0.0,0.0,149.72348887403447,87.52995138888889,0.0,834.8564027777777,0.0,10.5595,0.0,14.521798611111112
2026-03-12 14:11:00,230.3,148.2,0.0,0.0,0.0,149.7575780356898,87.52995138888889,0.0,834.8564027777777,0.0,10.5595,0.0,14.521798611111112
2026-03-12 14:12:00,223.8,140.3,0.0,0.0,0.0,148.36299605606808,87.52995138888889,0.0,834.8564027777777,0.0,10.5595,0.0,14.521798611111112
2026-03-12 14:13:00,233.4,149.5,0.0,0.0,0.0,152.14567103903727,87.52995138888889,0.0,834.8564027777777,0.0,10.5595,0.0,14.521798611111112
2026-03-12 14:14:00,222.2,147.4,0.0,0.0,0.0,146.34388394889424,87.52995138888889,0.0,834.8564027777777,0.0,10.5595,0.0,14.521798611111112
2026-03-12 14:15:00,220.0,148.7,0.0,0.0,0.0,145.98054446460256,87.52995138888889,0.0,834.8564027777777,0.0,10.5595,0.0,14.521798611111112
2026-03-12 14:16:00,232.0,150.1,0.0,0.0,0.0,150.58767219965284,87.52995138888889,0.0,834.8564027777777,0.0,10.5595,0.0,14.521798611111112
2026-03-12 14:17:00,233.2,152.4,0.0,0.0,0.0,151.70214854780295,87.52995138888889,0.0,834.8564027777777,0.0,10.5595,0.0,14.521798611111112
2026-03-12 14:18:00,235.3,150.5,0.0,0.0,0.0,152.25228945522423,87.52995138888889,0.0,834.8564027777777,0.0,10.5595,0.0,14.521798611111112
2026-03-12 14:19:00,225.5,150.1,0.0,0.0,0.0,149.93827914278697,87.52995138888889,0.0,834.8564027777777,0.0,10.5595,0.0,14.521798611111112
2026-03-12 14:20:00,219.8,140.1,0.0,0.0,0.0,145.48740335690857,87.52995138888889,0.0,834.8564027777777,0.0,10.5595,0.0,14.521798611111112
2026-03-12 14:21:00,228.8,148.3,0.0,0.0,0.0,149.53769360628476,87.52995138888889,0.0,834.8564027777777,0.0,10.5595,0.0,14.521798611111112
2026-03-12 14:22:00,226.6,145.0,0.0,0.0,0.0,149.29173667550484,87.52995138888889,0.0,834.8564027777777,0.0,10.5595,0.0,14.521798611111112
2026-03-12 14:23:00,232.7,146.2,0.0,0.0,0.0,150.85298957844986,87.52995138888889,0.0,834.8564027777777,0.0,10.5595,0.0,14.521798611111112
2026-03-12 14:24:00,214.6,136.8,0.0,0.0,0.0,144.35223570215186,87.52995138888889,0.0,834.8564027777777,0.0,10.5595,0.0,14.521798611111112
2026-03-12 14:25:00,215.1,144.0,0.0,0.0,0.0,144.47412175097585,87.52995138888889,0.0,834.8564027777777,0.0,10.5595,0.0,14.521798611111112
2026-03-12 14:26:00,231.7,147.7,0.0,0.0,0.0,150.9956493823829,87.52995138888889,0.0,834.8564027777777,0.0,10.5595,0.0,14.521798611111112
2026-03-12 14:27:00,240.1,156.1,0.0,0.0,0.0,154.03718923752268,87.52995138888889,0.0,834.8564027777777,0.0,10.5595,0.0,14.521798611111112
2026-03-12 14:28:00,230.2,143.5,0.0,0.0,0.0,150.19306282308162,87.52995138888889,0.0,834.8564027777777,0.0,10.5595,0.0,14.521798611111112
2026-03-12 14:29:00,220.7,140.7,0.0,0.0,0.0,144.9988910332902,87.52995138888889,0.0,834.8564027777777,0.0,10.5595,0.0,14.521798611111112
2026-03-12 14:30:00,232.3,149.9,0.0,0.0,0.0,152.23624711885125,87.52995138888889,0.0,834.8564027777777,0.0,10.5595,0.0,14.521798611111112
2026-03-12 14:31:00,248.4,158.5,0.0,0.0,0.0,157.9159410815219,87.52995138888889,0.0,834.8564027777777,0.0,10.5595,0.0,14.521798611111112
2026-03-12 14:32:00,230.4,153.5,0.0,0.0,0.0,150.31677191637343,87.52995138888889,0.0,834.8564027777777,0.0,10.5595,0.0,14.521798611111112
2026-03-12 14:33:00,234.9,148.0,0.0,0.0,0.0,152.76517981082097,87.52995138888889,0.0,834.8564027777777,0.0,10.5595,0.0,14.521798611111112
2026-03-12 14:34:00,232.5,151.4,0.0,0.0,0.0,152.04913508538252,87.52995138888889,0.0,834.8564027777777,0.0,10.5595,0.0,14.521798611111112
2026-03-12 14:35:00,2081.2,0.0,2012.0,0.0,0.0,0.0,87.52995138888889,2003.4712062200751,834.8564027777777,0.0,10.5595,0.0,14.521798611111112
2026-03-12 14:36:00,69.9,0.0,0.0,0.0,0.0,0.0,87.52995138888889,0.0,834.8564027777777,0.0,10.5595,0.0,14.521798611111112
2026-03-12 14:37:00,81.3,0.0,0.0,0.0,0.0,0.0,87.52995138888889,0.0,834.8564027777777,0.0,10.5595,0.0,14.521798611111112
2026-03-12 14:38:00,79.3,0.0,0.0,0.0,0.0,0.0,87.52995138888889,0.0,834.8564027777777,0.0,10.5595,0.0,14.521798611111112
2026-03-12 14:39:00,81.7,0.0,0.0,0.0,0.0,0.0,87.52995138888889,0.0,834.8564027777777,0.0,10.5595,0.0,14.521798611111112
2026-03-12 14:40:00,80.7,0.0,0.0,0.0,0.0,0.0,87.52995138888889,0.0,834.8564027777777,0.0,10.5595,0.0,14.521798611111112
2026-03-12 14:41:00,76.6,0.0,0.0,0.0,0.0,0.0,87.52995138888889,0.0,834.8564027777777,0.0,10.5595,0.0,14.521798611111112
2026-03-12 14:42:00,91.2,0.0,0.0,0.0,0.0,0.0,87.52995138888889,0.0,834.8564027777777,0.0,10.5595,0.0,14.521798611111112
2026-03-12 14:43:00,2025.8,0.0,1940.4,0.0,0.0,0.0,87.52995138888889,1949.3964887090528,834.8564027777777,0.0,10.5595,0.0,14.521798611111112
2026-03-12 14:44:00,82.6,0.0,0.0,0.0,0.0,0.0,87.52995138888889,0.0,834.8564027777777,0.0,10.5595,0.0,14.521798611111112
2026-03-12 14:45:00,79.1,0.0,0.0,0.0,0.0,0.0,87.52995138888889,0.0,834.8564027777777,0.0,10.5595,0.0,14.521798611111112
2026-03-12 14:46:00,2115.9,0.0,2045.8,0.0,0.0,18.82412944462945,87.52995138888889,2036.305908875172,834.8564027777777,0.0,10.5595,0.0,14.521798611111112
2026-03-12 14:47:00,2074.1,0.0,1990.1,0.0,0.0,0.0,87.52995138888889,1993.7482798549397,834.8564027777777,0.0,10.5595,0.0,14.521798611111112
2026-03-12 14:48:00,77.9,0.0,0.0,0.0,0.0,0.0,87.52995138888889,0.0,834.8564027777777,0.0,10.5595,0.0,14.521798611111112
2026-03-12 14:49:00,81.6,0.0,0.0,0.0,0.0,0.0,87.52995138888889,0.0,834.8564027777777,0.0,10.5595,0.0,14.521798611111112
2026-03-12 14:50:00,76.1,0.0,0.0,0.0,0.0,0.0,87.52995138888889,0.0,834.8564027777777,0.0,10.5595,0.0,14.521798611111112
2026-03-12 14:51:00,78.1,0.0,0.0,0.0,0.0,0.0,87.52995138888889,0.0,834.8564027777777,0.0,10.5595,0.0,14.521798611111112
2026-03-12 14:52:00,70.8,0.0,0.0,0.0,0.0,0.0,87.52995138888889,0.0,834.8564027777777,0.0,10.5595,0.0,14.521798611111112
2026-03-12 14:53:00,2093.0,0.0,2011.3,0.0,0.0,0.0,87.52995138888889,2014.4237551863168,834.8564027777777,0.0,10.5595,0.0,14.521798611111112
2026-03-12 14:54:00,77.6,0.0,0.0,0.0,0.0,0.0,87.52995138888889,0.0,834.8564027777777,0.0,10.5595,0.0,14.521798611111112
2026-03-12 14:55:00,2036.5,0.0,1965.6,0.0,0.0,0.0,87.52995138888889,1959.194359247615,834.8564027777777,0.0,10.5595,0.0,14.521798611111112
2026-03-12 14:56:00,2138.4,0.0,2051.1,0.0,0.0,17.28749059644059,87.52995138888889,2034.5057224589834,834.8564027777777,0.0,10.5595,0.0,14.521798611111112
2026-03-12 14:57:00,2115.9,0.0,2031.1,0.0,0.0,18.82412944462945,87.52995138888889,2036.051754077192,834.8564027777777,0.0,10.5595,0.0,14.521798611111112
2026-03-12 14:58:00,2068.9,0.0,1984.1,0.0,0.0,0.0,87.52995138888889,1989.8736942179285,834.8564027777777,0.0,10.5595,0.0,14.521798611111112
2026-03-12 14:59:00,2077.6,0.0,1998.3,0.0,0.0,0.0,87.52995138888889,1996.6032032995884,834.8564027777777,0.0,10.5595,0.0,14.521798611111112
2026-03-12 15:00:00,2223.6,157.0,1986.5,0.0,0.0,150.3238561335722,87.52995138888889,1993.3776124026037,834.8564027777777,0.0,10.5595,0.0,14.521798611111112
2026-03-12 15:01:00,2232.2,152.4,1990.9,0.0,0.0,149.40966373627222,87.52995138888889,2003.351473018667,834.8564027777777,0.0,10.5595,0.0,14.521798611111112
2026-03-12 15:02:00,2201.0,153.6,1975.2,0.0,0.0,148.58379109594102,87.52995138888889,1975.0184035325792,834.8564027777777,0.0,10.5595,0.0,14.521798611111112
2026-03-12 15:03:00,231.9,152.2,0.0,0.0,0.0,150.33264494574055,87.52995138888889,0.0,834.8564027777777,0.0,10.5595,0.0,14.521798611111112
2026-03-12 15:04:00,2240.0,155.8,2007.7,0.0,0.0,150.05541468482787,87.52995138888889,2007.4334947341763,834.8564027777777,0.0,10.5595,0.0,14.521798611111112
2026-03-12 15:05:00,2242.5,152.9,2019.5,0.0,0.0,148.31504037351542,87.52995138888889,2013.053852146111,834.8564027777777,0.0,10.5595,0.0,14.521798611111112
2026-03-12 15:06:00,2225.6,148.8,1995.4,0.0,0.0,148.93434412535228,87.52995138888889,1995.5171162591757,834.8564027777777,0.0,10.5595,0.0,14.521798611111112
2026-03-12 15:07:00,2265.3,147.0,2036.6,0.0,0.0,150.07874727355272,87.52995138888889,2031.6935175360584,834.8564027777777,0.0,10.5595,0.0,14.521798611111112
2026-03-12 15:08:00,2236.8,147.1,2020.2,0.0,0.0,150.1383711305865,87.52995138888889,2002.5467623303593,834.8564027777777,0.0,10.5595,0.0,14.521798611111112
2026-03-12 15:09:00,227.5,150.5,0.0,0.0,0.0,149.62871391313084,87.52995138888889,0.0,834.8564027777777,0.0,10.5595,0.0,14.521798611111112
2026-03-12 15:10:00,235.4,145.9,0.0,0.0,0.0,152.22054457818874,87.52995138888889,0.0,834.8564027777777,0.0,10.5595,0.0,14.521798611111112
2026-03-12 15:11:00,2225.5,149.6,1998.2,0.0,0.0,148.12096318175287,87.52995138888889,1994.3898046360498,834.8564027777777,0.0,10.5595,0.0,14.521798611111112
2026-03-12 15:12:00,2217.0,146.1,1991.7,0.0,0.0,148.20016899260872,87.52995138888889,1987.8143797622486,834.8564027777777,0.0,10.5595,0.0,14.521798611111112
2026-03-12 15:13:00,2272.4,150.2,2030.3,0.0,0.0,151.73547087778073,87.52995138888889,2039.4058914175687,834.8564027777777,0.0,10.5595,0.0,14.521798611111112
2026-03-12 15:14:00,2284.1,149.5,2051.5,0.0,0.0,152.68265753351682,87.52995138888889,2049.8506222231413,834.8564027777777,0.0,10.5595,0.0,14.521798611111112
2026-03-12 15:15:00,232.7,151.2,0.0,0.0,0.0,152.32668599113313,87.52995138888889,0.0,834.8564027777777,0.0,10.5595,0.0,14.521798611111112
2026-03-12 15:16:00,242.2,155.8,0.0,0.0,0.0,154.3977299532711,87.52995138888889,0.0,834.8564027777777,0.0,10.5595,0.0,14.521798611111112
2026-03-12 15:17:00,2155.1,150.3,1934.4,0.0,0.0,94.62501912556253,87.52995138888889,1965.971476861374,834.8564027777777,0.0,10.5595,0.0,14.521798611111112
2026-03-12 15:18:00,2216.4,141.2,1997.1,0.0,0.0,148.76070719819396,87.52995138888889,1989.761203507922,834.8564027777777,0.0,10.5595,0.0,14.521798611111112
2026-03-12 15:19:00,236.9,153.3,0.0,0.0,0.0,154.47980108524374,87.52995138888889,0.0,834.8564027777777,0.0,10.5595,0.0,14.521798611111112
2026-03-12 15:20:00,2244.4,150.6,2011.1,0.0,0.0,150.5650288525802,87.52995138888889,2015.6148852375713,834.8564027777777,0.0,10.5595,0.0,14.521798611111112
2026-03-12 15:21:00,232.9,151.2,0.0,0.0,0.0,150.79850561861886,87.52995138888889,0.0,834.8564027777777,0.0,10.5595,0.0,14.521798611111112
2026-03-12 15:22:00,223.5,149.5,0.0,0.0,0.0,147.56818176356666,87.52995138888889,0.0,834.8564027777777,0.0,10.5595,0.0,14.521798611111112
2026-03-12 15:23:00,234.5,146.4,0.0,0.0,0.0,152.61511815145636,87.52995138888889,0.0,834.8564027777777,0.0,10.5595,0.0,14.521798611111112
2026-03-12 15:24:00,2253.1,143.1,2027.4,0.0,0.0,150.5480804292944,87.52995138888889,2021.1386245339643,834.8564027777777,0.0,10.5595,0.0,14.521798611111112
2026-03-12 15:25:00,2264.7,152.3,2049.3,0.0,0.0,151.226423376569,87.52995138888889,2031.6656026289581,834.8564027777777,0.0,10.5595,0.0,14.521798611111112
2026-03-12 15:26:00,2250.0,154.0,2017.3,0.0,0.0,150.80708789407763,87.52995138888889,2020.5471972319115,834.8564027777777,0.0,10.5595,0.0,14.521798611111112
2026-03-12 15:27:00,2213.1,141.4,1988.7,0.0,0.0,150.3181778916616,87.52995138888889,1988.0952045452827,834.8564027777777,0.0,10.5595,0.0,14.521798611111112
2026-03-12 15:28:00,2222.9,147.1,1998.6,0.0,0.0,151.63396546149926,87.52995138888889,1991.7398035982526,834.8564027777777,0.0,10.5595,0.0,14.521798611111112
2026-03-12 15:29:00,2196.5,140.1,1978.2,0.0,0.0,150.2533458189957,87.52995138888889,1968.689329091986,834.8564027777777,0.0,10.5595,0.0,14.521798611111112
2026-03-12 15:30:00,2196.9,141.3,1982.6,0.0,0.0,149.18953488646417,87.52995138888889,1968.8973695922266,834.8564027777777,0.0,10.5595,0.0,14.521798611111112
2026-03-12 15:31:00,2247.2,154.6,2018.0,0.0,0.0,150.75530892852134,87.52995138888889,2017.9318166518665,834.8564027777777,0.0,10.5595,0.0,14.521798611111112
2026-03-12 15:32:00,2244.2,149.1,2012.9,0.0,0.0,150.8477259696501,87.52995138888889,2014.8962905534058,834.8564027777777,0.0,10.5595,0.0,14.521798611111112
2026-03-12 15:33:00,229.2,157.3,0.0,0.0,0.0,150.2412341674665,87.52995138888889,0.0,834.8564027777777,0.0,10.5595,0.0,14.521798611111112
2026-03-12 15:34:00,219.4,142.2,0.0,0.0,0.0,146.24252626276078,87.52995138888889,0.0,834.8564027777777,0.0,10.5595,0.0,14.521798611111112
2026-03-12 15:35:00,83.0,0.0,0.0,0.0,0.0,0.0,87.52995138888889,0.0,834.8564027777777,0.0,10.5595,0.0,14.521798611111112
2026-03-12 15:36:00,2066.0,0.0,1994.6,0.0,0.0,0.0,87.52995138888889,1986.9975924923103,834.8564027777777,0.0,10.5595,0.0,14.521798611111112
2026-03-12 15:37:00,2143.6,0.0,2052.5,0.0,0.0,55.69967310402017,87.52995138888889,2023.5158112081303,834.8564027777777,0.0,10.5595,0.0,14.521798611111112
2026-03-12 15:38:00,2110.9,0.0,2029.9,0.0,0.0,0.0,87.52995138888889,2030.693504597254,834.8564027777777,0.0,10.5595,0.0,14.521798611111112
2026-03-12 15:39:00,2069.1,0.0,1993.5,0.0,0.0,0.0,87.52995138888889,1988.407430986008,834.8564027777777,0.0,10.5595,0.0,14.521798611111112
2026-03-12 15:40:00,2092.4,0.0,2011.9,0.0,0.0,0.0,87.52995138888889,2013.9049104046283,834.8564027777777,0.0,10.5595,0.0,14.521798611111112
2026-03-12 15:41:00,2108.7,0.0,2023.6,0.0,0.0,0.0,87.52995138888889,2025.897666625639,834.8564027777777,0.0,10.5595,0.0,14.521798611111112
2026-03-12 15:42:00,2066.5,0.0,1992.7,0.0,0.0,0.0,87.52995138888889,1987.370342505261,834.8564027777777,0.0,10.5595,0.0,14.521798611111112
2026-03-12 15:43:00,2069.2,0.0,1996.2,0.0,0.0,0.0,87.52995138888889,1988.2541826454597,834.8564027777777,0.0,10.5595,0.0,14.521798611111112
2026-03-12 15:44:00,2014.5,0.0,1940.8,0.0,0.0,0.0,87.52995138888889,1935.1062639140807,834.8564027777777,0.0,10.5595,0.0,14.521798611111112
2026-03-12 15:45:00,2082.3,0.0,1996.3,0.0,0.0,0.0,87.52995138888889,2001.164011149363,834.8564027777777,0.0,10.5595,0.0,14.521798611111112
2026-03-12 15:46:00,2073.6,0.0,2000.5,0.0,0.0,0.0,87.52995138888889,1992.3766748675064,834.8564027777777,0.0,10.5595,0.0,14.521798611111112
2026-03-12 15:47:00,2057.7,0.0,1978.0,0.0,0.0,0.0,87.52995138888889,1980.1244485283596,834.8564027777777,0.0,10.5595,0.0,14.521798611111112
2026-03-12 15:48:00,2130.8,0.0,2053.7,0.0,0.0,0.0,87.52995138888889,2043.1417986217612,834.8564027777777,0.0,10.5595,0.0,14.521798611111112
2026-03-12 15:49:00,2111.8,0.0,2030.5,0.0,0.0,0.0,87.52995138888889,2031.21405563233,834.8564027777777,0.0,10.5595,0.0,14.521798611111112
2026-03-12 15:50:00,2051.6,0.0,1972.3,0.0,0.0,0.0,87.52995138888889,1975.2016950091852,834.8564027777777,0.0,10.5595,0.0,14.521798611111112
2026-03-12 15:51:00,2036.1,0.0,1958.6,0.0,0.0,0.0,87.52995138888889,1957.7883550663928,834.8564027777777,0.0,10.5595,0.0,14.521798611111112
2026-03-12 15:52:00,2100.3,0.0,2022.6,0.0,0.0,0.0,87.52995138888889,2019.4875339114049,834.8564027777777,0.0,10.5595,0.0,14.521798611111112
2026-03-12 15:53:00,2072.7,0.0,1991.6,0.0,0.0,0.0,87.52995138888889,1995.2674294469145,834.8564027777777,0.0,10.5595,0.0,14.521798611111112
2026-03-12 15:54:00,2082.1,0.0,1996.2,0.0,0.0,0.0,87.52995138888889,2000.5954873102382,834.8564027777777,0.0,10.5595,0.0,14.521798611111112
2026-03-12 15:55:00,2074.4,0.0,2001.9,0.0,0.0,0.0,87.52995138888889,1995.1315458199463,834.8564027777777,0.0,10.5595,0.0,14.521798611111112
2026-03-12 15:56:00,2071.6,0.0,1987.8,0.0,0.0,0.0,87.52995138888889,1995.0452141972405,834.8564027777777,0.0,10.5595,0.0,14.521798611111112
2026-03-12 15:57:00,2049.9,0.0,1970.3,0.0,0.0,0.0,87.52995138888889,1972.7181518542473,834.8564027777777,0.0,10.5595,0.0,14.521798611111112
2026-03-12 15:58:00,2143.2,0.0,2060.4,0.0,0.0,53.31153209872916,87.52995138888889,2030.3182415526767,834.8564027777777,0.0,10.5595,0.0,14.521798611111112
2026-03-12 15:59:00,2073.0,0.0,1991.5,0.0,0.0,0.0,87.52995138888889,1994.7280422809758,834.8564027777777,0.0,10.5595,0.0,14.521798611111112
2026-03-12 16:00:00,2250.3,156.2,2007.5,0.0,0.0,150.25516427460568,87.52995138888889,2020.1976941482494,834.8564027777777,0.0,10.5595,0.0,14.521798611111112
2026-03-12 16:01:00,2245.0,153.8,2015.2,0.0,0.0,150.00304567958412,87.52995138888889,2013.3688087912697,834.8564027777777,0.0,10.5595,0.0,14.521798611111112
2026-03-12 16:02:00,2236.4,153.8,1997.2,0.0,0.0,151.25618102936224,87.52995138888889,2002.5974640738891,834.8564027777777,0.0,10.5595,0.0,14.521798611111112
2026-03-12 16:03:00,2236.2,148.0,2013.2,0.0,0.0,151.60381533487163,87.52995138888889,2002.7160561967262,834.8564027777777,0.0,10.5595,0.0,14.521798611111112
2026-03-12 16:04:00,2226.1,151.1,1991.2,0.0,0.0,150.60863554326937,87.52995138888889,1995.5698529515148,834.8564027777777,0.0,10.5595,0.0,14.521798611111112
2026-03-12 16:05:00,2211.2,155.3,1979.0,0.0,0.0,150.0054698603684,87.52995138888889,1984.647719394386,834.8564027777777,0.0,10.5595,0.0,14.521798611111112
2026-03-12 16:06:00,227.5,144.5,0.0,0.0,0.0,149.97787611126407,87.52995138888889,0.0,834.8564027777777,0.0,10.5595,0.0,14.521798611111112
2026-03-12 16:07:00,2252.4,154.6,2029.3,0.0,0.0,151.33096688680823,87.52995138888889,2021.6177181990693,834.8564027777777,0.0,10.5595,0.0,14.521798611111112
2026-03-12 16:08:00,2223.2,151.2,2000.1,0.0,0.0,151.3294453768453,87.52995138888889,1991.448911790388,834.8564027777777,0.0,10.5595,0.0,14.521798611111112
2026-03-12 16:09:00,2207.9,147.1,1992.0,0.0,0.0,150.2940736089217,87.52995138888889,1979.1455198273497,834.8564027777777,0.0,10.5595,0.0,14.521798611111112
2026-03-12 16:10:00,2210.5,153.1,1979.0,0.0,0.0,149.74498824058642,87.52995138888889,1984.6803053190827,834.8564027777777,0.0,10.5595,0.0,14.521798611111112
2026-03-12 16:11:00,2234.4,152.4,1996.3,0.0,0.0,151.92430916037293,87.52995138888889,2000.9587115581958,834.8564027777777,0.0,10.5595,0.0,14.521798611111112
2026-03-12 16:12:00,2199.8,147.1,1980.9,0.0,0.0,149.99070263603483,87.52995138888889,1970.2136333067808,834.8564027777777,0.0,10.5595,0.0,14.521798611111112
2026-03-12 16:13:00,2283.1,149.2,2042.0,0.0,0.0,151.3054224506257,87.52995138888889,2050.950798535139,834.8564027777777,0.0,10.5595,0.0,14.521798611111112
2026-03-12 16:14:00,2192.7,146.0,1965.5,0.0,0.0,150.9600727219431,87.52995138888889,1962.5294514010106,834.8564027777777,0.0,10.5595,0.0,14.521798611111112
2026-03-12 16:15:00,2281.7,148.9,2041.3,0.0,0.0,151.45400838371856,87.52995138888889,2050.370694737036,834.8564027777777,0.0,10.5595,0.0,14.521798611111112
2026-03-12 16:16:00,2215.7,144.5,1993.1,0.0,0.0,149.07893651517048,87.52995138888889,1989.5692038984146,834.8564027777777,0.0,10.5595,0.0,14.521798611111112
2026-03-12 16:17:00,2202.4,142.8,1981.0,0.0,0.0,149.97262775241896,87.52995138888889,1976.166255096391,834.8564027777777,0.0,10.5595,0.0,14.521798611111112
2026-03-12 16:18:00,2252.3,154.3,2015.4,0.0,0.0,150.33460296762055,87.52995138888889,2022.3948248824365,834.8564027777777,0.0,10.5595,0.0,14.521798611111112
2026-03-12 16:19:00,2211.8,142.2,1990.2,0.0,0.0,149.248578696845,87.52995138888889,1985.2948915245975,834.8564027777777,0.0,10.5595,0.0,14.521798611111112
2026-03-12 16:20:00,2186.1,143.1,1962.1,0.0,0.0,150.8133856701061,87.52995138888889,1958.165014819291,834.8564027777777,0.0,10.5595,0.0,14.521798611111112
2026-03-12 16:21:00,2210.9,145.1,1977.5,0.0,0.0,148.97725896811315,87.52995138888889,1984.4768571846764,834.8564027777777,0.0,10.5595,0.0,14.521798611111112
2026-03-12 16:22:00,2239.5,160.6,1995.7,0.0,0.0,150.86158299098565,87.52995138888889,2007.3198882521615,834.8564027777777,0.0,10.5595,0.0,14.521798611111112
2026-03-12 16:23:00,2218.8,142.6,1988.7,0.0,0.0,148.80263214113035,87.52995138888889,1992.213789673151,834.8564027777777,0.0,10.5595,0.0,14.521798611111112
2026-03-12 16:24:00,2209.4,147.8,1985.2,0.0,0.0,149.2301843847989,87.52995138888889,1983.65681688908,834.8564027777777,0.0,10.5595,0.0,14.521798611111112
2026-03-12 16:25:00,2257.9,146.5,2022.7,0.0,0.0,151.87154779332866,87.52995138888889,2028.8593604948965,834.8564027777777,0.0,10.5595,0.0,14.521798611111112
2026-03-12 16:26:00,2278.4,154.0,2036.7,0.0,0.0,150.95911898325846,87.52995138888889,2043.8358448525169,834.8564027777777,0.0,10.5595,0.0,14.521798611111112
2026-03-12 16:27:00,2245.4,146.3,2005.4,0.0,0.0,149.8608035393943,87.52995138888889,2013.8323516032026,834.8564027777777,0.0,10.5595,0.0,14.521798611111112
2026-03-12 16:28:00,2282.1,156.3,2049.5,0.0,0.0,150.75845140960112,87.52995138888889,2048.2722471772527,834.8564027777777,0.0,10.5595,0.0,14.521798611111112
2026-03-12 16:29:00,2279.9,149.9,2049.3,0.0,0.0,151.29645612579992,87.52995138888889,2045.2615807479217,834.8564027777777,0.0,10.5595,0.0,14.521798611111112
2026-03-12 16:30:00,2245.7,156.7,2009.3,0.0,0.0,148.61116478931007,87.52995138888889,2013.9454479475987,834.8564027777777,0.0,10.5595,0.0,14.521798611111112
2026-03-12 16:31:00,2251.1,151.7,2015.8,0.0,0.0,150.56029728785725,87.52995138888889,2022.3056412990088,834.8564027777777,0.0,10.5595,0.0,14.521798611111112
2026-03-12 16:32:00,2226.0,149.8,1992.5,0.0,0.0,148.37354215926834,87.52995138888889,1999.9077748518907,834.8564027777777,0.0,10.5595,0.0,14.521798611111112
2026-03-12 16:33:00,2263.1,143.8,2034.9,0.0,0.0,150.5294744436477,87.52995138888889,2033.3189924400579,834.8564027777777,0.0,10.5595,0.0,14.521798611111112
2026-03-12 16:34:00,2206.0,147.0,1984.6,0.0,0.0,149.25755857946098,87.52995138888889,1978.3608470262316,834.8564027777777,0.0,10.5595,0.0,14.521798611111112
2026-03-12 16:35:00,2069.6,0.0,1991.6,0.0,0.0,0.0,87.52995138888889,1989.0057336468715,834.8564027777777,0.0,10.5595,0.0,14.521798611111112
2026-03-12 16:36:00,2055.1,0.0,1972.0,0.0,0.0,0.0,87.52995138888889,1976.2075646294134,834.8564027777777,0.0,10.5595,0.0,14.521798611111112
2026-03-12 16:37:00,2085.4,0.0,2017.7,0.0,0.0,0.0,87.52995138888889,2005.023383828008,834.8564027777777,0.0,10.5595,0.0,14.521798611111112
2026-03-12 16:38:00,2070.2,0.0,1991.7,0.0,0.0,0.0,87.52995138888889,1992.1770211194207,834.8564027777777,0.0,10.5595,0.0,14.521798611111112
2026-03-12 16:39:00,2101.8,0.0,2017.7,0.0,0.0,0.0,87.52995138888889,2022.4589423733128,834.8564027777777,0.0,10.5595,0.0,14.521798611111112
2026-03-12 16:40:00,2079.9,0.0,1989.8,0.0,0.0,0.0,87.52995138888889,1999.2447117058866,834.8564027777777,0.0,10.5595,0.0,14.521798611111112
2026-03-12 16:41:00,2092.5,0.0,2008.7,0.0,0.0,0.0,87.52995138888889,2013.3900740597642,834.8564027777777,0.0,10.5595,0.0,14.521798611111112
2026-03-12 16:42:00,2062.7,0.0,1982.4,0.0,0.0,0.0,87.52995138888889,1983.844437513206,834.8564027777777,0.0,10.5595,0.0,14.521798611111112
2026-03-12 16:43:00,2125.8,0.0,2059.7,0.0,0.0,0.0,87.52995138888889,2043.516881988907,834.8564027777777,0.0,10.5595,0.0,14.521798611111112
2026-03-12 16:44:00,2093.8,0.0,2014.0,0.0,0.0,0.0,87.52995138888889,2014.8031562858173,834.8564027777777,0.0,10.5595,0.0,14.521798611111112
2026-03-12 16:45:00,2094.0,0.0,2019.2,0.0,0.0,0.0,87.52995138888889,2014.7763325317933,834.8564027777777,0.0,10.5595,0.0,14.521798611111112
2026-03-12 16:46:00,2086.1,0.0,2003.8,0.0,0.0,0.0,87.52995138888889,2005.692968643216,834.8564027777777,0.0,10.5595,0.0,14.521798611111112
2026-03-12 16:47:00,2064.1,0.0,1982.9,0.0,0.0,0.0,87.52995138888889,1984.8527584955038,834.8564027777777,0.0,10.5595,0.0,14.521798611111112
2026-03-12 16:48:00,2090.4,0.0,2001.9,0.0,0.0,0.0,87.52995138888889,2008.479121119784,834.8564027777777,0.0,10.5595,0.0,14.521798611111112
2026-03-12 16:49:00,2086.5,0.0,2007.0,0.0,0.0,0.0,87.52995138888889,2006.9468568899917,834.8564027777777,0.0,10.5595,0.0,14.521798611111112
2026-03-12 16:50:00,2084.8,0.0,2015.4,0.0,0.0,0.0,87.52995138888889,2002.1357886723158,834.8564027777777,0.0,10.5595,0.0,14.521798611111112
2026-03-12 16:51:00,2060.0,0.0,1976.1,0.0,0.0,0.0,87.52995138888889,1981.9422443572987,834.8564027777777,0.0,10.5595,0.0,14.521798611111112
2026-03-12 16:52:00,2106.2,0.0,2014.1,0.0,0.0,0.0,87.52995138888889,2025.312165421235,834.8564027777777,0.0,10.5595,0.0,14.521798611111112
2026-03-12 16:53:00,2059.0,0.0,1980.9,0.0,0.0,0.0,87.52995138888889,1980.9020534669519,834.8564027777777,0.0,10.5595,0.0,14.521798611111112
2026-03-12 16:54:00,2031.9,0.0,1952.4,0.0,0.0,0.0,87.52995138888889,1951.5831835759805,834.8564027777777,0.0,10.5595,0.0,14.521798611111112
2026-03-12 16:55:00,2095.4,0.0,2022.7,0.0,0.0,0.0,87.52995138888889,2016.020474775971,834.8564027777777,0.0,10.5595,0.0,14.521798611111112
2026-03-12 16:56:00,2082.4,0.0,2001.0,0.0,0.0,0.0,87.52995138888889,1998.7669457777197,834.8564027777777,0.0,10.5595,0.0,14.521798611111112
2026-03-12 16:57:00,2063.2,0.0,1981.2,0.0,0.0,0.0,87.52995138888889,1983.903633459084,834.8564027777777,0.0,10.5595,0.0,14.521798611111112
2026-03-12 16:58:00,2105.6,0.0,2025.6,0.0,0.0,0.0,87.52995138888889,2024.7689348703045,834.8564027777777,0.0,10.5595,0.0,14.521798611111112
2026-03-12 16:59:00,2087.4,0.0,1999.0,0.0,0.0,0.0,87.52995138888889,2007.8208967379205,834.8564027777777,0.0,10.5595,0.0,14.521798611111112
2026-03-12 17:00:00,2262.0,156.7,2018.0,0.0,0.0,149.6402584949909,87.52995138888889,2034.9554175825406,834.8564027777777,0.0,10.5595,0.0,14.521798611111112
2026-03-12 17:01:00,2218.3,143.0,2001.5,0.0,0.0,150.7510319826659,87.52995138888889,1986.7014488488699,834.8564027777777,0.0,10.5595,0.0,14.521798611111112
2026-03-12 17:02:00,2248.4,151.9,2015.8,0.0,0.0,149.42512597865104,87.52995138888889,2017.9589366636624,834.8564027777777,0.0,10.5595,0.0,14.521798611111112
2026-03-12 17:03:00,2217.6,142.7,1995.6,0.0,0.0,150.51790427007634,87.52995138888889,1987.286657954458,834.8564027777777,0.0,10.5595,0.0,14.521798611111112
2026-03-12 17:04:00,2219.1,153.7,1987.2,0.0,0.0,150.18816638089578,87.52995138888889,1990.7328416429914,834.8564027777777,0.0,10.5595,0.0,14.521798611111112
2026-03-12 17:05:00,2294.6,153.0,2056.5,0.0,0.0,152.46455167663729,87.52995138888889,2055.504685189841,834.8564027777777,0.0,10.5595,1.6738672173142761,14.521798611111112
2026-03-12 17:06:00,2189.9,150.6,1957.5,0.0,0.0,148.7982913654514,87.52995138888889,1967.4378254416663,834.8564027777777,0.0,10.5595,0.0,14.521798611111112
2026-03-12 17:07:00,2265.9,147.2,2041.4,0.0,0.0,151.66425237448684,87.52995138888889,2035.96157908132,834.8564027777777,0.0,10.5595,0.0,14.521798611111112
2026-03-12 17:08:00,2250.2,149.9,2022.7,0.0,0.0,152.07908259029503,87.52995138888889,2019.417196792772,834.8564027777777,0.0,10.5595,0.0,14.521798611111112
2026-03-12 17:09:00,2219.0,151.5,1991.3,0.0,0.0,150.47068697370165,87.52995138888889,1989.3885732801937,834.8564027777777,0.0,10.5595,0.0,14.521798611111112
2026-03-12 17:10:00,2205.0,148.2,1981.1,0.0,0.0,150.06914914092033,87.52995138888889,1981.2105489094756,834.8564027777777,0.0,10.5595,0.0,14.521798611111112
2026-03-12 17:11:00,2190.3,139.6,1965.8,0.0,0.0,149.9522202220809,87.52995138888889,1965.3614371122885,834.8564027777777,0.0,10.5595,0.0,14.521798611111112
2026-03-12 17:12:00,2231.5,153.5,1983.4,0.0,0.0,150.7057188125601,87.52995138888889,2001.6990550088801,834.8564027777777,0.0,10.5595,0.0,14.521798611111112
2026-03-12 17:13:00,2238.3,150.2,2003.9,0.0,0.0,151.07548565979087,87.52995138888889,2010.471156180303,834.8564027777777,0.0,10.5595,0.0,14.521798611111112
2026-03-12 17:14:00,2197.9,149.3,1968.7,0.0,0.0,149.72472246050015,87.52995138888889,1969.591304252278,834.8564027777777,0.0,10.5595,0.0,14.521798611111112
2026-03-12 17:15:00,2269.4,147.6,2047.3,0.0,0.0,152.76757677481336,87.52995138888889,2036.6664123189053,834.8564027777777,0.0,10.5595,0.0,14.521798611111112
2026-03-12 17:16:00,2198.8,132.7,1989.1,0.0,0.0,149.44763681373945,87.52995138888889,1970.12683083583,834.8564027777777,0.0,10.5595,0.0,14.521798611111112
2026-03-12 17:17:00,2229.0,149.1,1999.1,0.0,0.0,150.5932741741375,87.52995138888889,1998.8005678465527,834.8564027777777,0.0,10.5595,0.0,14.521798611111112
2026-03-12 17:18:00,2204.2,147.9,1971.0,0.0,0.0,150.05862908953793,87.52995138888889,1978.603113000508,834.8564027777777,0.0,10.5595,0.0,14.521798611111112
2026-03-12 17:19:00,2212.6,152.4,1977.1,0.0,0.0,151.07680379740086,87.52995138888889,1981.58453982991,834.8564027777777,0.0,10.5595,0.0,14.521798611111112
2026-03-12 17:20:00,2248.6,151.2,2025.6,0.0,0.0,150.1668293633869,87.52995138888889,2020.1367586628762,834.8564027777777,0.0,10.5595,0.0,14.521798611111112
2026-03-12 17:21:00,2156.7,146.1,1935.2,0.0,0.0,118.24327595038264,87.52995138888889,1948.5533014471914,834.8564027777777,0.0,10.5595,0.0,14.521798611111112
2026-03-12 17:22:00,2252.2,152.5,2012.3,0.0,0.0,150.76611476704124,87.52995138888889,2021.9752309362773,834.8564027777777,0.0,10.5595,0.0,14.521798611111112
2026-03-12 17:23:00,2258.8,148.9,2041.3,0.0,0.0,152.0478340521765,87.52995138888889,2028.1272985368487,834.8564027777777,0.0,10.5595,0.0,14.521798611111112
2026-03-12 17:24:00,2255.3,151.0,2023.3,0.0,0.0,149.9410894663071,87.52995138888889,2023.070931958346,834.8564027777777,0.0,10.5595,0.0,14.521798611111112
2026-03-12 17:25:00,2269.4,149.2,2039.0,0.0,0.0,151.71330554739376,87.52995138888889,2036.2313942462372,834.8564027777777,0.0,10.5595,0.0,14.521798611111112
2026-03-12 17:26:00,2199.7,152.8,1976.6,0.0,0.0,149.36835817505795,87.52995138888889,1970.0587209355456,834.8564027777777,0.0,10.5595,0.0,14.521798611111112
2026-03-12 17:27:00,2294.5,153.1,2061.4,0.0,0.0,151.41385901973848,87.52995138888889,2051.8041258261665,834.8564027777777,0.0,10.5595,1.9720576935047525,14.521798611111112
2026-03-12 17:28:00,2238.7,152.3,2015.0,0.0,0.0,149.65233089920068,87.52995138888889,2010.3248741736165,834.8564027777777,0.0,10.5595,0.0,14.521798611111112
2026-03-12 17:29:00,2247.0,157.8,2005.1,0.0,0.0,148.40694972832188,87.52995138888889,2023.8298048344725,834.8564027777777,0.0,10.5595,0.0,14.521798611111112
2026-03-12 17:30:00,2207.7,155.6,1979.6,0.0,0.0,150.63910349242266,87.52995138888889,1974.9971602526882,834.8564027777777,0.0,10.5595,0.0,14.521798611111112
2026-03-12 17:31:00,2205.5,152.5,1978.7,0.0,0.0,150.2072788105686,87.52995138888889,1975.34796348423,834.8564027777777,0.0,10.5595,0.0,14.521798611111112
2026-03-12 17:32:00,2223.5,147.8,1998.3,0.0,0.0,150.4084498825256,87.52995138888889,1991.1644414990558,834.8564027777777,0.0,10.5595,0.0,14.521798611111112
2026-03-12 17:33:00,2222.6,148.7,1999.0,0.0,0.0,150.6288367691082,87.52995138888889,1990.7576040719941,834.8564027777777,0.0,10.5595,0.0,14.521798611111112
2026-03-12 17:34:00,2269.8,150.5,2032.5,0.0,0.0,152.01386128952745,87.52995138888889,2034.9878170131158,834.8564027777777,0.0,10.5595,0.0,14.521798611111112
2026-03-12 17:35:00,2102.4,0.0,2027.4,0.0,0.0,0.0,87.52995138888889,2022.5328221627844,834.8564027777777,0.0,10.5595,0.0,14.521798611111112
2026-03-12 17:36:00,2085.0,0.0,2005.4,0.0,0.0,0.0,87.52995138888889,1999.6940725043155,834.8564027777777,0.0,10.5595,0.0,14.521798611111112
2026-03-12 17:37:00,2119.9,0.0,2036.7,0.0,0.0,0.0,87.52995138888889,2032.9079391654639,834.8564027777777,0.0,10.5595,0.0,14.521798611111112
2026-03-12 17:38:00,2041.3,0.0,1964.4,0.0,0.0,0.0,87.52995138888889,1964.6782349551306,834.8564027777777,0.0,10.5595,0.0,14.521798611111112
2026-03-12 17:39:00,2096.2,0.0,2013.9,0.0,0.0,0.0,87.52995138888889,2015.9459910156306,834.8564027777777,0.0,10.5595,0.0,14.521798611111112
2026-03-12 17:40:00,2092.2,0.0,2007.7,0.0,0.0,0.0,87.52995138888889,2014.021842591341,834.8564027777777,0.0,10.5595,0.0,14.521798611111112
2026-03-12 17:41:00,2110.7,0.0,2031.3,0.0,0.0,0.0,87.52995138888889,2026.3076142054908,834.8564027777777,0.0,10.5595,0.0,14.521798611111112
2026-03-12 17:42:00,2070.9,0.0,1993.9,0.0,0.0,0.0,87.52995138888889,1992.4664905838179,834.8564027777777,0.0,10.5595,0.0,14.521798611111112
2026-03-12 17:43:00,2100.8,0.0,2016.2,0.0,0.0,0.0,87.52995138888889,2019.0615385431024,834.8564027777777,0.0,10.5595,0.0,14.521798611111112
2026-03-12 17:44:00,2065.4,0.0,1991.4,0.0,0.0,0.0,87.52995138888889,1986.364668054495,834.8564027777777,0.0,10.5595,0.0,14.521798611111112
2026-03-12 17:45:00,2095.2,0.0,2007.3,0.0,0.0,0.0,87.52995138888889,2017.4146161378385,834.8564027777777,0.0,10.5595,0.0,14.521798611111112
2026-03-12 17:46:00,2070.5,0.0,1990.6,0.0,0.0,0.0,87.52995138888889,1992.479318037221,834.8564027777777,0.0,10.5595,0.0,14.521798611111112
2026-03-12 17:47:00,2095.0,0.0,2008.5,0.0,0.0,0.0,87.52995138888889,2017.153557354029,834.8564027777777,0.0,10.5595,0.0,14.521798611111112
2026-03-12 17:48:00,2078.4,0.0,2004.4,0.0,0.0,0.0,87.52995138888889,1997.4510328527683,834.8564027777777,0.0,10.5595,0.0,14.521798611111112
2026-03-12 17:49:00,2110.5,0.0,2023.2,0.0,0.0,0.0,87.52995138888889,2027.1489580776522,834.8564027777777,0.0,10.5595,0.0,14.521798611111112
2026-03-12 17:50:00,2082.1,0.0,2007.8,0.0,0.0,0.0,87.52995138888889,1998.178158333248,834.8564027777777,0.0,10.5595,0.0,14.521798611111112
2026-03-12 17:51:00,2108.8,0.0,2029.2,0.0,0.0,0.0,87.52995138888889,2027.701762439498,834.8564027777777,0.0,10.5595,0.10771428571428569,14.521798611111112
2026-03-12 17:52:00,2129.4,0.0,2045.1,0.0,0.0,0.0,87.52995138888889,2050.2240059109727,834.8564027777777,0.0,10.5595,0.0,14.521798611111112
2026-03-12 17:53:00,2074.2,0.0,1994.3,0.0,0.0,0.0,87.52995138888889,1993.907414765672,834.8564027777777,0.0,10.5595,0.0,14.521798611111112
2026-03-12 17:54:00,2080.4,0.0,1998.6,0.0,0.0,0.0,87.52995138888889,1998.2726535377474,834.8564027777777,0.0,10.5595,0.3016,14.521798611111112
2026-03-12 17:55:00,2075.7,0.0,1994.5,0.0,0.0,0.0,87.52995138888889,1993.715699565522,834.8564027777777,0.0,10.5595,0.3016,14.521798611111112
2026-03-12 17:56:00,2090.5,0.0,2004.8,0.0,0.0,0.0,87.52995138888889,2010.2163656241912,834.8564027777777,0.0,10.5595,0.3016,14.521798611111112
2026-03-12 17:57:00,2085.6,0.0,2006.6,0.0,0.0,0.0,87.52995138888889,2000.8685868589705,834.8564027777777,0.0,10.5595,0.3016,14.521798611111112
2026-03-12 17:58:00,2092.0,0.0,1997.8,0.0,0.0,0.0,87.52995138888889,2014.0795963183325,834.8564027777777,0.0,10.5595,0.3016,14.521798611111112
2026-03-12 17:59:00,2035.0,0.0,1951.3,0.0,0.0,0.0,87.52995138888889,1955.3606311580027,834.8564027777777,0.0,10.5595,0.0788,14.521798611111112
2026-03-12 18:00:00,2363.4,152.8,2008.5,0.0,121.5,149.73292223654113,87.52995138888889,2013.6992420030006,834.8564027777777,0.0,10.5595,115.84901053663117,14.521798611111112
2026-03-12 18:01:00,2213.7,147.7,1980.9,0.0,0.0,152.06429901948178,87.52995138888889,1983.475771093395,834.8564027777777,0.0,10.5595,0.6426952380952381,14.521798611111112
2026-03-12 18:02:00,2362.4,158.3,2009.0,0.0,121.5,151.34917501246034,87.52995138888889,2015.1961897663493,834.8564027777777,0.0,10.5595,118.79065613460618,14.521798611111112
2026-03-12 18:03:00,2210.1,146.3,1984.4,0.0,0.0,151.0012517455139,87.52995138888889,1980.3019121550458,834.8564027777777,0.0,10.5595,0.6426952380952381,14.521798611111112
2026-03-12 18:04:00,2288.2,154.1,2044.7,0.0,0.0,151.42501107655673,87.52995138888889,2021.165870396271,834.8564027777777,0.0,10.5595,19.298600993233354,14.521798611111112
2026-03-12 18:05:00,2399.0,155.9,2045.5,0.0,117.9,152.47835741028263,87.52995138888889,2049.7119684523586,834.8564027777777,0.0,10.5595,121.0209660853738,14.521798611111112
2026-03-12 18:06:00,2221.1,151.0,1987.9,0.0,0.0,147.11079338433322,87.52995138888889,1991.560273128016,834.8564027777777,0.0,10.5595,33.08464501147001,14.521798611111112
2026-03-12 18:07:00,2352.6,153.1,2001.7,0.0,116.1,151.20898883196838,87.52995138888889,2003.468193256091,834.8564027777777,0.0,10.5595,118.6181702895673,14.521798611111112
2026-03-12 18:08:00,2234.8,146.8,2000.5,0.0,0.0,127.46093583453585,87.52995138888889,2006.5360152501491,834.8564027777777,0.0,10.5595,13.95368665778666,14.521798611111112
2026-03-12 18:09:00,2404.2,156.7,2046.4,0.0,123.5,151.97863194181411,87.52995138888889,2049.3798400478668,834.8564027777777,0.0,10.5595,122.26511523859119,14.521798611111112
2026-03-12 18:10:00,2359.2,150.7,2010.5,0.0,126.6,150.81803367161163,87.52995138888889,2012.514136032336,834.8564027777777,0.0,10.5595,120.93123064136294,14.521798611111112
2026-03-12 18:11:00,2337.8,147.0,1987.1,0.0,115.9,151.01261871625104,87.52995138888889,1985.513345175928,834.8564027777777,0.0,10.5595,120.49737423738681,14.521798611111112
2026-03-12 18:12:00,2220.4,150.3,1987.0,0.0,0.0,136.28614371619088,87.52995138888889,1990.237721935002,834.8564027777777,0.0,10.5595,14.10842812927813,14.521798611111112
2026-03-12 18:13:00,2201.8,156.1,1978.5,0.0,0.0,133.77279228170062,87.52995138888889,1981.3428103303502,834.8564027777777,0.0,10.5595,11.963121132571134,14.521798611111112
2026-03-12 18:14:00,2340.0,149.3,1995.8,0.0,114.8,150.27673523888964,87.52995138888889,1989.6592205333336,834.8564027777777,0.0,10.5595,120.78092369615534,14.521798611111112
2026-03-12 18:15:00,2315.6,142.5,1971.1,0.0,120.5,149.79502329418943,87.52995138888889,1983.5678774843896,834.8564027777777,0.0,10.5595,114.89539898864753,14.521798611111112
2026-03-12 18:16:00,2214.6,145.2,1990.6,0.0,0.0,145.86709120054073,87.52995138888889,1988.5227859152014,834.8564027777777,0.0,10.5595,0.7768835978835978,14.521798611111112
2026-03-12 18:17:00,2348.7,156.3,1993.1,0.0,123.7,150.2695190347233,87.52995138888889,1997.5178627165058,834.8564027777777,0.0,10.5595,121.03731577745151,14.521798611111112
2026-03-12 18:18:00,2455.8,149.5,2121.6,0.0,116.1,150.47035028985175,87.52995138888889,2078.3843920556583,834.8564027777777,0.0,10.5595,123.48229945812699,14.521798611111112
2026-03-12 18:19:00,2187.1,145.4,1969.6,0.0,0.0,142.07182657267919,87.52995138888889,1969.591725288111,834.8564027777777,0.0,10.5595,7.845622679172678,14.521798611111112
2026-03-12 18:20:00,2374.1,151.3,2018.5,0.0,116.2,145.4461019138269,87.52995138888889,2024.8319419483018,834.8564027777777,0.0,10.5595,123.76491853103602,14.521798611111112
2026-03-12 18:21:00,2371.8,152.2,2006.5,0.0,131.6,142.51729712068973,87.52995138888889,2021.260607906676,834.8564027777777,0.0,10.5595,123.48101579096569,14.521798611111112
2026-03-12 18:22:00,2326.5,152.9,1960.0,0.0,132.5,141.96896040034096,87.52995138888889,1982.4753338159117,834.8564027777777,0.0,10.5595,120.62442303919568,14.521798611111112
2026-03-12 18:23:00,2341.9,147.6,1987.1,0.0,125.0,143.69731221131812,87.52995138888889,1990.7541960147698,834.8564027777777,0.0,10.5595,120.24534780454324,14.521798611111112
2026-03-12 18:24:00,2353.3,150.7,1990.8,0.0,118.0,146.1148333110245,87.52995138888889,2005.041016320971,834.8564027777777,0.0,10.5595,120.81529719684632,14.521798611111112
2026-03-12 18:25:00,2264.2,150.9,2027.3,0.0,0.0,141.0559778450222,87.52995138888889,2026.695494650582,834.8564027777777,0.0,10.5595,9.361826286676287,14.521798611111112
2026-03-12 18:26:00,2311.7,150.7,2069.0,0.0,0.0,146.80966483642777,87.52995138888889,1994.6868984956213,834.8564027777777,0.0,10.5595,83.01363685622654,14.521798611111112
2026-03-12 18:27:00,2249.0,151.1,2011.2,0.0,0.0,127.56849083292296,87.52995138888889,2021.8493811830617,834.8564027777777,0.0,10.5595,4.673762914862914,14.521798611111112
2026-03-12 18:28:00,2331.6,150.3,1995.8,0.0,113.2,148.92413469357442,87.52995138888889,1986.458077472963,834.8564027777777,0.0,10.5595,119.56482567599242,14.521798611111112
2026-03-12 18:29:00,2233.9,150.4,1994.8,0.0,0.0,128.01523807268006,87.52995138888889,2002.9525793010362,834.8564027777777,0.0,10.5595,7.157201707551708,14.521798611111112
2026-03-12 18:30:00,2198.5,143.4,1976.6,0.0,0.0,118.81000128178496,87.52995138888889,1973.9804993475484,834.8564027777777,0.0,10.5595,11.53870743145743,14.521798611111112
2026-03-12 18:31:00,2332.6,145.3,1980.1,0.0,123.3,149.16255495452265,87.52995138888889,1984.0012044031682,834.8564027777777,0.0,10.5595,120.6686585654141,14.521798611111112
2026-03-12 18:32:00,2364.3,156.1,2009.0,0.0,116.3,149.66962630991017,87.52995138888889,2015.2059310427044,834.8564027777777,0.0,10.5595,121.19706135379069,14.521798611111112
2026-03-12 18:33:00,2199.2,149.8,1960.9,0.0,0.0,121.26064337757758,87.52995138888889,1972.7929546990133,834.8564027777777,0.0,10.5595,8.715841991341991,14.521798611111112
2026-03-12 18:34:00,2328.5,147.2,1995.9,0.0,118.8,148.3173083475463,87.52995138888889,1980.9069448000996,834.8564027777777,0.0,10.5595,120.62155832422653,14.521798611111112
2026-03-12 18:35:00,2227.0,0.0,2023.0,0.0,116.2,115.53890362196286,87.52995138888889,1999.3377390509813,834.8564027777777,0.0,10.5595,15.26769469604469,14.521798611111112
2026-03-12 18:36:00,2072.7,0.0,1991.5,0.0,0.0,0.0,87.52995138888889,1994.03031821955,834.8564027777777,0.0,10.5595,0.0,14.521798611111112
2026-03-12 18:37:00,2267.8,0.0,2065.6,0.0,122.2,142.32189516707925,87.52995138888889,2024.0469897954163,834.8564027777777,0.0,10.5595,28.784061686461683,14.521798611111112
2026-03-12 18:38:00,2068.2,0.0,1990.6,0.0,0.0,0.0,87.52995138888889,1989.0731842382932,834.8564027777777,0.0,10.5595,0.0,14.521798611111112
2026-03-12 18:39:00,2044.4,0.0,1957.6,0.0,0.0,0.0,87.52995138888889,1966.5078366167047,834.8564027777777,0.0,10.5595,0.0,14.521798611111112
2026-03-12 18:40:00,2159.2,0.0,1960.1,0.0,119.9,21.0746536831704,87.52995138888889,1977.395872096205,834.8564027777777,0.0,10.5595,105.94818182148087,14.521798611111112
2026-03-12 18:41:00,2187.4,0.0,1991.7,0.0,120.5,4.6315375809375805,87.52995138888889,1988.4127729410538,834.8564027777777,0.0,10.5595,106.92972477819733,14.521798611111112
2026-03-12 18:42:00,2084.9,0.0,2010.5,0.0,0.0,0.0,87.52995138888889,2001.4042811591464,834.8564027777777,0.0,10.5595,0.0,14.521798611111112
2026-03-12 18:43:00,2078.5,0.0,1995.8,0.0,0.0,0.0,87.52995138888889,1996.296227582626,834.8564027777777,0.0,10.5595,0.0,14.521798611111112
2026-03-12 18:44:00,2103.6,0.0,2017.2,0.0,0.0,0.0,87.52995138888889,2014.1066400751013,834.8564027777777,0.0,10.5595,0.0,14.521798611111112
2026-03-12 18:45:00,2202.9,0.0,1999.0,0.0,117.3,10.85400339105339,87.52995138888889,2002.3454344711674,834.8564027777777,0.0,10.5595,110.26197040258215,14.521798611111112
2026-03-12 18:46:00,2078.2,0.0,1998.7,0.0,0.0,0.0,87.52995138888889,1995.8270605829591,834.8564027777777,0.0,10.5595,0.0,14.521798611111112
2026-03-12 18:47:00,2233.6,0.0,2024.7,0.0,120.9,53.214666650016646,87.52995138888889,2024.5881232292213,834.8564027777777,0.0,10.5595,64.69315358900357,14.521798611111112
2026-03-12 18:48:00,2220.7,0.0,2029.8,0.0,114.9,44.37164055759059,87.52995138888889,2012.9539928746203,834.8564027777777,0.0,10.5595,76.19758275150771,14.521798611111112
2026-03-12 18:49:00,2297.8,0.0,2094.0,0.0,119.1,145.58590248270255,87.52995138888889,1966.2898522529763,834.8564027777777,0.0,10.5595,95.01279222814222,14.521798611111112
2026-03-12 18:50:00,2090.5,0.0,2009.6,0.0,0.0,0.0,87.52995138888889,2010.7246675068395,834.8564027777777,0.0,10.5595,0.0,14.521798611111112
2026-03-12 18:51:00,2170.2,0.0,1987.2,0.0,110.8,8.45920542391332,87.52995138888889,1968.9630482590944,834.8564027777777,0.0,10.5595,104.13059963806114,14.521798611111112
2026-03-12 18:52:00,2045.8,0.0,1962.7,0.0,0.0,0.0,87.52995138888889,1965.6048326573202,834.8564027777777,0.0,10.5595,0.0,14.521798611111112
2026-03-12 18:53:00,2205.2,0.0,2007.6,0.0,118.8,10.949183185333187,87.52995138888889,2002.0642302034228,834.8564027777777,0.0,10.5595,111.51425603301922,14.521798611111112
2026-03-12 18:54:00,2102.6,0.0,2030.1,0.0,0.0,0.0,87.52995138888889,2019.4176881405626,834.8564027777777,0.0,10.5595,0.0,14.521798611111112
2026-03-12 18:55:00,2188.6,0.0,1996.0,0.0,114.3,18.081827705627706,87.52995138888889,1984.0843870906497,834.8564027777777,0.0,10.5595,109.77683830864122,14.521798611111112
2026-03-12 18:56:00,2081.2,0.0,1999.1,0.0,0.0,0.0,87.52995138888889,2000.7878436950314,834.8564027777777,0.0,10.5595,0.0,14.521798611111112
2026-03-12 18:57:00,2250.0,0.0,2030.1,0.0,128.4,37.39959329581095,87.52995138888889,2034.7148706024366,834.8564027777777,0.0,10.5595,97.49388909091998,14.521798611111112
2026-03-12 18:58:00,2097.6,0.0,1901.3,0.0,124.3,0.0,87.52995138888889,2014.708958795722,834.8564027777777,0.0,10.5595,0.0,14.521798611111112
2026-03-12 18:59:00,2077.5,0.0,1992.3,0.0,0.0,0.0,87.52995138888889,1995.606656098287,834.8564027777777,0.0,10.5595,0.0,14.521798611111112
2026-03-12 19:00:00,2239.0,153.6,2001.9,0.0,0.0,65.75480184320035,87.52995138888889,2026.5288925324667,834.8564027777777,0.0,10.5595,46.59120905775512,14.521798611111112
2026-03-12 19:01:00,2197.6,152.4,1961.0,0.0,0.0,46.070829779479745,87.52995138888889,1991.923428587487,834.8564027777777,0.0,10.5595,96.88351960354748,14.521798611111112
2026-03-12 19:02:00,2361.1,152.5,1987.1,0.0,130.5,150.89928290228292,87.52995138888889,2013.5452523758927,834.8564027777777,0.0,10.5595,119.93297779192484,14.521798611111112
2026-03-12 19:03:00,2367.3,147.3,2018.0,0.0,117.1,150.2741580597507,87.52995138888889,2014.951179918665,834.8564027777777,0.0,10.5595,120.94456823019023,14.521798611111112
2026-03-12 19:04:00,2349.6,147.3,2001.1,0.0,121.0,149.1596593018809,87.52995138888889,1998.1927982900827,834.8564027777777,0.0,10.5595,120.25838969149758,14.521798611111112
2026-03-12 19:05:00,2338.5,137.6,1997.6,0.0,117.7,149.69106819704783,87.52995138888889,1986.8255262062555,834.8564027777777,0.0,10.5595,120.39698260370514,14.521798611111112
2026-03-12 19:06:00,2339.7,150.3,1996.5,0.0,112.9,149.10024495635082,87.52995138888889,1987.4691701741617,834.8564027777777,0.0,10.5595,121.27633228757254,14.521798611111112
2026-03-12 19:07:00,2396.2,146.5,2045.0,0.0,119.7,153.42924039308647,87.52995138888889,2052.290766277464,834.8564027777777,0.0,10.5595,121.40312580181254,14.521798611111112
2026-03-12 19:08:00,2171.9,150.7,1944.2,0.0,0.0,52.00538659916508,87.52995138888889,1969.810732648151,834.8564027777777,0.0,10.5595,47.71659045469782,14.521798611111112
2026-03-12 19:09:00,2364.0,150.8,2018.4,0.0,118.4,150.33352776806674,87.52995138888889,2013.489753236579,834.8564027777777,0.0,10.5595,120.6488449266419,14.521798611111112
2026-03-12 19:10:00,2363.8,151.2,2026.5,0.0,122.2,150.28942815311058,87.52995138888889,2013.1407181203335,834.8564027777777,0.0,10.5595,120.7297817257103,14.521798611111112
2026-03-12 19:11:00,2367.0,144.6,2022.9,0.0,123.7,150.65079806952315,87.52995138888889,2016.6720121660467,834.8564027777777,0.0,10.5595,120.08356108983608,14.521798611111112
2026-03-12 19:12:00,2387.5,153.8,2019.6,0.0,125.5,151.94223534035046,87.52995138888889,2030.2686140741614,834.8564027777777,0.0,10.5595,121.49009058708464,14.521798611111112
2026-03-12 19:13:00,2218.9,152.3,1997.2,0.0,0.0,121.54305264521336,87.52995138888889,1995.2804542424344,834.8564027777777,0.0,10.5595,28.3011273299141,14.521798611111112
2026-03-12 19:14:00,2224.7,147.5,1996.0,0.0,0.0,139.2162335385575,87.52995138888889,1996.7734015739154,834.8564027777777,0.0,10.5595,12.17004735253853,14.521798611111112
2026-03-12 19:15:00,2183.3,143.5,1951.8,0.0,0.0,138.21941033082564,87.52995138888889,1959.63071172,834.8564027777777,0.0,10.5595,11.740108557999731,14.521798611111112
2026-03-12 19:16:00,2305.6,147.3,1961.6,0.0,111.8,149.5151318882642,87.52995138888889,1962.1339509056131,834.8564027777777,0.0,10.5595,116.27401718439515,14.521798611111112
2026-03-12 19:17:00,2338.9,142.3,1992.9,0.0,115.6,150.2983481916833,87.52995138888889,1987.314019418436,834.8564027777777,0.0,10.5595,119.86131172230475,14.521798611111112
2026-03-12 19:18:00,2208.1,150.5,1982.5,0.0,0.0,145.175230153415,87.52995138888889,1983.7741643728332,834.8564027777777,0.0,10.5595,4.446644962880257,14.521798611111112
2026-03-12 19:19:00,2238.2,147.4,2017.1,0.0,0.0,141.07515636195583,87.52995138888889,2014.0945170233915,834.8564027777777,0.0,10.5595,6.358555128205128,14.521798611111112
2026-03-12 19:20:00,2323.1,158.3,1975.4,0.0,106.5,150.44037898578597,87.52995138888889,1973.2443441598843,834.8564027777777,0.0,10.5595,119.59566811608866,14.521798611111112
2026-03-12 19:21:00,2365.7,154.8,2003.0,0.0,120.4,149.91941489567074,87.52995138888889,2022.0130459345191,834.8564027777777,0.0,10.5595,120.40491567559263,14.521798611111112
2026-03-12 19:22:00,2216.6,146.6,1994.7,0.0,0.0,146.12166425183287,87.52995138888889,1991.1582566290474,834.8564027777777,0.0,10.5595,3.2616084082584087,14.521798611111112
2026-03-12 19:23:00,2416.4,147.4,2062.9,0.0,118.5,152.80588235115133,87.52995138888889,2056.1774944589733,834.8564027777777,0.0,10.5595,120.45974976755274,14.521798611111112
2026-03-12 19:24:00,2402.0,148.1,2051.2,0.0,119.8,152.60971155794672,87.52995138888889,2049.0418641941756,834.8564027777777,0.0,10.5595,120.20863865682246,14.521798611111112
2026-03-12 19:25:00,2357.8,145.5,2019.0,0.0,119.9,149.8275104237266,87.52995138888889,2008.7689731747569,834.8564027777777,0.0,10.5595,119.15339620325207,14.521798611111112
2026-03-12 19:26:00,2226.7,154.3,2006.6,0.0,0.0,140.95532043113113,87.52995138888889,2001.7734767790212,834.8564027777777,0.0,10.5595,0.3060833333333333,14.521798611111112
2026-03-12 19:27:00,2350.7,147.7,2007.8,0.0,111.4,148.39587764774495,87.52995138888889,2002.268027124347,834.8564027777777,0.0,10.5595,119.13993174303907,14.521798611111112
2026-03-12 19:28:00,2400.7,138.0,2063.1,0.0,111.6,152.28969773429188,87.52995138888889,2048.349398683729,834.8564027777777,0.0,10.5595,118.92932181375264,14.521798611111112
2026-03-12 19:29:00,2355.0,147.7,2003.7,0.0,124.9,150.0330411864823,87.52995138888889,2005.918785110858,834.8564027777777,0.0,10.5595,120.30000594264119,14.521798611111112
2026-03-12 19:30:00,2246.3,137.2,2032.6,0.0,0.0,130.2328787459015,87.52995138888889,2026.2386885652477,834.8564027777777,0.0,10.5595,10.61335704469822,14.521798611111112
2026-03-12 19:31:00,2194.4,149.3,1978.1,0.0,0.0,141.49362491883477,87.52995138888889,1966.701057844987,834.8564027777777,0.0,10.5595,15.0420924259836,14.521798611111112
2026-03-12 19:32:00,2337.2,153.0,1973.1,0.0,118.2,149.58099386980692,87.52995138888889,1984.9935141090652,834.8564027777777,0.0,10.5595,119.49517887055605,14.521798611111112
2026-03-12 19:33:00,2368.5,147.6,2028.1,0.0,124.5,150.4470092026165,87.52995138888889,2020.3229615451007,834.8564027777777,0.0,10.5595,120.64805329561496,14.521798611111112
2026-03-12 19:34:00,2393.1,141.3,2053.9,0.0,119.0,152.40284699264728,87.52995138888889,2039.2619786184875,834.8564027777777,0.0,10.5595,120.47831691455254,14.521798611111112
2026-03-12 19:35:00,2093.8,0.0,2001.9,0.0,0.0,11.232444838494837,87.52995138888889,2008.27635428368,834.8564027777777,0.0,10.5595,0.08511111111111112,14.521798611111112
2026-03-12 19:36:00,2181.7,0.0,1977.1,0.0,120.0,83.2875392958893,87.52995138888889,1960.5317365221042,834.8564027777777,0.0,10.5595,61.61165900273618,14.521798611111112
2026-03-12 19:37:00,2142.1,0.0,1945.3,0.0,115.6,26.662019841922785,87.52995138888889,2001.387849753534,834.8564027777777,0.0,10.5595,36.976987864125334,14.521798611111112
2026-03-12 19:38:00,2156.7,0.0,1953.0,0.0,125.5,38.2493719085925,87.52995138888889,1953.1135900524853,834.8564027777777,0.0,10.5595,64.52688725454973,14.521798611111112
2026-03-12 19:39:00,2046.8,0.0,1971.8,0.0,0.0,0.0,87.52995138888889,1966.8922667382724,834.8564027777777,0.0,10.5595,0.0,14.521798611111112
2026-03-12 19:40:00,2023.5,0.0,1942.2,0.0,0.0,0.0,87.52995138888889,1946.1663312793962,834.8564027777777,0.0,10.5595,0.8626285714285715,14.521798611111112
2026-03-12 19:41:00,2072.6,0.0,2000.9,0.0,0.0,0.0,87.52995138888889,1993.2303025544713,834.8564027777777,0.0,10.5595,0.8626285714285715,14.521798611111112
2026-03-12 19:42:00,2211.4,0.0,2013.5,0.0,119.1,23.673802107152106,87.52995138888889,2004.514716874248,834.8564027777777,0.0,10.5595,88.20588414918417,14.521798611111112
2026-03-12 19:43:00,2165.3,0.0,1967.3,0.0,124.9,6.949726687038453,87.52995138888889,1963.6530636292064,834.8564027777777,0.0,10.5595,105.22878105053988,14.521798611111112
2026-03-12 19:44:00,2235.5,0.0,2033.9,0.0,128.2,52.581512610864074,87.52995138888889,2015.5503743309528,834.8564027777777,0.0,10.5595,78.71944812317598,14.521798611111112
2026-03-12 19:45:00,2165.8,0.0,1963.6,0.0,123.4,6.993348909260676,87.52995138888889,1964.0682354061764,834.8564027777777,0.0,10.5595,111.65818040832573,14.521798611111112
2026-03-12 19:46:00,2011.5,0.0,1937.9,0.0,0.0,0.0,87.52995138888889,1933.8839594535084,834.8564027777777,0.0,10.5595,0.0,14.521798611111112
2026-03-12 19:47:00,2051.2,0.0,1964.1,0.0,0.0,0.0,87.52995138888889,1974.937071592786,834.8564027777777,0.0,10.5595,0.0,14.521798611111112
2026-03-12 19:48:00,2182.2,0.0,1991.9,0.0,114.0,40.11232755566874,87.52995138888889,1980.5341661915436,834.8564027777777,0.0,10.5595,81.6673252264534,14.521798611111112
2026-03-12 19:49:00,2175.8,0.0,1983.5,0.0,117.0,17.077740563902335,87.52995138888889,1978.1580695629193,834.8564027777777,0.0,10.5595,107.53550797637462,14.521798611111112
2026-03-12 19:50:00,2195.8,0.0,1993.2,0.0,117.7,14.996177368927365,87.52995138888889,1993.1951101489008,834.8564027777777,0.0,10.5595,105.31883674646645,14.521798611111112
2026-03-12 19:51:00,2262.6,0.0,2046.2,0.0,124.7,68.4234634966885,87.52995138888889,2049.3385977328776,834.8564027777777,0.0,10.5595,52.207863429163446,14.521798611111112
2026-03-12 19:52:00,2217.3,0.0,2002.7,0.0,128.0,35.54068347752465,87.52995138888889,2016.6440608943665,834.8564027777777,0.0,10.5595,88.22919849594848,14.521798611111112
2026-03-12 19:53:00,2172.7,0.0,1963.5,0.0,123.1,10.409904326066089,87.52995138888889,1974.4761520707161,834.8564027777777,0.0,10.5595,108.48230073358873,14.521798611111112
2026-03-12 19:54:00,2039.4,0.0,1956.1,0.0,0.0,0.0,87.52995138888889,1959.3508392762458,834.8564027777777,0.0,10.5595,0.0,14.521798611111112
2026-03-12 19:55:00,2193.9,0.0,2005.2,0.0,116.3,8.559805551855552,87.52995138888889,1991.8703888208279,834.8564027777777,0.0,10.5595,119.27975206653512,14.521798611111112
2026-03-12 19:56:00,2247.6,0.0,2043.5,0.0,124.4,58.65664144137594,87.52995138888889,2032.9953741826257,834.8564027777777,0.0,10.5595,96.12733922281424,14.521798611111112
2026-03-12 19:57:00,2208.7,0.0,2006.9,0.0,123.3,16.949743071743075,87.52995138888889,2002.689583447719,834.8564027777777,0.0,10.5595,110.85296871121082,14.521798611111112
2026-03-12 19:58:00,2184.1,0.0,1974.7,0.0,121.6,23.907730541680547,87.52995138888889,1979.4095219357998,834.8564027777777,0.0,10.5595,103.30005417822917,14.521798611111112
2026-03-12 19:59:00,2125.0,0.0,1935.5,0.0,114.7,0.0,87.52995138888889,2042.5271508550904,834.8564027777777,0.0,10.5595,2.961135978835979,14.521798611111112
2026-03-12 20:00:00,2275.2,162.3,2039.3,0.0,0.0,130.92465506247848,87.52995138888889,2022.234974698396,834.8564027777777,0.0,10.5595,40.97493717856219,14.521798611111112
2026-03-12 20:01:00,2332.6,147.8,1982.9,0.0,121.8,150.00343540821922,87.52995138888889,1981.2667632461228,834.8564027777777,0.0,10.5595,121.14322225095741,14.521798611111112
2026-03-12 20:02:00,2154.6,143.8,1939.4,0.0,0.0,16.52802229252229,87.52995138888889,1960.287583411523,834.8564027777777,0.0,10.5595,67.16456654049139,14.521798611111112
2026-03-12 20:03:00,2275.5,147.6,2044.9,0.0,0.0,147.12910233617146,87.52995138888889,2018.1025145326353,834.8564027777777,0.0,10.5595,58.310782658618194,14.521798611111112
2026-03-12 20:04:00,2287.2,161.6,2029.0,0.0,0.0,150.5359800989316,87.52995138888889,2006.0001941162798,834.8564027777777,0.0,10.5595,58.745380916460576,14.521798611111112
2026-03-12 20:05:00,2364.7,157.6,2009.8,0.0,122.5,151.38200627420386,87.52995138888889,2013.6300599703675,834.8564027777777,0.0,10.5595,120.64356903161914,14.521798611111112
2026-03-12 20:06:00,2353.0,153.4,2003.4,0.0,118.6,150.84663987453317,87.52995138888889,2004.2787890345494,834.8564027777777,0.0,10.5595,119.25807846192332,14.521798611111112
2026-03-12 20:07:00,2305.3,147.4,1961.6,0.0,122.9,150.0857088051927,87.52995138888889,1959.9189346801345,834.8564027777777,0.0,10.5595,117.09382229143404,14.521798611111112
2026-03-12 20:08:00,2329.1,154.4,1959.9,0.0,115.7,150.33232373552372,87.52995138888889,1979.7580686980943,834.8564027777777,0.0,10.5595,120.8170559749332,14.521798611111112
2026-03-12 20:09:00,2375.1,157.2,2026.7,0.0,115.3,151.01143538388558,87.52995138888889,2024.1630611433538,834.8564027777777,0.0,10.5595,120.69061753121602,14.521798611111112
2026-03-12 20:10:00,2374.5,149.6,2013.9,0.0,126.7,151.4493049059328,87.52995138888889,2022.576690385812,834.8564027777777,0.0,10.5595,120.44120144827941,14.521798611111112
2026-03-12 20:11:00,2214.3,147.7,1991.4,0.0,0.0,132.49455998191405,87.52995138888889,1994.3986034259824,834.8564027777777,0.0,10.5595,18.274759135744425,14.521798611111112
2026-03-12 20:12:00,2399.5,150.6,2040.6,0.0,123.7,152.68089986816014,87.52995138888889,2047.9373158544668,834.8564027777777,0.0,10.5595,119.2371349922552,14.521798611111112
2026-03-12 20:13:00,2397.7,152.2,2034.5,0.0,120.1,151.8942430359945,87.52995138888889,2047.8756606025288,834.8564027777777,0.0,10.5595,119.86460991594119,14.521798611111112
2026-03-12 20:14:00,2228.3,147.1,1996.6,0.0,0.0,140.71149047586397,87.52995138888889,1999.338144145833,834.8564027777777,0.0,10.5595,7.967209407259408,14.521798611111112
2026-03-12 20:15:00,2370.2,139.0,2028.4,0.0,116.9,148.92777586950092,87.52995138888889,2020.292126570652,834.8564027777777,0.0,10.5595,121.47786215532831,14.521798611111112
2026-03-12 20:16:00,2371.8,158.6,2005.1,0.0,124.3,149.20412130418597,87.52995138888889,2019.9411410099167,834.8564027777777,0.0,10.5595,121.5005938976601,14.521798611111112
2026-03-12 20:17:00,2358.5,153.4,1988.1,0.0,120.9,149.79697362191183,87.52995138888889,2009.01093141178,834.8564027777777,0.0,10.5595,119.16622737115826,14.521798611111112
2026-03-12 20:18:00,2328.6,146.0,1996.7,0.0,113.3,148.57218716490473,87.52995138888889,1980.012808600332,834.8564027777777,0.0,10.5595,119.87220438912942,14.521798611111112
2026-03-12 20:19:00,2305.5,151.4,1957.2,0.0,120.1,149.39988476011996,87.52995138888889,1977.4926706283911,834.8564027777777,0.0,10.5595,112.21752915030159,14.521798611111112
2026-03-12 20:20:00,2295.2,154.2,1943.5,0.0,112.3,149.72263474923759,87.52995138888889,1983.32206966835,834.8564027777777,0.0,10.5595,89.21534464122618,14.521798611111112
2026-03-12 20:21:00,2214.9,155.3,1976.0,0.0,0.0,132.96390102452017,87.52995138888889,1988.1667102666897,834.8564027777777,0.0,10.5595,12.500739001739,14.521798611111112
2026-03-12 20:22:00,2341.0,148.2,1996.6,0.0,114.3,148.83389360889657,87.52995138888889,2003.2518296154826,834.8564027777777,0.0,10.5595,119.74254029793732,14.521798611111112
2026-03-12 20:23:00,2414.4,147.6,2062.5,0.0,131.2,150.7072057620484,87.52995138888889,2060.102311296983,834.8564027777777,0.0,10.5595,120.61460222816403,14.521798611111112
2026-03-12 20:24:00,2365.5,148.7,2025.6,0.0,110.4,149.41512430835994,87.52995138888889,2019.0122681398675,834.8564027777777,0.0,10.5595,121.20087076858194,14.521798611111112
2026-03-12 20:25:00,2368.8,152.3,2022.8,0.0,118.3,150.10802243403603,87.52995138888889,2019.1140714948465,834.8564027777777,0.0,10.5595,121.5455313916476,14.521798611111112
2026-03-12 20:26:00,2358.1,138.1,2015.5,0.0,123.6,149.97459618420794,87.52995138888889,2011.0023185524167,834.8564027777777,0.0,10.5595,120.14539067229067,14.521798611111112
2026-03-12 20:27:00,2209.3,158.8,1979.6,0.0,0.0,122.9461141270609,87.52995138888889,1982.661986237947,834.8564027777777,0.0,10.5595,25.93749865874866,14.521798611111112
2026-03-12 20:28:00,2360.2,148.5,1993.8,0.0,128.9,150.07123859729597,87.52995138888889,2009.6831420350898,834.8564027777777,0.0,10.5595,121.41231434110551,14.521798611111112
2026-03-12 20:29:00,2331.4,149.8,1989.1,0.0,121.4,149.2277758843008,87.52995138888889,1983.0587893605853,834.8564027777777,0.0,10.5595,119.45225766363272,14.521798611111112
2026-03-12 20:30:00,2224.0,146.2,1998.7,0.0,0.0,135.01932249445605,87.52995138888889,1992.1397957712218,834.8564027777777,0.0,10.5595,10.941961936211936,14.521798611111112
2026-03-12 20:31:00,2203.5,146.1,1973.6,0.0,0.0,129.76154219690991,87.52995138888889,1979.1391936664706,834.8564027777777,0.0,10.5595,17.64616261331262,14.521798611111112
2026-03-12 20:32:00,2386.3,150.8,2025.8,0.0,116.6,147.41646186340895,87.52995138888889,2035.392424885356,834.8564027777777,0.0,10.5595,121.34789601422543,14.521798611111112
2026-03-12 20:33:00,2238.6,148.5,1998.3,0.0,0.0,127.00742092058266,87.52995138888889,2012.4073323640418,834.8564027777777,0.0,10.5595,16.63907077552078,14.521798611111112
2026-03-12 20:34:00,2225.5,149.9,1990.3,0.0,0.0,117.92445951265503,87.52995138888889,2002.375728665615,834.8564027777777,0.0,10.5595,34.08914827317506,14.521798611111112
2026-03-12 20:35:00,2082.0,0.0,2004.1,0.0,0.0,0.0,87.52995138888889,2004.2928086422837,834.8564027777777,0.0,10.5595,0.08511111111111112,14.521798611111112
2026-03-12 20:36:00,2127.1,0.0,2043.5,0.0,0.0,0.0,87.52995138888889,2023.903643537591,834.8564027777777,0.0,10.5595,36.18649065471564,14.521798611111112
2026-03-12 20:37:00,2241.8,0.0,2044.5,0.0,117.9,83.06555784400781,87.52995138888889,2022.5431091799264,834.8564027777777,0.0,10.5595,65.11986103977148,14.521798611111112
2026-03-12 20:38:00,2184.3,0.0,2000.5,0.0,111.3,13.844696364365484,87.52995138888889,1978.544381999482,834.8564027777777,0.0,10.5595,103.36035061806386,14.521798611111112
2026-03-12 20:39:00,2176.1,0.0,1990.9,0.0,113.0,12.047618364968367,87.52995138888889,1975.5344741845845,834.8564027777777,0.0,10.5595,100.90373845217965,14.521798611111112
2026-03-12 20:40:00,2214.7,0.0,2019.5,0.0,120.5,23.88870593719146,87.52995138888889,2006.756792914922,834.8564027777777,0.0,10.5595,89.70762939410378,14.521798611111112
2026-03-12 20:41:00,2022.3,0.0,1947.0,0.0,0.0,0.0,87.52995138888889,1943.957146713526,834.8564027777777,0.0,10.5595,0.0,14.521798611111112
2026-03-12 20:42:00,2169.2,0.0,1959.7,0.0,126.5,2.3511952069716773,87.52995138888889,1987.9746948587394,834.8564027777777,0.0,10.5595,96.68497442060006,14.521798611111112
2026-03-12 20:43:00,2090.3,0.0,2008.4,0.0,0.0,0.0,87.52995138888889,2010.2395781552873,834.8564027777777,0.0,10.5595,0.0,14.521798611111112
2026-03-12 20:44:00,2232.3,0.0,2028.6,0.0,117.2,52.16422609129203,87.52995138888889,2015.3489033707033,834.8564027777777,0.0,10.5595,81.45778719762922,14.521798611111112
2026-03-12 20:45:00,2199.6,0.0,1988.4,0.0,124.7,12.008901689051688,87.52995138888889,1990.5239198901404,834.8564027777777,0.0,10.5595,106.52807341887842,14.521798611111112
2026-03-12 20:46:00,2093.5,0.0,2011.3,0.0,0.0,0.0,87.52995138888889,2014.692973316662,834.8564027777777,0.0,10.5595,0.0,14.521798611111112
2026-03-12 20:47:00,2168.4,0.0,1969.9,0.0,120.7,5.378244372620843,87.52995138888889,1985.2230168431872,834.8564027777777,0.0,10.5595,113.07855967376847,14.521798611111112
2026-03-12 20:48:00,2188.0,0.0,1985.9,0.0,118.3,3.307888528138528,87.52995138888889,1987.4748602652508,834.8564027777777,0.0,10.5595,118.15345198227693,14.521798611111112
2026-03-12 20:49:00,2187.7,0.0,1979.5,0.0,129.8,1.5846363636363638,87.52995138888889,1987.6941594808497,834.8564027777777,0.0,10.5595,118.33941060976068,14.521798611111112
2026-03-12 20:50:00,2048.1,0.0,1966.6,0.0,0.0,0.0,87.52995138888889,1968.2085275342858,834.8564027777777,0.0,10.5595,0.0,14.521798611111112
2026-03-12 20:51:00,2197.9,0.0,1990.1,0.0,122.9,1.5708354978354977,87.52995138888889,1992.7861742881394,834.8564027777777,0.0,10.5595,119.45316378044609,14.521798611111112
2026-03-12 20:52:00,2215.6,0.0,2022.9,0.0,112.6,1.7568311688311689,87.52995138888889,2013.9215509197006,834.8564027777777,0.0,10.5595,118.33907452618192,14.521798611111112
2026-03-12 20:53:00,2226.6,0.0,2026.5,0.0,114.8,8.770319031894033,87.52995138888889,2026.1425471275024,834.8564027777777,0.0,10.5595,116.30593466304934,14.521798611111112
2026-03-12 20:54:00,2270.3,0.0,2071.0,0.0,127.1,128.05125495066218,87.52995138888889,2031.9393955818696,834.8564027777777,0.0,10.5595,79.15407033896612,14.521798611111112
2026-03-12 20:55:00,2236.6,0.0,2046.1,0.0,116.3,38.694426422651425,87.52995138888889,2027.2318480533597,834.8564027777777,0.0,10.5595,94.73238975866182,14.521798611111112
2026-03-12 20:56:00,2088.0,0.0,2006.4,0.0,0.0,0.0,87.52995138888889,2007.296849663121,834.8564027777777,0.0,10.5595,0.0,14.521798611111112
2026-03-12 20:57:00,2151.3,0.0,1948.7,0.0,119.6,10.089007603507604,87.52995138888889,1983.233658201706,834.8564027777777,0.0,10.5595,108.52630383314943,14.521798611111112
2026-03-12 20:58:00,2126.4,0.0,2045.1,0.0,0.0,0.0,87.52995138888889,2040.9962510112173,834.8564027777777,0.0,10.5595,6.297306042922219,14.521798611111112
2026-03-12 20:59:00,2192.9,0.0,2007.7,0.0,112.8,21.374257350492645,87.52995138888889,1991.6046424672895,834.8564027777777,0.0,10.5595,111.41991665339022,14.521798611111112
2026-03-12 21:00:00,2242.8,151.1,2009.0,0.0,0.0,65.07158845315905,87.52995138888889,2029.318568065539,834.8564027777777,0.0,10.5595,85.46663144016001,14.521798611111112
2026-03-12 21:01:00,2347.0,145.2,2010.6,0.0,119.7,149.84099317702987,87.52995138888889,2001.3258098858662,834.8564027777777,0.0,10.5595,121.28493488668197,14.521798611111112
2026-03-12 21:02:00,2366.2,153.4,2017.6,0.0,117.8,151.62881662447455,87.52995138888889,2015.9970461982468,834.8564027777777,0.0,10.5595,112.20626856821657,14.521798611111112
2026-03-12 21:03:00,2391.8,147.4,2027.5,0.0,125.1,151.94721252198664,87.52995138888889,2036.8580085032625,834.8564027777777,0.0,10.5595,112.91441532391184,14.521798611111112
2026-03-12 21:04:00,2342.2,152.9,1995.0,0.0,118.6,148.48808031744937,87.52995138888889,2012.1180775933767,834.8564027777777,0.0,10.5595,107.49186081790589,14.521798611111112
2026-03-12 21:05:00,2361.8,147.0,2011.0,0.0,119.6,150.22018730945123,87.52995138888889,2011.018241586954,834.8564027777777,0.0,10.5595,111.3394935968916,14.521798611111112
2026-03-12 21:06:00,2211.8,139.8,1986.1,0.0,0.0,78.55627582444787,87.52995138888889,2008.5389154431743,834.8564027777777,0.0,10.5595,60.12690642084093,14.521798611111112
2026-03-12 21:07:00,2199.3,153.1,1960.8,0.0,0.0,76.67366502598705,87.52995138888889,1987.550293789054,834.8564027777777,0.0,10.5595,59.12369357442808,14.521798611111112
2026-03-12 21:08:00,2220.9,148.1,1976.8,0.0,0.0,85.78658434171035,87.52995138888889,2011.4562112703488,834.8564027777777,0.0,10.5595,53.46732507321255,14.521798611111112
2026-03-12 21:09:00,2368.0,161.4,2005.1,0.0,115.1,151.25177106874608,87.52995138888889,2016.7578356957858,834.8564027777777,0.0,10.5595,121.60408738391232,14.521798611111112
2026-03-12 21:10:00,2367.4,150.7,2023.0,0.0,119.9,151.1454988150738,87.52995138888889,2016.6570815101568,834.8564027777777,0.0,10.5595,121.54179215876711,14.521798611111112
2026-03-12 21:11:00,2352.5,142.7,2006.3,0.0,118.6,149.80246719544067,87.52995138888889,2012.4547815319213,834.8564027777777,0.0,10.5595,107.60319542556975,14.521798611111112
2026-03-12 21:12:00,2242.3,147.6,2013.0,0.0,0.0,107.34620054825346,87.52995138888889,2017.9512647784677,834.8564027777777,0.0,10.5595,45.06862394136362,14.521798611111112
2026-03-12 21:13:00,2230.6,157.5,1992.2,0.0,0.0,125.45614539131891,87.52995138888889,2006.727761021929,834.8564027777777,0.0,10.5595,24.447396858685405,14.521798611111112
2026-03-12 21:14:00,2357.2,149.1,2011.5,0.0,120.3,148.77452654203094,87.52995138888889,2004.712185212065,834.8564027777777,0.0,10.5595,120.84375966644006,14.521798611111112
2026-03-12 21:15:00,2352.7,146.9,1999.5,0.0,128.4,148.63641209786942,87.52995138888889,2000.907194425128,834.8564027777777,0.0,10.5595,120.96489748200142,14.521798611111112
2026-03-12 21:16:00,2252.0,148.8,2016.7,0.0,0.0,144.0603752552373,87.52995138888889,2020.8012920478216,834.8564027777777,0.0,10.5595,9.795937973137974,14.521798611111112
2026-03-12 21:17:00,2223.8,150.2,1994.0,0.0,0.0,131.88653768013032,87.52995138888889,2000.3565353163715,834.8564027777777,0.0,10.5595,15.283089302624907,14.521798611111112
2026-03-12 21:18:00,2344.7,147.2,2002.6,0.0,112.3,149.37286191047505,87.52995138888889,1995.2194876324113,834.8564027777777,0.0,10.5595,119.69182380107846,14.521798611111112
2026-03-12 21:19:00,2372.6,144.3,2029.4,0.0,121.1,148.8777470253144,87.52995138888889,2019.272588735013,834.8564027777777,0.0,10.5595,120.88866630829325,14.521798611111112
2026-03-12 21:20:00,2338.3,142.6,1998.8,0.0,118.8,149.704896667004,87.52995138888889,1990.2284777829987,834.8564027777777,0.0,10.5595,119.34813427786806,14.521798611111112
2026-03-12 21:21:00,2341.5,154.7,1991.8,0.0,119.7,149.0679069330451,87.52995138888889,1993.4784839072151,834.8564027777777,0.0,10.5595,119.15401868311424,14.521798611111112
2026-03-12 21:22:00,2253.9,163.6,2017.6,0.0,0.0,144.5644869920872,87.52995138888889,2021.7666406393423,834.8564027777777,0.0,10.5595,12.103497232397238,14.521798611111112
2026-03-12 21:23:00,2210.4,152.2,1985.3,0.0,0.0,134.696109026769,87.52995138888889,1986.4956723595574,834.8564027777777,0.0,10.5595,22.859030114330114,14.521798611111112
2026-03-12 21:24:00,2252.6,156.9,2014.6,0.0,0.0,145.68034124333695,87.52995138888889,2017.863771281987,834.8564027777777,0.0,10.5595,6.977510028860029,14.521798611111112
2026-03-12 21:25:00,2372.0,153.4,2010.3,0.0,127.9,150.10080163249782,87.52995138888889,2018.55185428036,834.8564027777777,0.0,10.5595,121.2842582587347,14.521798611111112
2026-03-12 21:26:00,2185.5,151.4,1964.1,0.0,0.0,123.22667959888696,87.52995138888889,1967.768311504618,834.8564027777777,0.0,10.5595,27.48424298358446,14.521798611111112
2026-03-12 21:27:00,2281.1,142.8,1937.8,0.0,126.5,145.8212463932581,87.52995138888889,2018.9763755437432,834.8564027777777,0.0,10.5595,56.282122583342016,14.521798611111112
2026-03-12 21:28:00,2365.7,150.1,2012.9,0.0,124.7,149.4182011920598,87.52995138888889,2019.3724587825034,834.8564027777777,0.0,10.5595,120.54831162889391,14.521798611111112
2026-03-12 21:29:00,2288.1,151.2,1954.4,0.0,110.3,150.04655567107181,87.52995138888889,1996.3221387983428,834.8564027777777,0.0,10.5595,65.60616774995158,14.521798611111112
2026-03-12 21:30:00,2400.7,149.1,2050.4,0.0,122.0,151.85386035125,87.52995138888889,2047.8711462238257,834.8564027777777,0.0,10.5595,120.42687242974895,14.521798611111112
2026-03-12 21:31:00,2355.5,148.0,2000.7,0.0,124.2,150.34258945928795,87.52995138888889,2001.0000541059164,834.8564027777777,0.0,10.5595,119.24595753654381,14.521798611111112
2026-03-12 21:32:00,2222.5,150.3,1991.3,0.0,0.0,122.82926655785447,87.52995138888889,1997.2931012383415,834.8564027777777,0.0,10.5595,25.68396351544912,14.521798611111112
2026-03-12 21:33:00,2353.7,149.9,2019.5,0.0,114.9,150.04054333504183,87.52995138888889,2000.4240301138257,834.8564027777777,0.0,10.5595,119.35028567135477,14.521798611111112
2026-03-12 21:34:00,2290.9,148.5,1956.9,0.0,112.9,149.71351559513468,87.52995138888889,1983.7207034004057,834.8564027777777,0.0,10.5595,77.98034953193806,14.521798611111112
2026-03-12 21:35:00,2160.2,0.0,2078.0,0.0,0.0,52.53656353809301,87.52995138888889,1955.377682953212,834.8564027777777,0.0,10.5595,85.53702817667083,14.521798611111112
2026-03-12 21:36:00,2224.2,0.0,2019.0,0.0,122.0,97.14611068528417,87.52995138888889,2001.2003499389502,834.8564027777777,0.0,10.5595,61.00321969414028,14.521798611111112
2026-03-12 21:37:00,2213.9,0.0,2011.5,0.0,123.0,91.87818185964359,87.52995138888889,1998.511099920884,834.8564027777777,0.0,10.5595,64.0650517420488,14.521798611111112
2026-03-12 21:38:00,2188.1,0.0,1978.0,0.0,121.5,87.84788519057193,87.52995138888889,1973.2787766899783,834.8564027777777,0.0,10.5595,69.23333921568626,14.521798611111112
2026-03-12 21:39:00,2076.7,0.0,2002.2,0.0,0.0,0.0,87.52995138888889,1997.3380908715465,834.8564027777777,0.0,10.5595,0.0,14.521798611111112
2026-03-12 21:40:00,2197.8,0.0,1999.3,0.0,122.0,12.415194931919933,87.52995138888889,1987.8588573219674,834.8564027777777,0.0,10.5595,104.85048632943996,14.521798611111112
2026-03-12 21:41:00,2212.5,0.0,2013.5,0.0,124.0,18.077860729621253,87.52995138888889,2010.8388623831515,834.8564027777777,0.0,10.5595,99.6425983999403,14.521798611111112
2026-03-12 21:42:00,2181.5,0.0,1976.6,0.0,126.5,15.111001546601546,87.52995138888889,1984.461505498206,834.8564027777777,0.0,10.5595,103.72467094966727,14.521798611111112
2026-03-12 21:43:00,2049.4,0.0,1968.6,0.0,0.0,0.0,87.52995138888889,1969.8121054671371,834.8564027777777,0.0,10.5595,0.0,14.521798611111112
2026-03-12 21:44:00,2234.5,0.0,2044.3,0.0,114.3,72.61822362392513,87.52995138888889,2014.8487369200514,834.8564027777777,0.0,10.5595,73.8004394761013,14.521798611111112
2026-03-12 21:45:00,2063.6,0.0,1986.0,0.0,0.0,0.0,87.52995138888889,1984.2843131941056,834.8564027777777,0.0,10.5595,0.0,14.521798611111112
2026-03-12 21:46:00,2059.4,0.0,1981.3,0.0,0.0,0.0,87.52995138888889,1979.73076058628,834.8564027777777,0.0,10.5595,0.0,14.521798611111112
2026-03-12 21:47:00,2055.9,0.0,1967.0,0.0,0.0,0.0,87.52995138888889,1978.1216759936915,834.8564027777777,0.0,10.5595,0.0,14.521798611111112
2026-03-12 21:48:00,2038.3,0.0,1961.6,0.0,0.0,0.0,87.52995138888889,1959.8969302712917,834.8564027777777,0.0,10.5595,0.0,14.521798611111112
2026-03-12 21:49:00,2138.6,0.0,2063.1,0.0,0.0,0.9011611111111112,87.52995138888889,1979.2807238577245,834.8564027777777,0.0,10.5595,93.25946538966423,14.521798611111112
2026-03-12 21:50:00,2054.0,0.0,1977.2,0.0,0.0,0.0,87.52995138888889,1973.8863300138723,834.8564027777777,0.0,10.5595,0.0,14.521798611111112
2026-03-12 21:51:00,2151.0,0.0,1946.6,0.0,121.1,12.142456014900134,87.52995138888889,1965.0541842104747,834.8564027777777,0.0,10.5595,104.80757753482901,14.521798611111112
2026-03-12 21:52:00,2211.8,0.0,2001.8,0.0,123.7,3.5249442002442,87.52995138888889,2009.06044922178,834.8564027777777,0.0,10.5595,114.00445298069091,14.521798611111112
2026-03-12 21:53:00,2183.1,0.0,1991.1,0.0,119.6,4.951546581196582,87.52995138888889,1981.1638212347877,834.8564027777777,0.0,10.5595,111.35319291101055,14.521798611111112
2026-03-12 21:54:00,2158.0,0.0,1956.3,0.0,119.1,16.802851408395526,87.52995138888889,1963.5526951664888,834.8564027777777,0.0,10.5595,100.97002895008038,14.521798611111112
2026-03-12 21:55:00,2043.7,0.0,1962.9,0.0,0.0,0.0,87.52995138888889,1965.8465569112093,834.8564027777777,0.0,10.5595,0.0,14.521798611111112
2026-03-12 21:56:00,2070.1,0.0,1990.3,0.0,0.0,0.0,87.52995138888889,1987.7348604404049,834.8564027777777,0.0,10.5595,0.0,14.521798611111112
2026-03-12 21:57:00,2180.2,0.0,1984.4,0.0,122.8,4.767881054131054,87.52995138888889,1986.56988925704,834.8564027777777,0.0,10.5595,116.30882816943404,14.521798611111112
2026-03-12 21:58:00,2101.4,0.0,2026.5,0.0,0.0,0.0,87.52995138888889,2020.954628845718,834.8564027777777,0.0,10.5595,0.0,14.521798611111112
2026-03-12 21:59:00,2191.0,0.0,1990.1,0.0,120.4,5.708003418803418,87.52995138888889,1988.5274106689553,834.8564027777777,0.0,10.5595,114.47040449332798,14.521798611111112
2026-03-12 22:00:00,2379.4,158.7,2014.1,0.0,120.3,148.36310966038326,87.52995138888889,2024.5563918731339,834.8564027777777,0.0,10.5595,121.87610876949843,14.521798611111112
2026-03-12 22:01:00,2348.3,150.6,2002.0,0.0,119.7,146.28813798882584,87.52995138888889,2001.3845562660244,834.8564027777777,0.0,10.5595,119.44312399501081,14.521798611111112
2026-03-12 22:02:00,2323.2,151.0,1984.5,0.0,111.4,147.97042465959976,87.52995138888889,1975.7531971598692,834.8564027777777,0.0,10.5595,119.06724101931208,14.521798611111112
2026-03-12 22:03:00,2337.6,140.4,1978.7,0.0,127.1,150.601973145313,87.52995138888889,1985.4154399996755,834.8564027777777,0.0,10.5595,119.55453646723649,14.521798611111112
2026-03-12 22:04:00,2261.6,146.8,2037.0,0.0,0.0,132.17132599325623,87.52995138888889,2031.8447766951037,834.8564027777777,0.0,10.5595,17.93728358400859,14.521798611111112
2026-03-12 22:05:00,2405.4,152.5,2041.9,0.0,121.6,153.67398252743988,87.52995138888889,2049.826458964516,834.8564027777777,0.0,10.5595,119.9969283081298,14.521798611111112
2026-03-12 22:06:00,2407.8,144.1,2059.3,0.0,121.6,152.7717993882021,87.52995138888889,2050.828519809445,834.8564027777777,0.0,10.5595,120.98707400102765,14.521798611111112
2026-03-12 22:07:00,2248.2,145.6,2011.6,0.0,0.0,114.92847681555914,87.52995138888889,2032.254883748986,834.8564027777777,0.0,10.5595,15.13851183261183,14.521798611111112
2026-03-12 22:08:00,2386.4,154.5,2033.1,0.0,115.8,150.25934152947156,87.52995138888889,2027.0196835172328,834.8564027777777,0.0,10.5595,121.85291900640348,14.521798611111112
2026-03-12 22:09:00,2179.7,144.2,1965.7,0.0,0.0,90.63271151432272,87.52995138888889,1968.7910504127124,834.8564027777777,0.0,10.5595,51.637508349195805,14.521798611111112
2026-03-12 22:10:00,2283.5,150.0,2050.5,0.0,0.0,125.01481315329552,87.52995138888889,2032.0233936797106,834.8564027777777,0.0,10.5595,21.431353959003964,14.521798611111112
2026-03-12 22:11:00,2313.6,148.1,1965.0,0.0,116.0,148.49236579939674,87.52995138888889,1968.2730750045453,834.8564027777777,0.0,10.5595,117.68610264175392,14.521798611111112
2026-03-12 22:12:00,2390.8,143.5,2039.9,0.0,124.0,150.8648781700326,87.52995138888889,2035.0329922131248,834.8564027777777,0.0,10.5595,118.98064093388547,14.521798611111112
2026-03-12 22:13:00,2320.8,150.0,1960.6,0.0,126.0,149.4902314921462,87.52995138888889,1979.9386437039532,834.8564027777777,0.0,10.5595,117.47435969646395,14.521798611111112
2026-03-12 22:14:00,2241.2,151.3,2010.5,0.0,0.0,127.97040701897284,87.52995138888889,2014.5176112119352,834.8564027777777,0.0,10.5595,12.65750555185555,14.521798611111112
2026-03-12 22:15:00,2380.2,139.9,2051.4,0.0,113.7,149.83841651866652,87.52995138888889,2026.9542772789318,834.8564027777777,0.0,10.5595,120.42132727227472,14.521798611111112
2026-03-12 22:16:00,2247.4,155.0,2003.8,0.0,0.0,126.13133803690862,87.52995138888889,2023.372283869073,834.8564027777777,0.0,10.5595,10.617835514376688,14.521798611111112
2026-03-12 22:17:00,2183.7,145.3,1964.1,0.0,0.0,135.0717317939685,87.52995138888889,1958.4613907141133,834.8564027777777,0.0,10.5595,15.338265001556174,14.521798611111112
2026-03-12 22:18:00,2220.7,145.9,1998.4,0.0,0.0,133.44093599793456,87.52995138888889,1999.0898838350483,834.8564027777777,0.0,10.5595,6.114865234765237,14.521798611111112
2026-03-12 22:19:00,2264.4,150.8,2037.8,0.0,0.0,146.37808300057927,87.52995138888889,2032.3355485021757,834.8564027777777,0.0,10.5595,2.958816931216931,14.521798611111112
2026-03-12 22:20:00,2235.1,153.4,1995.4,0.0,0.0,147.26336016722925,87.52995138888889,2006.0414103732865,834.8564027777777,0.0,10.5595,0.5959555555555555,14.521798611111112
2026-03-12 22:21:00,2360.6,154.8,1999.1,0.0,120.3,150.17984267344278,87.52995138888889,2010.4370606333746,834.8564027777777,0.0,10.5595,119.99923188000221,14.521798611111112
2026-03-12 22:22:00,2347.2,142.4,2007.0,0.0,119.4,148.68788498152747,87.52995138888889,1996.307328486328,834.8564027777777,0.0,10.5595,119.50096239734921,14.521798611111112
2026-03-12 22:23:00,2194.7,149.7,1968.3,0.0,0.0,147.2684725184946,87.52995138888889,1965.614473154569,834.8564027777777,0.0,10.5595,6.975407081807083,14.521798611111112
2026-03-12 22:24:00,2420.8,154.3,2072.2,0.0,112.7,150.9913290269643,87.52995138888889,2063.392175829834,834.8564027777777,0.0,10.5595,121.59365534424875,14.521798611111112
2026-03-12 22:25:00,2263.3,146.7,2038.7,0.0,0.0,144.38212287202813,87.52995138888889,2033.1685804761698,834.8564027777777,0.0,10.5595,0.4053214285714286,14.521798611111112
2026-03-12 22:26:00,2327.4,146.5,1970.2,0.0,131.8,148.54074954151173,87.52995138888889,1981.1374506117156,834.8564027777777,0.0,10.5595,118.83096316738813,14.521798611111112
2026-03-12 22:27:00,2345.1,149.6,2006.5,0.0,115.5,148.10608106947527,87.52995138888889,1997.3072164636005,834.8564027777777,0.0,10.5595,119.88056379943583,14.521798611111112
2026-03-12 22:28:00,2262.5,154.7,2016.6,0.0,0.0,140.0887884349224,87.52995138888889,2035.548115700849,834.8564027777777,0.0,10.5595,4.76830505376976,14.521798611111112
2026-03-12 22:29:00,2256.7,154.1,2021.5,0.0,0.0,139.86921393566288,87.52995138888889,2029.364071861355,834.8564027777777,0.0,10.5595,9.936948100048099,14.521798611111112
2026-03-12 22:30:00,2298.4,151.8,1931.2,0.0,123.1,150.5257665074577,87.52995138888889,1957.9219123937066,834.8564027777777,0.0,10.5595,103.97783581253634,14.521798611111112
2026-03-12 22:31:00,2356.7,149.2,2014.5,0.0,119.4,149.44815701395558,87.52995138888889,2009.1720095928022,834.8564027777777,0.0,10.5595,119.0045795473046,14.521798611111112
2026-03-12 22:32:00,2380.3,144.6,2031.6,0.0,120.0,149.36583615921975,87.52995138888889,2027.9492785268235,834.8564027777777,0.0,10.5595,122.78604057527441,14.521798611111112
2026-03-12 22:33:00,2196.9,146.1,1974.1,0.0,0.0,123.09641256619199,87.52995138888889,1965.3598200049403,834.8564027777777,0.0,10.5595,11.896845025345023,14.521798611111112
2026-03-12 22:34:00,2323.1,141.3,1999.8,0.0,111.8,149.20687398452372,87.52995138888889,1990.2190629033864,834.8564027777777,0.0,10.5595,117.64304435840218,14.521798611111112
2026-03-12 22:35:00,2162.7,0.0,1970.0,0.0,114.3,63.28372813231946,87.52995138888889,1954.5778954617272,834.8564027777777,0.0,10.5595,86.63535285227904,14.521798611111112
2026-03-12 22:36:00,2104.1,0.0,2015.4,0.0,0.0,0.0,87.52995138888889,2018.217263940634,834.8564027777777,0.0,10.5595,0.0,14.521798611111112
2026-03-12 22:37:00,2231.6,0.0,2033.6,0.0,120.4,45.50599898440339,87.52995138888889,2008.7838792275277,834.8564027777777,0.0,10.5595,94.59626362863719,14.521798611111112
2026-03-12 22:38:00,2236.1,0.0,2037.2,0.0,120.9,61.48752976783563,87.52995138888889,2009.873842511628,834.8564027777777,0.0,10.5595,92.46230637847992,14.521798611111112
2026-03-12 22:39:00,2164.5,0.0,1970.6,0.0,120.8,33.62362157749658,87.52995138888889,1958.6942348639918,834.8564027777777,0.0,10.5595,90.19129194628901,14.521798611111112
2026-03-12 22:40:00,2143.6,0.0,1947.4,0.0,118.9,2.802994043996366,87.52995138888889,1990.7611046209233,834.8564027777777,0.0,10.5595,86.3723789125735,14.521798611111112
2026-03-12 22:41:00,2115.2,0.0,2034.8,0.0,0.0,0.0,87.52995138888889,2027.0581297063113,834.8564027777777,0.0,10.5595,1.6653111111111112,14.521798611111112
2026-03-12 22:42:00,2056.8,0.0,1980.3,0.0,0.0,0.0,87.52995138888889,1979.099886871703,834.8564027777777,0.0,10.5595,0.0,14.521798611111112
2026-03-12 22:43:00,2158.7,0.0,1983.1,0.0,104.6,4.957543711843711,87.52995138888889,1966.8726042244784,834.8564027777777,0.0,10.5595,112.2361667953965,14.521798611111112
2026-03-12 22:44:00,2119.5,0.0,1930.2,0.0,120.0,0.0,87.52995138888889,2023.3664462036336,834.8564027777777,0.0,10.5595,14.656901500351493,14.521798611111112
2026-03-12 22:45:00,2252.9,0.0,2037.4,0.0,127.1,96.21342894616278,87.52995138888889,2028.172072497382,834.8564027777777,0.0,10.5595,66.57242188764396,14.521798611111112
2026-03-12 22:46:00,2060.9,0.0,1979.1,0.0,0.0,0.0,87.52995138888889,1979.4971913549405,834.8564027777777,0.0,10.5595,0.0,14.521798611111112
2026-03-12 22:47:00,2230.6,0.0,2023.0,0.0,114.7,66.49631699667435,87.52995138888889,2010.506579605471,834.8564027777777,0.0,10.5595,78.85417282126089,14.521798611111112
2026-03-12 22:48:00,2058.0,0.0,1981.8,0.0,0.0,0.0,87.52995138888889,1977.4229074482937,834.8564027777777,0.0,10.5595,0.0,14.521798611111112
2026-03-12 22:49:00,2246.4,0.0,2024.0,0.0,131.8,19.12986842993608,87.52995138888889,2037.5700133765474,834.8564027777777,0.0,10.5595,119.70846219809597,14.521798611111112
2026-03-12 22:50:00,2090.3,0.0,2004.4,0.0,0.0,0.0,87.52995138888889,2011.1765316702363,834.8564027777777,0.0,10.5595,0.0,14.521798611111112
2026-03-12 22:51:00,2224.5,0.0,2007.5,0.0,125.5,12.626820840270842,87.52995138888889,2014.1744920795988,834.8564027777777,0.0,10.5595,115.345793074246,14.521798611111112
2026-03-12 22:52:00,2063.1,0.0,1979.9,0.0,0.0,0.0,87.52995138888889,1981.7712494948405,834.8564027777777,0.0,10.5595,0.0,14.521798611111112
2026-03-12 22:53:00,2118.3,0.0,2033.3,0.0,0.0,0.0,87.52995138888889,2034.8774542261665,834.8564027777777,0.0,10.5595,5.256978885928887,14.521798611111112
2026-03-12 22:54:00,2104.1,0.0,2022.4,0.0,0.0,0.0,87.52995138888889,2023.176382042031,834.8564027777777,0.0,10.5595,0.0,14.521798611111112
2026-03-12 22:55:00,2156.6,0.0,1951.8,0.0,124.3,7.587218253968252,87.52995138888889,1966.2329626958553,834.8564027777777,0.0,10.5595,105.06035551420258,14.521798611111112
2026-03-12 22:56:00,2211.1,0.0,2013.7,0.0,118.2,2.3629225071225073,87.52995138888889,2009.142802452734,834.8564027777777,0.0,10.5595,120.65126925767727,14.521798611111112
2026-03-12 22:57:00,2049.6,0.0,1974.2,0.0,0.0,0.0,87.52995138888889,1967.621934266442,834.8564027777777,0.0,10.5595,0.0,14.521798611111112
2026-03-12 22:58:00,2171.2,0.0,1986.1,0.0,112.4,33.82918157768158,87.52995138888889,1965.6522050101955,834.8564027777777,0.0,10.5595,116.15167386303929,14.521798611111112
2026-03-12 22:59:00,2103.7,0.0,2024.5,0.0,0.0,0.0,87.52995138888889,2022.7196581372323,834.8564027777777,0.0,10.5595,0.0,14.521798611111112
2026-03-12 23:00:00,2226.0,143.7,2007.9,0.0,0.0,140.26574174861085,87.52995138888889,2008.9898308012794,834.8564027777777,0.0,10.5595,0.0,14.521798611111112
2026-03-12 23:01:00,2282.6,151.4,2059.1,0.0,0.0,118.73326717498189,87.52995138888889,2042.517111987142,834.8564027777777,0.0,10.5595,0.0,14.521798611111112
2026-03-12 23:02:00,2251.2,143.8,2037.6,0.0,0.0,119.68186264465379,87.52995138888889,2023.9271083289257,834.8564027777777,0.0,10.5595,0.0,14.521798611111112
2026-03-12 23:03:00,2268.9,149.6,2032.6,0.0,0.0,122.48949729366497,87.52995138888889,2038.5023275791357,834.8564027777777,0.0,10.5595,0.4058333333333333,14.521798611111112
2026-03-12 23:04:00,2249.6,151.0,2012.7,0.0,0.0,135.89022865538607,87.52995138888889,2023.0940070551994,834.8564027777777,0.0,10.5595,0.7573571428571428,14.521798611111112
2026-03-12 23:05:00,2265.2,150.0,2033.0,0.0,0.0,132.27832662185315,87.52995138888889,2034.6328995989302,834.8564027777777,0.0,10.5595,3.203871387871388,14.521798611111112
2026-03-12 23:06:00,2214.5,144.5,1987.7,0.0,0.0,147.32935313344495,87.52995138888889,1986.804498875528,834.8564027777777,0.0,10.5595,2.423277777777778,14.521798611111112
2026-03-12 23:07:00,2262.8,145.3,2039.8,0.0,0.0,136.61528039178472,87.52995138888889,2033.2029730853035,834.8564027777777,0.0,10.5595,2.541949855699855,14.521798611111112
2026-03-12 23:08:00,2219.4,151.6,1986.9,0.0,0.0,144.60924706486327,87.52995138888889,1994.0206461593905,834.8564027777777,0.0,10.5595,4.782349184149184,14.521798611111112
2026-03-12 23:09:00,2206.0,143.3,1975.2,0.0,0.0,144.44067672583407,87.52995138888889,1981.134486097531,834.8564027777777,0.0,10.5595,8.406283503642328,14.521798611111112
2026-03-12 23:10:00,2222.8,145.0,1990.9,0.0,0.0,145.6888916361531,87.52995138888889,1993.98120856806,834.8564027777777,0.0,10.5595,15.995488675322498,14.521798611111112
2026-03-12 23:11:00,2208.3,152.4,1978.1,0.0,0.0,145.04185564240825,87.52995138888889,1983.8326941886828,834.8564027777777,0.0,10.5595,15.595143239712359,14.521798611111112
2026-03-12 23:12:00,2234.6,147.3,1994.0,0.0,0.0,150.67601081130198,87.52995138888889,2003.7978263605664,834.8564027777777,0.0,10.5595,0.0,14.521798611111112
2026-03-12 23:13:00,2169.2,152.0,1928.7,0.0,0.0,102.75385437198968,87.52995138888889,1954.0866392599162,834.8564027777777,0.0,10.5595,19.95976889836743,14.521798611111112
2026-03-12 23:14:00,2267.4,149.5,2042.8,0.0,0.0,148.88678232350446,87.52995138888889,2033.5442462953765,834.8564027777777,0.0,10.5595,0.759030303030303,14.521798611111112
2026-03-12 23:15:00,2235.3,150.7,2008.1,0.0,0.0,149.8319320384409,87.52995138888889,2003.6945289676544,834.8564027777777,0.0,10.5595,0.0,14.521798611111112
2026-03-12 23:16:00,2229.4,148.3,2002.7,0.0,0.0,149.48430798079914,87.52995138888889,2001.5204842656808,834.8564027777777,0.0,10.5595,0.0,14.521798611111112
2026-03-12 23:17:00,2256.5,144.4,2035.8,0.0,0.0,147.36314770905904,87.52995138888889,2024.2255147650822,834.8564027777777,0.0,10.5595,0.0,14.521798611111112
2026-03-12 23:18:00,2221.1,142.7,1999.4,0.0,0.0,149.0078958553887,87.52995138888889,1992.3251171862396,834.8564027777777,0.0,10.5595,0.2335238095238095,14.521798611111112
2026-03-12 23:19:00,2191.4,153.2,1962.0,0.0,0.0,149.43929302477702,87.52995138888889,1964.4129555343698,834.8564027777777,0.0,10.5595,0.0,14.521798611111112
2026-03-12 23:20:00,2193.2,152.2,1956.9,0.0,0.0,148.91726129942177,87.52995138888889,1965.3984730482482,834.8564027777777,0.0,10.5595,0.0,14.521798611111112
2026-03-12 23:21:00,2241.1,146.0,2030.6,0.0,0.0,149.18310719743226,87.52995138888889,2010.858657480809,834.8564027777777,0.0,10.5595,0.0,14.521798611111112
2026-03-12 23:22:00,2279.5,158.6,2041.4,0.0,0.0,149.12866971247712,87.52995138888889,2041.4008743144343,834.8564027777777,0.0,10.5595,11.905985505725212,14.521798611111112
2026-03-12 23:23:00,2243.7,151.4,2009.0,0.0,0.0,148.85072832075335,87.52995138888889,2013.903607783501,834.8564027777777,0.0,10.5595,0.0,14.521798611111112
2026-03-12 23:24:00,2253.8,150.5,2028.0,0.0,0.0,149.5718312024977,87.52995138888889,2024.132609127824,834.8564027777777,0.0,10.5595,0.0,14.521798611111112
2026-03-12 23:25:00,2249.1,152.9,2007.4,0.0,0.0,149.5171158524597,87.52995138888889,2023.8828106613662,834.8564027777777,0.0,10.5595,0.0,14.521798611111112
2026-03-12 23:26:00,2217.6,146.0,1989.6,0.0,0.0,149.84164776775515,87.52995138888889,1990.0035569091094,834.8564027777777,0.0,10.5595,0.0,14.521798611111112
2026-03-12 23:27:00,2231.8,146.7,2001.0,0.0,0.0,149.08253809061304,87.52995138888889,2003.0589505702192,834.8564027777777,0.0,10.5595,0.0,14.521798611111112
2026-03-12 23:28:00,2238.0,147.0,2012.0,0.0,0.0,149.1788025273202,87.52995138888889,2008.5396255353387,834.8564027777777,0.0,10.5595,0.0,14.521798611111112
2026-03-12 23:29:00,2200.6,149.3,1978.1,0.0,0.0,149.82279251626142,87.52995138888889,1969.1136534709933,834.8564027777777,0.0,10.5595,0.0,14.521798611111112
2026-03-12 23:30:00,2221.7,154.5,1983.5,0.0,0.0,149.29053014028457,87.52995138888889,1994.4687067005907,834.8564027777777,0.0,10.5595,0.0,14.521798611111112
2026-03-12 23:31:00,2267.8,153.3,2034.0,0.0,0.0,149.92718987099073,87.52995138888889,2034.9049002699523,834.8564027777777,0.0,10.5595,0.0,14.521798611111112
2026-03-12 23:32:00,2194.7,145.6,1963.9,0.0,0.0,145.14804310101655,87.52995138888889,1966.157449311472,834.8564027777777,0.0,10.5595,0.0,14.521798611111112
2026-03-12 23:33:00,2304.2,155.1,2065.2,0.0,0.0,150.5550707866437,87.52995138888889,2072.708226786425,834.8564027777777,0.0,10.5595,0.17205555555555554,14.521798611111112
2026-03-12 23:34:00,2181.1,164.3,1942.0,0.0,0.0,148.56818484935545,87.52995138888889,1954.8065314400196,834.8564027777777,0.0,10.5595,0.0,14.521798611111112
2026-03-12 23:35:00,2112.7,0.0,2031.2,0.0,0.0,0.0,87.52995138888889,2030.548454427342,834.8564027777777,0.0,10.5595,0.0,14.521798611111112
2026-03-12 23:36:00,2072.6,0.0,1983.3,0.0,0.0,0.0,87.52995138888889,1991.828825201486,834.8564027777777,0.0,10.5595,0.0,14.521798611111112
2026-03-12 23:37:00,2029.6,0.0,1941.0,0.0,0.0,0.0,87.52995138888889,1949.6805541021781,834.8564027777777,0.0,10.5595,0.0,14.521798611111112
2026-03-12 23:38:00,2110.3,0.0,2033.7,0.0,0.0,0.0,87.52995138888889,2025.2012685322848,834.8564027777777,0.0,10.5595,0.0,14.521798611111112
2026-03-12 23:39:00,2066.8,0.0,1983.8,0.0,0.0,0.0,87.52995138888889,1987.4347828980387,834.8564027777777,0.0,10.5595,0.0,14.521798611111112
2026-03-12 23:40:00,2111.7,0.0,2037.9,0.0,0.0,0.0,87.52995138888889,2030.5100018576823,834.8564027777777,0.0,10.5595,0.0,14.521798611111112
2026-03-12 23:41:00,2060.0,0.0,1983.7,0.0,0.0,0.0,87.52995138888889,1981.2291534955236,834.8564027777777,0.0,10.5595,0.0,14.521798611111112
2026-03-12 23:42:00,2122.5,0.0,2041.1,0.0,0.0,0.0,87.52995138888889,2041.2515846239814,834.8564027777777,0.0,10.5595,0.0,14.521798611111112
2026-03-12 23:43:00,2063.5,0.0,1994.4,0.0,0.0,0.0,87.52995138888889,1982.613888181645,834.8564027777777,0.0,10.5595,0.0,14.521798611111112
2026-03-12 23:44:00,2100.0,0.0,2022.1,0.0,0.0,0.0,87.52995138888889,2019.8079160237914,834.8564027777777,0.0,10.5595,0.0,14.521798611111112
2026-03-12 23:45:00,2073.6,0.0,1987.8,0.0,0.0,0.0,87.52995138888889,1993.0666353929835,834.8564027777777,0.0,10.5595,0.0,14.521798611111112
2026-03-12 23:46:00,2104.7,0.0,2026.0,0.0,0.0,0.0,87.52995138888889,2021.508198930317,834.8564027777777,0.0,10.5595,0.0,14.521798611111112
2026-03-12 23:47:00,2117.4,0.0,2039.2,0.0,0.0,0.0,87.52995138888889,2038.2542234124558,834.8564027777777,0.0,10.5595,0.0,14.521798611111112
2026-03-12 23:48:00,2079.1,0.0,2002.6,0.0,0.0,0.0,87.52995138888889,1997.3986763581179,834.8564027777777,0.0,10.5595,0.0,14.521798611111112
2026-03-12 23:49:00,2090.6,0.0,2011.4,0.0,0.0,0.0,87.52995138888889,2009.5050348229738,834.8564027777777,0.0,10.5595,0.0,14.521798611111112
2026-03-12 23:50:00,2118.8,0.0,2030.2,0.0,0.0,0.0,87.52995138888889,2038.4669039178846,834.8564027777777,0.0,10.5595,0.0,14.521798611111112
2026-03-12 23:51:00,2015.3,0.0,1941.7,0.0,0.0,0.0,87.52995138888889,1938.4804856826713,834.8564027777777,0.0,10.5595,0.0,14.521798611111112
2026-03-12 23:52:00,2083.5,0.0,2008.0,0.0,0.0,0.0,87.52995138888889,2003.4949936524802,834.8564027777777,0.0,10.5595,0.0,14.521798611111112
2026-03-12 23:53:00,2055.2,0.0,1981.3,0.0,0.0,0.0,87.52995138888889,1977.3801617047839,834.8564027777777,0.0,10.5595,0.0,14.521798611111112
2026-03-12 23:54:00,2089.9,0.0,2005.9,0.0,0.0,0.0,87.52995138888889,2009.2100939741708,834.8564027777777,0.0,10.5595,0.0,14.521798611111112
2026-03-12 23:55:00,2152.9,0.0,2071.7,0.0,0.0,58.40815783013284,87.52995138888889,2013.5501006845009,834.8564027777777,0.0,10.5595,0.0,14.521798611111112
2026-03-12 23:56:00,2074.3,0.0,1990.9,0.0,0.0,0.0,87.52995138888889,1995.0221889571515,834.8564027777777,0.0,10.5595,0.0,14.521798611111112
2026-03-12 23:57:00,2078.0,0.0,1995.7,0.0,0.0,0.0,87.52995138888889,1995.4433230284958,834.8564027777777,0.0,10.5595,0.0,14.521798611111112
2026-03-12 23:58:00,2053.1,0.0,1977.0,0.0,0.0,0.0,87.52995138888889,1974.8639416053857,834.8564027777777,0.0,10.5595,0.0,14.521798611111112
2026-03-12 23:59:00,2051.8,0.0,1975.2,0.0,0.0,0.0,87.52995138888889,1974.8286308266909,834.8564027777777,0.0,10.5595,0.0,14.521798611111112
2026-03-13 00:00:00,2277.2,149.7,2048.1,0.0,0.0,151.3733664418056,87.52995138888889,2047.032604737383,834.8564027777777,0.0,10.5595,0.0,14.521798611111112
2026-03-13 00:01:00,2204.8,146.6,1980.1,0.0,0.0,149.65950941003442,87.52995138888889,1975.7918713663244,834.8564027777777,0.0,10.5595,0.0,14.521798611111112
2026-03-13 00:02:00,2189.2,148.8,1970.6,0.0,0.0,150.92441985687447,87.52995138888889,1966.1432509822425,834.8564027777777,0.0,10.5595,0.0,14.521798611111112
2026-03-13 00:03:00,2240.0,150.4,2008.8,0.0,0.0,149.94970912965033,87.52995138888889,2007.3516389079066,834.8564027777777,0.0,10.5595,0.0,14.521798611111112
2026-03-13 00:04:00,2221.0,152.5,1978.8,0.0,0.0,150.45320685049964,87.52995138888889,1986.321540879056,834.8564027777777,0.0,10.5595,0.0,14.521798611111112
2026-03-13 00:05:00,2233.3,152.7,2004.9,0.0,0.0,150.7051116750896,87.52995138888889,2002.9692065278778,834.8564027777777,0.0,10.5595,0.0,14.521798611111112
2026-03-13 00:06:00,2229.9,150.0,2001.9,0.0,0.0,151.65267344904836,87.52995138888889,1996.7171482699205,834.8564027777777,0.0,10.5595,0.0,14.521798611111112
2026-03-13 00:07:00,2248.1,153.4,2019.6,0.0,0.0,148.6037095751857,87.52995138888889,2019.1286693615207,834.8564027777777,0.0,10.5595,0.0,14.521798611111112
2026-03-13 00:08:00,2216.4,145.6,1995.7,0.0,0.0,150.96200103485546,87.52995138888889,1986.6932196297912,834.8564027777777,0.0,10.5595,0.0,14.521798611111112
2026-03-13 00:09:00,2210.7,151.0,1986.0,0.0,0.0,150.6993803096112,87.52995138888889,1980.550226788897,834.8564027777777,0.0,10.5595,0.0,14.521798611111112
2026-03-13 00:10:00,2207.3,142.7,1991.8,0.0,0.0,150.32165875045146,87.52995138888889,1975.6401443273935,834.8564027777777,0.0,10.5595,0.0,14.521798611111112
2026-03-13 00:11:00,2238.0,151.4,2003.9,0.0,0.0,150.4011508493685,87.52995138888889,2007.197512444916,834.8564027777777,0.0,10.5595,0.0,14.521798611111112
2026-03-13 00:12:00,2246.7,149.0,2020.6,0.0,0.0,148.65002758597612,87.52995138888889,2020.1772571178499,834.8564027777777,0.0,10.5595,0.0,14.521798611111112
2026-03-13 00:13:00,2225.6,157.3,1982.2,0.0,0.0,149.673452752462,87.52995138888889,1996.3916109785748,834.8564027777777,0.0,10.5595,0.0,14.521798611111112
2026-03-13 00:14:00,2139.2,147.4,1924.2,0.0,0.0,6.575550000000002,87.52995138888889,2024.3756965266214,834.8564027777777,0.0,10.5595,0.0,14.521798611111112
2026-03-13 00:15:00,2193.3,147.1,1963.6,0.0,0.0,148.2844172189438,87.52995138888889,1965.4292526190038,834.8564027777777,0.0,10.5595,0.0,14.521798611111112
2026-03-13 00:16:00,2185.3,141.7,1961.3,0.0,0.0,148.11011917516043,87.52995138888889,1957.043238667413,834.8564027777777,0.0,10.5595,0.0,14.521798611111112
2026-03-13 00:17:00,2253.3,153.7,2031.7,0.0,0.0,149.62947304282105,87.52995138888889,2022.2512402863176,834.8564027777777,0.0,10.5595,0.0,14.521798611111112
2026-03-13 00:18:00,2259.0,143.1,2045.5,0.0,0.0,151.0021628843379,87.52995138888889,2023.6562484174601,834.8564027777777,0.0,10.5595,0.0,14.521798611111112
2026-03-13 00:19:00,2265.6,156.9,2037.6,0.0,0.0,150.748350536469,87.52995138888889,2032.891095651841,834.8564027777777,0.0,10.5595,0.0,14.521798611111112
2026-03-13 00:20:00,220.8,143.3,0.0,0.0,0.0,147.60858209769523,87.52995138888889,0.0,834.8564027777777,0.0,10.5595,0.0,14.521798611111112
2026-03-13 00:21:00,230.8,145.9,0.0,0.0,0.0,150.5371665714031,87.52995138888889,0.0,834.8564027777777,0.0,10.5595,0.0,14.521798611111112
2026-03-13 00:22:00,223.0,139.3,0.0,0.0,0.0,147.1422068608865,87.52995138888889,0.0,834.8564027777777,0.0,10.5595,0.0,14.521798611111112
2026-03-13 00:23:00,2227.5,149.9,2000.5,0.0,0.0,149.26061754193523,87.52995138888889,1997.713621972472,834.8564027777777,0.0,10.5595,0.0,14.521798611111112
2026-03-13 00:24:00,2199.8,152.5,1963.5,0.0,0.0,149.6907765534661,87.52995138888889,1971.512730654586,834.8564027777777,0.0,10.5595,0.0,14.521798611111112
2026-03-13 00:25:00,2234.1,158.5,2000.3,0.0,0.0,150.71697949916427,87.52995138888889,2005.27203066975,834.8564027777777,0.0,10.5595,0.0,14.521798611111112
2026-03-13 00:26:00,2237.9,153.7,2010.4,0.0,0.0,150.68485158356134,87.52995138888889,2006.480223100246,834.8564027777777,0.0,10.5595,0.0,14.521798611111112
2026-03-13 00:27:00,2202.4,150.4,1962.5,0.0,0.0,149.1487471402867,87.52995138888889,1974.5291675715905,834.8564027777777,0.0,10.5595,0.0,14.521798611111112
2026-03-13 00:28:00,2269.7,146.7,2038.4,0.0,0.0,150.4560193635484,87.52995138888889,2035.2460362103368,834.8564027777777,0.0,10.5595,0.0,14.521798611111112
2026-03-13 00:29:00,2206.8,148.8,1982.6,0.0,0.0,148.9433173645069,87.52995138888889,1975.4814215050633,834.8564027777777,0.0,10.5595,0.0,14.521798611111112
2026-03-13 00:30:00,2176.6,161.2,1939.7,0.0,0.0,146.5031971246075,87.52995138888889,1955.5054789518213,834.8564027777777,0.0,10.5595,0.0,14.521798611111112
2026-03-13 00:31:00,2248.3,159.6,2023.7,0.0,0.0,150.0301829006763,87.52995138888889,2016.9255680853457,834.8564027777777,0.0,10.5595,0.0,14.521798611111112
2026-03-13 00:32:00,2288.7,154.1,2052.2,0.0,0.0,151.24617533909165,87.52995138888889,2049.6686492747986,834.8564027777777,0.0,10.5595,9.059231578225697,14.521798611111112
2026-03-13 00:33:00,2214.7,143.8,1986.4,0.0,0.0,149.52342167593625,87.52995138888889,1988.313805524939,834.8564027777777,0.0,10.5595,0.0,14.521798611111112
2026-03-13 00:34:00,2214.5,151.4,1992.9,0.0,0.0,149.54646448682905,87.52995138888889,1988.34792673706,834.8564027777777,0.0,10.5595,0.0,14.521798611111112
2026-03-13 00:35:00,2104.2,0.0,2015.7,0.0,0.0,0.0,87.52995138888889,2024.465892252083,834.8564027777777,0.0,10.5595,0.0,14.521798611111112
2026-03-13 00:36:00,2082.6,0.0,1998.0,0.0,0.0,0.0,87.52995138888889,2001.438558041364,834.8564027777777,0.0,10.5595,0.0,14.521798611111112
2026-03-13 00:37:00,2106.3,0.0,2022.9,0.0,0.0,0.0,87.52995138888889,2026.0976483308086,834.8564027777777,0.0,10.5595,0.0,14.521798611111112
2026-03-13 00:38:00,2099.0,0.0,2021.4,0.0,0.0,0.0,87.52995138888889,2017.8502254443256,834.8564027777777,0.0,10.5595,0.0,14.521798611111112
2026-03-13 00:39:00,2037.5,0.0,1962.5,0.0,0.0,0.0,87.52995138888889,1958.3464055945494,834.8564027777777,0.0,10.5595,0.0,14.521798611111112
2026-03-13 00:40:00,2076.8,0.0,1997.6,0.0,0.0,0.0,87.52995138888889,1993.768156300671,834.8564027777777,0.0,10.5595,0.0,14.521798611111112
2026-03-13 00:41:00,2049.1,0.0,1971.3,0.0,0.0,0.0,87.52995138888889,1969.9439574191408,834.8564027777777,0.0,10.5595,0.0,14.521798611111112
2026-03-13 00:42:00,2139.3,0.0,2058.5,0.0,0.0,12.271452116402116,87.52995138888889,2042.5548855987288,834.8564027777777,0.0,10.5595,0.0,14.521798611111112
2026-03-13 00:43:00,2117.6,0.0,2038.5,0.0,0.0,0.0,87.52995138888889,2039.3116833784159,834.8564027777777,0.0,10.5595,0.0,14.521798611111112
2026-03-13 00:44:00,2030.3,0.0,1950.6,0.0,0.0,0.0,87.52995138888889,1949.6126035478242,834.8564027777777,0.0,10.5595,0.0,14.521798611111112
2026-03-13 00:45:00,2086.3,0.0,2002.7,0.0,0.0,0.0,87.52995138888889,2006.4162282598654,834.8564027777777,0.0,10.5595,0.0,14.521798611111112
2026-03-13 00:46:00,2033.1,0.0,1953.3,0.0,0.0,0.0,87.52995138888889,1953.035403004038,834.8564027777777,0.0,10.5595,0.0,14.521798611111112
2026-03-13 00:47:00,2033.3,0.0,1956.7,0.0,0.0,0.0,87.52995138888889,1953.3859840447835,834.8564027777777,0.0,10.5595,0.0,14.521798611111112
2026-03-13 00:48:00,83.1,0.0,0.0,0.0,0.0,0.0,87.52995138888889,0.0,834.8564027777777,0.0,10.5595,0.0,14.521798611111112
2026-03-13 00:49:00,2095.8,0.0,2017.7,0.0,0.0,0.0,87.52995138888889,2014.7421900009736,834.8564027777777,0.0,10.5595,0.0,14.521798611111112
2026-03-13 00:50:00,2094.4,0.0,2005.9,0.0,0.0,0.0,87.52995138888889,2013.8053877418329,834.8564027777777,0.0,10.5595,0.0,14.521798611111112
2026-03-13 00:51:00,2059.7,0.0,1974.5,0.0,0.0,0.0,87.52995138888889,1981.9250141902774,834.8564027777777,0.0,10.5595,0.0,14.521798611111112
2026-03-13 00:52:00,2069.2,0.0,1990.0,0.0,0.0,0.0,87.52995138888889,1989.8670663564974,834.8564027777777,0.0,10.5595,0.0,14.521798611111112
2026-03-13 00:53:00,2129.3,0.0,2044.4,0.0,0.0,0.0,87.52995138888889,2045.971349738794,834.8564027777777,0.0,10.5595,0.0,14.521798611111112
2026-03-13 00:54:00,2109.2,0.0,2029.8,0.0,0.0,0.0,87.52995138888889,2028.6212139078132,834.8564027777777,0.0,10.5595,0.0,14.521798611111112
2026-03-13 00:55:00,2067.0,0.0,1994.8,0.0,0.0,0.0,87.52995138888889,1987.225348948981,834.8564027777777,0.0,10.5595,0.0,14.521798611111112
2026-03-13 00:56:00,2086.5,0.0,2004.5,0.0,0.0,0.0,87.52995138888889,2004.5872325487423,834.8564027777777,0.0,10.5595,0.0,14.521798611111112
2026-03-13 00:57:00,2037.3,0.0,1952.0,0.0,0.0,0.0,87.52995138888889,1960.668200027298,834.8564027777777,0.0,10.5595,0.0,14.521798611111112
2026-03-13 00:58:00,2071.3,0.0,1991.5,0.0,0.0,0.0,87.52995138888889,1991.7912744988434,834.8564027777777,0.0,10.5595,0.0,14.521798611111112
2026-03-13 00:59:00,2100.3,0.0,2021.8,0.0,0.0,0.0,87.52995138888889,2023.3924266824686,834.8564027777777,0.0,10.5595,0.0,14.521798611111112
2026-03-13 01:00:00,2222.4,155.1,1990.0,0.0,0.0,149.94510023981877,87.52995138888889,1992.7567984348987,834.8564027777777,0.0,10.5595,0.0,14.521798611111112
2026-03-13 01:01:00,2222.8,149.8,1996.1,0.0,0.0,149.84506539133392,87.52995138888889,1992.922406948607,834.8564027777777,0.0,10.5595,0.0,14.521798611111112
2026-03-13 01:02:00,2220.8,150.9,1996.2,0.0,0.0,149.88120549197393,87.52995138888889,1988.238170334405,834.8564027777777,0.0,10.5595,0.0,14.521798611111112
2026-03-13 01:03:00,223.9,148.5,0.0,0.0,0.0,147.58232931524097,87.52995138888889,0.0,834.8564027777777,0.0,10.5595,0.0,14.521798611111112
2026-03-13 01:04:00,235.5,155.5,0.0,0.0,0.0,153.3500674863263,87.52995138888889,0.0,834.8564027777777,0.0,10.5595,0.0,14.521798611111112
2026-03-13 01:05:00,2213.0,142.8,1983.7,0.0,0.0,148.75926977494188,87.52995138888889,1985.9974166678544,834.8564027777777,0.0,10.5595,0.0,14.521798611111112
2026-03-13 01:06:00,2244.6,149.8,2002.8,0.0,0.0,149.40701845298952,87.52995138888889,2014.6385283412,834.8564027777777,0.0,10.5595,0.0,14.521798611111112
2026-03-13 01:07:00,2235.9,152.0,1998.2,0.0,0.0,150.12815465159474,87.52995138888889,2003.248323237802,834.8564027777777,0.0,10.5595,0.0,14.521798611111112
2026-03-13 01:08:00,2237.2,145.4,2008.3,0.0,0.0,150.0695098352999,87.52995138888889,2005.0327203247534,834.8564027777777,0.0,10.5595,0.0,14.521798611111112
2026-03-13 01:09:00,2233.0,147.8,2009.3,0.0,0.0,149.9543814968255,87.52995138888889,2001.6568807728177,834.8564027777777,0.0,10.5595,0.0,14.521798611111112
2026-03-13 01:10:00,2242.0,148.4,2014.7,0.0,0.0,149.27821721996315,87.52995138888889,2012.903433366195,834.8564027777777,0.0,10.5595,0.0,14.521798611111112
2026-03-13 01:11:00,2221.0,162.2,1973.0,0.0,0.0,149.4890894330615,87.52995138888889,1988.5232650385028,834.8564027777777,0.0,10.5595,0.0,14.521798611111112
2026-03-13 01:12:00,2228.9,157.2,1997.5,0.0,0.0,149.91946815961813,87.52995138888889,1998.0928503088533,834.8564027777777,0.0,10.5595,0.0,14.521798611111112
2026-03-13 01:13:00,236.4,154.0,0.0,0.0,0.0,153.75484276801623,87.52995138888889,0.0,834.8564027777777,0.0,10.5595,0.0,14.521798611111112
2026-03-13 01:14:00,2194.3,161.6,1956.6,0.0,0.0,149.64421775866325,87.52995138888889,1963.270427032025,834.8564027777777,0.0,10.5595,0.0,14.521798611111112
2026-03-13 01:15:00,2247.8,160.4,2021.8,0.0,0.0,149.37324117841226,87.52995138888889,2015.827243005941,834.8564027777777,0.0,10.5595,0.0,14.521798611111112
2026-03-13 01:16:00,237.7,154.3,0.0,0.0,0.0,153.73924562458237,87.52995138888889,0.0,834.8564027777777,0.0,10.5595,0.0,14.521798611111112
2026-03-13 01:17:00,237.6,150.8,0.0,0.0,0.0,153.89762052859993,87.52995138888889,0.0,834.8564027777777,0.0,10.5595,0.0,14.521798611111112
2026-03-13 01:18:00,219.0,143.2,0.0,0.0,0.0,146.54895195512543,87.52995138888889,0.0,834.8564027777777,0.0,10.5595,0.0,14.521798611111112
2026-03-13 01:19:00,224.4,144.4,0.0,0.0,0.0,148.0108819216187,87.52995138888889,0.0,834.8564027777777,0.0,10.5595,0.0,14.521798611111112
2026-03-13 01:20:00,220.4,148.2,0.0,0.0,0.0,146.34516309491156,87.52995138888889,0.0,834.8564027777777,0.0,10.5595,0.0,14.521798611111112
2026-03-13 01:21:00,225.6,148.4,0.0,0.0,0.0,149.31666451707335,87.52995138888889,0.0,834.8564027777777,0.0,10.5595,0.0,14.521798611111112
2026-03-13 01:22:00,242.0,153.1,0.0,0.0,0.0,156.2240152023329,87.52995138888889,0.0,834.8564027777777,0.0,10.5595,0.0,14.521798611111112
2026-03-13 01:23:00,214.7,145.1,0.0,0.0,0.0,142.99778350603648,87.52995138888889,0.0,834.8564027777777,0.0,10.5595,0.0,14.521798611111112
2026-03-13 01:24:00,241.3,154.7,0.0,0.0,0.0,155.83648591125367,87.52995138888889,0.0,834.8564027777777,0.0,10.5595,0.0,14.521798611111112
2026-03-13 01:25:00,225.7,146.4,0.0,0.0,0.0,148.09237095269708,87.52995138888889,0.0,834.8564027777777,0.0,10.5595,0.0,14.521798611111112
2026-03-13 01:26:00,226.2,150.0,0.0,0.0,0.0,146.86931901792173,87.52995138888889,0.0,834.8564027777777,0.0,10.5595,0.0,14.521798611111112
2026-03-13 01:27:00,220.6,144.2,0.0,0.0,0.0,144.77226889820417,87.52995138888889,0.0,834.8564027777777,0.0,10.5595,0.0,14.521798611111112
2026-03-13 01:28:00,225.4,150.8,0.0,0.0,0.0,148.35838694299335,87.52995138888889,0.0,834.8564027777777,0.0,10.5595,0.0,14.521798611111112
2026-03-13 01:29:00,221.5,140.6,0.0,0.0,0.0,145.02953741378445,87.52995138888889,0.0,834.8564027777777,0.0,10.5595,0.0,14.521798611111112
2026-03-13 01:30:00,230.8,149.5,0.0,0.0,0.0,151.3431421886393,87.52995138888889,0.0,834.8564027777777,0.0,10.5595,0.0,14.521798611111112
2026-03-13 01:31:00,234.4,153.8,0.0,0.0,0.0,152.0716181561902,87.52995138888889,0.0,834.8564027777777,0.0,10.5595,0.0,14.521798611111112
2026-03-13 01:32:00,214.2,140.9,0.0,0.0,0.0,142.87987948353395,87.52995138888889,0.0,834.8564027777777,0.0,10.5595,0.0,14.521798611111112
2026-03-13 01:33:00,223.0,148.5,0.0,0.0,0.0,145.2735824535257,87.52995138888889,0.0,834.8564027777777,0.0,10.5595,0.0,14.521798611111112
2026-03-13 01:34:00,229.9,144.8,0.0,0.0,0.0,151.53486207877089,87.52995138888889,0.0,834.8564027777777,0.0,10.5595,0.0,14.521798611111112
2026-03-13 01:35:00,81.9,0.0,0.0,0.0,0.0,0.0,87.52995138888889,0.0,834.8564027777777,0.0,10.5595,0.0,14.521798611111112
2026-03-13 01:36:00,78.5,0.0,0.0,0.0,0.0,0.0,87.52995138888889,0.0,834.8564027777777,0.0,10.5595,0.0,14.521798611111112
2026-03-13 01:37:00,87.2,0.0,0.0,0.0,0.0,0.0,87.52995138888889,0.0,834.8564027777777,0.0,10.5595,0.0,14.521798611111112
2026-03-13 01:38:00,71.0,0.0,0.0,0.0,0.0,0.0,87.52995138888889,0.0,834.8564027777777,0.0,10.5595,0.0,14.521798611111112
2026-03-13 01:39:00,82.0,0.0,0.0,0.0,0.0,0.0,87.52995138888889,0.0,834.8564027777777,0.0,10.5595,0.0,14.521798611111112
2026-03-13 01:40:00,71.8,0.0,0.0,0.0,0.0,0.0,87.52995138888889,0.0,834.8564027777777,0.0,10.5595,0.0,14.521798611111112
2026-03-13 01:41:00,71.2,0.0,0.0,0.0,0.0,0.0,87.52995138888889,0.0,834.8564027777777,0.0,10.5595,0.0,14.521798611111112
2026-03-13 01:42:00,77.1,0.0,0.0,0.0,0.0,0.0,87.52995138888889,0.0,834.8564027777777,0.0,10.5595,0.0,14.521798611111112
2026-03-13 01:43:00,80.1,0.0,0.0,0.0,0.0,0.0,87.52995138888889,0.0,834.8564027777777,0.0,10.5595,0.0,14.521798611111112
2026-03-13 01:44:00,72.4,0.0,0.0,0.0,0.0,0.0,87.52995138888889,0.0,834.8564027777777,0.0,10.5595,0.0,14.521798611111112
2026-03-13 01:45:00,85.8,0.0,0.0,0.0,0.0,0.0,87.52995138888889,0.0,834.8564027777777,0.0,10.5595,0.0,14.521798611111112
2026-03-13 01:46:00,71.1,0.0,0.0,0.0,0.0,0.0,87.52995138888889,0.0,834.8564027777777,0.0,10.5595,0.0,14.521798611111112
2026-03-13 01:47:00,79.2,0.0,0.0,0.0,0.0,0.0,87.52995138888889,0.0,834.8564027777777,0.0,10.5595,0.0,14.521798611111112
2026-03-13 01:48:00,82.8,0.0,0.0,0.0,0.0,0.0,87.52995138888889,0.0,834.8564027777777,0.0,10.5595,0.0,14.521798611111112
2026-03-13 01:49:00,78.6,0.0,0.0,0.0,0.0,0.0,87.52995138888889,0.0,834.8564027777777,0.0,10.5595,0.0,14.521798611111112
2026-03-13 01:50:00,82.8,0.0,0.0,0.0,0.0,0.0,87.52995138888889,0.0,834.8564027777777,0.0,10.5595,0.0,14.521798611111112
2026-03-13 01:51:00,77.0,0.0,0.0,0.0,0.0,0.0,87.52995138888889,0.0,834.8564027777777,0.0,10.5595,0.0,14.521798611111112
2026-03-13 01:52:00,84.6,0.0,0.0,0.0,0.0,0.0,87.52995138888889,0.0,834.8564027777777,0.0,10.5595,0.0,14.521798611111112
2026-03-13 01:53:00,78.6,0.0,0.0,0.0,0.0,0.0,87.52995138888889,0.0,834.8564027777777,0.0,10.5595,0.0,14.521798611111112
2026-03-13 01:54:00,78.8,0.0,0.0,0.0,0.0,0.0,87.52995138888889,0.0,834.8564027777777,0.0,10.5595,0.0,14.521798611111112
2026-03-13 01:55:00,76.4,0.0,0.0,0.0,0.0,0.0,87.52995138888889,0.0,834.8564027777777,0.0,10.5595,0.0,14.521798611111112
2026-03-13 01:56:00,79.7,0.0,0.0,0.0,0.0,0.0,87.52995138888889,0.0,834.8564027777777,0.0,10.5595,0.0,14.521798611111112
2026-03-13 01:57:00,82.5,0.0,0.0,0.0,0.0,0.0,87.52995138888889,0.0,834.8564027777777,0.0,10.5595,0.0,14.521798611111112
2026-03-13 01:58:00,76.2,0.0,0.0,0.0,0.0,0.0,87.52995138888889,0.0,834.8564027777777,0.0,10.5595,0.0,14.521798611111112
2026-03-13 01:59:00,75.4,0.0,0.0,0.0,0.0,0.0,87.52995138888889,0.0,834.8564027777777,0.0,10.5595,0.0,14.521798611111112
2026-03-13 02:00:00,227.6,149.1,0.0,0.0,0.0,147.87808718450165,87.52995138888889,0.0,834.8564027777777,0.0,10.5595,0.0,14.521798611111112
2026-03-13 02:01:00,237.0,162.4,0.0,0.0,0.0,151.5789627862878,87.52995138888889,0.0,834.8564027777777,0.0,10.5595,0.0,14.521798611111112
2026-03-13 02:02:00,229.3,151.5,0.0,0.0,0.0,150.2159254512916,87.52995138888889,0.0,834.8564027777777,0.0,10.5595,0.0,14.521798611111112
2026-03-13 02:03:00,222.7,151.2,0.0,0.0,0.0,145.63043136284963,87.52995138888889,0.0,834.8564027777777,0.0,10.5595,0.0,14.521798611111112
2026-03-13 02:04:00,230.7,147.4,0.0,0.0,0.0,150.48279991188718,87.52995138888889,0.0,834.8564027777777,0.0,10.5595,0.0,14.521798611111112
2026-03-13 02:05:00,222.9,153.9,0.0,0.0,0.0,144.35029653014422,87.52995138888889,0.0,834.8564027777777,0.0,10.5595,0.0,14.521798611111112
2026-03-13 02:06:00,242.3,149.7,0.0,0.0,0.0,155.42176002097025,87.52995138888889,0.0,834.8564027777777,0.0,10.5595,0.0,14.521798611111112
2026-03-13 02:07:00,240.4,154.3,0.0,0.0,0.0,154.05880268097917,87.52995138888889,0.0,834.8564027777777,0.0,10.5595,0.0,14.521798611111112
2026-03-13 02:08:00,233.5,152.7,0.0,0.0,0.0,152.3197901657166,87.52995138888889,0.0,834.8564027777777,0.0,10.5595,0.0,14.521798611111112
2026-03-13 02:09:00,216.9,143.1,0.0,0.0,0.0,142.81566943432392,87.52995138888889,0.0,834.8564027777777,0.0,10.5595,0.0,14.521798611111112
2026-03-13 02:10:00,234.2,150.4,0.0,0.0,0.0,152.6753640517978,87.52995138888889,0.0,834.8564027777777,0.0,10.5595,0.0,14.521798611111112
2026-03-13 02:11:00,245.4,154.3,0.0,0.0,0.0,157.65922828674584,87.52995138888889,0.0,834.8564027777777,0.0,10.5595,0.0,14.521798611111112
2026-03-13 02:12:00,228.3,154.8,0.0,0.0,0.0,149.3973559718604,87.52995138888889,0.0,834.8564027777777,0.0,10.5595,0.0,14.521798611111112
2026-03-13 02:13:00,233.8,150.9,0.0,0.0,0.0,152.17074140362274,87.52995138888889,0.0,834.8564027777777,0.0,10.5595,0.0,14.521798611111112
2026-03-13 02:14:00,221.4,142.1,0.0,0.0,0.0,146.75306604637765,87.52995138888889,0.0,834.8564027777777,0.0,10.5595,0.0,14.521798611111112
2026-03-13 02:15:00,231.2,145.6,0.0,0.0,0.0,151.72018940666894,87.52995138888889,0.0,834.8564027777777,0.0,10.5595,0.0,14.521798611111112
2026-03-13 02:16:00,243.2,160.0,0.0,0.0,0.0,154.89240995317323,87.52995138888889,0.0,834.8564027777777,0.0,10.5595,0.0,14.521798611111112
2026-03-13 02:17:00,234.2,153.5,0.0,0.0,0.0,151.704101263116,87.52995138888889,0.0,834.8564027777777,0.0,10.5595,0.0,14.521798611111112
2026-03-13 02:18:00,234.9,155.9,0.0,0.0,0.0,152.2161320146315,87.52995138888889,0.0,834.8564027777777,0.0,10.5595,0.0,14.521798611111112
2026-03-13 02:19:00,226.3,137.1,0.0,0.0,0.0,148.76748810311838,87.52995138888889,0.0,834.8564027777777,0.0,10.5595,0.0,14.521798611111112
2026-03-13 02:20:00,234.9,150.3,0.0,0.0,0.0,153.02421265493766,87.52995138888889,0.0,834.8564027777777,0.0,10.5595,0.0,14.521798611111112
2026-03-13 02:21:00,230.4,152.4,0.0,0.0,0.0,152.26917898800548,87.52995138888889,0.0,834.8564027777777,0.0,10.5595,0.0,14.521798611111112
2026-03-13 02:22:00,225.2,150.5,0.0,0.0,0.0,148.53038536960977,87.52995138888889,0.0,834.8564027777777,0.0,10.5595,0.0,14.521798611111112
2026-03-13 02:23:00,238.4,154.2,0.0,0.0,0.0,154.1037541326865,87.52995138888889,0.0,834.8564027777777,0.0,10.5595,0.0,14.521798611111112
2026-03-13 02:24:00,233.6,156.1,0.0,0.0,0.0,152.29796534555916,87.52995138888889,0.0,834.8564027777777,0.0,10.5595,0.0,14.521798611111112
2026-03-13 02:25:00,231.1,153.7,0.0,0.0,0.0,152.25507135930243,87.52995138888889,0.0,834.8564027777777,0.0,10.5595,0.0,14.521798611111112
2026-03-13 02:26:00,223.6,145.0,0.0,0.0,0.0,147.6138348665496,87.52995138888889,0.0,834.8564027777777,0.0,10.5595,0.0,14.521798611111112
2026-03-13 02:27:00,240.7,142.0,0.0,0.0,0.0,154.80196069137844,87.52995138888889,0.0,834.8564027777777,0.0,10.5595,0.0,14.521798611111112
2026-03-13 02:28:00,228.5,149.0,0.0,0.0,0.0,149.14492962032529,87.52995138888889,0.0,834.8564027777777,0.0,10.5595,0.0,14.521798611111112
2026-03-13 02:29:00,223.7,141.7,0.0,0.0,0.0,149.7500665266106,87.52995138888889,0.0,834.8564027777777,0.0,10.5595,0.0,14.521798611111112
2026-03-13 02:30:00,235.1,149.9,0.0,0.0,0.0,152.08137303335056,87.52995138888889,0.0,834.8564027777777,0.0,10.5595,0.0,14.521798611111112
2026-03-13 02:31:00,243.5,158.2,0.0,0.0,0.0,156.1734442108545,87.52995138888889,0.0,834.8564027777777,0.0,10.5595,0.0,14.521798611111112
2026-03-13 02:32:00,227.8,146.0,0.0,0.0,0.0,148.76911292873802,87.52995138888889,0.0,834.8564027777777,0.0,10.5595,0.0,14.521798611111112
2026-03-13 02:33:00,229.8,154.4,0.0,0.0,0.0,151.4766777399215,87.52995138888889,0.0,834.8564027777777,0.0,10.5595,0.0,14.521798611111112
2026-03-13 02:34:00,239.3,153.0,0.0,0.0,0.0,154.14451100372514,87.52995138888889,0.0,834.8564027777777,0.0,10.5595,0.0,14.521798611111112
2026-03-13 02:35:00,83.7,0.0,0.0,0.0,0.0,0.0,87.52995138888889,0.0,834.8564027777777,0.0,10.5595,0.0,14.521798611111112
2026-03-13 02:36:00,73.1,0.0,0.0,0.0,0.0,0.0,87.52995138888889,0.0,834.8564027777777,0.0,10.5595,0.0,14.521798611111112
2026-03-13 02:37:00,79.8,0.0,0.0,0.0,0.0,0.0,87.52995138888889,0.0,834.8564027777777,0.0,10.5595,0.0,14.521798611111112
2026-03-13 02:38:00,77.9,0.0,0.0,0.0,0.0,0.0,87.52995138888889,0.0,834.8564027777777,0.0,10.5595,0.0,14.521798611111112
2026-03-13 02:39:00,83.4,0.0,0.0,0.0,0.0,0.0,87.52995138888889,0.0,834.8564027777777,0.0,10.5595,0.0,14.521798611111112
2026-03-13 02:40:00,86.7,0.0,0.0,0.0,0.0,0.0,87.52995138888889,0.0,834.8564027777777,0.0,10.5595,0.0,14.521798611111112
2026-03-13 02:41:00,78.4,0.0,0.0,0.0,0.0,0.0,87.52995138888889,0.0,834.8564027777777,0.0,10.5595,0.0,14.521798611111112
2026-03-13 02:42:00,71.0,0.0,0.0,0.0,0.0,0.0,87.52995138888889,0.0,834.8564027777777,0.0,10.5595,0.0,14.521798611111112
2026-03-13 02:43:00,81.5,0.0,0.0,0.0,0.0,0.0,87.52995138888889,0.0,834.8564027777777,0.0,10.5595,0.0,14.521798611111112
2026-03-13 02:44:00,78.7,0.0,0.0,0.0,0.0,0.0,87.52995138888889,0.0,834.8564027777777,0.0,10.5595,0.0,14.521798611111112
2026-03-13 02:45:00,69.7,0.0,0.0,0.0,0.0,0.0,87.52995138888889,0.0,834.8564027777777,0.0,10.5595,0.0,14.521798611111112
2026-03-13 02:46:00,77.9,0.0,0.0,0.0,0.0,0.0,87.52995138888889,0.0,834.8564027777777,0.0,10.5595,0.0,14.521798611111112
2026-03-13 02:47:00,78.7,0.0,0.0,0.0,0.0,0.0,87.52995138888889,0.0,834.8564027777777,0.0,10.5595,0.0,14.521798611111112
2026-03-13 02:48:00,77.0,0.0,0.0,0.0,0.0,0.0,87.52995138888889,0.0,834.8564027777777,0.0,10.5595,0.0,14.521798611111112
2026-03-13 02:49:00,78.9,0.0,0.0,0.0,0.0,0.0,87.52995138888889,0.0,834.8564027777777,0.0,10.5595,0.0,14.521798611111112
2026-03-13 02:50:00,82.0,0.0,0.0,0.0,0.0,0.0,87.52995138888889,0.0,834.8564027777777,0.0,10.5595,0.0,14.521798611111112
2026-03-13 02:51:00,67.2,0.0,0.0,0.0,0.0,0.0,87.52995138888889,0.0,834.8564027777777,0.0,10.5595,0.0,14.521798611111112
2026-03-13 02:52:00,85.1,0.0,0.0,0.0,0.0,0.0,87.52995138888889,0.0,834.8564027777777,0.0,10.5595,0.0,14.521798611111112
2026-03-13 02:53:00,81.0,0.0,0.0,0.0,0.0,0.0,87.52995138888889,0.0,834.8564027777777,0.0,10.5595,0.0,14.521798611111112
2026-03-13 02:54:00,72.6,0.0,0.0,0.0,0.0,0.0,87.52995138888889,0.0,834.8564027777777,0.0,10.5595,0.0,14.521798611111112
2026-03-13 02:55:00,77.3,0.0,0.0,0.0,0.0,0.0,87.52995138888889,0.0,834.8564027777777,0.0,10.5595,0.0,14.521798611111112
2026-03-13 02:56:00,72.1,0.0,0.0,0.0,0.0,0.0,87.52995138888889,0.0,834.8564027777777,0.0,10.5595,0.0,14.521798611111112
2026-03-13 02:57:00,79.4,0.0,0.0,0.0,0.0,0.0,87.52995138888889,0.0,834.8564027777777,0.0,10.5595,0.0,14.521798611111112
2026-03-13 02:58:00,74.3,0.0,0.0,0.0,0.0,0.0,87.52995138888889,0.0,834.8564027777777,0.0,10.5595,0.0,14.521798611111112
2026-03-13 02:59:00,84.8,0.0,0.0,0.0,0.0,0.0,87.52995138888889,0.0,834.8564027777777,0.0,10.5595,0.0,14.521798611111112
2026-03-13 03:00:00,230.8,151.8,0.0,0.0,0.0,150.23087455066724,87.52995138888889,0.0,834.8564027777777,0.0,10.5595,0.0,14.521798611111112
2026-03-13 03:01:00,240.3,153.2,0.0,0.0,0.0,155.81721469538098,87.52995138888889,0.0,834.8564027777777,0.0,10.5595,0.0,14.521798611111112
2026-03-13 03:02:00,221.3,148.5,0.0,0.0,0.0,145.21488984104133,87.52995138888889,0.0,834.8564027777777,0.0,10.5595,0.0,14.521798611111112
2026-03-13 03:03:00,235.8,150.9,0.0,0.0,0.0,153.70390470079457,87.52995138888889,0.0,834.8564027777777,0.0,10.5595,0.0,14.521798611111112
2026-03-13 03:04:00,226.8,147.6,0.0,0.0,0.0,148.4912060508205,87.52995138888889,0.0,834.8564027777777,0.0,10.5595,0.0,14.521798611111112
2026-03-13 03:05:00,228.0,145.5,0.0,0.0,0.0,149.98556279096724,87.52995138888889,0.0,834.8564027777777,0.0,10.5595,0.0,14.521798611111112
2026-03-13 03:06:00,232.2,147.2,0.0,0.0,0.0,151.2457694365089,87.52995138888889,0.0,834.8564027777777,0.0,10.5595,0.0,14.521798611111112
2026-03-13 03:07:00,222.4,143.4,0.0,0.0,0.0,146.68269927467037,87.52995138888889,0.0,834.8564027777777,0.0,10.5595,0.0,14.521798611111112
2026-03-13 03:08:00,218.3,147.0,0.0,0.0,0.0,145.7923403336802,87.52995138888889,0.0,834.8564027777777,0.0,10.5595,0.0,14.521798611111112
2026-03-13 03:09:00,218.7,140.0,0.0,0.0,0.0,146.53433899714838,87.52995138888889,0.0,834.8564027777777,0.0,10.5595,0.0,14.521798611111112
2026-03-13 03:10:00,235.8,150.7,0.0,0.0,0.0,152.17942381019674,87.52995138888889,0.0,834.8564027777777,0.0,10.5595,0.0,14.521798611111112
2026-03-13 03:11:00,229.1,156.2,0.0,0.0,0.0,148.62231490132964,87.52995138888889,0.0,834.8564027777777,0.0,10.5595,0.0,14.521798611111112
2026-03-13 03:12:00,229.5,153.0,0.0,0.0,0.0,149.96553018892874,87.52995138888889,0.0,834.8564027777777,0.0,10.5595,0.0,14.521798611111112
2026-03-13 03:13:00,228.4,149.2,0.0,0.0,0.0,149.69119231437932,87.52995138888889,0.0,834.8564027777777,0.0,10.5595,0.0,14.521798611111112
2026-03-13 03:14:00,224.7,147.6,0.0,0.0,0.0,147.96231573957226,87.52995138888889,0.0,834.8564027777777,0.0,10.5595,0.0,14.521798611111112
2026-03-13 03:15:00,220.1,142.1,0.0,0.0,0.0,145.30899623339621,87.52995138888889,0.0,834.8564027777777,0.0,10.5595,0.0,14.521798611111112
2026-03-13 03:16:00,225.6,148.7,0.0,0.0,0.0,149.48631987966453,87.52995138888889,0.0,834.8564027777777,0.0,10.5595,0.0,14.521798611111112
2026-03-13 03:17:00,232.7,156.1,0.0,0.0,0.0,150.8015589305861,87.52995138888889,0.0,834.8564027777777,0.0,10.5595,0.0,14.521798611111112
2026-03-13 03:18:00,235.6,152.5,0.0,0.0,0.0,151.32461901785575,87.52995138888889,0.0,834.8564027777777,0.0,10.5595,0.0,14.521798611111112
2026-03-13 03:19:00,220.4,141.3,0.0,0.0,0.0,146.66390603008105,87.52995138888889,0.0,834.8564027777777,0.0,10.5595,0.0,14.521798611111112
2026-03-13 03:20:00,227.8,141.7,0.0,0.0,0.0,148.5694031623348,87.52995138888889,0.0,834.8564027777777,0.0,10.5595,0.0,14.521798611111112
2026-03-13 03:21:00,228.8,150.9,0.0,0.0,0.0,149.2564122345862,87.52995138888889,0.0,834.8564027777777,0.0,10.5595,0.0,14.521798611111112
2026-03-13 03:22:00,221.7,142.5,0.0,0.0,0.0,146.238179859302,87.52995138888889,0.0,834.8564027777777,0.0,10.5595,0.0,14.521798611111112
2026-03-13 03:23:00,220.8,141.6,0.0,0.0,0.0,146.44988705210915,87.52995138888889,0.0,834.8564027777777,0.0,10.5595,0.0,14.521798611111112
2026-03-13 03:24:00,239.9,154.8,0.0,0.0,0.0,154.8748665592034,87.52995138888889,0.0,834.8564027777777,0.0,10.5595,0.0,14.521798611111112
2026-03-13 03:25:00,228.6,141.0,0.0,0.0,0.0,149.33794054130132,87.52995138888889,0.0,834.8564027777777,0.0,10.5595,0.0,14.521798611111112
2026-03-13 03:26:00,227.2,149.1,0.0,0.0,0.0,148.17732463212164,87.52995138888889,0.0,834.8564027777777,0.0,10.5595,0.0,14.521798611111112
2026-03-13 03:27:00,227.2,152.1,0.0,0.0,0.0,147.8787788566008,87.52995138888889,0.0,834.8564027777777,0.0,10.5595,0.0,14.521798611111112
2026-03-13 03:28:00,238.3,155.0,0.0,0.0,0.0,154.6745683894537,87.52995138888889,0.0,834.8564027777777,0.0,10.5595,0.0,14.521798611111112
2026-03-13 03:29:00,219.6,142.6,0.0,0.0,0.0,146.0976377518995,87.52995138888889,0.0,834.8564027777777,0.0,10.5595,0.0,14.521798611111112
2026-03-13 03:30:00,224.1,149.4,0.0,0.0,0.0,147.4106680217929,87.52995138888889,0.0,834.8564027777777,0.0,10.5595,0.0,14.521798611111112
2026-03-13 03:31:00,237.3,156.1,0.0,0.0,0.0,153.63590711882134,87.52995138888889,0.0,834.8564027777777,0.0,10.5595,0.0,14.521798611111112
2026-03-13 03:32:00,223.9,140.3,0.0,0.0,0.0,148.6966935066882,87.52995138888889,0.0,834.8564027777777,0.0,10.5595,0.0,14.521798611111112
2026-03-13 03:33:00,228.3,144.8,0.0,0.0,0.0,148.66618991915666,87.52995138888889,0.0,834.8564027777777,0.0,10.5595,0.0,14.521798611111112
2026-03-13 03:34:00,229.0,148.7,0.0,0.0,0.0,149.0479138358173,87.52995138888889,0.0,834.8564027777777,0.0,10.5595,0.0,14.521798611111112
2026-03-13 03:35:00,81.9,0.0,0.0,0.0,0.0,0.0,87.52995138888889,0.0,834.8564027777777,0.0,10.5595,0.0,14.521798611111112
2026-03-13 03:36:00,74.2,0.0,0.0,0.0,0.0,0.0,87.52995138888889,0.0,834.8564027777777,0.0,10.5595,0.0,14.521798611111112
2026-03-13 03:37:00,71.3,0.0,0.0,0.0,0.0,0.0,87.52995138888889,0.0,834.8564027777777,0.0,10.5595,0.0,14.521798611111112
2026-03-13 03:38:00,79.2,0.0,0.0,0.0,0.0,0.0,87.52995138888889,0.0,834.8564027777777,0.0,10.5595,0.0,14.521798611111112
2026-03-13 03:39:00,76.0,0.0,0.0,0.0,0.0,0.0,87.52995138888889,0.0,834.8564027777777,0.0,10.5595,0.0,14.521798611111112
2026-03-13 03:40:00,68.4,0.0,0.0,0.0,0.0,0.0,87.52995138888889,0.0,834.8564027777777,0.0,10.5595,0.0,14.521798611111112
2026-03-13 03:41:00,71.4,0.0,0.0,0.0,0.0,0.0,87.52995138888889,0.0,834.8564027777777,0.0,10.5595,0.0,14.521798611111112
2026-03-13 03:42:00,82.1,0.0,0.0,0.0,0.0,0.0,87.52995138888889,0.0,834.8564027777777,0.0,10.5595,0.0,14.521798611111112
2026-03-13 03:43:00,77.5,0.0,0.0,0.0,0.0,0.0,87.52995138888889,0.0,834.8564027777777,0.0,10.5595,0.0,14.521798611111112
2026-03-13 03:44:00,79.1,0.0,0.0,0.0,0.0,0.0,87.52995138888889,0.0,834.8564027777777,0.0,10.5595,0.0,14.521798611111112
2026-03-13 03:45:00,82.4,0.0,0.0,0.0,0.0,0.0,87.52995138888889,0.0,834.8564027777777,0.0,10.5595,0.0,14.521798611111112
2026-03-13 03:46:00,79.9,0.0,0.0,0.0,0.0,0.0,87.52995138888889,0.0,834.8564027777777,0.0,10.5595,0.0,14.521798611111112
2026-03-13 03:47:00,76.5,0.0,0.0,0.0,0.0,0.0,87.52995138888889,0.0,834.8564027777777,0.0,10.5595,0.0,14.521798611111112
2026-03-13 03:48:00,82.0,0.0,0.0,0.0,0.0,0.0,87.52995138888889,0.0,834.8564027777777,0.0,10.5595,0.0,14.521798611111112
2026-03-13 03:49:00,76.0,0.0,0.0,0.0,0.0,0.0,87.52995138888889,0.0,834.8564027777777,0.0,10.5595,0.0,14.521798611111112
2026-03-13 03:50:00,80.6,0.0,0.0,0.0,0.0,0.0,87.52995138888889,0.0,834.8564027777777,0.0,10.5595,0.0,14.521798611111112
2026-03-13 03:51:00,85.8,0.0,0.0,0.0,0.0,0.0,87.52995138888889,0.0,834.8564027777777,0.0,10.5595,0.0,14.521798611111112
2026-03-13 03:52:00,83.5,0.0,0.0,0.0,0.0,0.0,87.52995138888889,0.0,834.8564027777777,0.0,10.5595,0.0,14.521798611111112
2026-03-13 03:53:00,76.1,0.0,0.0,0.0,0.0,0.0,87.52995138888889,0.0,834.8564027777777,0.0,10.5595,0.0,14.521798611111112
2026-03-13 03:54:00,90.6,0.0,0.0,0.0,0.0,0.0,87.52995138888889,0.0,834.8564027777777,0.0,10.5595,0.0,14.521798611111112
2026-03-13 03:55:00,76.7,0.0,0.0,0.0,0.0,0.0,87.52995138888889,0.0,834.8564027777777,0.0,10.5595,0.0,14.521798611111112
2026-03-13 03:56:00,74.6,0.0,0.0,0.0,0.0,0.0,87.52995138888889,0.0,834.8564027777777,0.0,10.5595,0.0,14.521798611111112
2026-03-13 03:57:00,82.4,0.0,0.0,0.0,0.0,0.0,87.52995138888889,0.0,834.8564027777777,0.0,10.5595,0.0,14.521798611111112
2026-03-13 03:58:00,88.9,0.0,0.0,0.0,0.0,0.0,87.52995138888889,0.0,834.8564027777777,0.0,10.5595,0.0,14.521798611111112
2026-03-13 03:59:00,82.2,0.0,0.0,0.0,0.0,0.0,87.52995138888889,0.0,834.8564027777777,0.0,10.5595,0.0,14.521798611111112
2026-03-13 04:00:00,226.2,149.2,0.0,0.0,0.0,147.3937603630861,87.52995138888889,0.0,834.8564027777777,0.0,10.5595,0.0,14.521798611111112
2026-03-13 04:01:00,230.1,151.4,0.0,0.0,0.0,149.62066296435765,87.52995138888889,0.0,834.8564027777777,0.0,10.5595,0.0,14.521798611111112
2026-03-13 04:02:00,219.9,148.7,0.0,0.0,0.0,146.99244084727914,87.52995138888889,0.0,834.8564027777777,0.0,10.5595,0.0,14.521798611111112
2026-03-13 04:03:00,228.2,153.3,0.0,0.0,0.0,148.64982724571902,87.52995138888889,0.0,834.8564027777777,0.0,10.5595,0.0,14.521798611111112
2026-03-13 04:04:00,230.6,157.9,0.0,0.0,0.0,150.73967365292657,87.52995138888889,0.0,834.8564027777777,0.0,10.5595,0.0,14.521798611111112
2026-03-13 04:05:00,232.1,147.7,0.0,0.0,0.0,151.43907395442253,87.52995138888889,0.0,834.8564027777777,0.0,10.5595,0.0,14.521798611111112
2026-03-13 04:06:00,236.4,146.6,0.0,0.0,0.0,152.5879913040806,87.52995138888889,0.0,834.8564027777777,0.0,10.5595,0.0,14.521798611111112
2026-03-13 04:07:00,234.6,149.6,0.0,0.0,0.0,152.44743137833672,87.52995138888889,0.0,834.8564027777777,0.0,10.5595,0.0,14.521798611111112
2026-03-13 04:08:00,242.8,165.5,0.0,0.0,0.0,155.74485250185546,87.52995138888889,0.0,834.8564027777777,0.0,10.5595,0.0,14.521798611111112
2026-03-13 04:09:00,227.0,152.2,0.0,0.0,0.0,147.53696512082695,87.52995138888889,0.0,834.8564027777777,0.0,10.5595,0.0,14.521798611111112
2026-03-13 04:10:00,220.7,137.5,0.0,0.0,0.0,146.02487621808302,87.52995138888889,0.0,834.8564027777777,0.0,10.5595,0.0,14.521798611111112
2026-03-13 04:11:00,226.4,146.0,0.0,0.0,0.0,147.64550971620974,87.52995138888889,0.0,834.8564027777777,0.0,10.5595,0.0,14.521798611111112
2026-03-13 04:12:00,211.1,143.3,0.0,0.0,0.0,142.6583059130441,87.52995138888889,0.0,834.8564027777777,0.0,10.5595,0.0,14.521798611111112
2026-03-13 04:13:00,242.0,150.8,0.0,0.0,0.0,156.6351491896992,87.52995138888889,0.0,834.8564027777777,0.0,10.5595,0.0,14.521798611111112
2026-03-13 04:14:00,238.3,151.5,0.0,0.0,0.0,154.76238286958133,87.52995138888889,0.0,834.8564027777777,0.0,10.5595,0.0,14.521798611111112
2026-03-13 04:15:00,233.4,148.2,0.0,0.0,0.0,152.81119660744602,87.52995138888889,0.0,834.8564027777777,0.0,10.5595,0.0,14.521798611111112
2026-03-13 04:16:00,219.2,145.9,0.0,0.0,0.0,146.2457823518786,87.52995138888889,0.0,834.8564027777777,0.0,10.5595,0.0,14.521798611111112
2026-03-13 04:17:00,219.2,145.4,0.0,0.0,0.0,146.43109164911738,87.52995138888889,0.0,834.8564027777777,0.0,10.5595,0.0,14.521798611111112
2026-03-13 04:18:00,249.7,158.9,0.0,0.0,0.0,158.48355471870173,87.52995138888889,0.0,834.8564027777777,0.0,10.5595,0.0,14.521798611111112
2026-03-13 04:19:00,229.5,148.2,0.0,0.0,0.0,149.80162600508368,87.52995138888889,0.0,834.8564027777777,0.0,10.5595,0.0,14.521798611111112
2026-03-13 04:20:00,222.3,147.7,0.0,0.0,0.0,146.24312709922518,87.52995138888889,0.0,834.8564027777777,0.0,10.5595,0.0,14.521798611111112
2026-03-13 04:21:00,228.6,150.8,0.0,0.0,0.0,150.016224481925,87.52995138888889,0.0,834.8564027777777,0.0,10.5595,0.0,14.521798611111112
2026-03-13 04:22:00,229.8,147.7,0.0,0.0,0.0,150.43783117058095,87.52995138888889,0.0,834.8564027777777,0.0,10.5595,0.0,14.521798611111112
2026-03-13 04:23:00,236.9,154.1,0.0,0.0,0.0,152.02677407936454,87.52995138888889,0.0,834.8564027777777,0.0,10.5595,0.0,14.521798611111112
2026-03-13 04:24:00,227.2,146.3,0.0,0.0,0.0,148.52269143727216,87.52995138888889,0.0,834.8564027777777,0.0,10.5595,0.0,14.521798611111112
2026-03-13 04:25:00,217.0,143.5,0.0,0.0,0.0,143.40859917141674,87.52995138888889,0.0,834.8564027777777,0.0,10.5595,0.0,14.521798611111112
2026-03-13 04:26:00,232.3,152.5,0.0,0.0,0.0,152.0044081808169,87.52995138888889,0.0,834.8564027777777,0.0,10.5595,0.0,14.521798611111112
2026-03-13 04:27:00,227.9,149.8,0.0,0.0,0.0,149.41430874975273,87.52995138888889,0.0,834.8564027777777,0.0,10.5595,0.0,14.521798611111112
2026-03-13 04:28:00,236.5,148.3,0.0,0.0,0.0,151.53761781571248,87.52995138888889,0.0,834.8564027777777,0.0,10.5595,0.0,14.521798611111112
2026-03-13 04:29:00,227.9,143.6,0.0,0.0,0.0,149.46546555272224,87.52995138888889,0.0,834.8564027777777,0.0,10.5595,0.0,14.521798611111112
2026-03-13 04:30:00,227.4,145.2,0.0,0.0,0.0,148.20763254006926,87.52995138888889,0.0,834.8564027777777,0.0,10.5595,0.0,14.521798611111112
2026-03-13 04:31:00,227.8,150.9,0.0,0.0,0.0,149.68404514067808,87.52995138888889,0.0,834.8564027777777,0.0,10.5595,0.0,14.521798611111112
2026-03-13 04:32:00,224.2,148.9,0.0,0.0,0.0,146.98940593684202,87.52995138888889,0.0,834.8564027777777,0.0,10.5595,0.0,14.521798611111112
2026-03-13 04:33:00,236.8,153.9,0.0,0.0,0.0,152.64635970795445,87.52995138888889,0.0,834.8564027777777,0.0,10.5595,0.0,14.521798611111112
2026-03-13 04:34:00,219.0,146.9,0.0,0.0,0.0,147.15794270700343,87.52995138888889,0.0,834.8564027777777,0.0,10.5595,0.0,14.521798611111112
2026-03-13 04:35:00,84.4,0.0,0.0,0.0,0.0,0.0,87.52995138888889,0.0,834.8564027777777,0.0,10.5595,0.0,14.521798611111112
2026-03-13 04:36:00,79.3,0.0,0.0,0.0,0.0,0.0,87.52995138888889,0.0,834.8564027777777,0.0,10.5595,0.0,14.521798611111112
2026-03-13 04:37:00,78.5,0.0,0.0,0.0,0.0,0.0,87.52995138888889,0.0,834.8564027777777,0.0,10.5595,0.0,14.521798611111112
2026-03-13 04:38:00,83.0,0.0,0.0,0.0,0.0,0.0,87.52995138888889,0.0,834.8564027777777,0.0,10.5595,0.0,14.521798611111112
2026-03-13 04:39:00,77.7,0.0,0.0,0.0,0.0,0.0,87.52995138888889,0.0,834.8564027777777,0.0,10.5595,0.0,14.521798611111112
2026-03-13 04:40:00,79.6,0.0,0.0,0.0,0.0,0.0,87.52995138888889,0.0,834.8564027777777,0.0,10.5595,0.0,14.521798611111112
2026-03-13 04:41:00,77.5,0.0,0.0,0.0,0.0,0.0,87.52995138888889,0.0,834.8564027777777,0.0,10.5595,0.0,14.521798611111112
2026-03-13 04:42:00,80.9,0.0,0.0,0.0,0.0,0.0,87.52995138888889,0.0,834.8564027777777,0.0,10.5595,0.0,14.521798611111112
2026-03-13 04:43:00,94.1,0.0,0.0,0.0,0.0,0.0,87.52995138888889,0.0,834.8564027777777,0.0,10.5595,0.0,14.521798611111112
2026-03-13 04:44:00,82.7,0.0,0.0,0.0,0.0,0.0,87.52995138888889,0.0,834.8564027777777,0.0,10.5595,0.0,14.521798611111112
2026-03-13 04:45:00,91.2,0.0,0.0,0.0,0.0,0.0,87.52995138888889,0.0,834.8564027777777,0.0,10.5595,0.0,14.521798611111112
2026-03-13 04:46:00,83.6,0.0,0.0,0.0,0.0,0.0,87.52995138888889,0.0,834.8564027777777,0.0,10.5595,0.0,14.521798611111112
2026-03-13 04:47:00,80.5,0.0,0.0,0.0,0.0,0.0,87.52995138888889,0.0,834.8564027777777,0.0,10.5595,0.0,14.521798611111112
2026-03-13 04:48:00,75.6,0.0,0.0,0.0,0.0,0.0,87.52995138888889,0.0,834.8564027777777,0.0,10.5595,0.0,14.521798611111112
2026-03-13 04:49:00,77.0,0.0,0.0,0.0,0.0,0.0,87.52995138888889,0.0,834.8564027777777,0.0,10.5595,0.0,14.521798611111112
2026-03-13 04:50:00,80.4,0.0,0.0,0.0,0.0,0.0,87.52995138888889,0.0,834.8564027777777,0.0,10.5595,0.0,14.521798611111112
2026-03-13 04:51:00,83.8,0.0,0.0,0.0,0.0,0.0,87.52995138888889,0.0,834.8564027777777,0.0,10.5595,0.0,14.521798611111112
2026-03-13 04:52:00,88.4,0.0,0.0,0.0,0.0,0.0,87.52995138888889,0.0,834.8564027777777,0.0,10.5595,0.0,14.521798611111112
2026-03-13 04:53:00,81.5,0.0,0.0,0.0,0.0,0.0,87.52995138888889,0.0,834.8564027777777,0.0,10.5595,0.0,14.521798611111112
2026-03-13 04:54:00,75.1,0.0,0.0,0.0,0.0,0.0,87.52995138888889,0.0,834.8564027777777,0.0,10.5595,0.0,14.521798611111112
2026-03-13 04:55:00,86.8,0.0,0.0,0.0,0.0,0.0,87.52995138888889,0.0,834.8564027777777,0.0,10.5595,0.0,14.521798611111112
2026-03-13 04:56:00,76.0,0.0,0.0,0.0,0.0,0.0,87.52995138888889,0.0,834.8564027777777,0.0,10.5595,0.0,14.521798611111112
2026-03-13 04:57:00,71.4,0.0,0.0,0.0,0.0,0.0,87.52995138888889,0.0,834.8564027777777,0.0,10.5595,0.0,14.521798611111112
2026-03-13 04:58:00,65.9,0.0,0.0,0.0,0.0,0.0,87.52995138888889,0.0,834.8564027777777,0.0,10.5595,0.0,14.521798611111112
2026-03-13 04:59:00,77.4,0.0,0.0,0.0,0.0,0.0,87.52995138888889,0.0,834.8564027777777,0.0,10.5595,0.0,14.521798611111112
2026-03-13 05:00:00,227.2,148.8,0.0,0.0,0.0,147.6685871972426,87.52995138888889,0.0,834.8564027777777,0.0,10.5595,0.0,14.521798611111112
2026-03-13 05:01:00,247.1,155.0,0.0,0.0,0.0,158.77609807137304,87.52995138888889,0.0,834.8564027777777,0.0,10.5595,0.0,14.521798611111112
2026-03-13 05:02:00,221.8,144.0,0.0,0.0,0.0,147.41512066424855,87.52995138888889,0.0,834.8564027777777,0.0,10.5595,0.0,14.521798611111112
2026-03-13 05:03:00,240.6,151.1,0.0,0.0,0.0,152.96502133401518,87.52995138888889,0.0,834.8564027777777,0.0,10.5595,0.0,14.521798611111112
2026-03-13 05:04:00,233.1,154.0,0.0,0.0,0.0,151.44148892512717,87.52995138888889,0.0,834.8564027777777,0.0,10.5595,0.0,14.521798611111112
2026-03-13 05:05:00,228.4,143.8,0.0,0.0,0.0,150.3748871162062,87.52995138888889,0.0,834.8564027777777,0.0,10.5595,0.0,14.521798611111112
2026-03-13 05:06:00,226.6,150.8,0.0,0.0,0.0,148.89837840307842,87.52995138888889,0.0,834.8564027777777,0.0,10.5595,0.0,14.521798611111112
2026-03-13 05:07:00,238.7,156.5,0.0,0.0,0.0,153.86163960964504,87.52995138888889,0.0,834.8564027777777,0.0,10.5595,0.0,14.521798611111112
2026-03-13 05:08:00,226.6,143.4,0.0,0.0,0.0,149.00105285211862,87.52995138888889,0.0,834.8564027777777,0.0,10.5595,0.0,14.521798611111112
2026-03-13 05:09:00,234.6,155.0,0.0,0.0,0.0,151.3913317694689,87.52995138888889,0.0,834.8564027777777,0.0,10.5595,0.0,14.521798611111112
2026-03-13 05:10:00,235.3,152.3,0.0,0.0,0.0,152.31865666221864,87.52995138888889,0.0,834.8564027777777,0.0,10.5595,0.0,14.521798611111112
2026-03-13 05:11:00,233.4,150.7,0.0,0.0,0.0,151.04646046458993,87.52995138888889,0.0,834.8564027777777,0.0,10.5595,0.0,14.521798611111112
2026-03-13 05:12:00,235.3,151.8,0.0,0.0,0.0,152.22470620855182,87.52995138888889,0.0,834.8564027777777,0.0,10.5595,0.0,14.521798611111112
2026-03-13 05:13:00,230.2,151.6,0.0,0.0,0.0,151.08471571968332,87.52995138888889,0.0,834.8564027777777,0.0,10.5595,0.0,14.521798611111112
2026-03-13 05:14:00,230.6,155.1,0.0,0.0,0.0,150.91468717562392,87.52995138888889,0.0,834.8564027777777,0.0,10.5595,0.0,14.521798611111112
2026-03-13 05:15:00,240.5,154.3,0.0,0.0,0.0,154.28612470222708,87.52995138888889,0.0,834.8564027777777,0.0,10.5595,0.0,14.521798611111112
2026-03-13 05:16:00,231.0,144.0,0.0,0.0,0.0,151.78134815092324,87.52995138888889,0.0,834.8564027777777,0.0,10.5595,0.0,14.521798611111112
2026-03-13 05:17:00,219.8,148.6,0.0,0.0,0.0,147.1408334000966,87.52995138888889,0.0,834.8564027777777,0.0,10.5595,0.0,14.521798611111112
2026-03-13 05:18:00,225.5,142.1,0.0,0.0,0.0,147.9998518790034,87.52995138888889,0.0,834.8564027777777,0.0,10.5595,0.0,14.521798611111112
2026-03-13 05:19:00,230.8,152.7,0.0,0.0,0.0,151.23026329182514,87.52995138888889,0.0,834.8564027777777,0.0,10.5595,0.0,14.521798611111112
2026-03-13 05:20:00,233.2,152.7,0.0,0.0,0.0,150.09178793526735,87.52995138888889,0.0,834.8564027777777,0.0,10.5595,0.0,14.521798611111112
2026-03-13 05:21:00,228.9,147.6,0.0,0.0,0.0,149.53308084769262,87.52995138888889,0.0,834.8564027777777,0.0,10.5595,0.0,14.521798611111112
2026-03-13 05:22:00,234.2,149.7,0.0,0.0,0.0,150.74730576466013,87.52995138888889,0.0,834.8564027777777,0.0,10.5595,0.0,14.521798611111112
2026-03-13 05:23:00,228.5,154.2,0.0,0.0,0.0,149.57200167240165,87.52995138888889,0.0,834.8564027777777,0.0,10.5595,0.0,14.521798611111112
2026-03-13 05:24:00,246.3,153.1,0.0,0.0,0.0,155.48999420639277,87.52995138888889,0.0,834.8564027777777,0.0,10.5595,0.0,14.521798611111112
2026-03-13 05:25:00,227.1,151.4,0.0,0.0,0.0,149.04938544146486,87.52995138888889,0.0,834.8564027777777,0.0,10.5595,0.0,14.521798611111112
2026-03-13 05:26:00,225.4,155.1,0.0,0.0,0.0,146.90682787136606,87.52995138888889,0.0,834.8564027777777,0.0,10.5595,0.0,14.521798611111112
2026-03-13 05:27:00,224.9,142.1,0.0,0.0,0.0,146.21632166368485,87.52995138888889,0.0,834.8564027777777,0.0,10.5595,0.0,14.521798611111112
2026-03-13 05:28:00,220.3,147.4,0.0,0.0,0.0,144.25735218844346,87.52995138888889,0.0,834.8564027777777,0.0,10.5595,0.0,14.521798611111112
2026-03-13 05:29:00,238.7,157.9,0.0,0.0,0.0,152.87826375525347,87.52995138888889,0.0,834.8564027777777,0.0,10.5595,0.0,14.521798611111112
2026-03-13 05:30:00,223.9,147.5,0.0,0.0,0.0,147.10206747869157,87.52995138888889,0.0,834.8564027777777,0.0,10.5595,0.0,14.521798611111112
2026-03-13 05:31:00,218.1,140.9,0.0,0.0,0.0,143.28874841073952,87.52995138888889,0.0,834.8564027777777,0.0,10.5595,0.0,14.521798611111112
2026-03-13 05:32:00,222.0,149.5,0.0,0.0,0.0,145.31715847567463,87.52995138888889,0.0,834.8564027777777,0.0,10.5595,0.0,14.521798611111112
2026-03-13 05:33:00,231.1,148.8,0.0,0.0,0.0,152.61723536240166,87.52995138888889,0.0,834.8564027777777,0.0,10.5595,0.0,14.521798611111112
2026-03-13 05:34:00,225.8,151.6,0.0,0.0,0.0,146.83712121984772,87.52995138888889,0.0,834.8564027777777,0.0,10.5595,0.0,14.521798611111112
2026-03-13 05:35:00,80.9,0.0,0.0,0.0,0.0,0.0,87.52995138888889,0.0,834.8564027777777,0.0,10.5595,0.0,14.521798611111112
2026-03-13 05:36:00,85.7,0.0,0.0,0.0,0.0,0.0,87.52995138888889,0.0,834.8564027777777,0.0,10.5595,0.0,14.521798611111112
2026-03-13 05:37:00,75.3,0.0,0.0,0.0,0.0,0.0,87.52995138888889,0.0,834.8564027777777,0.0,10.5595,0.0,14.521798611111112
2026-03-13 05:38:00,80.7,0.0,0.0,0.0,0.0,0.0,87.52995138888889,0.0,834.8564027777777,0.0,10.5595,0.0,14.521798611111112
2026-03-13 05:39:00,75.3,0.0,0.0,0.0,0.0,0.0,87.52995138888889,0.0,834.8564027777777,0.0,10.5595,0.0,14.521798611111112
2026-03-13 05:40:00,80.4,0.0,0.0,0.0,0.0,0.0,87.52995138888889,0.0,834.8564027777777,0.0,10.5595,0.0,14.521798611111112
2026-03-13 05:41:00,85.0,0.0,0.0,0.0,0.0,0.0,87.52995138888889,0.0,834.8564027777777,0.0,10.5595,0.0,14.521798611111112
2026-03-13 05:42:00,81.4,0.0,0.0,0.0,0.0,0.0,87.52995138888889,0.0,834.8564027777777,0.0,10.5595,0.0,14.521798611111112
2026-03-13 05:43:00,85.7,0.0,0.0,0.0,0.0,0.0,87.52995138888889,0.0,834.8564027777777,0.0,10.5595,0.0,14.521798611111112
2026-03-13 05:44:00,79.4,0.0,0.0,0.0,0.0,0.0,87.52995138888889,0.0,834.8564027777777,0.0,10.5595,0.0,14.521798611111112
2026-03-13 05:45:00,88.5,0.0,0.0,0.0,0.0,0.0,87.52995138888889,0.0,834.8564027777777,0.0,10.5595,0.0,14.521798611111112
2026-03-13 05:46:00,71.8,0.0,0.0,0.0,0.0,0.0,87.52995138888889,0.0,834.8564027777777,0.0,10.5595,0.0,14.521798611111112
2026-03-13 05:47:00,86.8,0.0,0.0,0.0,0.0,0.0,87.52995138888889,0.0,834.8564027777777,0.0,10.5595,0.0,14.521798611111112
2026-03-13 05:48:00,73.8,0.0,0.0,0.0,0.0,0.0,87.52995138888889,0.0,834.8564027777777,0.0,10.5595,0.0,14.521798611111112
2026-03-13 05:49:00,77.5,0.0,0.0,0.0,0.0,0.0,87.52995138888889,0.0,834.8564027777777,0.0,10.5595,0.0,14.521798611111112
2026-03-13 05:50:00,85.8,0.0,0.0,0.0,0.0,0.0,87.52995138888889,0.0,834.8564027777777,0.0,10.5595,0.0,14.521798611111112
2026-03-13 05:51:00,81.9,0.0,0.0,0.0,0.0,0.0,87.52995138888889,0.0,834.8564027777777,0.0,10.5595,0.0,14.521798611111112
2026-03-13 05:52:00,77.1,0.0,0.0,0.0,0.0,0.0,87.52995138888889,0.0,834.8564027777777,0.0,10.5595,0.0,14.521798611111112
2026-03-13 05:53:00,85.8,0.0,0.0,0.0,0.0,0.0,87.52995138888889,0.0,834.8564027777777,0.0,10.5595,0.0,14.521798611111112
2026-03-13 05:54:00,89.3,0.0,0.0,0.0,0.0,0.0,87.52995138888889,0.0,834.8564027777777,0.0,10.5595,0.0,14.521798611111112
2026-03-13 05:55:00,85.4,0.0,0.0,0.0,0.0,0.0,87.52995138888889,0.0,834.8564027777777,0.0,10.5595,0.0,14.521798611111112
2026-03-13 05:56:00,69.0,0.0,0.0,0.0,0.0,0.0,87.52995138888889,0.0,834.8564027777777,0.0,10.5595,0.0,14.521798611111112
2026-03-13 05:57:00,88.3,0.0,0.0,0.0,0.0,0.0,87.52995138888889,0.0,834.8564027777777,0.0,10.5595,0.0,14.521798611111112
2026-03-13 05:58:00,71.3,0.0,0.0,0.0,0.0,0.0,87.52995138888889,0.0,834.8564027777777,0.0,10.5595,0.0,14.521798611111112
2026-03-13 05:59:00,80.2,0.0,0.0,0.0,0.0,0.0,87.52995138888889,0.0,834.8564027777777,0.0,10.5595,0.0,14.521798611111112
2026-03-13 06:00:00,245.1,164.5,0.0,0.0,0.0,156.17677687819,87.52995138888889,0.0,834.8564027777777,0.0,10.5595,0.0,14.521798611111112
2026-03-13 06:01:00,239.3,152.9,0.0,0.0,0.0,152.88615863303357,87.52995138888889,0.0,834.8564027777777,0.0,10.5595,0.0,14.521798611111112
2026-03-13 06:02:00,232.2,154.3,0.0,0.0,0.0,150.5106629617974,87.52995138888889,0.0,834.8564027777777,0.0,10.5595,0.0,14.521798611111112
2026-03-13 06:03:00,228.2,149.6,0.0,0.0,0.0,149.21485327872736,87.52995138888889,0.0,834.8564027777777,0.0,10.5595,0.0,14.521798611111112
2026-03-13 06:04:00,232.9,152.6,0.0,0.0,0.0,151.95195308928555,87.52995138888889,0.0,834.8564027777777,0.0,10.5595,0.0,14.521798611111112
2026-03-13 06:05:00,236.1,160.0,0.0,0.0,0.0,153.038734338102,87.52995138888889,0.0,834.8564027777777,0.0,10.5595,0.0,14.521798611111112
2026-03-13 06:06:00,234.0,146.8,0.0,0.0,0.0,152.25046138208208,87.52995138888889,0.0,834.8564027777777,0.0,10.5595,0.0,14.521798611111112
2026-03-13 06:07:00,223.0,148.7,0.0,0.0,0.0,146.3615706421977,87.52995138888889,0.0,834.8564027777777,0.0,10.5595,0.0,14.521798611111112
2026-03-13 06:08:00,227.0,142.8,0.0,0.0,0.0,147.3857239390239,87.52995138888889,0.0,834.8564027777777,0.0,10.5595,0.0,14.521798611111112
2026-03-13 06:09:00,233.5,146.3,0.0,0.0,0.0,151.28433774526144,87.52995138888889,0.0,834.8564027777777,0.0,10.5595,0.0,14.521798611111112
2026-03-13 06:10:00,226.0,146.3,0.0,0.0,0.0,147.36577762254083,87.52995138888889,0.0,834.8564027777777,0.0,10.5595,0.0,14.521798611111112
2026-03-13 06:11:00,225.6,150.2,0.0,0.0,0.0,148.53198968064103,87.52995138888889,0.0,834.8564027777777,0.0,10.5595,0.0,14.521798611111112
2026-03-13 06:12:00,228.2,151.2,0.0,0.0,0.0,149.41530874333216,87.52995138888889,0.0,834.8564027777777,0.0,10.5595,0.0,14.521798611111112
2026-03-13 06:13:00,220.7,149.0,0.0,0.0,0.0,146.26928929558287,87.52995138888889,0.0,834.8564027777777,0.0,10.5595,0.0,14.521798611111112
2026-03-13 06:14:00,226.4,145.3,0.0,0.0,0.0,148.3077289666817,87.52995138888889,0.0,834.8564027777777,0.0,10.5595,0.0,14.521798611111112
2026-03-13 06:15:00,231.9,144.7,0.0,0.0,0.0,151.05799857638064,87.52995138888889,0.0,834.8564027777777,0.0,10.5595,0.0,14.521798611111112
2026-03-13 06:16:00,236.0,149.9,0.0,0.0,0.0,153.31376625879562,87.52995138888889,0.0,834.8564027777777,0.0,10.5595,0.0,14.521798611111112
2026-03-13 06:17:00,229.4,148.2,0.0,0.0,0.0,150.74332231319875,87.52995138888889,0.0,834.8564027777777,0.0,10.5595,0.0,14.521798611111112
2026-03-13 06:18:00,223.7,144.1,0.0,0.0,0.0,148.3101626228404,87.52995138888889,0.0,834.8564027777777,0.0,10.5595,0.0,14.521798611111112
2026-03-13 06:19:00,228.3,152.3,0.0,0.0,0.0,149.8799041162054,87.52995138888889,0.0,834.8564027777777,0.0,10.5595,0.0,14.521798611111112
2026-03-13 06:20:00,232.3,153.8,0.0,0.0,0.0,151.67916804535332,87.52995138888889,0.0,834.8564027777777,0.0,10.5595,0.0,14.521798611111112
2026-03-13 06:21:00,232.8,151.0,0.0,0.0,0.0,151.6441184246037,87.52995138888889,0.0,834.8564027777777,0.0,10.5595,0.0,14.521798611111112
2026-03-13 06:22:00,232.1,148.2,0.0,0.0,0.0,151.33566766332797,87.52995138888889,0.0,834.8564027777777,0.0,10.5595,0.0,14.521798611111112
2026-03-13 06:23:00,229.2,149.0,0.0,0.0,0.0,150.49771095723446,87.52995138888889,0.0,834.8564027777777,0.0,10.5595,0.0,14.521798611111112
2026-03-13 06:24:00,230.5,146.6,0.0,0.0,0.0,151.5454028236584,87.52995138888889,0.0,834.8564027777777,0.0,10.5595,0.0,14.521798611111112
2026-03-13 06:25:00,237.1,153.8,0.0,0.0,0.0,153.6236079589256,87.52995138888889,0.0,834.8564027777777,0.0,10.5595,0.0,14.521798611111112
2026-03-13 06:26:00,232.4,145.1,0.0,0.0,0.0,150.76552691948575,87.52995138888889,0.0,834.8564027777777,0.0,10.5595,0.0,14.521798611111112
2026-03-13 06:27:00,227.5,156.0,0.0,0.0,0.0,149.45241797075477,87.52995138888889,0.0,834.8564027777777,0.0,10.5595,0.0,14.521798611111112
2026-03-13 06:28:00,220.9,150.9,0.0,0.0,0.0,146.21718211407335,87.52995138888889,0.0,834.8564027777777,0.0,10.5595,0.0,14.521798611111112
2026-03-13 06:29:00,206.6,137.6,0.0,0.0,0.0,141.10247551179754,87.52995138888889,0.0,834.8564027777777,0.0,10.5595,0.0,14.521798611111112
2026-03-13 06:30:00,238.0,160.7,0.0,0.0,0.0,153.36007129596993,87.52995138888889,0.0,834.8564027777777,0.0,10.5595,0.0,14.521798611111112
2026-03-13 06:31:00,224.1,146.2,0.0,0.0,0.0,147.36051066651206,87.52995138888889,0.0,834.8564027777777,0.0,10.5595,0.0,14.521798611111112
2026-03-13 06:32:00,227.9,151.5,0.0,0.0,0.0,149.44026466456378,87.52995138888889,0.0,834.8564027777777,0.0,10.5595,0.0,14.521798611111112
2026-03-13 06:33:00,235.1,147.0,0.0,0.0,0.0,152.6477450005332,87.52995138888889,0.0,834.8564027777777,0.0,10.5595,0.0,14.521798611111112
2026-03-13 06:34:00,228.6,145.1,0.0,0.0,0.0,150.1056898136923,87.52995138888889,0.0,834.8564027777777,0.0,10.5595,0.0,14.521798611111112
2026-03-13 06:35:00,88.3,0.0,0.0,0.0,0.0,0.0,87.52995138888889,0.0,834.8564027777777,0.0,10.5595,0.0,14.521798611111112
2026-03-13 06:36:00,72.0,0.0,0.0,0.0,0.0,0.0,87.52995138888889,0.0,834.8564027777777,0.0,10.5595,0.0,14.521798611111112
2026-03-13 06:37:00,78.2,0.0,0.0,0.0,0.0,0.0,87.52995138888889,0.0,834.8564027777777,0.0,10.5595,0.0,14.521798611111112
2026-03-13 06:38:00,80.5,0.0,0.0,0.0,0.0,0.0,87.52995138888889,0.0,834.8564027777777,0.0,10.5595,0.0,14.521798611111112
2026-03-13 06:39:00,82.8,0.0,0.0,0.0,0.0,0.0,87.52995138888889,0.0,834.8564027777777,0.0,10.5595,0.0,14.521798611111112
2026-03-13 06:40:00,85.8,0.0,0.0,0.0,0.0,0.0,87.52995138888889,0.0,834.8564027777777,0.0,10.5595,0.0,14.521798611111112
2026-03-13 06:41:00,69.6,0.0,0.0,0.0,0.0,0.0,87.52995138888889,0.0,834.8564027777777,0.0,10.5595,0.0,14.521798611111112
2026-03-13 06:42:00,78.6,0.0,0.0,0.0,0.0,0.0,87.52995138888889,0.0,834.8564027777777,0.0,10.5595,0.0,14.521798611111112
2026-03-13 06:43:00,71.8,0.0,0.0,0.0,0.0,0.0,87.52995138888889,0.0,834.8564027777777,0.0,10.5595,0.0,14.521798611111112
2026-03-13 06:44:00,74.6,0.0,0.0,0.0,0.0,0.0,87.52995138888889,0.0,834.8564027777777,0.0,10.5595,0.0,14.521798611111112
2026-03-13 06:45:00,82.9,0.0,0.0,0.0,0.0,0.0,87.52995138888889,0.0,834.8564027777777,0.0,10.5595,0.0,14.521798611111112
2026-03-13 06:46:00,95.8,0.0,0.0,0.0,0.0,0.0,87.52995138888889,0.0,834.8564027777777,0.0,10.5595,0.0,14.521798611111112
2026-03-13 06:47:00,82.3,0.0,0.0,0.0,0.0,0.0,87.52995138888889,0.0,834.8564027777777,0.0,10.5595,0.0,14.521798611111112
2026-03-13 06:48:00,83.4,0.0,0.0,0.0,0.0,0.0,87.52995138888889,0.0,834.8564027777777,0.0,10.5595,0.0,14.521798611111112
2026-03-13 06:49:00,78.5,0.0,0.0,0.0,0.0,0.0,87.52995138888889,0.0,834.8564027777777,0.0,10.5595,0.0,14.521798611111112
2026-03-13 06:50:00,79.6,0.0,0.0,0.0,0.0,0.0,87.52995138888889,0.0,834.8564027777777,0.0,10.5595,0.0,14.521798611111112
2026-03-13 06:51:00,80.5,0.0,0.0,0.0,0.0,0.0,87.52995138888889,0.0,834.8564027777777,0.0,10.5595,0.0,14.521798611111112
2026-03-13 06:52:00,87.8,0.0,0.0,0.0,0.0,0.0,87.52995138888889,0.0,834.8564027777777,0.0,10.5595,0.0,14.521798611111112
2026-03-13 06:53:00,76.3,0.0,0.0,0.0,0.0,0.0,87.52995138888889,0.0,834.8564027777777,0.0,10.5595,0.0,14.521798611111112
2026-03-13 06:54:00,82.9,0.0,0.0,0.0,0.0,0.0,87.52995138888889,0.0,834.8564027777777,0.0,10.5595,0.0,14.521798611111112
2026-03-13 06:55:00,77.6,0.0,0.0,0.0,0.0,0.0,87.52995138888889,0.0,834.8564027777777,0.0,10.5595,0.0,14.521798611111112
2026-03-13 06:56:00,75.7,0.0,0.0,0.0,0.0,0.0,87.52995138888889,0.0,834.8564027777777,0.0,10.5595,0.0,14.521798611111112
2026-03-13 06:57:00,77.4,0.0,0.0,0.0,0.0,0.0,87.52995138888889,0.0,834.8564027777777,0.0,10.5595,0.0,14.521798611111112
2026-03-13 06:58:00,75.7,0.0,0.0,0.0,0.0,0.0,87.52995138888889,0.0,834.8564027777777,0.0,10.5595,0.0,14.521798611111112
2026-03-13 06:59:00,80.4,0.0,0.0,0.0,0.0,0.0,87.52995138888889,0.0,834.8564027777777,0.0,10.5595,0.0,14.521798611111112
2026-03-13 07:00:00,218.8,147.8,0.0,0.0,0.0,145.8495458934856,87.52995138888889,0.0,834.8564027777777,0.0,10.5595,0.0,14.521798611111112
2026-03-13 07:01:00,229.9,152.6,0.0,0.0,0.0,148.90274838585336,87.52995138888889,0.0,834.8564027777777,0.0,10.5595,0.0,14.521798611111112
2026-03-13 07:02:00,211.5,145.1,0.0,0.0,0.0,141.85329481531537,87.52995138888889,0.0,834.8564027777777,0.0,10.5595,0.0,14.521798611111112
2026-03-13 07:03:00,227.3,150.6,0.0,0.0,0.0,147.15449352847017,87.52995138888889,0.0,834.8564027777777,0.0,10.5595,0.0,14.521798611111112
2026-03-13 07:04:00,230.9,153.4,0.0,0.0,0.0,150.71014633487422,87.52995138888889,0.0,834.8564027777777,0.0,10.5595,0.0,14.521798611111112
2026-03-13 07:05:00,225.8,147.7,0.0,0.0,0.0,147.37146927255748,87.52995138888889,0.0,834.8564027777777,0.0,10.5595,0.0,14.521798611111112
2026-03-13 07:06:00,236.8,153.0,0.0,0.0,0.0,151.5607458428826,87.52995138888889,0.0,834.8564027777777,0.0,10.5595,0.0,14.521798611111112
2026-03-13 07:07:00,231.2,144.7,0.0,0.0,0.0,151.7316963264948,87.52995138888889,0.0,834.8564027777777,0.0,10.5595,0.0,14.521798611111112
2026-03-13 07:08:00,227.0,144.0,0.0,0.0,0.0,147.89928359304093,87.52995138888889,0.0,834.8564027777777,0.0,10.5595,0.0,14.521798611111112
2026-03-13 07:09:00,227.6,142.9,0.0,0.0,0.0,148.61633073636602,87.52995138888889,0.0,834.8564027777777,0.0,10.5595,0.0,14.521798611111112
2026-03-13 07:10:00,239.7,153.2,0.0,0.0,0.0,154.2024530996781,87.52995138888889,0.0,834.8564027777777,0.0,10.5595,0.0,14.521798611111112
2026-03-13 07:11:00,227.1,147.9,0.0,0.0,0.0,147.92104006991175,87.52995138888889,0.0,834.8564027777777,0.0,10.5595,0.0,14.521798611111112
2026-03-13 07:12:00,228.7,152.1,0.0,0.0,0.0,150.08421543868081,87.52995138888889,0.0,834.8564027777777,0.0,10.5595,0.0,14.521798611111112
2026-03-13 07:13:00,225.8,143.7,0.0,0.0,0.0,148.94239212231128,87.52995138888889,0.0,834.8564027777777,0.0,10.5595,0.0,14.521798611111112
2026-03-13 07:14:00,234.9,153.6,0.0,0.0,0.0,150.8344029022176,87.52995138888889,0.0,834.8564027777777,0.0,10.5595,0.0,14.521798611111112
2026-03-13 07:15:00,226.0,147.5,0.0,0.0,0.0,148.00922052065576,87.52995138888889,0.0,834.8564027777777,0.0,10.5595,0.0,14.521798611111112
2026-03-13 07:16:00,233.1,151.3,0.0,0.0,0.0,151.69855941843386,87.52995138888889,0.0,834.8564027777777,0.0,10.5595,0.0,14.521798611111112
2026-03-13 07:17:00,221.7,149.6,0.0,0.0,0.0,146.67815889611475,87.52995138888889,0.0,834.8564027777777,0.0,10.5595,0.0,14.521798611111112
2026-03-13 07:18:00,227.4,148.6,0.0,0.0,0.0,149.70381007173648,87.52995138888889,0.0,834.8564027777777,0.0,10.5595,0.0,14.521798611111112
2026-03-13 07:19:00,222.2,145.9,0.0,0.0,0.0,146.84350756318844,87.52995138888889,0.0,834.8564027777777,0.0,10.5595,0.0,14.521798611111112
2026-03-13 07:20:00,233.3,149.9,0.0,0.0,0.0,150.37422069605663,87.52995138888889,0.0,834.8564027777777,0.0,10.5595,0.0,14.521798611111112
2026-03-13 07:21:00,223.5,144.8,0.0,0.0,0.0,147.78965571137672,87.52995138888889,0.0,834.8564027777777,0.0,10.5595,0.0,14.521798611111112
2026-03-13 07:22:00,234.7,161.0,0.0,0.0,0.0,150.19334817673723,87.52995138888889,0.0,834.8564027777777,0.0,10.5595,0.0,14.521798611111112
2026-03-13 07:23:00,238.2,157.8,0.0,0.0,0.0,154.14024838086755,87.52995138888889,0.0,834.8564027777777,0.0,10.5595,0.0,14.521798611111112
2026-03-13 07:24:00,248.9,162.5,0.0,0.0,0.0,156.41723935008346,87.52995138888889,0.0,834.8564027777777,0.0,10.5595,0.0,14.521798611111112
2026-03-13 07:25:00,226.1,145.8,0.0,0.0,0.0,147.9971899368604,87.52995138888889,0.0,834.8564027777777,0.0,10.5595,0.0,14.521798611111112
2026-03-13 07:26:00,240.8,149.3,0.0,0.0,0.0,155.03839135956628,87.52995138888889,0.0,834.8564027777777,0.0,10.5595,0.0,14.521798611111112
2026-03-13 07:27:00,222.5,144.1,0.0,0.0,0.0,146.6117463895353,87.52995138888889,0.0,834.8564027777777,0.0,10.5595,0.0,14.521798611111112
2026-03-13 07:28:00,232.6,152.5,0.0,0.0,0.0,150.7933832905656,87.52995138888889,0.0,834.8564027777777,0.0,10.5595,0.0,14.521798611111112
2026-03-13 07:29:00,235.9,152.0,0.0,0.0,0.0,152.94044457768183,87.52995138888889,0.0,834.8564027777777,0.0,10.5595,0.0,14.521798611111112
2026-03-13 07:30:00,235.9,154.6,0.0,0.0,0.0,152.85270700011776,87.52995138888889,0.0,834.8564027777777,0.0,10.5595,0.0,14.521798611111112
2026-03-13 07:31:00,243.5,152.9,0.0,0.0,0.0,156.31094897086922,87.52995138888889,0.0,834.8564027777777,0.0,10.5595,0.0,14.521798611111112
2026-03-13 07:32:00,214.2,141.5,0.0,0.0,0.0,143.30924377822038,87.52995138888889,0.0,834.8564027777777,0.0,10.5595,0.0,14.521798611111112
2026-03-13 07:33:00,226.1,149.2,0.0,0.0,0.0,148.80953707413434,87.52995138888889,0.0,834.8564027777777,0.0,10.5595,0.0,14.521798611111112
2026-03-13 07:34:00,247.2,161.5,0.0,0.0,0.0,156.82829217645096,87.52995138888889,0.0,834.8564027777777,0.0,10.5595,0.0,14.521798611111112
2026-03-13 07:35:00,71.5,0.0,0.0,0.0,0.0,0.0,87.52995138888889,0.0,834.8564027777777,0.0,10.5595,0.0,14.521798611111112
2026-03-13 07:36:00,84.8,0.0,0.0,0.0,0.0,0.0,87.52995138888889,0.0,834.8564027777777,0.0,10.5595,0.0,14.521798611111112
2026-03-13 07:37:00,78.3,0.0,0.0,0.0,0.0,0.0,87.52995138888889,0.0,834.8564027777777,0.0,10.5595,0.0,14.521798611111112
2026-03-13 07:38:00,78.5,0.0,0.0,0.0,0.0,0.0,87.52995138888889,0.0,834.8564027777777,0.0,10.5595,0.0,14.521798611111112
2026-03-13 07:39:00,79.6,0.0,0.0,0.0,0.0,0.0,87.52995138888889,0.0,834.8564027777777,0.0,10.5595,0.0,14.521798611111112
2026-03-13 07:40:00,73.7,0.0,0.0,0.0,0.0,0.0,87.52995138888889,0.0,834.8564027777777,0.0,10.5595,0.0,14.521798611111112
2026-03-13 07:41:00,78.6,0.0,0.0,0.0,0.0,0.0,87.52995138888889,0.0,834.8564027777777,0.0,10.5595,0.0,14.521798611111112
2026-03-13 07:42:00,83.9,0.0,0.0,0.0,0.0,0.0,87.52995138888889,0.0,834.8564027777777,0.0,10.5595,0.0,14.521798611111112
2026-03-13 07:43:00,81.8,0.0,0.0,0.0,0.0,0.0,87.52995138888889,0.0,834.8564027777777,0.0,10.5595,0.0,14.521798611111112
2026-03-13 07:44:00,78.4,0.0,0.0,0.0,0.0,0.0,87.52995138888889,0.0,834.8564027777777,0.0,10.5595,0.0,14.521798611111112
2026-03-13 07:45:00,84.2,0.0,0.0,0.0,0.0,0.0,87.52995138888889,0.0,834.8564027777777,0.0,10.5595,0.0,14.521798611111112
2026-03-13 07:46:00,74.3,0.0,0.0,0.0,0.0,0.0,87.52995138888889,0.0,834.8564027777777,0.0,10.5595,0.0,14.521798611111112
2026-03-13 07:47:00,71.9,0.0,0.0,0.0,0.0,0.0,87.52995138888889,0.0,834.8564027777777,0.0,10.5595,0.0,14.521798611111112
2026-03-13 07:48:00,67.8,0.0,0.0,0.0,0.0,0.0,87.52995138888889,0.0,834.8564027777777,0.0,10.5595,0.0,14.521798611111112
2026-03-13 07:49:00,81.0,0.0,0.0,0.0,0.0,0.0,87.52995138888889,0.0,834.8564027777777,0.0,10.5595,0.0,14.521798611111112
2026-03-13 07:50:00,81.8,0.0,0.0,0.0,0.0,0.0,87.52995138888889,0.0,834.8564027777777,0.0,10.5595,0.0,14.521798611111112
2026-03-13 07:51:00,75.3,0.0,0.0,0.0,0.0,0.0,87.52995138888889,0.0,834.8564027777777,0.0,10.5595,0.0,14.521798611111112
2026-03-13 07:52:00,76.4,0.0,0.0,0.0,0.0,0.0,87.52995138888889,0.0,834.8564027777777,0.0,10.5595,0.0,14.521798611111112
2026-03-13 07:53:00,83.5,0.0,0.0,0.0,0.0,0.0,87.52995138888889,0.0,834.8564027777777,0.0,10.5595,0.0,14.521798611111112
2026-03-13 07:54:00,83.7,0.0,0.0,0.0,0.0,0.0,87.52995138888889,0.0,834.8564027777777,0.0,10.5595,0.0,14.521798611111112
2026-03-13 07:55:00,81.9,0.0,0.0,0.0,0.0,0.0,87.52995138888889,0.0,834.8564027777777,0.0,10.5595,0.0,14.521798611111112
2026-03-13 07:56:00,84.5,0.0,0.0,0.0,0.0,0.0,87.52995138888889,0.0,834.8564027777777,0.0,10.5595,0.0,14.521798611111112
2026-03-13 07:57:00,89.5,0.0,0.0,0.0,0.0,0.0,87.52995138888889,0.0,834.8564027777777,0.0,10.5595,0.0,14.521798611111112
2026-03-13 07:58:00,92.9,0.0,0.0,0.0,0.0,0.0,87.52995138888889,0.0,834.8564027777777,0.0,10.5595,0.0,14.521798611111112
2026-03-13 07:59:00,73.5,0.0,0.0,0.0,0.0,0.0,87.52995138888889,0.0,834.8564027777777,0.0,10.5595,0.0,14.521798611111112
2026-03-13 08:00:00,231.7,150.6,0.0,0.0,0.0,150.02213569716605,87.52995138888889,0.0,834.8564027777777,0.0,10.5595,0.0,14.521798611111112
2026-03-13 08:01:00,224.8,151.3,0.0,0.0,0.0,148.5406309894898,87.52995138888889,0.0,834.8564027777777,0.0,10.5595,0.0,14.521798611111112
2026-03-13 08:02:00,234.4,149.6,0.0,0.0,0.0,150.96611566908044,87.52995138888889,0.0,834.8564027777777,0.0,10.5595,0.0,14.521798611111112
2026-03-13 08:03:00,235.1,150.0,0.0,0.0,0.0,151.9907245286304,87.52995138888889,0.0,834.8564027777777,0.0,10.5595,0.0,14.521798611111112
2026-03-13 08:04:00,239.8,154.9,0.0,0.0,0.0,153.56532729617874,87.52995138888889,0.0,834.8564027777777,0.0,10.5595,0.0,14.521798611111112
2026-03-13 08:05:00,225.5,151.5,0.0,0.0,0.0,148.6702469951646,87.52995138888889,0.0,834.8564027777777,0.0,10.5595,0.0,14.521798611111112
2026-03-13 08:06:00,234.3,149.4,0.0,0.0,0.0,151.55789100126452,87.52995138888889,0.0,834.8564027777777,0.0,10.5595,0.0,14.521798611111112
2026-03-13 08:07:00,237.9,155.5,0.0,0.0,0.0,154.21477031899414,87.52995138888889,0.0,834.8564027777777,0.0,10.5595,0.0,14.521798611111112
2026-03-13 08:08:00,226.0,153.3,0.0,0.0,0.0,147.661017778621,87.52995138888889,0.0,834.8564027777777,0.0,10.5595,0.0,14.521798611111112
2026-03-13 08:09:00,227.5,151.1,0.0,0.0,0.0,147.6398500898339,87.52995138888889,0.0,834.8564027777777,0.0,10.5595,0.0,14.521798611111112
2026-03-13 08:10:00,230.6,150.2,0.0,0.0,0.0,149.95182210213252,87.52995138888889,0.0,834.8564027777777,0.0,10.5595,0.0,14.521798611111112
2026-03-13 08:11:00,240.9,154.4,0.0,0.0,0.0,154.5786365157718,87.52995138888889,0.0,834.8564027777777,0.0,10.5595,0.0,14.521798611111112
2026-03-13 08:12:00,226.3,143.8,0.0,0.0,0.0,147.74912781430527,87.52995138888889,0.0,834.8564027777777,0.0,10.5595,0.0,14.521798611111112
2026-03-13 08:13:00,222.6,146.8,0.0,0.0,0.0,144.5930265928145,87.52995138888889,0.0,834.8564027777777,0.0,10.5595,0.0,14.521798611111112
2026-03-13 08:14:00,227.3,156.0,0.0,0.0,0.0,149.08470356785745,87.52995138888889,0.0,834.8564027777777,0.0,10.5595,0.0,14.521798611111112
2026-03-13 08:15:00,234.5,149.2,0.0,0.0,0.0,151.30102718862662,87.52995138888889,0.0,834.8564027777777,0.0,10.5595,0.0,14.521798611111112
2026-03-13 08:16:00,237.2,148.6,0.0,0.0,0.0,153.52691175262646,87.52995138888889,0.0,834.8564027777777,0.0,10.5595,0.0,14.521798611111112
2026-03-13 08:17:00,240.1,156.9,0.0,0.0,0.0,154.3833654961596,87.52995138888889,0.0,834.8564027777777,0.0,10.5595,0.0,14.521798611111112
2026-03-13 08:18:00,227.1,155.1,0.0,0.0,0.0,148.4464803388333,87.52995138888889,0.0,834.8564027777777,0.0,10.5595,0.0,14.521798611111112
2026-03-13 08:19:00,234.4,151.2,0.0,0.0,0.0,151.56602234945709,87.52995138888889,0.0,834.8564027777777,0.0,10.5595,0.0,14.521798611111112
2026-03-13 08:20:00,239.9,153.7,0.0,0.0,0.0,154.50711463683373,87.52995138888889,0.0,834.8564027777777,0.0,10.5595,0.0,14.521798611111112
2026-03-13 08:21:00,226.1,151.6,0.0,0.0,0.0,148.08972996812557,87.52995138888889,0.0,834.8564027777777,0.0,10.5595,0.0,14.521798611111112
2026-03-13 08:22:00,234.3,150.0,0.0,0.0,0.0,151.21425331027177,87.52995138888889,0.0,834.8564027777777,0.0,10.5595,0.0,14.521798611111112
2026-03-13 08:23:00,230.7,154.7,0.0,0.0,0.0,150.65190663517475,87.52995138888889,0.0,834.8564027777777,0.0,10.5595,0.0,14.521798611111112
2026-03-13 08:24:00,234.7,154.8,0.0,0.0,0.0,152.16164055581498,87.52995138888889,0.0,834.8564027777777,0.0,10.5595,0.0,14.521798611111112
2026-03-13 08:25:00,230.6,150.1,0.0,0.0,0.0,150.48008899852582,87.52995138888889,0.0,834.8564027777777,0.0,10.5595,0.0,14.521798611111112
2026-03-13 08:26:00,228.7,150.8,0.0,0.0,0.0,149.50793009147714,87.52995138888889,0.0,834.8564027777777,0.0,10.5595,0.0,14.521798611111112
2026-03-13 08:27:00,223.5,143.7,0.0,0.0,0.0,146.74975303841603,87.52995138888889,0.0,834.8564027777777,0.0,10.5595,0.0,14.521798611111112
2026-03-13 08:28:00,230.2,147.1,0.0,0.0,0.0,151.16344614764319,87.52995138888889,0.0,834.8564027777777,0.0,10.5595,0.0,14.521798611111112
2026-03-13 08:29:00,225.0,145.1,0.0,0.0,0.0,148.992099341617,87.52995138888889,0.0,834.8564027777777,0.0,10.5595,0.0,14.521798611111112
2026-03-13 08:30:00,236.8,155.1,0.0,0.0,0.0,152.6756045999809,87.52995138888889,0.0,834.8564027777777,0.0,10.5595,0.0,14.521798611111112
2026-03-13 08:31:00,237.7,156.0,0.0,0.0,0.0,153.48251783254864,87.52995138888889,0.0,834.8564027777777,0.0,10.5595,0.0,14.521798611111112
2026-03-13 08:32:00,223.7,144.8,0.0,0.0,0.0,147.63014086926722,87.52995138888889,0.0,834.8564027777777,0.0,10.5595,0.0,14.521798611111112
2026-03-13 08:33:00,233.4,152.2,0.0,0.0,0.0,150.99299286537916,87.52995138888889,0.0,834.8564027777777,0.0,10.5595,0.0,14.521798611111112
2026-03-13 08:34:00,239.2,156.4,0.0,0.0,0.0,155.0680333174451,87.52995138888889,0.0,834.8564027777777,0.0,10.5595,0.0,14.521798611111112
2026-03-13 08:35:00,81.2,0.0,0.0,0.0,0.0,0.0,87.52995138888889,0.0,834.8564027777777,0.0,10.5595,0.0,14.521798611111112
2026-03-13 08:36:00,81.8,0.0,0.0,0.0,0.0,0.0,87.52995138888889,0.0,834.8564027777777,0.0,10.5595,0.0,14.521798611111112
2026-03-13 08:37:00,86.5,0.0,0.0,0.0,0.0,0.0,87.52995138888889,0.0,834.8564027777777,0.0,10.5595,0.0,14.521798611111112
2026-03-13 08:38:00,73.8,0.0,0.0,0.0,0.0,0.0,87.52995138888889,0.0,834.8564027777777,0.0,10.5595,0.0,14.521798611111112
2026-03-13 08:39:00,75.6,0.0,0.0,0.0,0.0,0.0,87.52995138888889,0.0,834.8564027777777,0.0,10.5595,0.0,14.521798611111112
2026-03-13 08:40:00,74.7,0.0,0.0,0.0,0.0,0.0,87.52995138888889,0.0,834.8564027777777,0.0,10.5595,0.0,14.521798611111112
2026-03-13 08:41:00,80.2,0.0,0.0,0.0,0.0,0.0,87.52995138888889,0.0,834.8564027777777,0.0,10.5595,0.0,14.521798611111112
2026-03-13 08:42:00,76.5,0.0,0.0,0.0,0.0,0.0,87.52995138888889,0.0,834.8564027777777,0.0,10.5595,0.0,14.521798611111112
2026-03-13 08:43:00,74.6,0.0,0.0,0.0,0.0,0.0,87.52995138888889,0.0,834.8564027777777,0.0,10.5595,0.0,14.521798611111112
2026-03-13 08:44:00,85.7,0.0,0.0,0.0,0.0,0.0,87.52995138888889,0.0,834.8564027777777,0.0,10.5595,0.0,14.521798611111112
2026-03-13 08:45:00,82.1,0.0,0.0,0.0,0.0,0.0,87.52995138888889,0.0,834.8564027777777,0.0,10.5595,0.0,14.521798611111112
2026-03-13 08:46:00,74.3,0.0,0.0,0.0,0.0,0.0,87.52995138888889,0.0,834.8564027777777,0.0,10.5595,0.0,14.521798611111112
2026-03-13 08:47:00,74.7,0.0,0.0,0.0,0.0,0.0,87.52995138888889,0.0,834.8564027777777,0.0,10.5595,0.0,14.521798611111112
2026-03-13 08:48:00,74.2,0.0,0.0,0.0,0.0,0.0,87.52995138888889,0.0,834.8564027777777,0.0,10.5595,0.0,14.521798611111112
2026-03-13 08:49:00,88.0,0.0,0.0,0.0,0.0,0.0,87.52995138888889,0.0,834.8564027777777,0.0,10.5595,0.0,14.521798611111112
2026-03-13 08:50:00,83.0,0.0,0.0,0.0,0.0,0.0,87.52995138888889,0.0,834.8564027777777,0.0,10.5595,0.0,14.521798611111112
2026-03-13 08:51:00,77.6,0.0,0.0,0.0,0.0,0.0,87.52995138888889,0.0,834.8564027777777,0.0,10.5595,0.0,14.521798611111112
2026-03-13 08:52:00,74.1,0.0,0.0,0.0,0.0,0.0,87.52995138888889,0.0,834.8564027777777,0.0,10.5595,0.0,14.521798611111112
2026-03-13 08:53:00,63.3,0.0,0.0,0.0,0.0,0.0,87.52995138888889,0.0,834.8564027777777,0.0,10.5595,0.0,14.521798611111112
2026-03-13 08:54:00,85.8,0.0,0.0,0.0,0.0,0.0,87.52995138888889,0.0,834.8564027777777,0.0,10.5595,0.0,14.521798611111112
2026-03-13 08:55:00,83.0,0.0,0.0,0.0,0.0,0.0,87.52995138888889,0.0,834.8564027777777,0.0,10.5595,0.0,14.521798611111112
2026-03-13 08:56:00,84.9,0.0,0.0,0.0,0.0,0.0,87.52995138888889,0.0,834.8564027777777,0.0,10.5595,0.0,14.521798611111112
2026-03-13 08:57:00,86.6,0.0,0.0,0.0,0.0,0.0,87.52995138888889,0.0,834.8564027777777,0.0,10.5595,0.0,14.521798611111112
2026-03-13 08:58:00,86.2,0.0,0.0,0.0,0.0,0.0,87.52995138888889,0.0,834.8564027777777,0.0,10.5595,0.0,14.521798611111112
2026-03-13 08:59:00,91.6,0.0,0.0,0.0,0.0,0.0,87.52995138888889,0.0,834.8564027777777,0.0,10.5595,0.0,14.521798611111112
2026-03-13 09:00:00,233.9,147.3,0.0,0.0,0.0,150.87789318334742,87.52995138888889,0.0,834.8564027777777,0.0,10.5595,0.0,14.521798611111112
2026-03-13 09:01:00,234.7,153.1,0.0,0.0,0.0,152.23667114229661,87.52995138888889,0.0,834.8564027777777,0.0,10.5595,0.0,14.521798611111112
2026-03-13 09:02:00,225.0,141.8,0.0,0.0,0.0,147.1392598163505,87.52995138888889,0.0,834.8564027777777,0.0,10.5595,0.0,14.521798611111112
2026-03-13 09:03:00,232.3,148.2,0.0,0.0,0.0,151.1808740397975,87.52995138888889,0.0,834.8564027777777,0.0,10.5595,0.0,14.521798611111112
2026-03-13 09:04:00,233.3,154.5,0.0,0.0,0.0,151.56184791904852,87.52995138888889,0.0,834.8564027777777,0.0,10.5595,0.0,14.521798611111112
2026-03-13 09:05:00,224.5,146.7,0.0,0.0,0.0,147.84032615263126,87.52995138888889,0.0,834.8564027777777,0.0,10.5595,0.0,14.521798611111112
2026-03-13 09:06:00,230.4,150.3,0.0,0.0,0.0,148.77734921799916,87.52995138888889,0.0,834.8564027777777,0.0,10.5595,0.0,14.521798611111112
2026-03-13 09:07:00,224.3,155.6,0.0,0.0,0.0,147.79995364787143,87.52995138888889,0.0,834.8564027777777,0.0,10.5595,0.0,14.521798611111112
2026-03-13 09:08:00,221.9,149.0,0.0,0.0,0.0,146.04080439218498,87.52995138888889,0.0,834.8564027777777,0.0,10.5595,0.0,14.521798611111112
2026-03-13 09:09:00,239.0,149.9,0.0,0.0,0.0,154.3344212751158,87.52995138888889,0.0,834.8564027777777,0.0,10.5595,0.0,14.521798611111112
2026-03-13 09:10:00,232.1,148.7,0.0,0.0,0.0,150.97943809017775,87.52995138888889,0.0,834.8564027777777,0.0,10.5595,0.0,14.521798611111112
2026-03-13 09:11:00,233.0,151.4,0.0,0.0,0.0,151.22444285175604,87.52995138888889,0.0,834.8564027777777,0.0,10.5595,0.0,14.521798611111112
2026-03-13 09:12:00,236.4,151.8,0.0,0.0,0.0,152.39733542339442,87.52995138888889,0.0,834.8564027777777,0.0,10.5595,0.0,14.521798611111112
2026-03-13 09:13:00,225.8,147.5,0.0,0.0,0.0,147.48007219346124,87.52995138888889,0.0,834.8564027777777,0.0,10.5595,0.0,14.521798611111112
2026-03-13 09:14:00,239.4,157.8,0.0,0.0,0.0,154.0416647577912,87.52995138888889,0.0,834.8564027777777,0.0,10.5595,0.0,14.521798611111112
2026-03-13 09:15:00,233.2,148.4,0.0,0.0,0.0,149.64651355496355,87.52995138888889,0.0,834.8564027777777,0.0,10.5595,0.0,14.521798611111112
2026-03-13 09:16:00,218.8,145.9,0.0,0.0,0.0,145.34425440104556,87.52995138888889,0.0,834.8564027777777,0.0,10.5595,0.0,14.521798611111112
2026-03-13 09:17:00,232.8,148.1,0.0,0.0,0.0,150.69718624458332,87.52995138888889,0.0,834.8564027777777,0.0,10.5595,0.0,14.521798611111112
2026-03-13 09:18:00,236.2,153.9,0.0,0.0,0.0,152.96137979726672,87.52995138888889,0.0,834.8564027777777,0.0,10.5595,0.0,14.521798611111112
2026-03-13 09:19:00,230.2,150.4,0.0,0.0,0.0,150.05571101948743,87.52995138888889,0.0,834.8564027777777,0.0,10.5595,0.0,14.521798611111112
2026-03-13 09:20:00,231.1,152.2,0.0,0.0,0.0,149.75346524505485,87.52995138888889,0.0,834.8564027777777,0.0,10.5595,0.0,14.521798611111112
2026-03-13 09:21:00,216.0,137.3,0.0,0.0,0.0,144.96861250982127,87.52995138888889,0.0,834.8564027777777,0.0,10.5595,0.0,14.521798611111112
2026-03-13 09:22:00,234.9,150.8,0.0,0.0,0.0,151.98309892808132,87.52995138888889,0.0,834.8564027777777,0.0,10.5595,0.0,14.521798611111112
2026-03-13 09:23:00,225.1,150.0,0.0,0.0,0.0,147.74792071113436,87.52995138888889,0.0,834.8564027777777,0.0,10.5595,0.0,14.521798611111112
2026-03-13 09:24:00,216.8,142.9,0.0,0.0,0.0,144.54984410366316,87.52995138888889,0.0,834.8564027777777,0.0,10.5595,0.0,14.521798611111112
2026-03-13 09:25:00,224.4,146.1,0.0,0.0,0.0,147.55907995575683,87.52995138888889,0.0,834.8564027777777,0.0,10.5595,0.0,14.521798611111112
2026-03-13 09:26:00,231.7,154.4,0.0,0.0,0.0,150.91592746665106,87.52995138888889,0.0,834.8564027777777,0.0,10.5595,0.0,14.521798611111112
2026-03-13 09:27:00,224.2,156.3,0.0,0.0,0.0,147.6933156594866,87.52995138888889,0.0,834.8564027777777,0.0,10.5595,0.0,14.521798611111112
2026-03-13 09:28:00,226.4,144.7,0.0,0.0,0.0,147.78932814999462,87.52995138888889,0.0,834.8564027777777,0.0,10.5595,0.0,14.521798611111112
2026-03-13 09:29:00,216.3,141.6,0.0,0.0,0.0,144.2623899882253,87.52995138888889,0.0,834.8564027777777,0.0,10.5595,0.0,14.521798611111112
2026-03-13 09:30:00,223.6,149.3,0.0,0.0,0.0,146.89264190825514,87.52995138888889,0.0,834.8564027777777,0.0,10.5595,0.0,14.521798611111112
2026-03-13 09:31:00,239.8,150.3,0.0,0.0,0.0,153.74812517940154,87.52995138888889,0.0,834.8564027777777,0.0,10.5595,0.0,14.521798611111112
2026-03-13 09:32:00,235.1,146.6,0.0,0.0,0.0,150.7290968087696,87.52995138888889,0.0,834.8564027777777,0.0,10.5595,0.0,14.521798611111112
2026-03-13 09:33:00,216.4,144.6,0.0,0.0,0.0,144.18536084335054,87.52995138888889,0.0,834.8564027777777,0.0,10.5595,0.0,14.521798611111112
2026-03-13 09:34:00,221.4,138.6,0.0,0.0,0.0,146.1233705888339,87.52995138888889,0.0,834.8564027777777,0.0,10.5595,0.0,14.521798611111112
2026-03-13 09:35:00,74.2,0.0,0.0,0.0,0.0,0.0,87.52995138888889,0.0,834.8564027777777,0.0,10.5595,0.0,14.521798611111112
2026-03-13 09:36:00,77.8,0.0,0.0,0.0,0.0,0.0,87.52995138888889,0.0,834.8564027777777,0.0,10.5595,0.0,14.521798611111112
2026-03-13 09:37:00,72.5,0.0,0.0,0.0,0.0,0.0,87.52995138888889,0.0,834.8564027777777,0.0,10.5595,0.0,14.521798611111112
2026-03-13 09:38:00,75.0,0.0,0.0,0.0,0.0,0.0,87.52995138888889,0.0,834.8564027777777,0.0,10.5595,0.0,14.521798611111112
2026-03-13 09:39:00,76.4,0.0,0.0,0.0,0.0,0.0,87.52995138888889,0.0,834.8564027777777,0.0,10.5595,0.0,14.521798611111112
2026-03-13 09:40:00,88.0,0.0,0.0,0.0,0.0,0.0,87.52995138888889,0.0,834.8564027777777,0.0,10.5595,0.0,14.521798611111112
2026-03-13 09:41:00,83.1,0.0,0.0,0.0,0.0,0.0,87.52995138888889,0.0,834.8564027777777,0.0,10.5595,0.0,14.521798611111112
2026-03-13 09:42:00,71.9,0.0,0.0,0.0,0.0,0.0,87.52995138888889,0.0,834.8564027777777,0.0,10.5595,0.0,14.521798611111112
2026-03-13 09:43:00,85.0,0.0,0.0,0.0,0.0,0.0,87.52995138888889,0.0,834.8564027777777,0.0,10.5595,0.0,14.521798611111112
2026-03-13 09:44:00,72.5,0.0,0.0,0.0,0.0,0.0,87.52995138888889,0.0,834.8564027777777,0.0,10.5595,0.0,14.521798611111112
2026-03-13 09:45:00,77.2,0.0,0.0,0.0,0.0,0.0,87.52995138888889,0.0,834.8564027777777,0.0,10.5595,0.0,14.521798611111112
2026-03-13 09:46:00,76.3,0.0,0.0,0.0,0.0,0.0,87.52995138888889,0.0,834.8564027777777,0.0,10.5595,0.0,14.521798611111112
2026-03-13 09:47:00,83.8,0.0,0.0,0.0,0.0,0.0,87.52995138888889,0.0,834.8564027777777,0.0,10.5595,0.0,14.521798611111112
2026-03-13 09:48:00,85.6,0.0,0.0,0.0,0.0,0.0,87.52995138888889,0.0,834.8564027777777,0.0,10.5595,0.0,14.521798611111112
2026-03-13 09:49:00,85.5,0.0,0.0,0.0,0.0,0.0,87.52995138888889,0.0,834.8564027777777,0.0,10.5595,0.0,14.521798611111112
2026-03-13 09:50:00,79.1,0.0,0.0,0.0,0.0,0.0,87.52995138888889,0.0,834.8564027777777,0.0,10.5595,0.0,14.521798611111112
2026-03-13 09:51:00,82.8,0.0,0.0,0.0,0.0,0.0,87.52995138888889,0.0,834.8564027777777,0.0,10.5595,0.0,14.521798611111112
2026-03-13 09:52:00,72.3,0.0,0.0,0.0,0.0,0.0,87.52995138888889,0.0,834.8564027777777,0.0,10.5595,0.0,14.521798611111112
2026-03-13 09:53:00,84.7,0.0,0.0,0.0,0.0,0.0,87.52995138888889,0.0,834.8564027777777,0.0,10.5595,0.0,14.521798611111112
2026-03-13 09:54:00,77.6,0.0,0.0,0.0,0.0,0.0,87.52995138888889,0.0,834.8564027777777,0.0,10.5595,0.0,14.521798611111112
2026-03-13 09:55:00,85.7,0.0,0.0,0.0,0.0,0.0,87.52995138888889,0.0,834.8564027777777,0.0,10.5595,0.0,14.521798611111112
2026-03-13 09:56:00,92.4,0.0,0.0,0.0,0.0,0.0,87.52995138888889,0.0,834.8564027777777,0.0,10.5595,0.0,14.521798611111112
2026-03-13 09:57:00,79.3,0.0,0.0,0.0,0.0,0.0,87.52995138888889,0.0,834.8564027777777,0.0,10.5595,0.0,14.521798611111112
2026-03-13 09:58:00,81.7,0.0,0.0,0.0,0.0,0.0,87.52995138888889,0.0,834.8564027777777,0.0,10.5595,0.0,14.521798611111112
2026-03-13 09:59:00,67.1,0.0,0.0,0.0,0.0,0.0,87.52995138888889,0.0,834.8564027777777,0.0,10.5595,0.0,14.521798611111112
2026-03-13 10:00:00,217.0,148.2,0.0,0.0,0.0,144.34108829182802,87.52995138888889,0.0,834.8564027777777,0.0,10.5595,0.0,14.521798611111112
2026-03-13 10:01:00,232.7,156.7,0.0,0.0,0.0,151.23764673686884,87.52995138888889,0.0,834.8564027777777,0.0,10.5595,0.0,14.521798611111112
2026-03-13 10:02:00,225.9,146.1,0.0,0.0,0.0,148.00246523961258,87.52995138888889,0.0,834.8564027777777,0.0,10.5595,0.0,14.521798611111112
2026-03-13 10:03:00,234.9,150.1,0.0,0.0,0.0,151.48317484845742,87.52995138888889,0.0,834.8564027777777,0.0,10.5595,0.0,14.521798611111112
2026-03-13 10:04:00,227.0,152.1,0.0,0.0,0.0,147.46757534834921,87.52995138888889,0.0,834.8564027777777,0.0,10.5595,0.0,14.521798611111112
2026-03-13 10:05:00,222.5,145.0,0.0,0.0,0.0,147.08581965342026,87.52995138888889,0.0,834.8564027777777,0.0,10.5595,0.0,14.521798611111112
2026-03-13 10:06:00,236.4,148.8,0.0,0.0,0.0,150.41684957716,87.52995138888889,0.0,834.8564027777777,0.0,10.5595,0.0,14.521798611111112
2026-03-13 10:07:00,230.6,144.0,0.0,0.0,0.0,151.09236195248107,87.52995138888889,0.0,834.8564027777777,0.0,10.5595,0.0,14.521798611111112
2026-03-13 10:08:00,228.9,154.4,0.0,0.0,0.0,150.33139949547356,87.52995138888889,0.0,834.8564027777777,0.0,10.5595,0.0,14.521798611111112
2026-03-13 10:09:00,235.3,150.2,0.0,0.0,0.0,151.19710601391785,87.52995138888889,0.0,834.8564027777777,0.0,10.5595,0.0,14.521798611111112
2026-03-13 10:10:00,239.7,162.5,0.0,0.0,0.0,153.82505510252278,87.52995138888889,0.0,834.8564027777777,0.0,10.5595,0.0,14.521798611111112
2026-03-13 10:11:00,218.2,148.7,0.0,0.0,0.0,146.2336862789172,87.52995138888889,0.0,834.8564027777777,0.0,10.5595,0.0,14.521798611111112
2026-03-13 10:12:00,233.2,150.1,0.0,0.0,0.0,152.56669675678356,87.52995138888889,0.0,834.8564027777777,0.0,10.5595,0.0,14.521798611111112
2026-03-13 10:13:00,234.1,159.5,0.0,0.0,0.0,152.47063649089992,87.52995138888889,0.0,834.8564027777777,0.0,10.5595,0.0,14.521798611111112
2026-03-13 10:14:00,236.7,152.0,0.0,0.0,0.0,150.72672687344752,87.52995138888889,0.0,834.8564027777777,0.0,10.5595,0.0,14.521798611111112
2026-03-13 10:15:00,245.9,153.5,0.0,0.0,0.0,154.90288533732067,87.52995138888889,0.0,834.8564027777777,0.0,10.5595,0.0,14.521798611111112
2026-03-13 10:16:00,221.4,143.3,0.0,0.0,0.0,145.38635480913413,87.52995138888889,0.0,834.8564027777777,0.0,10.5595,0.0,14.521798611111112
2026-03-13 10:17:00,225.5,153.4,0.0,0.0,0.0,147.77392692639594,87.52995138888889,0.0,834.8564027777777,0.0,10.5595,0.0,14.521798611111112
2026-03-13 10:18:00,229.0,144.3,0.0,0.0,0.0,148.82992157382805,87.52995138888889,0.0,834.8564027777777,0.0,10.5595,0.0,14.521798611111112
2026-03-13 10:19:00,235.8,151.3,0.0,0.0,0.0,151.74354895991797,87.52995138888889,0.0,834.8564027777777,0.0,10.5595,0.0,14.521798611111112
2026-03-13 10:20:00,207.9,143.9,0.0,0.0,0.0,140.48871543935368,87.52995138888889,0.0,834.8564027777777,0.0,10.5595,0.0,14.521798611111112
2026-03-13 10:21:00,239.7,155.1,0.0,0.0,0.0,154.02462841187307,87.52995138888889,0.0,834.8564027777777,0.0,10.5595,0.0,14.521798611111112
2026-03-13 10:22:00,224.6,152.0,0.0,0.0,0.0,147.47289007762387,87.52995138888889,0.0,834.8564027777777,0.0,10.5595,0.0,14.521798611111112
2026-03-13 10:23:00,230.9,141.3,0.0,0.0,0.0,151.118973038998,87.52995138888889,0.0,834.8564027777777,0.0,10.5595,0.0,14.521798611111112
2026-03-13 10:24:00,233.5,144.6,0.0,0.0,0.0,151.84819422229828,87.52995138888889,0.0,834.8564027777777,0.0,10.5595,0.0,14.521798611111112
2026-03-13 10:25:00,235.7,150.8,0.0,0.0,0.0,151.86816138028635,87.52995138888889,0.0,834.8564027777777,0.0,10.5595,0.0,14.521798611111112
2026-03-13 10:26:00,219.5,145.0,0.0,0.0,0.0,145.0776521575088,87.52995138888889,0.0,834.8564027777777,0.0,10.5595,0.0,14.521798611111112
2026-03-13 10:27:00,227.5,149.3,0.0,0.0,0.0,149.18645320953556,87.52995138888889,0.0,834.8564027777777,0.0,10.5595,0.0,14.521798611111112
2026-03-13 10:28:00,226.4,147.6,0.0,0.0,0.0,149.03099760023258,87.52995138888889,0.0,834.8564027777777,0.0,10.5595,0.0,14.521798611111112
2026-03-13 10:29:00,224.5,143.7,0.0,0.0,0.0,148.49747173697762,87.52995138888889,0.0,834.8564027777777,0.0,10.5595,0.0,14.521798611111112
2026-03-13 10:30:00,233.7,149.4,0.0,0.0,0.0,152.39417108340012,87.52995138888889,0.0,834.8564027777777,0.0,10.5595,0.0,14.521798611111112
2026-03-13 10:31:00,240.3,152.8,0.0,0.0,0.0,155.6558553967819,87.52995138888889,0.0,834.8564027777777,0.0,10.5595,0.0,14.521798611111112
2026-03-13 10:32:00,236.5,154.1,0.0,0.0,0.0,153.0632356490315,87.52995138888889,0.0,834.8564027777777,0.0,10.5595,0.0,14.521798611111112
2026-03-13 10:33:00,219.2,147.0,0.0,0.0,0.0,145.28461072377922,87.52995138888889,0.0,834.8564027777777,0.0,10.5595,0.0,14.521798611111112
2026-03-13 10:34:00,234.6,152.4,0.0,0.0,0.0,152.78525835092552,87.52995138888889,0.0,834.8564027777777,0.0,10.5595,0.0,14.521798611111112
2026-03-13 10:35:00,80.3,0.0,0.0,0.0,0.0,0.0,87.52995138888889,0.0,834.8564027777777,0.0,10.5595,0.0,14.521798611111112
2026-03-13 10:36:00,89.0,0.0,0.0,0.0,0.0,0.0,87.52995138888889,0.0,834.8564027777777,0.0,10.5595,0.0,14.521798611111112
2026-03-13 10:37:00,78.5,0.0,0.0,0.0,0.0,0.0,87.52995138888889,0.0,834.8564027777777,0.0,10.5595,0.0,14.521798611111112
2026-03-13 10:38:00,82.9,0.0,0.0,0.0,0.0,0.0,87.52995138888889,0.0,834.8564027777777,0.0,10.5595,0.0,14.521798611111112
2026-03-13 10:39:00,90.1,0.0,0.0,0.0,0.0,0.0,87.52995138888889,0.0,834.8564027777777,0.0,10.5595,0.0,14.521798611111112
2026-03-13 10:40:00,81.0,0.0,0.0,0.0,0.0,0.0,87.52995138888889,0.0,834.8564027777777,0.0,10.5595,0.0,14.521798611111112
2026-03-13 10:41:00,84.2,0.0,0.0,0.0,0.0,0.0,87.52995138888889,0.0,834.8564027777777,0.0,10.5595,0.0,14.521798611111112
2026-03-13 10:42:00,69.0,0.0,0.0,0.0,0.0,0.0,87.52995138888889,0.0,834.8564027777777,0.0,10.5595,0.0,14.521798611111112
2026-03-13 10:43:00,84.1,0.0,0.0,0.0,0.0,0.0,87.52995138888889,0.0,834.8564027777777,0.0,10.5595,0.0,14.521798611111112
2026-03-13 10:44:00,89.5,0.0,0.0,0.0,0.0,0.0,87.52995138888889,0.0,834.8564027777777,0.0,10.5595,0.0,14.521798611111112
2026-03-13 10:45:00,74.6,0.0,0.0,0.0,0.0,0.0,87.52995138888889,0.0,834.8564027777777,0.0,10.5595,0.0,14.521798611111112
2026-03-13 10:46:00,75.5,0.0,0.0,0.0,0.0,0.0,87.52995138888889,0.0,834.8564027777777,0.0,10.5595,0.0,14.521798611111112
2026-03-13 10:47:00,86.8,0.0,0.0,0.0,0.0,0.0,87.52995138888889,0.0,834.8564027777777,0.0,10.5595,0.0,14.521798611111112
2026-03-13 10:48:00,79.5,0.0,0.0,0.0,0.0,0.0,87.52995138888889,0.0,834.8564027777777,0.0,10.5595,0.0,14.521798611111112
2026-03-13 10:49:00,90.6,0.0,0.0,0.0,0.0,0.0,87.52995138888889,0.0,834.8564027777777,0.0,10.5595,0.0,14.521798611111112
2026-03-13 10:50:00,77.2,0.0,0.0,0.0,0.0,0.0,87.52995138888889,0.0,834.8564027777777,0.0,10.5595,0.0,14.521798611111112
2026-03-13 10:51:00,83.1,0.0,0.0,0.0,0.0,0.0,87.52995138888889,0.0,834.8564027777777,0.0,10.5595,0.0,14.521798611111112
2026-03-13 10:52:00,83.2,0.0,0.0,0.0,0.0,0.0,87.52995138888889,0.0,834.8564027777777,0.0,10.5595,0.0,14.521798611111112
2026-03-13 10:53:00,82.1,0.0,0.0,0.0,0.0,0.0,87.52995138888889,0.0,834.8564027777777,0.0,10.5595,0.0,14.521798611111112
2026-03-13 10:54:00,87.0,0.0,0.0,0.0,0.0,0.0,87.52995138888889,0.0,834.8564027777777,0.0,10.5595,0.0,14.521798611111112
2026-03-13 10:55:00,80.8,0.0,0.0,0.0,0.0,0.0,87.52995138888889,0.0,834.8564027777777,0.0,10.5595,0.0,14.521798611111112
2026-03-13 10:56:00,77.3,0.0,0.0,0.0,0.0,0.0,87.52995138888889,0.0,834.8564027777777,0.0,10.5595,0.0,14.521798611111112
2026-03-13 10:57:00,85.0,0.0,0.0,0.0,0.0,0.0,87.52995138888889,0.0,834.8564027777777,0.0,10.5595,0.0,14.521798611111112
2026-03-13 10:58:00,77.0,0.0,0.0,0.0,0.0,0.0,87.52995138888889,0.0,834.8564027777777,0.0,10.5595,0.0,14.521798611111112
2026-03-13 10:59:00,82.0,0.0,0.0,0.0,0.0,0.0,87.52995138888889,0.0,834.8564027777777,0.0,10.5595,0.0,14.521798611111112
2026-03-13 11:00:00,238.3,163.0,0.0,0.0,0.0,153.54237505571766,87.52995138888889,0.0,834.8564027777777,0.0,10.5595,0.0,14.521798611111112
2026-03-13 11:01:00,232.5,155.1,0.0,0.0,0.0,150.61162258756602,87.52995138888889,0.0,834.8564027777777,0.0,10.5595,0.0,14.521798611111112
2026-03-13 11:02:00,236.5,157.9,0.0,0.0,0.0,153.12505734086173,87.52995138888889,0.0,834.8564027777777,0.0,10.5595,0.0,14.521798611111112
2026-03-13 11:03:00,237.4,152.8,0.0,0.0,0.0,152.518226196135,87.52995138888889,0.0,834.8564027777777,0.0,10.5595,0.0,14.521798611111112
2026-03-13 11:04:00,219.9,145.6,0.0,0.0,0.0,146.32998155025805,87.52995138888889,0.0,834.8564027777777,0.0,10.5595,0.0,14.521798611111112
2026-03-13 11:05:00,220.8,147.0,0.0,0.0,0.0,145.75048374218377,87.52995138888889,0.0,834.8564027777777,0.0,10.5595,0.0,14.521798611111112
2026-03-13 11:06:00,216.1,144.5,0.0,0.0,0.0,143.91117726587146,87.52995138888889,0.0,834.8564027777777,0.0,10.5595,0.0,14.521798611111112
2026-03-13 11:07:00,213.9,140.4,0.0,0.0,0.0,143.33419643096556,87.52995138888889,0.0,834.8564027777777,0.0,10.5595,0.0,14.521798611111112
2026-03-13 11:08:00,234.9,152.3,0.0,0.0,0.0,152.28151543125207,87.52995138888889,0.0,834.8564027777777,0.0,10.5595,0.0,14.521798611111112
2026-03-13 11:09:00,230.7,146.7,0.0,0.0,0.0,149.47813049151284,87.52995138888889,0.0,834.8564027777777,0.0,10.5595,0.0,14.521798611111112
2026-03-13 11:10:00,229.6,150.1,0.0,0.0,0.0,148.93159458226964,87.52995138888889,0.0,834.8564027777777,0.0,10.5595,0.0,14.521798611111112
2026-03-13 11:11:00,237.0,156.5,0.0,0.0,0.0,151.94084309263724,87.52995138888889,0.0,834.8564027777777,0.0,10.5595,0.0,14.521798611111112
2026-03-13 11:12:00,225.7,143.3,0.0,0.0,0.0,148.15818313010513,87.52995138888889,0.0,834.8564027777777,0.0,10.5595,0.0,14.521798611111112
2026-03-13 11:13:00,224.9,152.9,0.0,0.0,0.0,147.69298316846545,87.52995138888889,0.0,834.8564027777777,0.0,10.5595,0.0,14.521798611111112
2026-03-13 11:14:00,217.9,143.8,0.0,0.0,0.0,144.90696862239065,87.52995138888889,0.0,834.8564027777777,0.0,10.5595,0.0,14.521798611111112
2026-03-13 11:15:00,234.6,147.5,0.0,0.0,0.0,151.78869574847525,87.52995138888889,0.0,834.8564027777777,0.0,10.5595,0.0,14.521798611111112
2026-03-13 11:16:00,230.5,146.0,0.0,0.0,0.0,149.83299956122883,87.52995138888889,0.0,834.8564027777777,0.0,10.5595,0.0,14.521798611111112
2026-03-13 11:17:00,226.1,150.0,0.0,0.0,0.0,148.6074375953443,87.52995138888889,0.0,834.8564027777777,0.0,10.5595,0.0,14.521798611111112
2026-03-13 11:18:00,222.7,144.4,0.0,0.0,0.0,146.38036258285626,87.52995138888889,0.0,834.8564027777777,0.0,10.5595,0.0,14.521798611111112
2026-03-13 11:19:00,217.8,151.3,0.0,0.0,0.0,144.59493289156367,87.52995138888889,0.0,834.8564027777777,0.0,10.5595,0.0,14.521798611111112
2026-03-13 11:20:00,227.7,145.3,0.0,0.0,0.0,149.0357653083128,87.52995138888889,0.0,834.8564027777777,0.0,10.5595,0.0,14.521798611111112
2026-03-13 11:21:00,244.1,149.8,0.0,0.0,0.0,155.85804304295914,87.52995138888889,0.0,834.8564027777777,0.0,10.5595,0.0,14.521798611111112
2026-03-13 11:22:00,216.9,149.8,0.0,0.0,0.0,144.38093519416316,87.52995138888889,0.0,834.8564027777777,0.0,10.5595,0.0,14.521798611111112
2026-03-13 11:23:00,234.2,149.6,0.0,0.0,0.0,151.83536175572797,87.52995138888889,0.0,834.8564027777777,0.0,10.5595,0.0,14.521798611111112
2026-03-13 11:24:00,231.7,156.6,0.0,0.0,0.0,151.0870034925315,87.52995138888889,0.0,834.8564027777777,0.0,10.5595,0.0,14.521798611111112
2026-03-13 11:25:00,222.8,150.8,0.0,0.0,0.0,147.06041982104574,87.52995138888889,0.0,834.8564027777777,0.0,10.5595,0.0,14.521798611111112
2026-03-13 11:26:00,225.6,147.6,0.0,0.0,0.0,148.54114744161066,87.52995138888889,0.0,834.8564027777777,0.0,10.5595,0.0,14.521798611111112
2026-03-13 11:27:00,215.9,146.5,0.0,0.0,0.0,144.32635311736195,87.52995138888889,0.0,834.8564027777777,0.0,10.5595,0.0,14.521798611111112
2026-03-13 11:28:00,241.3,155.1,0.0,0.0,0.0,154.70408883329137,87.52995138888889,0.0,834.8564027777777,0.0,10.5595,0.0,14.521798611111112
2026-03-13 11:29:00,232.3,145.5,0.0,0.0,0.0,151.68196585136005,87.52995138888889,0.0,834.8564027777777,0.0,10.5595,0.0,14.521798611111112
2026-03-13 11:30:00,228.0,146.8,0.0,0.0,0.0,149.1071149891532,87.52995138888889,0.0,834.8564027777777,0.0,10.5595,0.0,14.521798611111112
2026-03-13 11:31:00,233.9,150.5,0.0,0.0,0.0,151.39390454398554,87.52995138888889,0.0,834.8564027777777,0.0,10.5595,0.0,14.521798611111112
2026-03-13 11:32:00,225.4,151.8,0.0,0.0,0.0,148.4417821158145,87.52995138888889,0.0,834.8564027777777,0.0,10.5595,0.0,14.521798611111112
2026-03-13 11:33:00,237.6,150.9,0.0,0.0,0.0,152.70625191513852,87.52995138888889,0.0,834.8564027777777,0.0,10.5595,0.0,14.521798611111112
2026-03-13 11:34:00,219.8,143.6,0.0,0.0,0.0,144.77579243039384,87.52995138888889,0.0,834.8564027777777,0.0,10.5595,0.0,14.521798611111112
2026-03-13 11:35:00,86.1,0.0,0.0,0.0,0.0,0.0,87.52995138888889,0.0,834.8564027777777,0.0,10.5595,0.0,14.521798611111112
2026-03-13 11:36:00,87.8,0.0,0.0,0.0,0.0,0.0,87.52995138888889,0.0,834.8564027777777,0.0,10.5595,0.0,14.521798611111112
2026-03-13 11:37:00,75.3,0.0,0.0,0.0,0.0,0.0,87.52995138888889,0.0,834.8564027777777,0.0,10.5595,0.0,14.521798611111112
2026-03-13 11:38:00,87.4,0.0,0.0,0.0,0.0,0.0,87.52995138888889,0.0,834.8564027777777,0.0,10.5595,0.0,14.521798611111112
2026-03-13 11:39:00,81.1,0.0,0.0,0.0,0.0,0.0,87.52995138888889,0.0,834.8564027777777,0.0,10.5595,0.0,14.521798611111112
2026-03-13 11:40:00,93.5,0.0,0.0,0.0,0.0,0.0,87.52995138888889,0.0,834.8564027777777,0.0,10.5595,0.0,14.521798611111112
2026-03-13 11:41:00,71.9,0.0,0.0,0.0,0.0,0.0,87.52995138888889,0.0,834.8564027777777,0.0,10.5595,0.0,14.521798611111112
2026-03-13 11:42:00,88.7,0.0,0.0,0.0,0.0,0.0,87.52995138888889,0.0,834.8564027777777,0.0,10.5595,0.0,14.521798611111112
2026-03-13 11:43:00,75.4,0.0,0.0,0.0,0.0,0.0,87.52995138888889,0.0,834.8564027777777,0.0,10.5595,0.0,14.521798611111112
2026-03-13 11:44:00,83.7,0.0,0.0,0.0,0.0,0.0,87.52995138888889,0.0,834.8564027777777,0.0,10.5595,0.0,14.521798611111112
2026-03-13 11:45:00,74.1,0.0,0.0,0.0,0.0,0.0,87.52995138888889,0.0,834.8564027777777,0.0,10.5595,0.0,14.521798611111112
2026-03-13 11:46:00,79.0,0.0,0.0,0.0,0.0,0.0,87.52995138888889,0.0,834.8564027777777,0.0,10.5595,0.0,14.521798611111112
2026-03-13 11:47:00,80.6,0.0,0.0,0.0,0.0,0.0,87.52995138888889,0.0,834.8564027777777,0.0,10.5595,0.0,14.521798611111112
2026-03-13 11:48:00,97.8,0.0,0.0,0.0,0.0,0.0,87.52995138888889,0.0,834.8564027777777,0.0,10.5595,0.0,14.521798611111112
2026-03-13 11:49:00,83.1,0.0,0.0,0.0,0.0,0.0,87.52995138888889,0.0,834.8564027777777,0.0,10.5595,0.0,14.521798611111112
2026-03-13 11:50:00,82.7,0.0,0.0,0.0,0.0,0.0,87.52995138888889,0.0,834.8564027777777,0.0,10.5595,0.0,14.521798611111112
2026-03-13 11:51:00,73.5,0.0,0.0,0.0,0.0,0.0,87.52995138888889,0.0,834.8564027777777,0.0,10.5595,0.0,14.521798611111112
2026-03-13 11:52:00,79.0,0.0,0.0,0.0,0.0,0.0,87.52995138888889,0.0,834.8564027777777,0.0,10.5595,0.0,14.521798611111112
2026-03-13 11:53:00,88.0,0.0,0.0,0.0,0.0,0.0,87.52995138888889,0.0,834.8564027777777,0.0,10.5595,0.0,14.521798611111112
2026-03-13 11:54:00,86.2,0.0,0.0,0.0,0.0,0.0,87.52995138888889,0.0,834.8564027777777,0.0,10.5595,0.0,14.521798611111112
2026-03-13 11:55:00,75.8,0.0,0.0,0.0,0.0,0.0,87.52995138888889,0.0,834.8564027777777,0.0,10.5595,0.0,14.521798611111112
2026-03-13 11:56:00,88.6,0.0,0.0,0.0,0.0,0.0,87.52995138888889,0.0,834.8564027777777,0.0,10.5595,0.0,14.521798611111112
2026-03-13 11:57:00,75.6,0.0,0.0,0.0,0.0,0.0,87.52995138888889,0.0,834.8564027777777,0.0,10.5595,0.0,14.521798611111112
2026-03-13 11:58:00,75.5,0.0,0.0,0.0,0.0,0.0,87.52995138888889,0.0,834.8564027777777,0.0,10.5595,0.0,14.521798611111112
2026-03-13 11:59:00,84.1,0.0,0.0,0.0,0.0,0.0,87.52995138888889,0.0,834.8564027777777,0.0,10.5595,0.0,14.521798611111112
2026-03-13 12:00:00,234.3,148.4,0.0,0.0,0.0,152.10693921595836,87.52995138888889,0.0,834.8564027777777,0.0,10.5595,0.0,14.521798611111112
2026-03-13 12:01:00,221.6,147.0,0.0,0.0,0.0,147.82085932338785,87.52995138888889,0.0,834.8564027777777,0.0,10.5595,0.0,14.521798611111112
2026-03-13 12:02:00,220.3,148.6,0.0,0.0,0.0,146.6565333083354,87.52995138888889,0.0,834.8564027777777,0.0,10.5595,0.0,14.521798611111112
2026-03-13 12:03:00,239.4,158.0,0.0,0.0,0.0,154.70705346576094,87.52995138888889,0.0,834.8564027777777,0.0,10.5595,0.0,14.521798611111112
2026-03-13 12:04:00,249.1,162.1,0.0,0.0,0.0,157.63906947594884,87.52995138888889,0.0,834.8564027777777,0.0,10.5595,0.0,14.521798611111112
2026-03-13 12:05:00,234.8,154.0,0.0,0.0,0.0,151.87298568931928,87.52995138888889,0.0,834.8564027777777,0.0,10.5595,0.0,14.521798611111112
2026-03-13 12:06:00,222.7,144.7,0.0,0.0,0.0,147.30816986687776,87.52995138888889,0.0,834.8564027777777,0.0,10.5595,0.0,14.521798611111112
2026-03-13 12:07:00,233.7,146.1,0.0,0.0,0.0,152.21870006677196,87.52995138888889,0.0,834.8564027777777,0.0,10.5595,0.0,14.521798611111112
2026-03-13 12:08:00,231.3,149.9,0.0,0.0,0.0,151.5735049072903,87.52995138888889,0.0,834.8564027777777,0.0,10.5595,0.0,14.521798611111112
2026-03-13 12:09:00,238.2,151.1,0.0,0.0,0.0,152.9708684451743,87.52995138888889,0.0,834.8564027777777,0.0,10.5595,0.0,14.521798611111112
2026-03-13 12:10:00,226.6,152.5,0.0,0.0,0.0,148.3983787056769,87.52995138888889,0.0,834.8564027777777,0.0,10.5595,0.0,14.521798611111112
2026-03-13 12:11:00,238.1,151.6,0.0,0.0,0.0,152.3377972417044,87.52995138888889,0.0,834.8564027777777,0.0,10.5595,0.0,14.521798611111112
2026-03-13 12:12:00,238.0,159.2,0.0,0.0,0.0,152.03141275397,87.52995138888889,0.0,834.8564027777777,0.0,10.5595,0.0,14.521798611111112
2026-03-13 12:13:00,237.3,153.8,0.0,0.0,0.0,151.71418211788207,87.52995138888889,0.0,834.8564027777777,0.0,10.5595,0.0,14.521798611111112
2026-03-13 12:14:00,224.0,156.2,0.0,0.0,0.0,147.6878428636379,87.52995138888889,0.0,834.8564027777777,0.0,10.5595,0.0,14.521798611111112
2026-03-13 12:15:00,231.2,152.7,0.0,0.0,0.0,151.11311699245323,87.52995138888889,0.0,834.8564027777777,0.0,10.5595,0.0,14.521798611111112
2026-03-13 12:16:00,225.1,154.9,0.0,0.0,0.0,147.70904328688744,87.52995138888889,0.0,834.8564027777777,0.0,10.5595,0.0,14.521798611111112
2026-03-13 12:17:00,223.2,148.0,0.0,0.0,0.0,147.10900497619852,87.52995138888889,0.0,834.8564027777777,0.0,10.5595,0.0,14.521798611111112
2026-03-13 12:18:00,226.4,149.2,0.0,0.0,0.0,147.66604050916405,87.52995138888889,0.0,834.8564027777777,0.0,10.5595,0.0,14.521798611111112
2026-03-13 12:19:00,224.2,157.2,0.0,0.0,0.0,147.9881746068259,87.52995138888889,0.0,834.8564027777777,0.0,10.5595,0.0,14.521798611111112
2026-03-13 12:20:00,210.9,142.6,0.0,0.0,0.0,141.81517712576095,87.52995138888889,0.0,834.8564027777777,0.0,10.5595,0.0,14.521798611111112
2026-03-13 12:21:00,227.8,144.7,0.0,0.0,0.0,147.99010226046457,87.52995138888889,0.0,834.8564027777777,0.0,10.5595,0.0,14.521798611111112
2026-03-13 12:22:00,244.3,157.0,0.0,0.0,0.0,155.91206411102652,87.52995138888889,0.0,834.8564027777777,0.0,10.5595,0.0,14.521798611111112
2026-03-13 12:23:00,236.2,154.1,0.0,0.0,0.0,151.62267511421047,87.52995138888889,0.0,834.8564027777777,0.0,10.5595,0.0,14.521798611111112
2026-03-13 12:24:00,216.6,147.0,0.0,0.0,0.0,144.67546031580986,87.52995138888889,0.0,834.8564027777777,0.0,10.5595,0.0,14.521798611111112
2026-03-13 12:25:00,239.7,145.6,0.0,0.0,0.0,154.48603053286584,87.52995138888889,0.0,834.8564027777777,0.0,10.5595,0.0,14.521798611111112
2026-03-13 12:26:00,238.0,157.8,0.0,0.0,0.0,153.0720038001215,87.52995138888889,0.0,834.8564027777777,0.0,10.5595,0.0,14.521798611111112
2026-03-13 12:27:00,223.8,149.1,0.0,0.0,0.0,147.53592057985594,87.52995138888889,0.0,834.8564027777777,0.0,10.5595,0.0,14.521798611111112
2026-03-13 12:28:00,235.5,157.7,0.0,0.0,0.0,151.72909154549163,87.52995138888889,0.0,834.8564027777777,0.0,10.5595,0.0,14.521798611111112
2026-03-13 12:29:00,237.8,153.3,0.0,0.0,0.0,152.5637731144673,87.52995138888889,0.0,834.8564027777777,0.0,10.5595,0.0,14.521798611111112
2026-03-13 12:30:00,227.4,152.5,0.0,0.0,0.0,147.2697304856163,87.52995138888889,0.0,834.8564027777777,0.0,10.5595,0.0,14.521798611111112
2026-03-13 12:31:00,229.5,150.6,0.0,0.0,0.0,148.59022197976321,87.52995138888889,0.0,834.8564027777777,0.0,10.5595,0.0,14.521798611111112
2026-03-13 12:32:00,226.0,147.4,0.0,0.0,0.0,146.98296767937944,87.52995138888889,0.0,834.8564027777777,0.0,10.5595,0.0,14.521798611111112
2026-03-13 12:33:00,223.4,146.3,0.0,0.0,0.0,146.06839447092577,87.52995138888889,0.0,834.8564027777777,0.0,10.5595,0.0,14.521798611111112
2026-03-13 12:34:00,220.2,147.1,0.0,0.0,0.0,146.05661679556826,87.52995138888889,0.0,834.8564027777777,0.0,10.5595,0.0,14.521798611111112
2026-03-13 12:35:00,86.0,0.0,0.0,0.0,0.0,0.0,87.52995138888889,0.0,834.8564027777777,0.0,10.5595,0.0,14.521798611111112
2026-03-13 12:36:00,75.8,0.0,0.0,0.0,0.0,0.0,87.52995138888889,0.0,834.8564027777777,0.0,10.5595,0.0,14.521798611111112
2026-03-13 12:37:00,77.9,0.0,0.0,0.0,0.0,0.0,87.52995138888889,0.0,834.8564027777777,0.0,10.5595,0.0,14.521798611111112
2026-03-13 12:38:00,75.7,0.0,0.0,0.0,0.0,0.0,87.52995138888889,0.0,834.8564027777777,0.0,10.5595,0.0,14.521798611111112
2026-03-13 12:39:00,75.9,0.0,0.0,0.0,0.0,0.0,87.52995138888889,0.0,834.8564027777777,0.0,10.5595,0.0,14.521798611111112
2026-03-13 12:40:00,80.0,0.0,0.0,0.0,0.0,0.0,87.52995138888889,0.0,834.8564027777777,0.0,10.5595,0.0,14.521798611111112
2026-03-13 12:41:00,71.8,0.0,0.0,0.0,0.0,0.0,87.52995138888889,0.0,834.8564027777777,0.0,10.5595,0.0,14.521798611111112
2026-03-13 12:42:00,79.6,0.0,0.0,0.0,0.0,0.0,87.52995138888889,0.0,834.8564027777777,0.0,10.5595,0.0,14.521798611111112
2026-03-13 12:43:00,75.5,0.0,0.0,0.0,0.0,0.0,87.52995138888889,0.0,834.8564027777777,0.0,10.5595,0.0,14.521798611111112
2026-03-13 12:44:00,73.8,0.0,0.0,0.0,0.0,0.0,87.52995138888889,0.0,834.8564027777777,0.0,10.5595,0.0,14.521798611111112
2026-03-13 12:45:00,88.5,0.0,0.0,0.0,0.0,0.0,87.52995138888889,0.0,834.8564027777777,0.0,10.5595,0.0,14.521798611111112
2026-03-13 12:46:00,73.2,0.0,0.0,0.0,0.0,0.0,87.52995138888889,0.0,834.8564027777777,0.0,10.5595,0.0,14.521798611111112
2026-03-13 12:47:00,83.8,0.0,0.0,0.0,0.0,0.0,87.52995138888889,0.0,834.8564027777777,0.0,10.5595,0.0,14.521798611111112
2026-03-13 12:48:00,79.7,0.0,0.0,0.0,0.0,0.0,87.52995138888889,0.0,834.8564027777777,0.0,10.5595,0.0,14.521798611111112
2026-03-13 12:49:00,74.3,0.0,0.0,0.0,0.0,0.0,87.52995138888889,0.0,834.8564027777777,0.0,10.5595,0.0,14.521798611111112
2026-03-13 12:50:00,79.7,0.0,0.0,0.0,0.0,0.0,87.52995138888889,0.0,834.8564027777777,0.0,10.5595,0.0,14.521798611111112
2026-03-13 12:51:00,84.7,0.0,0.0,0.0,0.0,0.0,87.52995138888889,0.0,834.8564027777777,0.0,10.5595,0.0,14.521798611111112
2026-03-13 12:52:00,74.3,0.0,0.0,0.0,0.0,0.0,87.52995138888889,0.0,834.8564027777777,0.0,10.5595,0.0,14.521798611111112
2026-03-13 12:53:00,76.2,0.0,0.0,0.0,0.0,0.0,87.52995138888889,0.0,834.8564027777777,0.0,10.5595,0.0,14.521798611111112
2026-03-13 12:54:00,81.1,0.0,0.0,0.0,0.0,0.0,87.52995138888889,0.0,834.8564027777777,0.0,10.5595,0.0,14.521798611111112
2026-03-13 12:55:00,74.6,0.0,0.0,0.0,0.0,0.0,87.52995138888889,0.0,834.8564027777777,0.0,10.5595,0.0,14.521798611111112
2026-03-13 12:56:00,74.7,0.0,0.0,0.0,0.0,0.0,87.52995138888889,0.0,834.8564027777777,0.0,10.5595,0.0,14.521798611111112
2026-03-13 12:57:00,81.3,0.0,0.0,0.0,0.0,0.0,87.52995138888889,0.0,834.8564027777777,0.0,10.5595,0.0,14.521798611111112
2026-03-13 12:58:00,87.6,0.0,0.0,0.0,0.0,0.0,87.52995138888889,0.0,834.8564027777777,0.0,10.5595,0.0,14.521798611111112
2026-03-13 12:59:00,79.6,0.0,0.0,0.0,0.0,0.0,87.52995138888889,0.0,834.8564027777777,0.0,10.5595,0.0,14.521798611111112
2026-03-13 13:00:00,222.0,142.8,0.0,0.0,0.0,146.90920740771094,87.52995138888889,0.0,834.8564027777777,0.0,10.5595,0.0,14.521798611111112
2026-03-13 13:01:00,224.3,146.6,0.0,0.0,0.0,147.36752139815516,87.52995138888889,0.0,834.8564027777777,0.0,10.5595,0.0,14.521798611111112
2026-03-13 13:02:00,237.3,150.3,0.0,0.0,0.0,153.0314717393774,87.52995138888889,0.0,834.8564027777777,0.0,10.5595,0.0,14.521798611111112
2026-03-13 13:03:00,211.8,136.8,0.0,0.0,0.0,141.90477917503327,87.52995138888889,0.0,834.8564027777777,0.0,10.5595,0.0,14.521798611111112
2026-03-13 13:04:00,235.3,147.7,0.0,0.0,0.0,152.43511434042395,87.52995138888889,0.0,834.8564027777777,0.0,10.5595,0.0,14.521798611111112
2026-03-13 13:05:00,236.7,151.9,0.0,0.0,0.0,151.03257758774885,87.52995138888889,0.0,834.8564027777777,0.0,10.5595,0.0,14.521798611111112
2026-03-13 13:06:00,239.6,159.4,0.0,0.0,0.0,155.38495831926372,87.52995138888889,0.0,834.8564027777777,0.0,10.5595,0.0,14.521798611111112
2026-03-13 13:07:00,243.0,151.8,0.0,0.0,0.0,156.09339890469008,87.52995138888889,0.0,834.8564027777777,0.0,10.5595,0.0,14.521798611111112
2026-03-13 13:08:00,230.0,143.6,0.0,0.0,0.0,148.8127177770487,87.52995138888889,0.0,834.8564027777777,0.0,10.5595,0.0,14.521798611111112
2026-03-13 13:09:00,240.6,152.6,0.0,0.0,0.0,155.77765122840128,87.52995138888889,0.0,834.8564027777777,0.0,10.5595,0.0,14.521798611111112
2026-03-13 13:10:00,237.2,154.4,0.0,0.0,0.0,152.42200150231602,87.52995138888889,0.0,834.8564027777777,0.0,10.5595,0.0,14.521798611111112
2026-03-13 13:11:00,224.2,140.2,0.0,0.0,0.0,147.7453930358827,87.52995138888889,0.0,834.8564027777777,0.0,10.5595,0.0,14.521798611111112
2026-03-13 13:12:00,237.4,151.7,0.0,0.0,0.0,153.2997163625647,87.52995138888889,0.0,834.8564027777777,0.0,10.5595,0.0,14.521798611111112
2026-03-13 13:13:00,241.1,159.1,0.0,0.0,0.0,156.10614885735174,87.52995138888889,0.0,834.8564027777777,0.0,10.5595,0.0,14.521798611111112
2026-03-13 13:14:00,230.2,152.2,0.0,0.0,0.0,150.68709563236615,87.52995138888889,0.0,834.8564027777777,0.0,10.5595,0.0,14.521798611111112
2026-03-13 13:15:00,228.8,149.9,0.0,0.0,0.0,149.55879213493483,87.52995138888889,0.0,834.8564027777777,0.0,10.5595,0.0,14.521798611111112
2026-03-13 13:16:00,230.3,145.4,0.0,0.0,0.0,151.2811317285111,87.52995138888889,0.0,834.8564027777777,0.0,10.5595,0.0,14.521798611111112
2026-03-13 13:17:00,220.3,146.0,0.0,0.0,0.0,145.02980252544725,87.52995138888889,0.0,834.8564027777777,0.0,10.5595,0.0,14.521798611111112
2026-03-13 13:18:00,236.4,159.7,0.0,0.0,0.0,152.96446224125032,87.52995138888889,0.0,834.8564027777777,0.0,10.5595,0.0,14.521798611111112
2026-03-13 13:19:00,215.1,149.8,0.0,0.0,0.0,143.53481292064492,87.52995138888889,0.0,834.8564027777777,0.0,10.5595,0.0,14.521798611111112
2026-03-13 13:20:00,230.3,154.2,0.0,0.0,0.0,151.48465216363155,87.52995138888889,0.0,834.8564027777777,0.0,10.5595,0.0,14.521798611111112
2026-03-13 13:21:00,242.3,155.7,0.0,0.0,0.0,153.80743483629365,87.52995138888889,0.0,834.8564027777777,0.0,10.5595,0.0,14.521798611111112
2026-03-13 13:22:00,223.6,154.4,0.0,0.0,0.0,146.69805366312104,87.52995138888889,0.0,834.8564027777777,0.0,10.5595,0.0,14.521798611111112
2026-03-13 13:23:00,231.6,150.6,0.0,0.0,0.0,152.25234565407368,87.52995138888889,0.0,834.8564027777777,0.0,10.5595,0.0,14.521798611111112
2026-03-13 13:24:00,232.8,152.1,0.0,0.0,0.0,152.9498886667799,87.52995138888889,0.0,834.8564027777777,0.0,10.5595,0.0,14.521798611111112
2026-03-13 13:25:00,214.8,142.3,0.0,0.0,0.0,144.5054560153498,87.52995138888889,0.0,834.8564027777777,0.0,10.5595,0.0,14.521798611111112
2026-03-13 13:26:00,223.2,145.3,0.0,0.0,0.0,146.89371989097654,87.52995138888889,0.0,834.8564027777777,0.0,10.5595,0.0,14.521798611111112
2026-03-13 13:27:00,248.2,150.4,0.0,0.0,0.0,156.74886083627706,87.52995138888889,0.0,834.8564027777777,0.0,10.5595,0.0,14.521798611111112
2026-03-13 13:28:00,240.9,156.0,0.0,0.0,0.0,154.44706781931802,87.52995138888889,0.0,834.8564027777777,0.0,10.5595,0.0,14.521798611111112
2026-03-13 13:29:00,242.2,162.8,0.0,0.0,0.0,154.70698558026942,87.52995138888889,0.0,834.8564027777777,0.0,10.5595,0.0,14.521798611111112
2026-03-13 13:30:00,228.1,148.5,0.0,0.0,0.0,149.02083997268647,87.52995138888889,0.0,834.8564027777777,0.0,10.5595,0.0,14.521798611111112
2026-03-13 13:31:00,240.3,157.5,0.0,0.0,0.0,154.05157002726958,87.52995138888889,0.0,834.8564027777777,0.0,10.5595,0.0,14.521798611111112
2026-03-13 13:32:00,236.7,154.7,0.0,0.0,0.0,152.99590706021135,87.52995138888889,0.0,834.8564027777777,0.0,10.5595,0.0,14.521798611111112
2026-03-13 13:33:00,228.0,148.0,0.0,0.0,0.0,148.73646912942277,87.52995138888889,0.0,834.8564027777777,0.0,10.5595,0.0,14.521798611111112
2026-03-13 13:34:00,228.3,149.4,0.0,0.0,0.0,149.35989130346775,87.52995138888889,0.0,834.8564027777777,0.0,10.5595,0.0,14.521798611111112
2026-03-13 13:35:00,75.5,0.0,0.0,0.0,0.0,0.0,87.52995138888889,0.0,834.8564027777777,0.0,10.5595,0.0,14.521798611111112
2026-03-13 13:36:00,73.1,0.0,0.0,0.0,0.0,0.0,87.52995138888889,0.0,834.8564027777777,0.0,10.5595,0.0,14.521798611111112
2026-03-13 13:37:00,69.2,0.0,0.0,0.0,0.0,0.0,87.52995138888889,0.0,834.8564027777777,0.0,10.5595,0.0,14.521798611111112
2026-03-13 13:38:00,73.8,0.0,0.0,0.0,0.0,0.0,87.52995138888889,0.0,834.8564027777777,0.0,10.5595,0.0,14.521798611111112
2026-03-13 13:39:00,83.4,0.0,0.0,0.0,0.0,0.0,87.52995138888889,0.0,834.8564027777777,0.0,10.5595,0.0,14.521798611111112
2026-03-13 13:40:00,82.4,0.0,0.0,0.0,0.0,0.0,87.52995138888889,0.0,834.8564027777777,0.0,10.5595,0.0,14.521798611111112
2026-03-13 13:41:00,76.4,0.0,0.0,0.0,0.0,0.0,87.52995138888889,0.0,834.8564027777777,0.0,10.5595,0.0,14.521798611111112
2026-03-13 13:42:00,73.8,0.0,0.0,0.0,0.0,0.0,87.52995138888889,0.0,834.8564027777777,0.0,10.5595,0.0,14.521798611111112
2026-03-13 13:43:00,70.4,0.0,0.0,0.0,0.0,0.0,87.52995138888889,0.0,834.8564027777777,0.0,10.5595,0.0,14.521798611111112
2026-03-13 13:44:00,79.0,0.0,0.0,0.0,0.0,0.0,87.52995138888889,0.0,834.8564027777777,0.0,10.5595,0.0,14.521798611111112
2026-03-13 13:45:00,89.0,0.0,0.0,0.0,0.0,0.0,87.52995138888889,0.0,834.8564027777777,0.0,10.5595,0.0,14.521798611111112
2026-03-13 13:46:00,82.6,0.0,0.0,0.0,0.0,0.0,87.52995138888889,0.0,834.8564027777777,0.0,10.5595,0.0,14.521798611111112
2026-03-13 13:47:00,77.4,0.0,0.0,0.0,0.0,0.0,87.52995138888889,0.0,834.8564027777777,0.0,10.5595,0.0,14.521798611111112
2026-03-13 13:48:00,77.2,0.0,0.0,0.0,0.0,0.0,87.52995138888889,0.0,834.8564027777777,0.0,10.5595,0.0,14.521798611111112
2026-03-13 13:49:00,83.4,0.0,0.0,0.0,0.0,0.0,87.52995138888889,0.0,834.8564027777777,0.0,10.5595,0.0,14.521798611111112
2026-03-13 13:50:00,80.8,0.0,0.0,0.0,0.0,0.0,87.52995138888889,0.0,834.8564027777777,0.0,10.5595,0.0,14.521798611111112
2026-03-13 13:51:00,84.7,0.0,0.0,0.0,0.0,0.0,87.52995138888889,0.0,834.8564027777777,0.0,10.5595,0.0,14.521798611111112
2026-03-13 13:52:00,88.1,0.0,0.0,0.0,0.0,0.0,87.52995138888889,0.0,834.8564027777777,0.0,10.5595,0.0,14.521798611111112
2026-03-13 13:53:00,78.0,0.0,0.0,0.0,0.0,0.0,87.52995138888889,0.0,834.8564027777777,0.0,10.5595,0.0,14.521798611111112
2026-03-13 13:54:00,74.4,0.0,0.0,0.0,0.0,0.0,87.52995138888889,0.0,834.8564027777777,0.0,10.5595,0.0,14.521798611111112
2026-03-13 13:55:00,85.4,0.0,0.0,0.0,0.0,0.0,87.52995138888889,0.0,834.8564027777777,0.0,10.5595,0.0,14.521798611111112
2026-03-13 13:56:00,76.8,0.0,0.0,0.0,0.0,0.0,87.52995138888889,0.0,834.8564027777777,0.0,10.5595,0.0,14.521798611111112
2026-03-13 13:57:00,82.4,0.0,0.0,0.0,0.0,0.0,87.52995138888889,0.0,834.8564027777777,0.0,10.5595,0.0,14.521798611111112
2026-03-13 13:58:00,76.3,0.0,0.0,0.0,0.0,0.0,87.52995138888889,0.0,834.8564027777777,0.0,10.5595,0.0,14.521798611111112
2026-03-13 13:59:00,82.7,0.0,0.0,0.0,0.0,0.0,87.52995138888889,0.0,834.8564027777777,0.0,10.5595,0.0,14.521798611111112
2026-03-13 14:00:00,229.4,153.9,0.0,0.0,0.0,149.00416232759608,87.52995138888889,0.0,834.8564027777777,0.0,10.5595,0.0,14.521798611111112
2026-03-13 14:01:00,229.2,151.4,0.0,0.0,0.0,148.6184883363368,87.52995138888889,0.0,834.8564027777777,0.0,10.5595,0.0,14.521798611111112
2026-03-13 14:02:00,223.6,147.5,0.0,0.0,0.0,146.8758124142742,87.52995138888889,0.0,834.8564027777777,0.0,10.5595,0.0,14.521798611111112
2026-03-13 14:03:00,224.4,152.0,0.0,0.0,0.0,147.5896764289632,87.52995138888889,0.0,834.8564027777777,0.0,10.5595,0.0,14.521798611111112
2026-03-13 14:04:00,228.4,147.0,0.0,0.0,0.0,149.79970902844423,87.52995138888889,0.0,834.8564027777777,0.0,10.5595,0.0,14.521798611111112
2026-03-13 14:05:00,228.6,151.9,0.0,0.0,0.0,149.67746609452627,87.52995138888889,0.0,834.8564027777777,0.0,10.5595,0.0,14.521798611111112
2026-03-13 14:06:00,217.7,142.5,0.0,0.0,0.0,142.77034208328078,87.52995138888889,0.0,834.8564027777777,0.0,10.5595,0.0,14.521798611111112
2026-03-13 14:07:00,217.2,148.7,0.0,0.0,0.0,143.36214396527686,87.52995138888889,0.0,834.8564027777777,0.0,10.5595,0.0,14.521798611111112
2026-03-13 14:08:00,214.6,142.7,0.0,0.0,0.0,143.8704420088226,87.52995138888889,0.0,834.8564027777777,0.0,10.5595,0.0,14.521798611111112
2026-03-13 14:09:00,230.5,152.7,0.0,0.0,0.0,150.67384001445177,87.52995138888889,0.0,834.8564027777777,0.0,10.5595,0.0,14.521798611111112
2026-03-13 14:10:00,235.6,157.0,0.0,0.0,0.0,152.25996217271714,87.52995138888889,0.0,834.8564027777777,0.0,10.5595,0.0,14.521798611111112
2026-03-13 14:11:00,241.9,159.6,0.0,0.0,0.0,155.8137751734018,87.52995138888889,0.0,834.8564027777777,0.0,10.5595,0.0,14.521798611111112
2026-03-13 14:12:00,229.0,148.9,0.0,0.0,0.0,148.5521253731019,87.52995138888889,0.0,834.8564027777777,0.0,10.5595,0.0,14.521798611111112
2026-03-13 14:13:00,220.7,143.3,0.0,0.0,0.0,145.31403693561342,87.52995138888889,0.0,834.8564027777777,0.0,10.5595,0.0,14.521798611111112
2026-03-13 14:14:00,236.6,154.3,0.0,0.0,0.0,152.06793596969467,87.52995138888889,0.0,834.8564027777777,0.0,10.5595,0.0,14.521798611111112
2026-03-13 14:15:00,232.3,153.4,0.0,0.0,0.0,152.09113024025044,87.52995138888889,0.0,834.8564027777777,0.0,10.5595,0.0,14.521798611111112
2026-03-13 14:16:00,222.0,145.2,0.0,0.0,0.0,146.06637741457885,87.52995138888889,0.0,834.8564027777777,0.0,10.5595,0.0,14.521798611111112
2026-03-13 14:17:00,235.0,154.6,0.0,0.0,0.0,152.34319253682042,87.52995138888889,0.0,834.8564027777777,0.0,10.5595,0.0,14.521798611111112
2026-03-13 14:18:00,231.8,151.4,0.0,0.0,0.0,150.88871473238086,87.52995138888889,0.0,834.8564027777777,0.0,10.5595,0.0,14.521798611111112
2026-03-13 14:19:00,232.8,156.0,0.0,0.0,0.0,152.82883850228143,87.52995138888889,0.0,834.8564027777777,0.0,10.5595,0.0,14.521798611111112
2026-03-13 14:20:00,213.3,146.6,0.0,0.0,0.0,143.00370856851563,87.52995138888889,0.0,834.8564027777777,0.0,10.5595,0.0,14.521798611111112
2026-03-13 14:21:00,228.0,145.1,0.0,0.0,0.0,149.39965171402673,87.52995138888889,0.0,834.8564027777777,0.0,10.5595,0.0,14.521798611111112
2026-03-13 14:22:00,227.3,148.6,0.0,0.0,0.0,150.1223310562445,87.52995138888889,0.0,834.8564027777777,0.0,10.5595,0.0,14.521798611111112
2026-03-13 14:23:00,234.3,148.8,0.0,0.0,0.0,151.52640183142157,87.52995138888889,0.0,834.8564027777777,0.0,10.5595,0.0,14.521798611111112
2026-03-13 14:24:00,233.1,152.5,0.0,0.0,0.0,152.14076535342593,87.52995138888889,0.0,834.8564027777777,0.0,10.5595,0.0,14.521798611111112
2026-03-13 14:25:00,225.2,149.9,0.0,0.0,0.0,149.61283808607686,87.52995138888889,0.0,834.8564027777777,0.0,10.5595,0.0,14.521798611111112
2026-03-13 14:26:00,213.6,150.7,0.0,0.0,0.0,143.39451869188895,87.52995138888889,0.0,834.8564027777777,0.0,10.5595,0.0,14.521798611111112
2026-03-13 14:27:00,224.3,154.8,0.0,0.0,0.0,147.9577691529402,87.52995138888889,0.0,834.8564027777777,0.0,10.5595,0.0,14.521798611111112
2026-03-13 14:28:00,227.7,147.8,0.0,0.0,0.0,149.76282840028335,87.52995138888889,0.0,834.8564027777777,0.0,10.5595,0.0,14.521798611111112
2026-03-13 14:29:00,207.0,146.4,0.0,0.0,0.0,140.71879735901356,87.52995138888889,0.0,834.8564027777777,0.0,10.5595,0.0,14.521798611111112
2026-03-13 14:30:00,2227.5,155.2,1985.9,0.0,0.0,149.11831408264942,87.52995138888889,1998.7665323514716,834.8564027777777,0.0,10.5595,0.0,14.521798611111112
2026-03-13 14:31:00,229.1,145.6,0.0,0.0,0.0,149.3080542525013,87.52995138888889,0.0,834.8564027777777,0.0,10.5595,0.0,14.521798611111112
2026-03-13 14:32:00,226.6,146.1,0.0,0.0,0.0,148.5212128217098,87.52995138888889,0.0,834.8564027777777,0.0,10.5595,0.0,14.521798611111112
2026-03-13 14:33:00,213.5,147.8,0.0,0.0,0.0,143.37727738046274,87.52995138888889,0.0,834.8564027777777,0.0,10.5595,0.0,14.521798611111112
2026-03-13 14:34:00,225.9,148.0,0.0,0.0,0.0,148.46056507903856,87.52995138888889,0.0,834.8564027777777,0.0,10.5595,0.0,14.521798611111112
2026-03-13 14:35:00,90.0,0.0,0.0,0.0,0.0,0.0,87.52995138888889,0.0,834.8564027777777,0.0,10.5595,0.0,14.521798611111112
2026-03-13 14:36:00,886.7,0.0,0.0,806.4,0.0,0.0,87.52995138888889,0.0,834.8564027777777,0.0,10.5595,0.0,14.521798611111112
2026-03-13 14:37:00,2886.4,0.0,1995.9,803.7,0.0,146.01689642205625,87.52995138888889,1990.5566061542493,834.8564027777777,801.8,10.5595,0.0,14.521798611111112
2026-03-13 14:38:00,893.9,0.0,0.0,815.2,0.0,0.0,87.52995138888889,0.0,834.8564027777777,0.0,10.5595,0.8626285714285715,14.521798611111112
2026-03-13 14:39:00,884.8,0.0,0.0,807.8,0.0,0.0,87.52995138888889,0.0,834.8564027777777,0.0,10.5595,0.8626285714285715,14.521798611111112
2026-03-13 14:40:00,869.7,0.0,0.0,785.6,0.0,0.0,87.52995138888889,0.0,834.8564027777777,0.0,10.5595,0.8626285714285715,14.521798611111112
2026-03-13 14:41:00,874.3,0.0,0.0,796.1,0.0,0.0,87.52995138888889,0.0,834.8564027777777,0.0,10.5595,0.8626285714285715,14.521798611111112
2026-03-13 14:42:00,2911.2,0.0,2016.9,806.0,0.0,145.8793533799132,87.52995138888889,1997.9178181975433,834.8564027777777,801.8,10.5595,0.0,14.521798611111112
2026-03-13 14:43:00,2894.0,0.0,2003.8,806.5,0.0,145.74826655011648,87.52995138888889,1993.0123859209964,834.8564027777777,801.8,10.5595,0.0,14.521798611111112
2026-03-13 14:44:00,2897.1,0.0,2027.6,792.1,0.0,145.56959419191912,87.52995138888889,1993.0123859209964,834.8564027777777,801.8,10.5595,0.0,14.521798611111112
2026-03-13 14:45:00,2893.9,0.0,2020.6,796.6,0.0,145.5973256734006,87.52995138888889,1993.0123859209964,834.8564027777777,801.8,10.5595,0.0,14.521798611111112
2026-03-13 14:46:00,2919.9,0.0,2035.6,801.7,0.0,145.54584515392008,87.52995138888889,1997.9178181975433,834.8564027777777,801.8,10.5595,0.0,14.521798611111112
2026-03-13 14:47:00,2922.0,0.0,2031.9,809.1,0.0,145.50556299903795,87.52995138888889,1997.9178181975433,834.8564027777777,801.8,10.5595,0.0,14.521798611111112
2026-03-13 14:48:00,873.7,0.0,0.0,791.3,0.0,0.0,87.52995138888889,0.0,834.8564027777777,801.8,10.5595,0.8626285714285715,14.521798611111112
2026-03-13 14:49:00,869.9,0.0,0.0,794.3,0.0,0.0,87.52995138888889,0.0,834.8564027777777,801.8,10.5595,0.8626285714285715,14.521798611111112
2026-03-13 14:50:00,891.1,0.0,0.0,802.2,0.0,0.0,87.52995138888889,0.0,834.8564027777777,801.8,10.5595,0.8626285714285715,14.521798611111112
2026-03-13 14:51:00,2890.8,0.0,2013.6,797.9,0.0,145.53767311299802,87.52995138888889,1991.2492775828205,834.8564027777777,801.8,10.5595,0.0,14.521798611111112
2026-03-13 14:52:00,2884.7,0.0,2001.5,802.5,0.0,145.53767311299802,87.52995138888889,1990.398722820916,834.8564027777777,801.8,10.5595,0.0,14.521798611111112
2026-03-13 14:53:00,909.7,0.0,0.0,818.3,0.0,0.0,87.52995138888889,0.0,834.8564027777777,801.8,10.5595,0.8626285714285715,14.521798611111112
2026-03-13 14:54:00,879.3,0.0,0.0,806.8,0.0,0.0,87.52995138888889,0.0,834.8564027777777,801.8,10.5595,0.8626285714285715,14.521798611111112
2026-03-13 14:55:00,882.1,0.0,0.0,798.1,0.0,0.0,87.52995138888889,0.0,834.8564027777777,801.8,10.5595,0.8626285714285715,14.521798611111112
2026-03-13 14:56:00,1254.0,0.0,0.0,1180.1,0.0,6.983643578643579,87.52995138888889,0.0,834.8564027777777,801.8,10.5595,0.8626285714285715,14.521798611111112
2026-03-13 14:57:00,1284.3,0.0,0.0,1202.2,0.0,6.983643578643579,87.52995138888889,0.0,834.8564027777777,801.8,10.5595,0.8626285714285715,14.521798611111112
2026-03-13 14:58:00,3334.5,0.0,2040.9,1212.0,0.0,95.38732084652823,87.52995138888889,2011.124016529221,834.8564027777777,801.8,10.5595,0.0,14.521798611111112
2026-03-13 14:59:00,3235.4,0.0,1952.6,1206.0,0.0,95.38732084652823,87.52995138888889,2010.00936573557,834.8564027777777,801.8,10.5595,0.0,14.521798611111112
2026-03-13 15:00:00,3419.4,152.2,1974.6,1207.3,0.0,95.38581327077065,87.52995138888889,2011.124016529221,834.8564027777777,801.8,10.5595,0.0,14.521798611111112
2026-03-13 15:01:00,3052.1,153.6,2012.5,807.6,0.0,96.39247993743733,87.52995138888889,2012.6298887532937,834.8564027777777,801.8,10.5595,0.0,14.521798611111112
2026-03-13 15:02:00,2979.9,148.8,1978.0,774.1,0.0,95.7727682306256,87.52995138888889,1984.3561480437859,834.8564027777777,801.8,10.5595,0.0,14.521798611111112
2026-03-13 15:03:00,3057.9,142.8,2040.0,801.9,0.0,96.38072236167974,87.52995138888889,2014.4952042174596,834.8564027777777,801.8,10.5595,0.0,14.521798611111112
2026-03-13 15:04:00,1018.0,141.6,0.0,794.2,0.0,6.981421356421356,87.52995138888889,0.0,834.8564027777777,801.8,10.5595,0.8626285714285715,14.521798611111112
2026-03-13 15:05:00,1010.2,146.0,0.0,788.8,0.0,6.981421356421356,87.52995138888889,0.0,834.8564027777777,801.8,10.5595,0.8626285714285715,14.521798611111112
2026-03-13 15:06:00,1051.8,154.3,0.0,813.0,0.0,6.983643578643579,87.52995138888889,0.0,834.8564027777777,801.8,10.5595,0.8626285714285715,14.521798611111112
2026-03-13 15:07:00,3041.5,157.0,2015.0,799.3,0.0,96.33373919669658,87.52995138888889,2007.9048523859578,834.8564027777777,801.8,10.5595,0.0,14.521798611111112
2026-03-13 15:08:00,2984.1,150.1,1937.5,813.6,0.0,94.44824293000028,87.52995138888889,1984.7378355165529,834.8564027777777,801.8,10.5595,0.0,14.521798611111112
2026-03-13 15:09:00,2992.3,153.4,1953.6,796.2,0.0,93.20072374014873,87.52995138888889,1984.7378355165529,834.8564027777777,801.8,10.5595,0.0,14.521798611111112
2026-03-13 15:10:00,2973.8,155.3,1959.5,782.2,0.0,93.70926098852128,87.52995138888889,1983.3718331327716,834.8564027777777,801.8,10.5595,0.0,14.521798611111112
2026-03-13 15:11:00,2981.2,154.8,1961.4,794.4,0.0,93.70926098852128,87.52995138888889,1983.373958866297,834.8564027777777,801.8,10.5595,0.0,14.521798611111112
2026-03-13 15:12:00,2980.6,146.3,1967.2,790.4,0.0,93.70926098852128,87.52995138888889,1983.9403510380143,834.8564027777777,801.8,10.5595,0.0,14.521798611111112
2026-03-13 15:13:00,3054.8,141.3,2028.5,801.9,0.0,94.45682234938266,87.52995138888889,2014.6197301539962,834.8564027777777,801.8,10.5595,0.0,14.521798611111112
2026-03-13 15:14:00,1015.8,148.4,0.0,790.8,0.0,14.898900301550302,87.52995138888889,0.0,834.8564027777777,801.8,10.5595,0.9477396825396828,14.521798611111112
2026-03-13 15:15:00,3079.8,148.5,2045.5,807.3,0.0,94.45682234938266,87.52995138888889,2018.2257731859643,834.8564027777777,801.8,10.5595,0.0,14.521798611111112
2026-03-13 15:16:00,1012.7,142.7,0.0,792.2,0.0,14.898900301550302,87.52995138888889,0.0,834.8564027777777,801.8,10.5595,0.9477396825396828,14.521798611111112
2026-03-13 15:17:00,1031.9,153.3,0.0,785.2,0.0,7.03638431938432,87.52995138888889,0.0,834.8564027777777,801.8,10.5595,0.8626285714285715,14.521798611111112
2026-03-13 15:18:00,3052.3,154.8,2006.3,806.4,0.0,94.47353459715667,87.52995138888889,2013.481180458865,834.8564027777777,801.8,10.5595,0.0,14.521798611111112
2026-03-13 15:19:00,3057.8,149.4,2019.6,794.3,0.0,94.63828021885523,87.52995138888889,2014.3964606994314,834.8564027777777,801.8,10.5595,0.0,14.521798611111112
2026-03-13 15:20:00,1017.2,141.8,0.0,801.6,0.0,14.898900301550302,87.52995138888889,0.0,834.8564027777777,801.8,10.5595,0.9477396825396828,14.521798611111112
2026-03-13 15:21:00,223.8,154.5,0.0,0.0,0.0,147.76812180292472,87.52995138888889,0.0,834.8564027777777,0.0,10.5595,0.9477396825396828,14.521798611111112
2026-03-13 15:22:00,2252.2,141.0,2025.6,0.0,0.0,82.50542264195498,87.52995138888889,2019.2832584503708,834.8564027777777,0.0,10.5595,6.097384518259518,14.521798611111112
2026-03-13 15:23:00,2210.2,149.2,1973.4,0.0,0.0,99.97862335170275,87.52995138888889,1989.3219410735292,834.8564027777777,0.0,10.5595,19.181318271543276,14.521798611111112
2026-03-13 15:24:00,245.7,154.8,0.0,0.0,0.0,156.42989407703007,87.52995138888889,0.0,834.8564027777777,0.0,10.5595,0.8626285714285715,14.521798611111112
2026-03-13 15:25:00,2186.8,148.8,1966.4,0.0,0.0,94.89808767806267,87.52995138888889,1968.039318853858,834.8564027777777,0.0,10.5595,33.70148725316938,14.521798611111112
2026-03-13 15:26:00,2265.4,155.3,2027.2,0.0,0.0,78.94402482457635,87.52995138888889,2035.045104957894,834.8564027777777,0.0,10.5595,24.937335300102944,14.521798611111112
2026-03-13 15:27:00,2216.8,152.3,1981.9,0.0,0.0,100.0085312262356,87.52995138888889,1992.4005265738276,834.8564027777777,0.0,10.5595,22.74480528197293,14.521798611111112
2026-03-13 15:28:00,2203.2,155.4,1973.0,0.0,0.0,96.398034625614,87.52995138888889,1983.0804831067958,834.8564027777777,0.0,10.5595,27.022238936281585,14.521798611111112
2026-03-13 15:29:00,2230.2,158.4,2001.0,0.0,0.0,87.43250446960448,87.52995138888889,2006.5179601248428,834.8564027777777,0.0,10.5595,21.430355546523195,14.521798611111112
2026-03-13 15:30:00,2246.7,154.9,1996.6,0.0,0.0,76.64370527921227,87.52995138888889,2022.8217478681993,834.8564027777777,0.0,10.5595,23.75993576630341,14.521798611111112
2026-03-13 15:31:00,2208.1,149.8,1979.1,0.0,0.0,96.65313206151144,87.52995138888889,1985.9822774122927,834.8564027777777,0.0,10.5595,26.16201142305407,14.521798611111112
2026-03-13 15:32:00,2215.4,150.9,1981.4,0.0,0.0,99.24822738193176,87.52995138888889,1992.2250735089672,834.8564027777777,0.0,10.5595,24.619591525359173,14.521798611111112
2026-03-13 15:33:00,2197.4,146.5,1970.5,0.0,0.0,94.91953529711029,87.52995138888889,1977.7452077662622,834.8564027777777,0.0,10.5595,30.184264094846228,14.521798611111112
2026-03-13 15:34:00,2221.5,150.5,1987.7,0.0,0.0,100.4903631165675,87.52995138888889,1995.6188790370447,834.8564027777777,0.0,10.5595,23.54457247774013,14.521798611111112
2026-03-13 15:35:00,2048.1,0.0,1977.2,0.0,0.0,0.0,87.52995138888889,1968.717823356437,834.8564027777777,0.0,10.5595,0.8626285714285715,14.521798611111112
2026-03-13 15:36:00,2002.0,0.0,1935.6,0.0,0.0,0.0,87.52995138888889,1919.8390048514113,834.8564027777777,0.0,10.5595,0.8626285714285715,14.521798611111112
2026-03-13 15:37:00,2060.1,0.0,1972.1,0.0,0.0,0.0,87.52995138888889,1982.988518383468,834.8564027777777,0.0,10.5595,0.8626285714285715,14.521798611111112
2026-03-13 15:38:00,2101.9,0.0,2022.1,0.0,0.0,0.0,87.52995138888889,2014.355794952107,834.8564027777777,0.0,10.5595,0.8626285714285715,14.521798611111112
2026-03-13 15:39:00,2056.1,0.0,1969.8,0.0,0.0,0.0,87.52995138888889,1977.2826584276095,834.8564027777777,0.0,10.5595,0.0,14.521798611111112
2026-03-13 15:40:00,2060.2,0.0,1981.3,0.0,0.0,0.0,87.52995138888889,1981.8549021534016,834.8564027777777,0.0,10.5595,0.0,14.521798611111112
2026-03-13 15:41:00,2068.4,0.0,1991.8,0.0,0.0,0.0,87.52995138888889,1986.420307909139,834.8564027777777,0.0,10.5595,0.0,14.521798611111112
2026-03-13 15:42:00,2099.1,0.0,2020.6,0.0,0.0,0.0,87.52995138888889,2016.439518846349,834.8564027777777,0.0,10.5595,0.0,14.521798611111112
2026-03-13 15:43:00,2047.3,0.0,1967.8,0.0,0.0,0.0,87.52995138888889,1965.1897716636852,834.8564027777777,0.0,10.5595,0.0,14.521798611111112
2026-03-13 15:44:00,2064.0,0.0,1985.7,0.0,0.0,0.0,87.52995138888889,1986.3824788646532,834.8564027777777,0.0,10.5595,0.0,14.521798611111112
2026-03-13 15:45:00,2037.9,0.0,1971.0,0.0,0.0,0.0,87.52995138888889,1959.0688684882662,834.8564027777777,0.0,10.5595,0.0,14.521798611111112
2026-03-13 15:46:00,2075.7,0.0,2000.7,0.0,0.0,0.0,87.52995138888889,1993.1960539300794,834.8564027777777,0.0,10.5595,0.0,14.521798611111112
2026-03-13 15:47:00,2067.9,0.0,1987.9,0.0,0.0,0.0,87.52995138888889,1986.7118171316008,834.8564027777777,0.0,10.5595,0.0,14.521798611111112
2026-03-13 15:48:00,2018.9,0.0,1938.5,0.0,0.0,0.0,87.52995138888889,1941.045011780702,834.8564027777777,0.0,10.5595,0.0,14.521798611111112
2026-03-13 15:49:00,80.3,0.0,0.0,0.0,0.0,0.0,87.52995138888889,0.0,834.8564027777777,0.0,10.5595,0.8626285714285715,14.521798611111112
2026-03-13 15:50:00,2101.1,0.0,2019.5,0.0,0.0,0.0,87.52995138888889,2014.5317911306354,834.8564027777777,0.0,10.5595,0.8626285714285715,14.521798611111112
2026-03-13 15:51:00,2083.0,0.0,2013.9,0.0,0.0,0.0,87.52995138888889,2001.6259377810106,834.8564027777777,0.0,10.5595,0.8626285714285715,14.521798611111112
2026-03-13 15:52:00,2096.3,0.0,1995.7,0.0,0.0,0.0,87.52995138888889,2012.6947662708546,834.8564027777777,0.0,10.5595,0.8626285714285715,14.521798611111112
2026-03-13 15:53:00,2073.1,0.0,1998.7,0.0,0.0,0.0,87.52995138888889,1992.1191517486016,834.8564027777777,0.0,10.5595,0.8626285714285715,14.521798611111112
2026-03-13 15:54:00,2033.7,0.0,1953.2,0.0,0.0,0.0,87.52995138888889,1953.4863501519721,834.8564027777777,0.0,10.5595,0.8626285714285715,14.521798611111112
2026-03-13 15:55:00,2041.1,0.0,1964.2,0.0,0.0,0.0,87.52995138888889,1960.3752447860415,834.8564027777777,0.0,10.5595,0.8626285714285715,14.521798611111112
2026-03-13 15:56:00,2101.8,0.0,2020.0,0.0,0.0,0.0,87.52995138888889,2015.8461716602033,834.8564027777777,0.0,10.5595,0.8626285714285715,14.521798611111112
2026-03-13 15:57:00,2083.4,0.0,2003.0,0.0,0.0,0.0,87.52995138888889,2001.9965241529715,834.8564027777777,0.0,10.5595,0.8626285714285715,14.521798611111112
2026-03-13 15:58:00,2059.5,0.0,1988.3,0.0,0.0,0.0,87.52995138888889,1982.5172802956313,834.8564027777777,0.0,10.5595,0.8626285714285715,14.521798611111112
2026-03-13 15:59:00,2070.4,0.0,1990.8,0.0,0.0,0.0,87.52995138888889,1991.1743296911548,834.8564027777777,0.0,10.5595,0.8626285714285715,14.521798611111112
2026-03-13 16:00:00,2240.0,141.4,2025.4,0.0,0.0,127.00095890626402,87.52995138888889,2019.3640957478542,834.8564027777777,0.0,10.5595,18.792102087019728,14.521798611111112
2026-03-13 16:01:00,2220.8,152.4,1990.4,0.0,0.0,141.76611707002158,87.52995138888889,1992.2592561182967,834.8564027777777,0.0,10.5595,20.623705363373016,14.521798611111112
2026-03-13 16:02:00,2238.8,149.4,1999.2,0.0,0.0,127.0143853853405,87.52995138888889,2019.1503867497427,834.8564027777777,0.0,10.5595,18.991824309241952,14.521798611111112
2026-03-13 16:03:00,2257.1,152.6,2011.4,0.0,0.0,112.41664412415072,87.52995138888889,2028.3576561092364,834.8564027777777,0.0,10.5595,20.653456184773827,14.521798611111112
2026-03-13 16:04:00,2188.9,152.0,1953.9,0.0,0.0,131.72610298215437,87.52995138888889,1970.0350964260726,834.8564027777777,0.0,10.5595,54.72091119702737,14.521798611111112
2026-03-13 16:05:00,2229.6,150.0,2011.0,0.0,0.0,114.14132361527362,87.52995138888889,2003.6553833765897,834.8564027777777,0.0,10.5595,37.58924661357161,14.521798611111112
2026-03-13 16:06:00,2213.7,145.0,1991.9,0.0,0.0,134.4957404569288,87.52995138888889,1992.3090253791272,834.8564027777777,0.0,10.5595,44.82697133052133,14.521798611111112
2026-03-13 16:07:00,2219.3,149.6,1979.3,0.0,0.0,136.37338057144393,87.52995138888889,1995.0992894475278,834.8564027777777,0.0,10.5595,42.22054941724942,14.521798611111112
2026-03-13 16:08:00,2223.6,148.0,2001.1,0.0,0.0,136.8455561403195,87.52995138888889,1995.9925466810962,834.8564027777777,0.0,10.5595,41.297548162023155,14.521798611111112
2026-03-13 16:09:00,2264.3,150.6,2028.0,0.0,0.0,128.02382308162638,87.52995138888889,2033.04240743706,834.8564027777777,0.0,10.5595,33.76002604617605,14.521798611111112
2026-03-13 16:10:00,2252.9,152.8,2021.3,0.0,0.0,140.6315884074769,87.52995138888889,2021.7646530508152,834.8564027777777,0.0,10.5595,42.7759516093928,14.521798611111112
2026-03-13 16:11:00,2226.2,151.1,2002.5,0.0,0.0,137.86838144595066,87.52995138888889,2001.0883031804794,834.8564027777777,0.0,10.5595,36.11107443330091,14.521798611111112
2026-03-13 16:12:00,2214.0,145.0,1980.8,0.0,0.0,141.45555495376095,87.52995138888889,1991.1070980212523,834.8564027777777,0.0,10.5595,25.024510633212103,14.521798611111112
2026-03-13 16:13:00,2298.4,142.9,2062.2,0.0,0.0,150.59770338871368,87.52995138888889,2022.5160902054004,834.8564027777777,0.0,10.5595,3.341818434343435,14.521798611111112
2026-03-13 16:14:00,2254.9,152.2,2021.2,0.0,0.0,143.88947483061605,87.52995138888889,2024.9500314090117,834.8564027777777,0.0,10.5595,5.355311111111112,14.521798611111112
2026-03-13 16:15:00,2235.7,141.6,2019.3,0.0,0.0,149.30100937580943,87.52995138888889,2006.4466098941623,834.8564027777777,0.0,10.5595,4.560358730158731,14.521798611111112
2026-03-13 16:16:00,2182.8,152.6,1951.4,0.0,0.0,146.14379129916935,87.52995138888889,1964.3343725340562,834.8564027777777,0.0,10.5595,4.550263492063492,14.521798611111112
2026-03-13 16:17:00,2243.5,151.8,2010.4,0.0,0.0,148.72179596427543,87.52995138888889,2014.299512703596,834.8564027777777,0.0,10.5595,4.560358730158731,14.521798611111112
2026-03-13 16:18:00,2228.7,145.2,2004.3,0.0,0.0,148.95900242899805,87.52995138888889,2000.167006768776,834.8564027777777,0.0,10.5595,4.560358730158731,14.521798611111112
2026-03-13 16:19:00,2236.6,146.9,2007.8,0.0,0.0,149.83139082442614,87.52995138888889,2007.293025090217,834.8564027777777,0.0,10.5595,0.0,14.521798611111112
2026-03-13 16:20:00,2232.2,147.2,2005.2,0.0,0.0,149.08670436582386,87.52995138888889,2003.7876759966157,834.8564027777777,0.0,10.5595,0.0,14.521798611111112
2026-03-13 16:21:00,2248.5,147.3,2023.9,0.0,0.0,149.21687100911072,87.52995138888889,2022.8685873895308,834.8564027777777,0.0,10.5595,0.0,14.521798611111112
2026-03-13 16:22:00,2256.7,150.5,2032.7,0.0,0.0,150.5366740351696,87.52995138888889,2027.0624188467846,834.8564027777777,0.0,10.5595,0.0,14.521798611111112
2026-03-13 16:23:00,2220.0,143.2,2005.3,0.0,0.0,148.04784751207393,87.52995138888889,1990.4446857547578,834.8564027777777,0.0,10.5595,0.0,14.521798611111112
2026-03-13 16:24:00,2239.2,152.0,2002.9,0.0,0.0,150.27061720762893,87.52995138888889,2008.030635573715,834.8564027777777,0.0,10.5595,0.0,14.521798611111112
2026-03-13 16:25:00,2174.4,147.3,1946.0,0.0,0.0,147.08654165398872,87.52995138888889,1950.3178576665166,834.8564027777777,0.0,10.5595,0.0,14.521798611111112
2026-03-13 16:26:00,2250.4,147.4,2019.4,0.0,0.0,150.10618361872332,87.52995138888889,2020.6698981224622,834.8564027777777,0.0,10.5595,0.0,14.521798611111112
2026-03-13 16:27:00,2221.0,153.1,1997.1,0.0,0.0,148.07597154234648,87.52995138888889,1989.3061085529291,834.8564027777777,0.0,10.5595,0.0,14.521798611111112
2026-03-13 16:28:00,2285.1,151.5,2045.2,0.0,0.0,151.12404960108978,87.52995138888889,2048.2812108490093,834.8564027777777,0.0,10.5595,0.48443386243386244,14.521798611111112
2026-03-13 16:29:00,2262.6,141.6,2035.6,0.0,0.0,150.38042504216915,87.52995138888889,2032.8257710986534,834.8564027777777,0.0,10.5595,0.0,14.521798611111112
2026-03-13 16:30:00,2255.7,147.0,2021.2,0.0,0.0,150.10686577638052,87.52995138888889,2025.3717292599003,834.8564027777777,0.0,10.5595,0.0,14.521798611111112
2026-03-13 16:31:00,2175.1,145.8,1950.3,0.0,0.0,147.70398065534684,87.52995138888889,1950.7926802254394,834.8564027777777,0.0,10.5595,0.0,14.521798611111112
2026-03-13 16:32:00,2223.3,155.1,1991.5,0.0,0.0,148.56572136567138,87.52995138888889,1994.1839940436037,834.8564027777777,0.0,10.5595,0.0,14.521798611111112
2026-03-13 16:33:00,2170.9,148.9,1946.9,0.0,0.0,145.01943988647807,87.52995138888889,1943.987944274093,834.8564027777777,0.0,10.5595,0.0,14.521798611111112
2026-03-13 16:34:00,2240.4,150.4,2004.3,0.0,0.0,150.4077963917976,87.52995138888889,2008.5810189417625,834.8564027777777,0.0,10.5595,0.0,14.521798611111112
2026-03-13 16:35:00,2049.4,0.0,1975.9,0.0,0.0,0.0,87.52995138888889,1969.073533388997,834.8564027777777,0.0,10.5595,0.0,14.521798611111112
2026-03-13 16:36:00,2079.5,0.0,2004.2,0.0,0.0,0.0,87.52995138888889,1999.3394071956368,834.8564027777777,0.0,10.5595,0.0,14.521798611111112
2026-03-13 16:37:00,1999.9,0.0,1924.2,0.0,0.0,0.0,87.52995138888889,1918.387485256192,834.8564027777777,0.0,10.5595,0.0,14.521798611111112
2026-03-13 16:38:00,2028.8,0.0,1945.8,0.0,0.0,0.0,87.52995138888889,1949.1492319942517,834.8564027777777,0.0,10.5595,0.0,14.521798611111112
2026-03-13 16:39:00,2031.0,0.0,1947.2,0.0,0.0,0.0,87.52995138888889,1949.0125788640491,834.8564027777777,0.0,10.5595,0.0,14.521798611111112
2026-03-13 16:40:00,2069.1,0.0,1986.7,0.0,0.0,0.0,87.52995138888889,1989.0528929450886,834.8564027777777,0.0,10.5595,0.0,14.521798611111112
2026-03-13 16:41:00,2082.5,0.0,2010.9,0.0,0.0,0.0,87.52995138888889,2002.5324418791454,834.8564027777777,0.0,10.5595,0.0,14.521798611111112
2026-03-13 16:42:00,2110.7,0.0,2034.3,0.0,0.0,0.0,87.52995138888889,2028.8831713803202,834.8564027777777,0.0,10.5595,0.0,14.521798611111112
2026-03-13 16:43:00,2040.9,0.0,1965.2,0.0,0.0,0.0,87.52995138888889,1963.8393828943383,834.8564027777777,0.0,10.5595,0.0,14.521798611111112
2026-03-13 16:44:00,2096.0,0.0,2010.5,0.0,0.0,0.0,87.52995138888889,2016.5599033484127,834.8564027777777,0.0,10.5595,0.0,14.521798611111112
2026-03-13 16:45:00,2087.2,0.0,2011.7,0.0,0.0,0.0,87.52995138888889,2007.439139380788,834.8564027777777,0.0,10.5595,0.0,14.521798611111112
2026-03-13 16:46:00,2071.1,0.0,1990.0,0.0,0.0,0.0,87.52995138888889,1994.6010625164765,834.8564027777777,0.0,10.5595,0.0,14.521798611111112
2026-03-13 16:47:00,2061.5,0.0,1991.5,0.0,0.0,0.0,87.52995138888889,1984.4321517017693,834.8564027777777,0.0,10.5595,0.0,14.521798611111112
2026-03-13 16:48:00,2057.4,0.0,1968.4,0.0,0.0,0.0,87.52995138888889,1978.7548459860957,834.8564027777777,0.0,10.5595,0.0,14.521798611111112
2026-03-13 16:49:00,2082.6,0.0,2013.7,0.0,0.0,0.0,87.52995138888889,1998.4128383749926,834.8564027777777,0.0,10.5595,0.0,14.521798611111112
2026-03-13 16:50:00,2094.8,0.0,2013.8,0.0,0.0,0.0,87.52995138888889,2014.7121032197501,834.8564027777777,0.0,10.5595,0.0,14.521798611111112
2026-03-13 16:51:00,2058.5,0.0,1987.6,0.0,0.0,0.0,87.52995138888889,1980.7279664903176,834.8564027777777,0.0,10.5595,0.0,14.521798611111112
2026-03-13 16:52:00,2042.0,0.0,1974.5,0.0,0.0,0.0,87.52995138888889,1963.0880173159194,834.8564027777777,0.0,10.5595,0.0,14.521798611111112
2026-03-13 16:53:00,2050.1,0.0,1964.4,0.0,0.0,0.0,87.52995138888889,1971.821346960829,834.8564027777777,0.0,10.5595,0.0,14.521798611111112
2026-03-13 16:54:00,2086.4,0.0,1998.8,0.0,0.0,0.0,87.52995138888889,2007.053277701968,834.8564027777777,0.0,10.5595,0.0,14.521798611111112
2026-03-13 16:55:00,2065.3,0.0,1980.4,0.0,0.0,0.0,87.52995138888889,1985.6175716898963,834.8564027777777,0.0,10.5595,0.0,14.521798611111112
2026-03-13 16:56:00,2066.2,0.0,1993.7,0.0,0.0,0.0,87.52995138888889,1985.5761683312176,834.8564027777777,0.0,10.5595,0.0,14.521798611111112
2026-03-13 16:57:00,2101.4,0.0,2031.9,0.0,0.0,0.0,87.52995138888889,2022.6098595594494,834.8564027777777,0.0,10.5595,0.0,14.521798611111112
2026-03-13 16:58:00,2082.9,0.0,2005.6,0.0,0.0,0.0,87.52995138888889,2001.6491825754001,834.8564027777777,0.0,10.5595,0.0,14.521798611111112
2026-03-13 16:59:00,2092.4,0.0,2017.3,0.0,0.0,0.0,87.52995138888889,2013.1423751760217,834.8564027777777,0.0,10.5595,0.0,14.521798611111112
2026-03-13 17:00:00,2280.4,164.2,2033.3,0.0,0.0,151.42374175732542,87.52995138888889,2046.2158308299543,834.8564027777777,0.0,10.5595,0.0,14.521798611111112
2026-03-13 17:01:00,2257.5,145.8,2026.6,0.0,0.0,150.25263638567318,87.52995138888889,2028.3037005911845,834.8564027777777,0.0,10.5595,0.0,14.521798611111112
2026-03-13 17:02:00,2234.5,147.3,2007.2,0.0,0.0,150.82420744348244,87.52995138888889,2006.1381738004752,834.8564027777777,0.0,10.5595,0.0,14.521798611111112
2026-03-13 17:03:00,2161.8,153.2,1925.9,0.0,0.0,143.34644709489854,87.52995138888889,1943.3831143556465,834.8564027777777,0.0,10.5595,0.0,14.521798611111112
2026-03-13 17:04:00,2227.6,158.7,1992.7,0.0,0.0,150.2015290354354,87.52995138888889,1998.756956354212,834.8564027777777,0.0,10.5595,0.0,14.521798611111112
2026-03-13 17:05:00,2230.9,140.4,2005.9,0.0,0.0,150.2639488848241,87.52995138888889,2001.6204049246503,834.8564027777777,0.0,10.5595,0.0,14.521798611111112
2026-03-13 17:06:00,2171.0,148.8,1954.0,0.0,0.0,140.3678374844196,87.52995138888889,1946.4272171927876,834.8564027777777,0.0,10.5595,0.0,14.521798611111112
2026-03-13 17:07:00,2215.7,149.7,1990.0,0.0,0.0,149.94874539763074,87.52995138888889,1988.3286592639467,834.8564027777777,0.0,10.5595,0.0,14.521798611111112
2026-03-13 17:08:00,2271.9,150.6,2034.3,0.0,0.0,151.5456401317732,87.52995138888889,2037.4663553209866,834.8564027777777,0.0,10.5595,0.0,14.521798611111112
2026-03-13 17:09:00,2318.1,158.1,2076.6,0.0,0.0,150.54398937710698,87.52995138888889,2066.4971805566197,834.8564027777777,0.0,10.5595,0.38492255892255894,14.521798611111112
2026-03-13 17:10:00,2255.3,149.9,2026.6,0.0,0.0,150.54849193265264,87.52995138888889,2024.2808176877031,834.8564027777777,0.0,10.5595,0.0,14.521798611111112
2026-03-13 17:11:00,2284.1,154.0,2048.9,0.0,0.0,151.02183599063278,87.52995138888889,2049.7393504810484,834.8564027777777,0.0,10.5595,0.0,14.521798611111112
2026-03-13 17:12:00,2189.2,143.7,1969.2,0.0,0.0,150.2100272974818,87.52995138888889,1959.4759449515088,834.8564027777777,0.0,10.5595,0.0,14.521798611111112
2026-03-13 17:13:00,2245.7,151.7,2019.3,0.0,0.0,150.79912499223053,87.52995138888889,2015.472869283634,834.8564027777777,0.0,10.5595,0.0,14.521798611111112
2026-03-13 17:14:00,2271.4,148.1,2040.5,0.0,0.0,151.68170967594492,87.52995138888889,2035.343128247298,834.8564027777777,0.0,10.5595,0.0,14.521798611111112
2026-03-13 17:15:00,2231.4,158.4,1994.3,0.0,0.0,150.28966891632334,87.52995138888889,2002.8387362250755,834.8564027777777,0.0,10.5595,0.0,14.521798611111112
2026-03-13 17:16:00,2223.1,152.7,1990.6,0.0,0.0,149.7265848700863,87.52995138888889,1992.3052688762332,834.8564027777777,0.0,10.5595,0.0,14.521798611111112
2026-03-13 17:17:00,2174.2,146.7,1957.7,0.0,0.0,145.64956246514635,87.52995138888889,1949.8248188798134,834.8564027777777,0.0,10.5595,0.0,14.521798611111112
2026-03-13 17:18:00,2263.9,149.8,2039.3,0.0,0.0,151.136460174194,87.52995138888889,2033.81267148614,834.8564027777777,0.0,10.5595,0.0,14.521798611111112
2026-03-13 17:19:00,2207.7,147.3,1972.5,0.0,0.0,149.00018578404166,87.52995138888889,1976.8361880781847,834.8564027777777,0.0,10.5595,0.0,14.521798611111112
2026-03-13 17:20:00,2222.4,146.7,1990.0,0.0,0.0,149.2111151584197,87.52995138888889,1991.6690502039467,834.8564027777777,0.0,10.5595,0.0,14.521798611111112
2026-03-13 17:21:00,2214.6,149.4,1992.9,0.0,0.0,148.61292437676698,87.52995138888889,1988.850820806399,834.8564027777777,0.0,10.5595,0.0,14.521798611111112
2026-03-13 17:22:00,2161.8,150.7,1936.3,0.0,0.0,141.88039354626852,87.52995138888889,1939.6983101276294,834.8564027777777,0.0,10.5595,0.0,14.521798611111112
2026-03-13 17:23:00,2223.5,144.3,1999.2,0.0,0.0,149.71299484496987,87.52995138888889,1992.0999935127081,834.8564027777777,0.0,10.5595,0.0,14.521798611111112
2026-03-13 17:24:00,2244.2,142.7,2005.1,0.0,0.0,149.59519374579668,87.52995138888889,2015.4438910500166,834.8564027777777,0.0,10.5595,0.0,14.521798611111112
2026-03-13 17:25:00,2193.8,153.2,1964.7,0.0,0.0,147.7877709172635,87.52995138888889,1967.56965332935,834.8564027777777,0.0,10.5595,0.0,14.521798611111112
2026-03-13 17:26:00,2228.7,151.7,2002.8,0.0,0.0,150.27284584337238,87.52995138888889,1998.5195698665175,834.8564027777777,0.0,10.5595,0.0,14.521798611111112
2026-03-13 17:27:00,2233.2,150.4,2011.4,0.0,0.0,151.4739073972324,87.52995138888889,2002.0712904285092,834.8564027777777,0.0,10.5595,0.0,14.521798611111112
2026-03-13 17:28:00,2290.9,153.6,2053.8,0.0,0.0,151.39622090567389,87.52995138888889,2049.980472488568,834.8564027777777,0.0,10.5595,8.198775397369515,14.521798611111112
2026-03-13 17:29:00,2210.9,147.9,1979.5,0.0,0.0,150.16563868974163,87.52995138888889,1978.5569884988654,834.8564027777777,0.0,10.5595,0.0,14.521798611111112
2026-03-13 17:30:00,2271.4,149.2,2040.6,0.0,0.0,151.31241105006396,87.52995138888889,2035.8973782061082,834.8564027777777,0.0,10.5595,0.0,14.521798611111112
2026-03-13 17:31:00,2258.6,157.8,2021.6,0.0,0.0,150.71522488062055,87.52995138888889,2028.1056123683873,834.8564027777777,0.0,10.5595,0.0,14.521798611111112
2026-03-13 17:32:00,2242.8,145.5,2010.4,0.0,0.0,149.42661052493827,87.52995138888889,2014.3121852660547,834.8564027777777,0.0,10.5595,0.0,14.521798611111112
2026-03-13 17:33:00,2249.3,158.0,2004.6,0.0,0.0,149.5679384936472,87.52995138888889,2021.3179741097567,834.8564027777777,0.0,10.5595,0.0,14.521798611111112
2026-03-13 17:34:00,2279.3,153.1,2041.2,0.0,0.0,151.07170185495335,87.52995138888889,2040.3931202982203,834.8564027777777,0.0,10.5595,0.0,14.521798611111112
2026-03-13 17:35:00,2093.0,0.0,2008.6,0.0,0.0,0.0,87.52995138888889,2014.8048225376472,834.8564027777777,0.0,10.5595,0.0,14.521798611111112
2026-03-13 17:36:00,2059.1,0.0,1988.7,0.0,0.0,0.0,87.52995138888889,1981.7114252069282,834.8564027777777,0.0,10.5595,0.0,14.521798611111112
2026-03-13 17:37:00,2075.7,0.0,2001.7,0.0,0.0,0.0,87.52995138888889,1993.2796476448032,834.8564027777777,0.0,10.5595,0.0,14.521798611111112
2026-03-13 17:38:00,2098.7,0.0,2014.5,0.0,0.0,0.0,87.52995138888889,2018.0939654623157,834.8564027777777,0.0,10.5595,0.0,14.521798611111112
2026-03-13 17:39:00,2001.1,0.0,1928.4,0.0,0.0,0.0,87.52995138888889,1918.358818589525,834.8564027777777,0.0,10.5595,0.0,14.521798611111112
2026-03-13 17:40:00,2124.5,0.0,2036.6,0.0,0.0,0.0,87.52995138888889,2035.8333743954306,834.8564027777777,0.0,10.5595,0.0,14.521798611111112
2026-03-13 17:41:00,2086.3,0.0,2014.1,0.0,0.0,0.0,87.52995138888889,2003.1012228208062,834.8564027777777,0.0,10.5595,0.0,14.521798611111112
2026-03-13 17:42:00,2114.9,0.0,2037.6,0.0,0.0,0.0,87.52995138888889,2029.3861806463133,834.8564027777777,0.0,10.5595,0.0,14.521798611111112
2026-03-13 17:43:00,2087.5,0.0,1999.9,0.0,0.0,0.0,87.52995138888889,2005.675724304167,834.8564027777777,0.0,10.5595,0.0,14.521798611111112
2026-03-13 17:44:00,2073.9,0.0,1993.0,0.0,0.0,0.0,87.52995138888889,1993.111054169515,834.8564027777777,0.0,10.5595,0.0,14.521798611111112
2026-03-13 17:45:00,2057.8,0.0,1982.7,0.0,0.0,0.0,87.52995138888889,1977.5645751455522,834.8564027777777,0.0,10.5595,0.0,14.521798611111112
2026-03-13 17:46:00,2112.1,0.0,2027.1,0.0,0.0,0.0,87.52995138888889,2032.111290176773,834.8564027777777,0.0,10.5595,0.0,14.521798611111112
2026-03-13 17:47:00,2087.0,0.0,2011.3,0.0,0.0,0.0,87.52995138888889,2003.7018840981993,834.8564027777777,0.0,10.5595,0.0,14.521798611111112
2026-03-13 17:48:00,2071.7,0.0,1989.8,0.0,0.0,0.0,87.52995138888889,1991.9190385720226,834.8564027777777,0.0,10.5595,0.0,14.521798611111112
2026-03-13 17:49:00,2050.5,0.0,1975.5,0.0,0.0,0.0,87.52995138888889,1972.4970577239762,834.8564027777777,0.0,10.5595,0.0,14.521798611111112
2026-03-13 17:50:00,2117.8,0.0,2042.2,0.0,0.0,0.0,87.52995138888889,2035.2189991719486,834.8564027777777,0.0,10.5595,0.0,14.521798611111112
2026-03-13 17:51:00,2025.8,0.0,1950.9,0.0,0.0,0.0,87.52995138888889,1949.343473684756,834.8564027777777,0.0,10.5595,0.10771428571428569,14.521798611111112
2026-03-13 17:52:00,2073.0,0.0,1995.4,0.0,0.0,0.0,87.52995138888889,1994.3986288650892,834.8564027777777,0.0,10.5595,0.0,14.521798611111112
2026-03-13 17:53:00,2115.8,0.0,2037.1,0.0,0.0,18.82412944462945,87.52995138888889,2033.7900069343912,834.8564027777777,0.0,10.5595,0.0,14.521798611111112
2026-03-13 17:54:00,2066.4,0.0,1991.6,0.0,0.0,0.0,87.52995138888889,1985.0659220211705,834.8564027777777,0.0,10.5595,0.0,14.521798611111112
2026-03-13 17:55:00,2086.8,0.0,2013.2,0.0,0.0,0.0,87.52995138888889,2003.5389079536155,834.8564027777777,0.0,10.5595,0.0,14.521798611111112
2026-03-13 17:56:00,2068.3,0.0,1991.4,0.0,0.0,0.0,87.52995138888889,1988.1445753248388,834.8564027777777,0.0,10.5595,0.0,14.521798611111112
2026-03-13 17:57:00,2126.7,0.0,2051.5,0.0,0.0,0.0,87.52995138888889,2041.478876352951,834.8564027777777,0.0,10.5595,0.0,14.521798611111112
2026-03-13 17:58:00,2051.5,0.0,1973.1,0.0,0.0,0.0,87.52995138888889,1973.5981041326331,834.8564027777777,0.0,10.5595,0.0,14.521798611111112
2026-03-13 17:59:00,2069.4,0.0,1994.6,0.0,0.0,0.0,87.52995138888889,1988.200229744711,834.8564027777777,0.0,10.5595,0.0788,14.521798611111112
2026-03-13 18:00:00,2329.5,151.0,1984.9,0.0,118.7,148.94935376269183,87.52995138888889,2009.615656274009,834.8564027777777,0.0,10.5595,112.91407273168014,14.521798611111112
2026-03-13 18:01:00,2308.0,135.2,1976.1,0.0,116.1,149.83047972134793,87.52995138888889,2014.4503022157587,834.8564027777777,0.0,10.5595,80.93468699482777,14.521798611111112
2026-03-13 18:02:00,2279.6,145.7,1944.9,0.0,115.2,150.73739224244966,87.52995138888889,2034.0104225903726,834.8564027777777,0.0,10.5595,3.0657174603174604,14.521798611111112
2026-03-13 18:03:00,2286.8,153.3,2055.5,0.0,0.0,151.73322878308772,87.52995138888889,2030.4344785668038,834.8564027777777,0.0,10.5595,7.391914495090965,14.521798611111112
2026-03-13 18:04:00,2325.6,146.5,1983.6,0.0,116.2,150.69631788140762,87.52995138888889,2001.055734355241,834.8564027777777,0.0,10.5595,115.33984254802934,14.521798611111112
2026-03-13 18:05:00,2367.3,150.9,2016.9,0.0,125.6,151.5858671263377,87.52995138888889,2013.319788746331,834.8564027777777,0.0,10.5595,119.4541581914245,14.521798611111112
2026-03-13 18:06:00,2331.2,153.9,1980.3,0.0,127.9,149.38324784757725,87.52995138888889,1994.6367156342026,834.8564027777777,0.0,10.5595,117.29724485772512,14.521798611111112
2026-03-13 18:07:00,2230.6,152.6,1996.5,0.0,0.0,150.72054337492574,87.52995138888889,2000.1675767509726,834.8564027777777,0.0,10.5595,5.089386111111111,14.521798611111112
2026-03-13 18:08:00,2390.3,156.1,2034.3,0.0,114.2,150.63707504804563,87.52995138888889,2027.0716729282703,834.8564027777777,0.0,10.5595,122.11900960696794,14.521798611111112
2026-03-13 18:09:00,2369.4,145.6,2023.4,0.0,115.6,150.81000629958285,87.52995138888889,2014.5710287558854,834.8564027777777,0.0,10.5595,122.43434635547628,14.521798611111112
2026-03-13 18:10:00,2167.6,148.9,1936.5,0.0,0.0,75.43816109685523,87.52995138888889,1976.6468541738689,834.8564027777777,0.0,10.5595,21.253754859565387,14.521798611111112
2026-03-13 18:11:00,2193.1,151.3,1962.9,0.0,0.0,140.52193624903927,87.52995138888889,1980.9840227983357,834.8564027777777,0.0,10.5595,18.994218907018908,14.521798611111112
2026-03-13 18:12:00,2213.4,152.8,1981.2,0.0,0.0,145.4391654180185,87.52995138888889,1987.7919226427337,834.8564027777777,0.0,10.5595,20.174359496059495,14.521798611111112
2026-03-13 18:13:00,2298.8,143.9,1973.7,0.0,107.2,150.3935830906022,87.52995138888889,1986.7972597557687,834.8564027777777,0.0,10.5595,64.25431596720273,14.521798611111112
2026-03-13 18:14:00,2168.6,143.2,1944.8,0.0,0.0,92.54817708984916,87.52995138888889,1964.161511795915,834.8564027777777,0.0,10.5595,42.689794912752646,14.521798611111112
2026-03-13 18:15:00,2166.2,142.0,1941.8,0.0,0.0,87.67564584774819,87.52995138888889,1960.0613223674234,834.8564027777777,0.0,10.5595,33.81541263796116,14.521798611111112
2026-03-13 18:16:00,2340.8,148.3,1998.6,0.0,121.4,151.21925685365835,87.52995138888889,1991.4104887018757,834.8564027777777,0.0,10.5595,118.47954413919412,14.521798611111112
2026-03-13 18:17:00,2430.8,152.1,2062.9,0.0,126.8,150.99107391263414,87.52995138888889,2075.981332977481,834.8564027777777,0.0,10.5595,123.05515564919828,14.521798611111112
2026-03-13 18:18:00,2303.9,148.2,1951.8,0.0,122.4,150.72427624205858,87.52995138888889,1982.440689204913,834.8564027777777,0.0,10.5595,95.94050192711772,14.521798611111112
2026-03-13 18:19:00,2346.2,149.6,2002.8,0.0,116.2,150.7486413912884,87.52995138888889,1996.0001851912255,834.8564027777777,0.0,10.5595,120.39726726302024,14.521798611111112
2026-03-13 18:20:00,2175.9,153.8,1939.0,0.0,0.0,112.26417518110543,87.52995138888889,1970.0510156854048,834.8564027777777,0.0,10.5595,15.595340707051237,14.521798611111112
2026-03-13 18:21:00,2313.2,141.4,1964.6,0.0,121.5,149.47250600454473,87.52995138888889,2003.993193842575,834.8564027777777,0.0,10.5595,75.24373941336442,14.521798611111112
2026-03-13 18:22:00,2363.0,146.7,2017.9,0.0,126.7,150.64623262685032,87.52995138888889,2014.4728656011196,834.8564027777777,0.0,10.5595,119.98467732561558,14.521798611111112
2026-03-13 18:23:00,2227.2,141.9,1999.7,0.0,0.0,125.03557826481793,87.52995138888889,1996.8306819975226,834.8564027777777,0.0,10.5595,15.721319963369963,14.521798611111112
2026-03-13 18:24:00,2335.6,154.8,1979.1,0.0,117.8,150.46092386350037,87.52995138888889,1986.2349298530987,834.8564027777777,0.0,10.5595,120.63269240046449,14.521798611111112
2026-03-13 18:25:00,2357.2,150.6,2017.0,0.0,113.9,146.0948936205951,87.52995138888889,2009.7378728137735,834.8564027777777,0.0,10.5595,119.72936706599504,14.521798611111112
2026-03-13 18:26:00,2271.8,155.8,2026.6,0.0,0.0,147.3521737172328,87.52995138888889,2023.1193231003463,834.8564027777777,0.0,10.5595,11.100492165242166,14.521798611111112
2026-03-13 18:27:00,2380.1,138.8,2018.5,0.0,129.3,143.20268364739843,87.52995138888889,2028.2314370852464,834.8564027777777,0.0,10.5595,123.23819688855461,14.521798611111112
2026-03-13 18:28:00,2195.2,142.4,1969.5,0.0,0.0,130.4845115532043,87.52995138888889,1971.826370955134,834.8564027777777,0.0,10.5595,30.257912548562558,14.521798611111112
2026-03-13 18:29:00,2358.9,146.1,2015.6,0.0,114.6,141.79246764531769,87.52995138888889,2009.8421998015997,834.8564027777777,0.0,10.5595,120.62096943065828,14.521798611111112
2026-03-13 18:30:00,2387.1,150.5,2035.0,0.0,118.8,149.46771932582678,87.52995138888889,2032.56553519438,834.8564027777777,0.0,10.5595,122.50858727302102,14.521798611111112
2026-03-13 18:31:00,2275.4,150.7,2037.0,0.0,0.0,147.1604358060699,87.52995138888889,2004.7782043120133,834.8564027777777,0.0,10.5595,39.6031311441282,14.521798611111112
2026-03-13 18:32:00,2284.9,152.5,2067.9,0.0,0.0,149.10027719139302,87.52995138888889,2009.7689136598376,834.8564027777777,0.0,10.5595,59.451157765818095,14.521798611111112
2026-03-13 18:33:00,2214.3,152.1,1992.9,0.0,0.0,122.52198747947106,87.52995138888889,1993.1260339899209,834.8564027777777,0.0,10.5595,10.86680701520701,14.521798611111112
2026-03-13 18:34:00,2364.4,143.9,2026.6,0.0,116.7,148.3178816147446,87.52995138888889,2014.4905554868872,834.8564027777777,0.0,10.5595,121.55848443860343,14.521798611111112
2026-03-13 18:35:00,2236.5,0.0,2033.8,0.0,126.5,104.66707219612748,87.52995138888889,2011.2459293916872,834.8564027777777,0.0,10.5595,30.825284565434565,14.521798611111112
2026-03-13 18:36:00,2124.5,0.0,2046.1,0.0,0.0,4.410543915343916,87.52995138888889,2010.4632858375294,834.8564027777777,0.0,10.5595,16.595128260628258,14.521798611111112
2026-03-13 18:37:00,2154.9,0.0,1956.2,0.0,118.4,77.99080409385937,87.52995138888889,1969.1103728451828,834.8564027777777,0.0,10.5595,31.777964229724525,14.521798611111112
2026-03-13 18:38:00,2171.3,0.0,1959.9,0.0,125.6,65.66658644438348,87.52995138888889,1972.4974474790474,834.8564027777777,0.0,10.5595,78.42452198367222,14.521798611111112
2026-03-13 18:39:00,2216.4,0.0,2017.0,0.0,114.2,27.571186715680838,87.52995138888889,2004.2403080427316,834.8564027777777,0.0,10.5595,89.48493093018091,14.521798611111112
2026-03-13 18:40:00,2132.6,0.0,2044.9,0.0,0.0,0.28524999999999995,87.52995138888889,2012.7461201909196,834.8564027777777,0.0,10.5595,67.65080627101943,14.521798611111112
2026-03-13 18:41:00,2176.7,0.0,1971.7,0.0,123.7,9.226490923890925,87.52995138888889,1984.421975518164,834.8564027777777,0.0,10.5595,107.37733340705559,14.521798611111112
2026-03-13 18:42:00,2200.5,0.0,1993.5,0.0,121.3,35.33015208558499,87.52995138888889,1988.4971353436292,834.8564027777777,0.0,10.5595,58.31037857926386,14.521798611111112
2026-03-13 18:43:00,2173.6,0.0,1981.3,0.0,115.4,38.06806299903799,87.52995138888889,1980.3866706207205,834.8564027777777,0.0,10.5595,50.81776081647112,14.521798611111112
2026-03-13 18:44:00,2112.1,0.0,2030.2,0.0,0.0,0.0,87.52995138888889,2025.294160185037,834.8564027777777,0.0,10.5595,0.9420603174603175,14.521798611111112
2026-03-13 18:45:00,2234.2,0.0,2030.5,0.0,121.8,66.8031581947464,87.52995138888889,2009.6149122564254,834.8564027777777,0.0,10.5595,67.9049749365014,14.521798611111112
2026-03-13 18:46:00,2215.9,0.0,2010.9,0.0,123.5,31.001083121290485,87.52995138888889,2005.9903829506322,834.8564027777777,0.0,10.5595,72.00361532204177,14.521798611111112
2026-03-13 18:47:00,2242.6,0.0,2026.5,0.0,127.1,86.69180021951735,87.52995138888889,2016.0846262140913,834.8564027777777,0.0,10.5595,55.825580586407064,14.521798611111112
2026-03-13 18:48:00,2125.1,0.0,2043.3,0.0,0.0,0.12224999999999998,87.52995138888889,2038.8587010880735,834.8564027777777,0.0,10.5595,9.327745791245793,14.521798611111112
2026-03-13 18:49:00,2150.1,0.0,2073.0,0.0,0.0,22.625302627927628,87.52995138888889,1967.2879069800938,834.8564027777777,0.0,10.5595,95.56820559913945,14.521798611111112
2026-03-13 18:50:00,2198.3,0.0,2001.4,0.0,121.1,18.122320398501284,87.52995138888889,1990.3125858169137,834.8564027777777,0.0,10.5595,108.58192324690562,14.521798611111112
2026-03-13 18:51:00,2176.9,0.0,1980.4,0.0,119.3,15.809571310552188,87.52995138888889,1976.5140874282695,834.8564027777777,0.0,10.5595,107.32558964379851,14.521798611111112
2026-03-13 18:52:00,2201.2,0.0,2003.4,0.0,125.9,17.72823724461813,87.52995138888889,1989.7420521946465,834.8564027777777,0.0,10.5595,105.72942109421084,14.521798611111112
2026-03-13 18:53:00,2102.6,0.0,2016.9,0.0,0.0,0.0,87.52995138888889,2019.0796877048883,834.8564027777777,0.0,10.5595,0.0,14.521798611111112
2026-03-13 18:54:00,2193.1,0.0,1993.7,0.0,117.2,15.3102786318801,87.52995138888889,1987.2465627356933,834.8564027777777,0.0,10.5595,108.83638435061668,14.521798611111112
2026-03-13 18:55:00,2067.9,0.0,1993.2,0.0,0.0,0.0,87.52995138888889,1987.7280441911578,834.8564027777777,0.0,10.5595,0.0,14.521798611111112
2026-03-13 18:56:00,2085.5,0.0,2009.4,0.0,0.0,0.0,87.52995138888889,2002.3944285094215,834.8564027777777,0.0,10.5595,0.0,14.521798611111112
2026-03-13 18:57:00,2188.7,0.0,1989.0,0.0,120.0,22.367293676693674,87.52995138888889,1981.6508239885075,834.8564027777777,0.0,10.5595,104.75047524218698,14.521798611111112
2026-03-13 18:58:00,2091.0,0.0,2029.3,0.0,0.0,0.0,87.52995138888889,2010.3266696212825,834.8564027777777,0.0,10.5595,0.0,14.521798611111112
2026-03-13 18:59:00,2062.0,0.0,1986.9,0.0,0.0,0.0,87.52995138888889,1982.871271082731,834.8564027777777,0.0,10.5595,0.0,14.521798611111112
2026-03-13 19:00:00,2177.4,150.3,1954.0,0.0,0.0,26.49371905501906,87.52995138888889,1978.073410115521,834.8564027777777,0.0,10.5595,100.12952479947528,14.521798611111112
2026-03-13 19:01:00,2347.9,153.6,1997.9,0.0,118.2,141.7631807975421,87.52995138888889,1998.7199968679467,834.8564027777777,0.0,10.5595,119.86468813364993,14.521798611111112
2026-03-13 19:02:00,2199.7,150.6,1978.3,0.0,0.0,33.2910056823351,87.52995138888889,1990.432563289823,834.8564027777777,0.0,10.5595,94.17448768228968,14.521798611111112
2026-03-13 19:03:00,2353.2,154.1,1999.0,0.0,122.0,149.70342294841956,87.52995138888889,2005.4935647209948,834.8564027777777,0.0,10.5595,119.06598722181666,14.521798611111112
2026-03-13 19:04:00,2249.8,147.8,2014.2,0.0,0.0,103.5897703574204,87.52995138888889,2029.4513274633857,834.8564027777777,0.0,10.5595,34.23152597901467,14.521798611111112
2026-03-13 19:05:00,2376.1,152.6,2029.1,0.0,117.0,150.31918469890675,87.52995138888889,2024.411290388642,834.8564027777777,0.0,10.5595,122.46610064994917,14.521798611111112
2026-03-13 19:06:00,2248.5,150.2,2023.6,0.0,0.0,115.76417150110234,87.52995138888889,2029.9484834343755,834.8564027777777,0.0,10.5595,32.778699405370475,14.521798611111112
2026-03-13 19:07:00,2380.2,152.3,2020.1,0.0,127.9,150.96755592653545,87.52995138888889,2026.2414641434816,834.8564027777777,0.0,10.5595,122.62231166301018,14.521798611111112
2026-03-13 19:08:00,2231.6,150.2,1997.9,0.0,0.0,124.71216188109278,87.52995138888889,2008.33002772206,834.8564027777777,0.0,10.5595,17.10459490879491,14.521798611111112
2026-03-13 19:09:00,2344.3,148.0,2008.4,0.0,111.9,150.67369162183135,87.52995138888889,1994.0144435614473,834.8564027777777,0.0,10.5595,120.80114125520161,14.521798611111112
2026-03-13 19:10:00,2341.2,149.6,1977.5,0.0,125.4,149.34751761588092,87.52995138888889,1992.2427201628407,834.8564027777777,0.0,10.5595,121.08153710673571,14.521798611111112
2026-03-13 19:11:00,2361.8,150.3,2021.4,0.0,117.9,149.2491052547671,87.52995138888889,2012.6119578454231,834.8564027777777,0.0,10.5595,119.60470510165219,14.521798611111112
2026-03-13 19:12:00,2246.4,150.8,2019.9,0.0,0.0,120.11651762246464,87.52995138888889,2025.206351253081,834.8564027777777,0.0,10.5595,24.284392776123653,14.521798611111112
2026-03-13 19:13:00,2324.7,143.4,1981.8,0.0,122.1,149.47356510940043,87.52995138888889,1973.3021191884566,834.8564027777777,0.0,10.5595,119.1275182968448,14.521798611111112
2026-03-13 19:14:00,2340.7,152.8,1999.8,0.0,109.5,149.78047133525516,87.52995138888889,1991.7018975501041,834.8564027777777,0.0,10.5595,119.59342516032872,14.521798611111112
2026-03-13 19:15:00,2350.8,148.6,2001.6,0.0,116.0,149.81183389089128,87.52995138888889,2000.2071594452389,834.8564027777777,0.0,10.5595,120.20036746577304,14.521798611111112
2026-03-13 19:16:00,2208.3,154.1,1973.8,0.0,0.0,129.14733572314333,87.52995138888889,1980.681073817202,834.8564027777777,0.0,10.5595,17.844970748206038,14.521798611111112
2026-03-13 19:17:00,2310.7,152.2,2079.3,0.0,0.0,148.00261847417283,87.52995138888889,1962.8261223132529,834.8564027777777,0.0,10.5595,116.80444183033738,14.521798611111112
2026-03-13 19:18:00,2250.9,146.4,2020.4,0.0,0.0,145.3835390547419,87.52995138888889,2017.9486864389428,834.8564027777777,0.0,10.5595,7.99375938135938,14.521798611111112
2026-03-13 19:19:00,2317.1,145.7,1972.7,0.0,126.2,147.57811751756154,87.52995138888889,1977.5030068084911,834.8564027777777,0.0,10.5595,115.92429501954874,14.521798611111112
2026-03-13 19:20:00,2317.5,152.4,1968.2,0.0,115.2,147.78587087716494,87.52995138888889,1977.5558850136197,834.8564027777777,0.0,10.5595,115.87856669324542,14.521798611111112
2026-03-13 19:21:00,2389.3,149.0,2050.8,0.0,117.1,150.73565625079829,87.52995138888889,2034.2609332608567,834.8564027777777,0.0,10.5595,120.37174926723604,14.521798611111112
2026-03-13 19:22:00,2322.8,149.6,1972.3,0.0,126.5,148.98105799358876,87.52995138888889,1975.7940888800806,834.8564027777777,0.0,10.5595,117.17931504187533,14.521798611111112
2026-03-13 19:23:00,2250.3,149.2,2021.4,0.0,0.0,146.265380127346,87.52995138888889,2016.844500395791,834.8564027777777,0.0,10.5595,7.21843028083028,14.521798611111112
2026-03-13 19:24:00,2349.8,154.7,2003.2,0.0,110.3,148.7097401962474,87.52995138888889,2002.0308283689621,834.8564027777777,0.0,10.5595,119.00647856842161,14.521798611111112
2026-03-13 19:25:00,2352.4,150.7,2002.0,0.0,116.9,148.18924717265307,87.52995138888889,2004.8969023363359,834.8564027777777,0.0,10.5595,119.33584930538443,14.521798611111112
2026-03-13 19:26:00,2270.5,147.2,2049.2,0.0,0.0,148.97062262182254,87.52995138888889,2008.9427606789466,834.8564027777777,0.0,10.5595,15.470242063492064,14.521798611111112
2026-03-13 19:27:00,2272.1,146.6,1922.1,0.0,118.5,147.70442193079248,87.52995138888889,2004.8326074934866,834.8564027777777,0.0,10.5595,15.206820009620012,14.521798611111112
2026-03-13 19:28:00,2206.1,147.3,1977.3,0.0,0.0,134.43637378616683,87.52995138888889,1977.583388462415,834.8564027777777,0.0,10.5595,7.291050915750916,14.521798611111112
2026-03-13 19:29:00,2370.2,152.2,2012.5,0.0,123.7,148.29115952849472,87.52995138888889,2020.6938851470427,834.8564027777777,0.0,10.5595,120.64265415628122,14.521798611111112
2026-03-13 19:30:00,2366.2,141.8,2026.0,0.0,115.6,148.41008859757378,87.52995138888889,2018.888702308748,834.8564027777777,0.0,10.5595,120.59893233424928,14.521798611111112
2026-03-13 19:31:00,2345.5,147.3,1996.7,0.0,123.0,148.37570298312795,87.52995138888889,2001.1307753088813,834.8564027777777,0.0,10.5595,118.93688595693956,14.521798611111112
2026-03-13 19:32:00,2357.4,147.2,2001.0,0.0,127.8,149.49716049934474,87.52995138888889,2005.263129438318,834.8564027777777,0.0,10.5595,119.63269484644754,14.521798611111112
2026-03-13 19:33:00,2209.7,152.6,1977.2,0.0,0.0,133.90006116643363,87.52995138888889,1984.0067134668193,834.8564027777777,0.0,10.5595,12.469145746845745,14.521798611111112
2026-03-13 19:34:00,2410.7,145.6,2064.2,0.0,114.6,151.73057400605936,87.52995138888889,2056.3573378745446,834.8564027777777,0.0,10.5595,120.81998271347389,14.521798611111112
2026-03-13 19:35:00,2115.9,0.0,2033.4,0.0,0.0,26.949119214119214,87.52995138888889,2017.7041810161522,834.8564027777777,0.0,10.5595,1.310704761904762,14.521798611111112
2026-03-13 19:36:00,2258.3,0.0,2062.2,0.0,119.6,135.0068941702604,87.52995138888889,2031.1373605617473,834.8564027777777,0.0,10.5595,21.824197432850372,14.521798611111112
2026-03-13 19:37:00,2195.2,0.0,1980.2,0.0,133.0,114.05962974051806,87.52995138888889,1973.3872075604147,834.8564027777777,0.0,10.5595,29.703812988210053,14.521798611111112
2026-03-13 19:38:00,2218.2,0.0,2019.0,0.0,125.8,102.70385620576535,87.52995138888889,2000.3739777848548,834.8564027777777,0.0,10.5595,42.98560170504875,14.521798611111112
2026-03-13 19:39:00,2069.8,0.0,1999.7,0.0,0.0,0.0,87.52995138888889,1987.9926026581088,834.8564027777777,0.0,10.5595,0.0,14.521798611111112
2026-03-13 19:40:00,2227.0,0.0,2037.0,0.0,117.0,32.12688475816123,87.52995138888889,2010.4859720166,834.8564027777777,0.0,10.5595,91.08498487476577,14.521798611111112
2026-03-13 19:41:00,2164.7,0.0,1985.4,0.0,112.1,26.593213904505074,87.52995138888889,1961.1586650644274,834.8564027777777,0.0,10.5595,96.88130532183105,14.521798611111112
2026-03-13 19:42:00,2213.2,0.0,2012.5,0.0,118.2,5.172317645644115,87.52995138888889,2010.1522721661809,834.8564027777777,0.0,10.5595,100.56201712881489,14.521798611111112
2026-03-13 19:43:00,2211.1,0.0,2006.0,0.0,122.3,5.548149968876439,87.52995138888889,2008.8505572159324,834.8564027777777,0.0,10.5595,101.36981122491486,14.521798611111112
2026-03-13 19:44:00,2254.7,0.0,2063.9,0.0,115.3,92.87207093004456,87.52995138888889,2031.5500205858475,834.8564027777777,0.0,10.5595,80.15329702372793,14.521798611111112
2026-03-13 19:45:00,2219.2,0.0,2017.2,0.0,121.6,17.791292458077987,87.52995138888889,2013.405800175219,834.8564027777777,0.0,10.5595,91.26703869189231,14.521798611111112
2026-03-13 19:46:00,2215.1,0.0,2012.1,0.0,123.5,32.01549643782144,87.52995138888889,2006.1723013191527,834.8564027777777,0.0,10.5595,60.26997812753695,14.521798611111112
2026-03-13 19:47:00,2245.5,0.0,2027.1,0.0,129.4,93.52831433696736,87.52995138888889,2024.905111987124,834.8564027777777,0.0,10.5595,49.553709194509196,14.521798611111112
2026-03-13 19:48:00,2282.8,0.0,2089.3,0.0,119.5,142.2890220310191,87.52995138888889,2018.5215603599565,834.8564027777777,0.0,10.5595,61.17228556884292,14.521798611111112
2026-03-13 19:49:00,2087.4,0.0,2012.3,0.0,0.0,0.0,87.52995138888889,2006.2539847350893,834.8564027777777,0.0,10.5595,0.0,14.521798611111112
2026-03-13 19:50:00,2054.4,0.0,1975.8,0.0,0.0,0.0,87.52995138888889,1977.8792266994894,834.8564027777777,0.0,10.5595,0.0,14.521798611111112
2026-03-13 19:51:00,2239.1,0.0,2026.8,0.0,121.6,65.88911089700059,87.52995138888889,2018.5062196553447,834.8564027777777,0.0,10.5595,70.87369400643786,14.521798611111112
2026-03-13 19:52:00,2171.0,0.0,1968.4,0.0,123.6,9.565764104740573,87.52995138888889,1985.1277980926889,834.8564027777777,0.0,10.5595,92.80031252816386,14.521798611111112
2026-03-13 19:53:00,2186.2,0.0,1992.3,0.0,109.3,15.97291424038924,87.52995138888889,1985.969344302375,834.8564027777777,0.0,10.5595,99.77325784299406,14.521798611111112
2026-03-13 19:54:00,2172.0,0.0,1966.2,0.0,119.5,32.95731729414376,87.52995138888889,1981.5844777499765,834.8564027777777,0.0,10.5595,80.41510495768424,14.521798611111112
2026-03-13 19:55:00,2084.0,0.0,2015.3,0.0,0.0,0.0,87.52995138888889,2004.830291215538,834.8564027777777,0.0,10.5595,0.0,14.521798611111112
2026-03-13 19:56:00,2213.1,0.0,2008.6,0.0,120.7,17.956503690209573,87.52995138888889,2004.9246190499578,834.8564027777777,0.0,10.5595,94.95571812307632,14.521798611111112
2026-03-13 19:57:00,2175.1,0.0,1988.3,0.0,111.9,11.63473505938506,87.52995138888889,1983.4690735666352,834.8564027777777,0.0,10.5595,107.00660651316922,14.521798611111112
2026-03-13 19:58:00,2234.8,0.0,2038.5,0.0,122.1,67.96079687055861,87.52995138888889,2014.530001285152,834.8564027777777,0.0,10.5595,83.32623653783152,14.521798611111112
2026-03-13 19:59:00,2211.6,0.0,2014.4,0.0,121.7,42.0769680277239,87.52995138888889,2001.3252549969095,834.8564027777777,0.0,10.5595,95.0218620294967,14.521798611111112
2026-03-13 20:00:00,2369.0,145.9,2023.9,0.0,118.2,150.20902281845545,87.52995138888889,2015.807473693898,834.8564027777777,0.0,10.5595,113.14768016000161,14.521798611111112
2026-03-13 20:01:00,2224.1,153.0,1995.6,0.0,0.0,98.01022758232195,87.52995138888889,2007.1093630430037,834.8564027777777,0.0,10.5595,57.72544140674426,14.521798611111112
2026-03-13 20:02:00,2362.0,149.6,2000.0,0.0,127.6,149.71616246063874,87.52995138888889,2012.0352934082264,834.8564027777777,0.0,10.5595,111.49540932955075,14.521798611111112
2026-03-13 20:03:00,2183.0,149.3,1951.1,0.0,0.0,103.74746628038856,87.52995138888889,1985.0586715473614,834.8564027777777,0.0,10.5595,50.24377298170239,14.521798611111112
2026-03-13 20:04:00,2340.5,153.2,1990.2,0.0,125.2,149.2311004401916,87.52995138888889,2012.2019572986378,834.8564027777777,0.0,10.5595,107.7142209001697,14.521798611111112
2026-03-13 20:05:00,2283.9,152.5,2051.8,0.0,0.0,142.09910721870722,87.52995138888889,2013.254761848283,834.8564027777777,0.0,10.5595,59.60162440593176,14.521798611111112
2026-03-13 20:06:00,2331.9,156.8,1980.2,0.0,113.4,148.73908134430926,87.52995138888889,1990.867846356422,834.8564027777777,0.0,10.5595,107.62526804518153,14.521798611111112
2026-03-13 20:07:00,2340.7,155.3,1995.3,0.0,117.4,148.71156039026332,87.52995138888889,2012.0217542461353,834.8564027777777,0.0,10.5595,107.72958991633868,14.521798611111112
2026-03-13 20:08:00,2317.8,146.2,1978.0,0.0,110.9,148.39401643226057,87.52995138888889,1975.137068732646,834.8564027777777,0.0,10.5595,108.29429942647084,14.521798611111112
2026-03-13 20:09:00,2254.2,155.4,2020.6,0.0,0.0,110.65455317046498,87.52995138888889,2025.4185942948443,834.8564027777777,0.0,10.5595,45.781472467837176,14.521798611111112
2026-03-13 20:10:00,2353.4,148.6,2021.5,0.0,109.7,149.20314621364474,87.52995138888889,2010.045505362387,834.8564027777777,0.0,10.5595,110.81761454908757,14.521798611111112
2026-03-13 20:11:00,2349.1,159.3,1984.0,0.0,127.2,148.92516951158862,87.52995138888889,2010.000784029398,834.8564027777777,0.0,10.5595,110.43012913107417,14.521798611111112
2026-03-13 20:12:00,2315.9,144.1,1963.6,0.0,123.1,148.3247976590947,87.52995138888889,1972.7997296516837,834.8564027777777,0.0,10.5595,111.0019118785612,14.521798611111112
2026-03-13 20:13:00,2396.3,149.7,2041.5,0.0,122.3,149.02147572846553,87.52995138888889,2045.3615042954923,834.8564027777777,0.0,10.5595,118.06789978144785,14.521798611111112
2026-03-13 20:14:00,2352.9,142.8,2004.9,0.0,120.4,148.27607995827702,87.52995138888889,2008.0278831784221,834.8564027777777,0.0,10.5595,114.77771856451658,14.521798611111112
2026-03-13 20:15:00,2311.8,156.3,2075.5,0.0,0.0,148.33128321580375,87.52995138888889,1983.6349172647037,834.8564027777777,0.0,10.5595,105.31432033589905,14.521798611111112
2026-03-13 20:16:00,2372.6,151.1,2035.5,0.0,112.1,148.64075724150578,87.52995138888889,2020.1666454388212,834.8564027777777,0.0,10.5595,118.34596297936106,14.521798611111112
2026-03-13 20:17:00,2381.5,149.5,2024.8,0.0,118.0,148.66829691952927,87.52995138888889,2028.0220682226734,834.8564027777777,0.0,10.5595,118.33126788001593,14.521798611111112
2026-03-13 20:18:00,2356.8,145.5,2007.6,0.0,124.4,147.6881130236865,87.52995138888889,2013.023401244454,834.8564027777777,0.0,10.5595,113.4748592590073,14.521798611111112
2026-03-13 20:19:00,2210.9,145.2,1986.1,0.0,0.0,128.61991436323686,87.52995138888889,1982.9693728580744,834.8564027777777,0.0,10.5595,14.20309965959966,14.521798611111112
2026-03-13 20:20:00,2350.8,144.0,2000.5,0.0,122.7,146.45198449105354,87.52995138888889,2011.944212652217,834.8564027777777,0.0,10.5595,113.76924274589076,14.521798611111112
2026-03-13 20:21:00,2327.9,144.4,1976.2,0.0,121.4,146.2736643164569,87.52995138888889,1980.828274832738,834.8564027777777,0.0,10.5595,111.86340337719845,14.521798611111112
2026-03-13 20:22:00,2320.7,149.7,1969.2,0.0,127.3,146.3683448118874,87.52995138888889,1979.463012552534,834.8564027777777,0.0,10.5595,110.64216978824413,14.521798611111112
2026-03-13 20:23:00,2176.3,148.2,1961.0,0.0,0.0,113.149925715189,87.52995138888889,1959.873924776932,834.8564027777777,0.0,10.5595,26.496236413586416,14.521798611111112
2026-03-13 20:24:00,2238.4,157.3,2012.1,0.0,0.0,127.74005825340237,87.52995138888889,2011.220102146002,834.8564027777777,0.0,10.5595,16.267379402079406,14.521798611111112
2026-03-13 20:25:00,2187.1,144.4,1969.8,0.0,0.0,122.05618745758606,87.52995138888889,1972.3150444310054,834.8564027777777,0.0,10.5595,30.775317103267103,14.521798611111112
2026-03-13 20:26:00,2389.6,146.8,2040.2,0.0,125.4,149.24908934583937,87.52995138888889,2034.1034738656779,834.8564027777777,0.0,10.5595,115.4954538622254,14.521798611111112
2026-03-13 20:27:00,2246.5,147.5,2017.6,0.0,0.0,110.32271903167356,87.52995138888889,2025.5377008207802,834.8564027777777,0.0,10.5595,34.08896865607159,14.521798611111112
2026-03-13 20:28:00,2204.4,153.6,1967.8,0.0,0.0,112.4562060303531,87.52995138888889,1977.4305005196559,834.8564027777777,0.0,10.5595,32.93563699698994,14.521798611111112
2026-03-13 20:29:00,2277.4,149.4,2048.2,0.0,0.0,146.57825706662615,87.52995138888889,2015.938919036629,834.8564027777777,0.0,10.5595,48.632429394298526,14.521798611111112
2026-03-13 20:30:00,2332.7,146.1,1992.9,0.0,123.9,147.97623056420701,87.52995138888889,1992.1609887254906,834.8564027777777,0.0,10.5595,109.1383575604335,14.521798611111112
2026-03-13 20:31:00,2395.0,153.2,2058.7,0.0,118.4,149.63121309148372,87.52995138888889,2045.006018180627,834.8564027777777,0.0,10.5595,114.30965320362469,14.521798611111112
2026-03-13 20:32:00,2368.9,152.8,2017.2,0.0,120.5,148.8394069612849,87.52995138888889,2020.9681850745126,834.8564027777777,0.0,10.5595,114.68457426959579,14.521798611111112
2026-03-13 20:33:00,2378.3,141.2,2044.6,0.0,115.4,149.15633498233794,87.52995138888889,2027.1422216909996,834.8564027777777,0.0,10.5595,114.7605706694922,14.521798611111112
2026-03-13 20:34:00,2187.6,155.7,1946.9,0.0,0.0,92.0563438238204,87.52995138888889,1972.4447805990317,834.8564027777777,0.0,10.5595,56.58427949748909,14.521798611111112
2026-03-13 20:35:00,2070.5,0.0,1997.9,0.0,0.0,0.0,87.52995138888889,1991.7740864363298,834.8564027777777,0.0,10.5595,0.0,14.521798611111112
2026-03-13 20:36:00,2261.3,0.0,2053.7,0.0,123.6,110.82609286801943,87.52995138888889,2025.690983736524,834.8564027777777,0.0,10.5595,63.30618944045578,14.521798611111112
2026-03-13 20:37:00,2224.9,0.0,2027.4,0.0,123.1,41.452008561754134,87.52995138888889,2008.6124801104127,834.8564027777777,0.0,10.5595,80.3134349708513,14.521798611111112
2026-03-13 20:38:00,2097.5,0.0,2012.2,0.0,0.0,0.0,87.52995138888889,2014.9320170517099,834.8564027777777,0.0,10.5595,0.0,14.521798611111112
2026-03-13 20:39:00,2081.8,0.0,2004.4,0.0,0.0,0.0,87.52995138888889,2002.743092679328,834.8564027777777,0.0,10.5595,0.0,14.521798611111112
2026-03-13 20:40:00,2253.8,0.0,2057.1,0.0,116.5,98.24060337625333,87.52995138888889,2022.1637440975146,834.8564027777777,0.0,10.5595,67.04544630755383,14.521798611111112
2026-03-13 20:41:00,2069.6,0.0,1990.1,0.0,0.0,0.0,87.52995138888889,1987.951135053709,834.8564027777777,0.0,10.5595,0.0,14.521798611111112
2026-03-13 20:42:00,2115.5,0.0,2035.3,0.0,0.0,18.82412944462945,87.52995138888889,2005.0080246772288,834.8564027777777,0.0,10.5595,5.372451955451955,14.521798611111112
2026-03-13 20:43:00,2179.1,0.0,1993.6,0.0,111.8,26.71313814458961,87.52995138888889,1982.3135069323953,834.8564027777777,0.0,10.5595,90.89115586523047,14.521798611111112
2026-03-13 20:44:00,2235.8,0.0,2028.0,0.0,125.9,58.7489622518005,87.52995138888889,2015.571319811184,834.8564027777777,0.0,10.5595,68.7221517576106,14.521798611111112
2026-03-13 20:45:00,2223.6,0.0,2027.8,0.0,115.2,35.933656054511935,87.52995138888889,2009.9421245618928,834.8564027777777,0.0,10.5595,87.95083771763437,14.521798611111112
2026-03-13 20:46:00,2176.5,0.0,1979.5,0.0,122.2,22.176019226144227,87.52995138888889,1984.733123428861,834.8564027777777,0.0,10.5595,86.48164835822078,14.521798611111112
2026-03-13 20:47:00,2156.1,0.0,1970.0,0.0,106.9,9.71476276903924,87.52995138888889,1987.7596030778159,834.8564027777777,0.0,10.5595,95.65852463614814,14.521798611111112
2026-03-13 20:48:00,2166.1,0.0,1965.5,0.0,126.6,13.247133731410202,87.52995138888889,1970.5366879249837,834.8564027777777,0.0,10.5595,110.19429020445781,14.521798611111112
2026-03-13 20:49:00,2199.5,0.0,1983.4,0.0,135.5,15.148299181918304,87.52995138888889,1991.3984790499337,834.8564027777777,0.0,10.5595,110.46743962638669,14.521798611111112
2026-03-13 20:50:00,2237.9,0.0,2041.7,0.0,121.4,40.37595477966592,87.52995138888889,2024.0179169774658,834.8564027777777,0.0,10.5595,93.23314968448302,14.521798611111112
2026-03-13 20:51:00,2198.5,0.0,2003.0,0.0,121.3,22.009637859906984,87.52995138888889,1991.1431416239614,834.8564027777777,0.0,10.5595,109.42387937938975,14.521798611111112
2026-03-13 20:52:00,2177.5,0.0,1965.1,0.0,122.2,28.538117720242724,87.52995138888889,1983.2068603920013,834.8564027777777,0.0,10.5595,85.76384064189345,14.521798611111112
2026-03-13 20:53:00,2206.0,0.0,2009.9,0.0,119.1,24.281649283668408,87.52995138888889,1998.4428436181752,834.8564027777777,0.0,10.5595,102.9055801973626,14.521798611111112
2026-03-13 20:54:00,2050.3,0.0,1964.4,0.0,0.0,0.0,87.52995138888889,1972.7035129552132,834.8564027777777,0.0,10.5595,0.0,14.521798611111112
2026-03-13 20:55:00,2079.0,0.0,2004.3,0.0,0.0,0.0,87.52995138888889,1999.4849848487022,834.8564027777777,0.0,10.5595,0.0,14.521798611111112
2026-03-13 20:56:00,2075.8,0.0,1987.8,0.0,0.0,0.0,87.52995138888889,1995.7054789449116,834.8564027777777,0.0,10.5595,0.0,14.521798611111112
2026-03-13 20:57:00,2237.5,0.0,2028.4,0.0,124.6,38.285717341373235,87.52995138888889,2026.7571904040399,834.8564027777777,0.0,10.5595,93.339787836487,14.521798611111112
2026-03-13 20:58:00,2211.7,0.0,2004.4,0.0,123.5,28.247908153883152,87.52995138888889,2000.776264133269,834.8564027777777,0.0,10.5595,99.20060740754775,14.521798611111112
2026-03-13 20:59:00,2123.8,0.0,2033.7,0.0,0.0,0.0,87.52995138888889,2025.1394529352508,834.8564027777777,0.0,10.5595,9.415888211679388,14.521798611111112
2026-03-13 21:00:00,2354.3,152.7,1986.8,0.0,131.0,150.9520076143957,87.52995138888889,2002.8396327850257,834.8564027777777,0.0,10.5595,120.64428848716636,14.521798611111112
2026-03-13 21:01:00,2382.4,146.4,2030.1,0.0,129.7,151.925510087788,87.52995138888889,2029.4020522442463,834.8564027777777,0.0,10.5595,122.0811542547321,14.521798611111112
2026-03-13 21:02:00,2210.1,136.0,1998.7,0.0,0.0,90.7469333724554,87.52995138888889,2002.2265209398076,834.8564027777777,0.0,10.5595,60.30099334598149,14.521798611111112
2026-03-13 21:03:00,2393.9,160.5,2027.1,0.0,116.7,152.20174596146603,87.52995138888889,2040.4421433988136,834.8564027777777,0.0,10.5595,121.62034448421949,14.521798611111112
2026-03-13 21:04:00,2380.8,154.4,2035.7,0.0,116.2,152.75025944534772,87.52995138888889,2025.1073877031772,834.8564027777777,0.0,10.5595,121.5988524340039,14.521798611111112
2026-03-13 21:05:00,2367.0,147.3,2011.9,0.0,127.4,151.11762461648263,87.52995138888889,2016.3048024294883,834.8564027777777,0.0,10.5595,110.63076460823888,14.521798611111112
2026-03-13 21:06:00,2319.5,148.8,1976.3,0.0,112.2,148.9106523705597,87.52995138888889,1975.1466956479142,834.8564027777777,0.0,10.5595,105.86832515610179,14.521798611111112
2026-03-13 21:07:00,2245.7,158.3,2012.3,0.0,0.0,110.40721879585554,87.52995138888889,2022.804108010347,834.8564027777777,0.0,10.5595,33.77274481879776,14.521798611111112
2026-03-13 21:08:00,2374.8,152.7,2021.0,0.0,121.3,150.61526900836526,87.52995138888889,2020.858064761763,834.8564027777777,0.0,10.5595,122.28168868460115,14.521798611111112
2026-03-13 21:09:00,2338.9,163.7,1964.4,0.0,117.4,149.6967980005775,87.52995138888889,2010.4562924305,834.8564027777777,0.0,10.5595,107.95151035056274,14.521798611111112
2026-03-13 21:10:00,2377.4,150.7,2025.7,0.0,118.6,150.4745048920578,87.52995138888889,2023.158136916405,834.8564027777777,0.0,10.5595,113.56131489966288,14.521798611111112
2026-03-13 21:11:00,2161.9,144.5,1936.9,0.0,0.0,61.05072263270211,87.52995138888889,1971.1259135217801,834.8564027777777,0.0,10.5595,60.10654594640251,14.521798611111112
2026-03-13 21:12:00,2296.1,149.5,1944.7,0.0,118.2,149.85493760859026,87.52995138888889,1981.285503780479,834.8564027777777,0.0,10.5595,82.71187292565818,14.521798611111112
2026-03-13 21:13:00,2325.8,156.0,1971.1,0.0,117.1,149.2355469343293,87.52995138888889,1975.9059365885744,834.8564027777777,0.0,10.5595,121.4795421975628,14.521798611111112
2026-03-13 21:14:00,2353.0,153.2,1993.6,0.0,117.8,149.32634044321696,87.52995138888889,2002.5626620417163,834.8564027777777,0.0,10.5595,120.7717944899327,14.521798611111112
2026-03-13 21:15:00,2205.9,147.8,1974.0,0.0,0.0,126.31373038366861,87.52995138888889,1981.664714070734,834.8564027777777,0.0,10.5595,21.808779724632664,14.521798611111112
2026-03-13 21:16:00,2231.4,145.6,2011.2,0.0,0.0,122.4055483835337,87.52995138888889,2008.2470070697818,834.8564027777777,0.0,10.5595,26.19498666702522,14.521798611111112
2026-03-13 21:17:00,2333.6,151.9,1976.7,0.0,125.0,149.5700990181931,87.52995138888889,1986.544128711811,834.8564027777777,0.0,10.5595,120.07351857250934,14.521798611111112
2026-03-13 21:18:00,2238.6,155.2,2000.4,0.0,0.0,135.86316687952575,87.52995138888889,2014.7729731559384,834.8564027777777,0.0,10.5595,25.249272628558224,14.521798611111112
2026-03-13 21:19:00,2395.2,159.8,2043.7,0.0,114.0,150.9024084434629,87.52995138888889,2046.927464514577,834.8564027777777,0.0,10.5595,120.18744708624709,14.521798611111112
2026-03-13 21:20:00,2293.2,142.5,1952.5,0.0,127.5,150.01988186372446,87.52995138888889,1969.4089674942657,834.8564027777777,0.0,10.5595,88.06319742917901,14.521798611111112
2026-03-13 21:21:00,2221.7,146.0,1988.2,0.0,0.0,124.29681624361471,87.52995138888889,1998.6130921929205,834.8564027777777,0.0,10.5595,24.701993748179355,14.521798611111112
2026-03-13 21:22:00,2339.9,151.1,1982.1,0.0,118.5,149.08921668024385,87.52995138888889,1991.103348925636,834.8564027777777,0.0,10.5595,120.13683197167751,14.521798611111112
2026-03-13 21:23:00,2364.4,149.8,2015.1,0.0,116.2,150.11677576049675,87.52995138888889,2011.0178675548852,834.8564027777777,0.0,10.5595,120.73552855472416,14.521798611111112
2026-03-13 21:24:00,2355.5,147.8,2007.3,0.0,119.7,149.30166332619046,87.52995138888889,2002.6948140705706,834.8564027777777,0.0,10.5595,120.32845104330934,14.521798611111112
2026-03-13 21:25:00,2367.6,152.0,2022.5,0.0,112.6,149.91545977990867,87.52995138888889,2020.687216698771,834.8564027777777,0.0,10.5595,122.03737258444161,14.521798611111112
2026-03-13 21:26:00,2229.0,144.9,2013.1,0.0,0.0,136.25557480981072,87.52995138888889,1998.0080372619893,834.8564027777777,0.0,10.5595,11.644091655566655,14.521798611111112
2026-03-13 21:27:00,2301.0,138.1,1972.8,0.0,113.6,150.14923628490243,87.52995138888889,1973.0876043867363,834.8564027777777,0.0,10.5595,109.10952586067184,14.521798611111112
2026-03-13 21:28:00,2397.2,156.7,2037.7,0.0,116.7,150.2066160944177,87.52995138888889,2047.3080393028054,834.8564027777777,0.0,10.5595,114.28525218362651,14.521798611111112
2026-03-13 21:29:00,2232.8,147.1,2002.9,0.0,0.0,118.95615135006611,87.52995138888889,2006.0642280913528,834.8564027777777,0.0,10.5595,29.17040804027127,14.521798611111112
2026-03-13 21:30:00,2230.8,146.1,2007.9,0.0,0.0,117.65469613599912,87.52995138888889,2005.8600150130355,834.8564027777777,0.0,10.5595,26.430581056144288,14.521798611111112
2026-03-13 21:31:00,2397.6,153.6,2038.8,0.0,124.6,150.21297844133002,87.52995138888889,2047.5385363446526,834.8564027777777,0.0,10.5595,120.9659941251559,14.521798611111112
2026-03-13 21:32:00,2346.4,152.7,1994.5,0.0,114.8,148.81631900452484,87.52995138888889,1999.8068296852778,834.8564027777777,0.0,10.5595,120.55878959729358,14.521798611111112
2026-03-13 21:33:00,2235.1,145.0,2001.1,0.0,0.0,135.6090860381993,87.52995138888889,2009.4570634393394,834.8564027777777,0.0,10.5595,18.702642818292826,14.521798611111112
2026-03-13 21:34:00,2270.9,155.5,2034.1,0.0,0.0,148.08242828522242,87.52995138888889,2023.4033808267152,834.8564027777777,0.0,10.5595,32.93558134289457,14.521798611111112
2026-03-13 21:35:00,2037.3,0.0,1956.5,0.0,0.0,0.0,87.52995138888889,1959.691588167967,834.8564027777777,0.0,10.5595,0.08511111111111112,14.521798611111112
2026-03-13 21:36:00,2231.1,0.0,2027.9,0.0,118.6,89.55537770796742,87.52995138888889,2010.173274472262,834.8564027777777,0.0,10.5595,53.76693513033807,14.521798611111112
2026-03-13 21:37:00,2091.1,0.0,2016.2,0.0,0.0,0.0,87.52995138888889,2009.7673789595972,834.8564027777777,0.0,10.5595,0.0,14.521798611111112
2026-03-13 21:38:00,2108.8,0.0,2032.4,0.0,0.0,0.0,87.52995138888889,2010.150172740169,834.8564027777777,0.0,10.5595,0.0,14.521798611111112
2026-03-13 21:39:00,2093.1,0.0,2017.7,0.0,0.0,0.0,87.52995138888889,2008.1425363426135,834.8564027777777,0.0,10.5595,0.0,14.521798611111112
2026-03-13 21:40:00,2085.1,0.0,2005.0,0.0,0.0,0.0,87.52995138888889,2001.8647370137364,834.8564027777777,0.0,10.5595,0.0,14.521798611111112
2026-03-13 21:41:00,2202.4,0.0,1998.7,0.0,120.5,23.229947598099066,87.52995138888889,1996.2771020696784,834.8564027777777,0.0,10.5595,89.34134014702761,14.521798611111112
2026-03-13 21:42:00,2086.0,0.0,1990.7,0.0,0.0,0.0,87.52995138888889,2003.08913716934,834.8564027777777,0.0,10.5595,0.0,14.521798611111112
2026-03-13 21:43:00,2054.1,0.0,1981.2,0.0,0.0,0.0,87.52995138888889,1977.7973319611613,834.8564027777777,0.0,10.5595,0.0,14.521798611111112
2026-03-13 21:44:00,2157.8,0.0,1955.2,0.0,113.4,4.076224423724423,87.52995138888889,1966.0825278318628,834.8564027777777,0.0,10.5595,83.99593571091219,14.521798611111112
2026-03-13 21:45:00,2204.1,0.0,2007.7,0.0,112.2,41.67530074299339,87.52995138888889,1999.7332814356603,834.8564027777777,0.0,10.5595,74.25241153383654,14.521798611111112
2026-03-13 21:46:00,2115.4,0.0,2038.9,0.0,0.0,18.82412944462945,87.52995138888889,2026.4332997883923,834.8564027777777,0.0,10.5595,3.719749694749694,14.521798611111112
2026-03-13 21:47:00,2193.3,0.0,1997.4,0.0,119.6,3.0916828652828654,87.52995138888889,1991.5627231544136,834.8564027777777,0.0,10.5595,119.41265780736289,14.521798611111112
2026-03-13 21:48:00,2216.2,0.0,2009.2,0.0,121.3,2.0308751933251936,87.52995138888889,2015.703024737985,834.8564027777777,0.0,10.5595,119.6791730555392,14.521798611111112
2026-03-13 21:49:00,2189.3,0.0,1993.8,0.0,118.5,2.965695541495542,87.52995138888889,1982.7434701423786,834.8564027777777,0.0,10.5595,109.65161542346543,14.521798611111112
2026-03-13 21:50:00,2115.3,0.0,2043.0,0.0,0.0,4.902068879268879,87.52995138888889,2030.5516025427185,834.8564027777777,0.0,10.5595,1.9207174603174602,14.521798611111112
2026-03-13 21:51:00,2044.1,0.0,1975.4,0.0,0.0,0.0,87.52995138888889,1966.2709373992398,834.8564027777777,0.0,10.5595,0.0,14.521798611111112
2026-03-13 21:52:00,2048.3,0.0,1966.2,0.0,0.0,0.0,87.52995138888889,1968.2190163080763,834.8564027777777,0.0,10.5595,0.0,14.521798611111112
2026-03-13 21:53:00,2155.5,0.0,1954.1,0.0,125.5,17.275944783538904,87.52995138888889,1964.4017784947623,834.8564027777777,0.0,10.5595,108.90015928352692,14.521798611111112
2026-03-13 21:54:00,2220.2,0.0,2020.8,0.0,123.9,0.5093333333333334,87.52995138888889,2017.24915277206,834.8564027777777,0.0,10.5595,119.32681905061169,14.521798611111112
2026-03-13 21:55:00,2233.0,0.0,2039.6,0.0,118.2,2.3510380952380956,87.52995138888889,2026.4844428410374,834.8564027777777,0.0,10.5595,121.07830900738688,14.521798611111112
2026-03-13 21:56:00,2198.6,0.0,1994.7,0.0,113.9,1.4386349206349207,87.52995138888889,1990.8733399666858,834.8564027777777,0.0,10.5595,118.66197107984607,14.521798611111112
2026-03-13 21:57:00,2112.1,0.0,2027.9,0.0,0.0,0.0,87.52995138888889,2029.8799210436619,834.8564027777777,0.0,10.5595,2.3323174603174603,14.521798611111112
2026-03-13 21:58:00,2138.1,0.0,2058.6,0.0,0.0,1.1278277777777779,87.52995138888889,1972.2028048822556,834.8564027777777,0.0,10.5595,88.42286098011327,14.521798611111112
2026-03-13 21:59:00,2082.8,0.0,1999.4,0.0,0.0,0.0,87.52995138888889,2000.577600757362,834.8564027777777,0.0,10.5595,0.0,14.521798611111112
2026-03-13 22:00:00,2411.6,149.1,2058.0,0.0,124.0,151.54050204272846,87.52995138888889,2058.4560107340903,834.8564027777777,0.0,10.5595,119.59492381218993,14.521798611111112
2026-03-13 22:01:00,2235.7,156.3,1994.6,0.0,0.0,116.6258880079959,87.52995138888889,2015.644101082741,834.8564027777777,0.0,10.5595,32.40360545935546,14.521798611111112
2026-03-13 22:02:00,2311.9,151.0,1964.4,0.0,128.7,147.7312515024191,87.52995138888889,1983.7443882059465,834.8564027777777,0.0,10.5595,107.14877234546506,14.521798611111112
2026-03-13 22:03:00,2179.5,150.0,1951.9,0.0,0.0,99.9450710205716,87.52995138888889,1971.5069226028336,834.8564027777777,0.0,10.5595,66.20417745887869,14.521798611111112
2026-03-13 22:04:00,2375.3,146.4,2023.3,0.0,122.9,151.4764955265867,87.52995138888889,2021.754675097907,834.8564027777777,0.0,10.5595,120.3715061067473,14.521798611111112
2026-03-13 22:05:00,2351.4,143.4,2011.6,0.0,121.0,150.19420789349684,87.52995138888889,2000.0724735437773,834.8564027777777,0.0,10.5595,118.73640403071586,14.521798611111112
2026-03-13 22:06:00,2405.1,147.7,2050.6,0.0,125.7,153.19300789984294,87.52995138888889,2049.461451509009,834.8564027777777,0.0,10.5595,121.17448050813708,14.521798611111112
2026-03-13 22:07:00,2314.2,157.3,2063.6,0.0,0.0,148.44402285246585,87.52995138888889,1966.0043616318067,834.8564027777777,0.0,10.5595,118.53312897882134,14.521798611111112
2026-03-13 22:08:00,2393.8,151.9,2051.8,0.0,123.0,152.28140770460476,87.52995138888889,2041.2305289082924,834.8564027777777,0.0,10.5595,120.88092272262172,14.521798611111112
2026-03-13 22:09:00,2188.9,152.4,1953.7,0.0,0.0,101.64066368192638,87.52995138888889,1972.2492496804944,834.8564027777777,0.0,10.5595,52.922642830074395,14.521798611111112
2026-03-13 22:10:00,2178.2,142.6,1961.8,0.0,0.0,88.36985694606963,87.52995138888889,1971.5037754066732,834.8564027777777,0.0,10.5595,57.96168170427211,14.521798611111112
2026-03-13 22:11:00,2230.2,164.9,1991.3,0.0,0.0,115.4852621232053,87.52995138888889,2008.2455982874958,834.8564027777777,0.0,10.5595,20.540769445369452,14.521798611111112
2026-03-13 22:12:00,2386.0,148.2,2033.9,0.0,118.5,151.2045948057761,87.52995138888889,2031.528868771644,834.8564027777777,0.0,10.5595,119.81904356098812,14.521798611111112
2026-03-13 22:13:00,2381.5,151.3,2022.4,0.0,127.1,149.15818581418577,87.52995138888889,2029.4774478481975,834.8564027777777,0.0,10.5595,120.0487761689403,14.521798611111112
2026-03-13 22:14:00,2375.8,159.7,2011.7,0.0,123.0,149.00918522904107,87.52995138888889,2023.9810108047106,834.8564027777777,0.0,10.5595,120.64140587471809,14.521798611111112
2026-03-13 22:15:00,2359.1,150.6,1998.3,0.0,124.9,148.08857748237594,87.52995138888889,2011.912466663729,834.8564027777777,0.0,10.5595,119.29825185000186,14.521798611111112
2026-03-13 22:16:00,2327.6,139.3,1982.0,0.0,123.3,149.55579950202304,87.52995138888889,1983.0711672785988,834.8564027777777,0.0,10.5595,120.38456753709252,14.521798611111112
2026-03-13 22:17:00,2290.6,154.1,2056.7,0.0,0.0,149.97094202431546,87.52995138888889,1990.2492925392623,834.8564027777777,0.0,10.5595,56.92706130421866,14.521798611111112
2026-03-13 22:18:00,2343.9,143.1,1995.9,0.0,122.0,151.20883422149745,87.52995138888889,1993.5956088605842,834.8564027777777,0.0,10.5595,119.23854475927119,14.521798611111112
2026-03-13 22:19:00,2200.0,149.5,1969.0,0.0,0.0,138.70258686585746,87.52995138888889,1973.4110262135475,834.8564027777777,0.0,10.5595,5.724905290896469,14.521798611111112
2026-03-13 22:20:00,2292.1,151.8,1953.2,0.0,113.4,149.96983938251284,87.52995138888889,1981.6763066991764,834.8564027777777,0.0,10.5595,72.52640738917945,14.521798611111112
2026-03-13 22:21:00,2252.1,157.8,2015.1,0.0,0.0,148.46499691069454,87.52995138888889,2023.9620253449714,834.8564027777777,0.0,10.5595,3.3870316441728208,14.521798611111112
2026-03-13 22:22:00,2314.2,158.9,1954.0,0.0,120.4,149.46005652189515,87.52995138888889,1966.6178100509794,834.8564027777777,0.0,10.5595,117.91364904614927,14.521798611111112
2026-03-13 22:23:00,2321.8,158.2,1969.0,0.0,123.8,149.85994139540944,87.52995138888889,1976.4927529539532,834.8564027777777,0.0,10.5595,116.94801309617456,14.521798611111112
2026-03-13 22:24:00,2273.5,148.0,2053.5,0.0,0.0,150.46086650789866,87.52995138888889,2036.5395663572758,834.8564027777777,0.0,10.5595,12.483238568838566,14.521798611111112
2026-03-13 22:25:00,2351.3,148.5,2013.4,0.0,115.4,147.9605985407696,87.52995138888889,2001.9281655542707,834.8564027777777,0.0,10.5595,119.43162860717993,14.521798611111112
2026-03-13 22:26:00,2135.7,152.9,1907.9,0.0,0.0,14.808152978502973,87.52995138888889,1976.8815511747282,834.8564027777777,0.0,10.5595,53.772702892623926,14.521798611111112
2026-03-13 22:27:00,2250.5,152.4,2015.5,0.0,0.0,148.46140370078837,87.52995138888889,2020.4860817003903,834.8564027777777,0.0,10.5595,3.5912350038850036,14.521798611111112
2026-03-13 22:28:00,2344.3,147.8,1998.8,0.0,127.7,150.08888890656416,87.52995138888889,1994.0108954573204,834.8564027777777,0.0,10.5595,120.18180572450137,14.521798611111112
2026-03-13 22:29:00,2360.2,149.4,2006.9,0.0,123.5,149.24759023170665,87.52995138888889,2009.014913407017,834.8564027777777,0.0,10.5595,119.72295135675871,14.521798611111112
2026-03-13 22:30:00,2353.3,143.8,2024.9,0.0,109.7,149.27474396126752,87.52995138888889,2004.8419059351716,834.8564027777777,0.0,10.5595,119.55168353917036,14.521798611111112
2026-03-13 22:31:00,2312.7,147.5,1970.7,0.0,116.7,150.28047247561807,87.52995138888889,1983.7476436449506,834.8564027777777,0.0,10.5595,103.58690340370846,14.521798611111112
2026-03-13 22:32:00,2236.0,141.7,2015.2,0.0,0.0,143.2367960244548,87.52995138888889,2006.6790156416016,834.8564027777777,0.0,10.5595,9.116870405520405,14.521798611111112
2026-03-13 22:33:00,2401.6,152.0,2066.6,0.0,116.2,150.3433792474954,87.52995138888889,2047.703654253813,834.8564027777777,0.0,10.5595,120.2342206040975,14.521798611111112
2026-03-13 22:34:00,2268.1,148.1,2037.7,0.0,0.0,148.8637161353352,87.52995138888889,2035.5160610292717,834.8564027777777,0.0,10.5595,31.403812802121625,14.521798611111112
2026-03-13 22:35:00,2225.1,0.0,2024.0,0.0,123.1,56.976496603396605,87.52995138888889,1997.1155705239037,834.8564027777777,0.0,10.5595,85.74183827229422,14.521798611111112
2026-03-13 22:36:00,2220.0,0.0,2015.5,0.0,118.5,33.98558253043254,87.52995138888889,1997.8204636677967,834.8564027777777,0.0,10.5595,92.46626536927128,14.521798611111112
2026-03-13 22:37:00,2185.7,0.0,1989.1,0.0,124.5,29.33564891927245,87.52995138888889,1965.3309550182191,834.8564027777777,0.0,10.5595,94.30097759582468,14.521798611111112
2026-03-13 22:38:00,2275.4,0.0,2074.8,0.0,123.0,117.50866924546038,87.52995138888889,2030.3238194606054,834.8564027777777,0.0,10.5595,84.41190832076425,14.521798611111112
2026-03-13 22:39:00,2268.0,0.0,2062.0,0.0,120.4,115.36766118037733,87.52995138888889,2034.353347237948,834.8564027777777,0.0,10.5595,90.54395908481499,14.521798611111112
2026-03-13 22:40:00,2076.5,0.0,1993.2,0.0,0.0,0.0,87.52995138888889,1997.5904702288449,834.8564027777777,0.0,10.5595,0.0,14.521798611111112
2026-03-13 22:41:00,2200.9,0.0,2003.4,0.0,119.1,19.92190676818308,87.52995138888889,1986.4621391474002,834.8564027777777,0.0,10.5595,96.66217676528267,14.521798611111112
2026-03-13 22:42:00,2061.5,0.0,1974.8,0.0,0.0,0.0,87.52995138888889,1982.0497373237877,834.8564027777777,0.0,10.5595,0.0,14.521798611111112
2026-03-13 22:43:00,2242.5,0.0,2042.8,0.0,120.2,47.47594085353643,87.52995138888889,2021.1439935259175,834.8564027777777,0.0,10.5595,94.64388303733308,14.521798611111112
2026-03-13 22:44:00,2066.5,0.0,1985.3,0.0,0.0,0.0,87.52995138888889,1985.9936351322415,834.8564027777777,0.0,10.5595,0.0,14.521798611111112
2026-03-13 22:45:00,2244.6,0.0,2049.7,0.0,111.2,46.94620635774899,87.52995138888889,2024.5679802760244,834.8564027777777,0.0,10.5595,94.40004005558717,14.521798611111112
2026-03-13 22:46:00,2172.0,0.0,1977.3,0.0,118.2,8.490614687491158,87.52995138888889,1971.4575350479677,834.8564027777777,0.0,10.5595,107.00061229155833,14.521798611111112
2026-03-13 22:47:00,2240.5,0.0,2035.9,0.0,123.6,56.52442428383163,87.52995138888889,2018.3151561619197,834.8564027777777,0.0,10.5595,82.49744683599,14.521798611111112
2026-03-13 22:48:00,2214.2,0.0,2014.5,0.0,119.0,25.748103261553265,87.52995138888889,2006.2293391861945,834.8564027777777,0.0,10.5595,83.2861811934854,14.521798611111112
2026-03-13 22:49:00,2045.3,0.0,1961.9,0.0,0.0,0.0,87.52995138888889,1966.4509390838475,834.8564027777777,0.0,10.5595,0.0,14.521798611111112
2026-03-13 22:50:00,2124.3,0.0,2041.8,0.0,0.0,0.0,87.52995138888889,2026.6451181617404,834.8564027777777,0.0,10.5595,15.444962728828902,14.521798611111112
2026-03-13 22:51:00,2076.0,0.0,1996.9,0.0,0.0,0.0,87.52995138888889,1996.0616586515343,834.8564027777777,0.0,10.5595,0.0,14.521798611111112
2026-03-13 22:52:00,2131.4,0.0,1948.6,0.0,113.0,0.0,87.52995138888889,1989.8247137731946,834.8564027777777,0.0,10.5595,82.45794183173493,14.521798611111112
2026-03-13 22:53:00,2235.2,0.0,2033.8,0.0,124.8,55.286827971211785,87.52995138888889,2016.2251980503668,834.8564027777777,0.0,10.5595,81.36047188893265,14.521798611111112
2026-03-13 22:54:00,2163.8,0.0,1976.4,0.0,119.0,3.8098068878833593,87.52995138888889,1972.2616077168527,834.8564027777777,0.0,10.5595,115.85761039731112,14.521798611111112
2026-03-13 22:55:00,2199.4,0.0,2006.0,0.0,112.6,6.166325121175122,87.52995138888889,1991.770512150984,834.8564027777777,0.0,10.5595,114.73119876925908,14.521798611111112
2026-03-13 22:56:00,2215.2,0.0,2011.0,0.0,122.8,4.628062927812928,87.52995138888889,2008.1005805895,834.8564027777777,0.0,10.5595,111.02807757471291,14.521798611111112
2026-03-13 22:57:00,2227.5,0.0,2028.9,0.0,121.9,49.67161318947936,87.52995138888889,2013.4440178954474,834.8564027777777,0.0,10.5595,83.54930207730868,14.521798611111112
2026-03-13 22:58:00,2216.9,0.0,1996.2,0.0,122.0,39.45534384177914,87.52995138888889,2007.4936573038192,834.8564027777777,0.0,10.5595,79.4639625170037,14.521798611111112
2026-03-13 22:59:00,2223.0,0.0,2029.3,0.0,113.0,38.24398444171926,87.52995138888889,2006.2804209339142,834.8564027777777,0.0,10.5595,82.31905180616029,14.521798611111112
2026-03-13 23:00:00,2190.1,150.6,1958.9,0.0,0.0,140.19707950996374,87.52995138888889,1977.6483553292028,834.8564027777777,0.0,10.5595,2.2183651755651757,14.521798611111112
2026-03-13 23:01:00,2203.4,144.2,1975.6,0.0,0.0,141.72934803207343,87.52995138888889,1986.4167077009383,834.8564027777777,0.0,10.5595,3.6502983867983874,14.521798611111112
2026-03-13 23:02:00,2222.4,148.5,1994.0,0.0,0.0,144.15064543155503,87.52995138888889,1994.6962288250413,834.8564027777777,0.0,10.5595,1.3644461279461284,14.521798611111112
2026-03-13 23:03:00,2254.5,156.2,2022.3,0.0,0.0,129.94321091741074,87.52995138888889,2025.6319224768806,834.8564027777777,0.0,10.5595,3.376730621230622,14.521798611111112
2026-03-13 23:04:00,2195.2,151.9,1972.7,0.0,0.0,140.33179733103157,87.52995138888889,1968.5785540283787,834.8564027777777,0.0,10.5595,13.14105822793764,14.521798611111112
2026-03-13 23:05:00,2271.0,140.3,2041.4,0.0,0.0,138.7443765190147,87.52995138888889,2029.1025108707738,834.8564027777777,0.0,10.5595,8.863097940186174,14.521798611111112
2026-03-13 23:06:00,2265.9,147.4,2040.2,0.0,0.0,140.32590900776773,87.52995138888889,2031.0756399580262,834.8564027777777,0.0,10.5595,13.952679427761783,14.521798611111112
2026-03-13 23:07:00,2245.4,158.0,2001.6,0.0,0.0,141.12508458388012,87.52995138888889,2020.4406504003994,834.8564027777777,0.0,10.5595,13.630957205539561,14.521798611111112
2026-03-13 23:08:00,2223.2,151.1,1987.2,0.0,0.0,145.08144959104078,87.52995138888889,1993.4573038168267,834.8564027777777,0.0,10.5595,14.189931520113879,14.521798611111112
2026-03-13 23:09:00,2230.3,146.6,1995.2,0.0,0.0,142.31989095245711,87.52995138888889,2001.3883101548226,834.8564027777777,0.0,10.5595,15.51574970193206,14.521798611111112
2026-03-13 23:10:00,2189.9,154.2,1951.4,0.0,0.0,143.80256325618822,87.52995138888889,1962.89437057309,834.8564027777777,0.0,10.5595,16.6173107408931,14.521798611111112
2026-03-13 23:11:00,2224.7,152.0,1985.1,0.0,0.0,142.6070607447019,87.52995138888889,1993.977717185719,834.8564027777777,0.0,10.5595,15.51574970193206,14.521798611111112
2026-03-13 23:12:00,2236.0,151.8,2009.6,0.0,0.0,143.34374975302467,87.52995138888889,2009.2969754719677,834.8564027777777,0.0,10.5595,8.583284491978612,14.521798611111112
2026-03-13 23:13:00,2230.9,161.2,1989.6,0.0,0.0,150.38210281744404,87.52995138888889,2003.0398286092989,834.8564027777777,0.0,10.5595,0.9500084656084654,14.521798611111112
2026-03-13 23:14:00,2257.3,163.3,2017.1,0.0,0.0,146.79257033713898,87.52995138888889,2026.2427113703945,834.8564027777777,0.0,10.5595,0.08207407407407406,14.521798611111112
2026-03-13 23:15:00,2223.7,148.7,2004.5,0.0,0.0,150.1123931906329,87.52995138888889,1993.5234638952013,834.8564027777777,0.0,10.5595,0.08207407407407406,14.521798611111112
2026-03-13 23:16:00,2175.8,149.0,1954.5,0.0,0.0,135.44587102978716,87.52995138888889,1951.1115946682953,834.8564027777777,0.0,10.5595,12.951267792066322,14.521798611111112
2026-03-13 23:17:00,2230.3,152.0,2004.4,0.0,0.0,150.62736650169006,87.52995138888889,2003.3081436762027,834.8564027777777,0.0,10.5595,0.29875,14.521798611111112
2026-03-13 23:18:00,2178.9,144.5,1953.6,0.0,0.0,148.48500240745088,87.52995138888889,1951.7521128043365,834.8564027777777,0.0,10.5595,1.2139006734006734,14.521798611111112
2026-03-13 23:19:00,2188.3,151.0,1965.1,0.0,0.0,149.9228498766484,87.52995138888889,1959.5004444963345,834.8564027777777,0.0,10.5595,0.29875,14.521798611111112
2026-03-13 23:20:00,2228.1,145.8,1999.0,0.0,0.0,150.01616615486907,87.52995138888889,2000.7589125746806,834.8564027777777,0.0,10.5595,0.29875,14.521798611111112
2026-03-13 23:21:00,2198.5,147.2,1974.4,0.0,0.0,149.59751772301763,87.52995138888889,1968.8432630711336,834.8564027777777,0.0,10.5595,0.29875,14.521798611111112
2026-03-13 23:22:00,2239.8,142.4,2017.2,0.0,0.0,150.0181320317596,87.52995138888889,2012.2536592456552,834.8564027777777,0.0,10.5595,0.29875,14.521798611111112
2026-03-13 23:23:00,2220.2,158.1,1984.2,0.0,0.0,149.26157471548058,87.52995138888889,1991.386585817408,834.8564027777777,0.0,10.5595,0.0,14.521798611111112
2026-03-13 23:24:00,2202.0,142.9,1981.6,0.0,0.0,149.505919220975,87.52995138888889,1975.5062663724418,834.8564027777777,0.0,10.5595,0.0,14.521798611111112
2026-03-13 23:25:00,2175.9,143.1,1959.7,0.0,0.0,136.77920916344,87.52995138888889,1953.8748434820131,834.8564027777777,0.0,10.5595,9.42619795079648,14.521798611111112
2026-03-13 23:26:00,2236.8,150.4,2001.4,0.0,0.0,149.77097459828892,87.52995138888889,2008.6695852799162,834.8564027777777,0.0,10.5595,0.0,14.521798611111112
2026-03-13 23:27:00,2224.1,143.6,1999.8,0.0,0.0,148.54497425853012,87.52995138888889,1994.9906838089469,834.8564027777777,0.0,10.5595,0.0,14.521798611111112
2026-03-13 23:28:00,2155.2,149.5,1928.6,0.0,0.0,103.65303775222598,87.52995138888889,1957.1239267392748,834.8564027777777,0.0,10.5595,13.908696886120419,14.521798611111112
2026-03-13 23:29:00,2272.9,146.9,2039.7,0.0,0.0,152.551192747503,87.52995138888889,2033.2679070321979,834.8564027777777,0.0,10.5595,0.4192222222222223,14.521798611111112
2026-03-13 23:30:00,2232.3,147.3,2010.7,0.0,0.0,149.50122982371653,87.52995138888889,2004.2878299658237,834.8564027777777,0.0,10.5595,0.0,14.521798611111112
2026-03-13 23:31:00,2155.2,153.9,1925.6,0.0,0.0,104.31972987241514,87.52995138888889,1957.4094144497121,834.8564027777777,0.0,10.5595,13.908696886120419,14.521798611111112
2026-03-13 23:32:00,2255.9,158.3,2009.1,0.0,0.0,149.4174667161555,87.52995138888889,2025.661753298964,834.8564027777777,0.0,10.5595,0.0,14.521798611111112
2026-03-13 23:33:00,2227.9,150.1,1999.1,0.0,0.0,148.7717421199171,87.52995138888889,1999.514569908958,834.8564027777777,0.0,10.5595,0.0,14.521798611111112
2026-03-13 23:34:00,2288.3,147.4,2057.6,0.0,0.0,152.33685485996062,87.52995138888889,2049.764768475913,834.8564027777777,0.0,10.5595,8.874955387749507,14.521798611111112
2026-03-13 23:35:00,2088.2,0.0,2013.3,0.0,0.0,0.0,87.52995138888889,2006.287864738291,834.8564027777777,0.0,10.5595,0.0,14.521798611111112
2026-03-13 23:36:00,2101.1,0.0,2022.5,0.0,0.0,0.0,87.52995138888889,2023.0131794413126,834.8564027777777,0.0,10.5595,0.0,14.521798611111112
2026-03-13 23:37:00,2084.3,0.0,2001.5,0.0,0.0,0.0,87.52995138888889,2004.4168148325577,834.8564027777777,0.0,10.5595,0.0,14.521798611111112
2026-03-13 23:38:00,2096.8,0.0,2011.7,0.0,0.0,0.0,87.52995138888889,2015.9796934205224,834.8564027777777,0.0,10.5595,0.0,14.521798611111112
2026-03-13 23:39:00,2092.4,0.0,2009.3,0.0,0.0,0.0,87.52995138888889,2013.9120857614605,834.8564027777777,0.0,10.5595,0.0,14.521798611111112
2026-03-13 23:40:00,2053.8,0.0,1977.1,0.0,0.0,0.0,87.52995138888889,1975.4080444176025,834.8564027777777,0.0,10.5595,0.0,14.521798611111112
2026-03-13 23:41:00,2053.2,0.0,1979.2,0.0,0.0,0.0,87.52995138888889,1973.9857899018489,834.8564027777777,0.0,10.5595,0.0,14.521798611111112
2026-03-13 23:42:00,2039.1,0.0,1961.6,0.0,0.0,0.0,87.52995138888889,1961.4003160832465,834.8564027777777,0.0,10.5595,0.0,14.521798611111112
2026-03-13 23:43:00,2105.2,0.0,2020.0,0.0,0.0,0.0,87.52995138888889,2023.7179978420813,834.8564027777777,0.0,10.5595,0.0,14.521798611111112
2026-03-13 23:44:00,2085.4,0.0,2012.9,0.0,0.0,0.0,87.52995138888889,2004.9661739234668,834.8564027777777,0.0,10.5595,0.0,14.521798611111112
2026-03-13 23:45:00,2071.3,0.0,1986.4,0.0,0.0,0.0,87.52995138888889,1991.2847247096322,834.8564027777777,0.0,10.5595,0.0,14.521798611111112
2026-03-13 23:46:00,2114.1,0.0,2025.9,0.0,0.0,0.0,87.52995138888889,2034.8353563296214,834.8564027777777,0.0,10.5595,0.0,14.521798611111112
2026-03-13 23:47:00,2084.1,0.0,2004.1,0.0,0.0,0.0,87.52995138888889,2004.6752628518043,834.8564027777777,0.0,10.5595,0.0,14.521798611111112
2026-03-13 23:48:00,2091.9,0.0,2014.6,0.0,0.0,0.0,87.52995138888889,2012.5750925008542,834.8564027777777,0.0,10.5595,0.0,14.521798611111112
2026-03-13 23:49:00,2099.3,0.0,2021.1,0.0,0.0,0.0,87.52995138888889,2018.7968046590142,834.8564027777777,0.0,10.5595,0.0,14.521798611111112
2026-03-13 23:50:00,2034.2,0.0,1948.8,0.0,0.0,0.0,87.52995138888889,1954.523074817909,834.8564027777777,0.0,10.5595,0.0,14.521798611111112
2026-03-13 23:51:00,2043.8,0.0,1963.3,0.0,0.0,0.0,87.52995138888889,1965.2758460870514,834.8564027777777,0.0,10.5595,0.0,14.521798611111112
2026-03-13 23:52:00,2085.9,0.0,2012.7,0.0,0.0,0.0,87.52995138888889,2004.3799056390685,834.8564027777777,0.0,10.5595,0.0,14.521798611111112
2026-03-13 23:53:00,2082.6,0.0,1998.8,0.0,0.0,0.0,87.52995138888889,2001.000127837689,834.8564027777777,0.0,10.5595,0.0,14.521798611111112
2026-03-13 23:54:00,2092.0,0.0,2006.9,0.0,0.0,0.0,87.52995138888889,2013.250115792485,834.8564027777777,0.0,10.5595,0.0,14.521798611111112
2026-03-13 23:55:00,2137.8,0.0,2046.1,0.0,0.0,1.9536719336219335,87.52995138888889,2048.7960870805628,834.8564027777777,0.0,10.5595,0.0,14.521798611111112
2026-03-13 23:56:00,2102.6,0.0,2027.1,0.0,0.0,0.0,87.52995138888889,2022.179631588835,834.8564027777777,0.0,10.5595,0.0,14.521798611111112
2026-03-13 23:57:00,2078.4,0.0,2001.1,0.0,0.0,0.0,87.52995138888889,1995.7208798005363,834.8564027777777,0.0,10.5595,0.0,14.521798611111112
2026-03-13 23:58:00,2064.6,0.0,1987.9,0.0,0.0,0.0,87.52995138888889,1986.4985981324776,834.8564027777777,0.0,10.5595,0.0,14.521798611111112
2026-03-13 23:59:00,2135.2,0.0,2053.8,0.0,0.0,0.0,87.52995138888889,2049.4464745227506,834.8564027777777,0.0,10.5595,0.0,14.521798611111112
2026-03-14 00:00:00,2218.9,150.9,1996.9,0.0,0.0,150.51917304242602,87.52995138888889,1988.0783285440616,834.8564027777777,0.0,10.5595,0.0,14.521798611111112
2026-03-14 00:01:00,2258.9,148.0,2029.6,0.0,0.0,150.79576941897977,87.52995138888889,2024.6971506693726,834.8564027777777,0.0,10.5595,0.0,14.521798611111112
2026-03-14 00:02:00,2215.0,148.6,1987.3,0.0,0.0,150.4233055192085,87.52995138888889,1985.7373435640623,834.8564027777777,0.0,10.5595,0.0,14.521798611111112
2026-03-14 00:03:00,2246.8,151.3,2021.1,0.0,0.0,148.03137189313955,87.52995138888889,2018.6973618846112,834.8564027777777,0.0,10.5595,0.0,14.521798611111112
2026-03-14 00:04:00,2198.9,146.5,1973.3,0.0,0.0,150.68619252348952,87.52995138888889,1970.2919978500806,834.8564027777777,0.0,10.5595,0.0,14.521798611111112
2026-03-14 00:05:00,2242.4,155.0,2002.6,0.0,0.0,148.03755909912527,87.52995138888889,2013.6010069427293,834.8564027777777,0.0,10.5595,0.0,14.521798611111112
2026-03-14 00:06:00,2221.8,151.1,1991.7,0.0,0.0,151.56956409585712,87.52995138888889,1994.7587086564854,834.8564027777777,0.0,10.5595,0.0,14.521798611111112
2026-03-14 00:07:00,2207.9,150.5,1981.5,0.0,0.0,150.41761184322215,87.52995138888889,1976.804252564593,834.8564027777777,0.0,10.5595,0.0,14.521798611111112
2026-03-14 00:08:00,2238.2,143.8,2013.5,0.0,0.0,149.39036639052674,87.52995138888889,2007.3852680156726,834.8564027777777,0.0,10.5595,0.0,14.521798611111112
2026-03-14 00:09:00,2202.9,154.9,1959.2,0.0,0.0,148.65121734708646,87.52995138888889,1975.1152934561972,834.8564027777777,0.0,10.5595,0.0,14.521798611111112
2026-03-14 00:10:00,2268.3,155.9,2033.8,0.0,0.0,149.99064613400873,87.52995138888889,2036.0932172188916,834.8564027777777,0.0,10.5595,0.0,14.521798611111112
2026-03-14 00:11:00,2193.6,149.1,1969.8,0.0,0.0,149.4658386302035,87.52995138888889,1965.1648065593995,834.8564027777777,0.0,10.5595,0.0,14.521798611111112
2026-03-14 00:12:00,2257.2,152.2,2027.6,0.0,0.0,149.54836326304414,87.52995138888889,2023.8599684687051,834.8564027777777,0.0,10.5595,0.0,14.521798611111112
2026-03-14 00:13:00,2255.0,147.6,2026.2,0.0,0.0,149.5797228778444,87.52995138888889,2024.5366713417588,834.8564027777777,0.0,10.5595,0.0,14.521798611111112
2026-03-14 00:14:00,2182.5,147.8,1960.1,0.0,0.0,148.84533828410147,87.52995138888889,1955.9148766698238,834.8564027777777,0.0,10.5595,0.0,14.521798611111112
2026-03-14 00:15:00,238.1,153.3,0.0,0.0,0.0,153.30149708574018,87.52995138888889,0.0,834.8564027777777,0.0,10.5595,0.0,14.521798611111112
2026-03-14 00:16:00,2218.2,147.9,1996.2,0.0,0.0,150.92064248116012,87.52995138888889,1988.4889923528556,834.8564027777777,0.0,10.5595,0.0,14.521798611111112
2026-03-14 00:17:00,2217.4,150.0,1984.1,0.0,0.0,151.09328860910625,87.52995138888889,1988.2731812291752,834.8564027777777,0.0,10.5595,0.0,14.521798611111112
2026-03-14 00:18:00,2257.4,152.6,2029.6,0.0,0.0,149.31553376453846,87.52995138888889,2024.0613780569633,834.8564027777777,0.0,10.5595,0.0,14.521798611111112
2026-03-14 00:19:00,226.3,145.3,0.0,0.0,0.0,147.37596393628445,87.52995138888889,0.0,834.8564027777777,0.0,10.5595,0.0,14.521798611111112
2026-03-14 00:20:00,2223.7,154.1,1976.5,0.0,0.0,150.9977065332358,87.52995138888889,1994.2535103189832,834.8564027777777,0.0,10.5595,0.0,14.521798611111112
2026-03-14 00:21:00,2201.9,142.1,1977.1,0.0,0.0,150.44505880759536,87.52995138888889,1973.629574525115,834.8564027777777,0.0,10.5595,0.0,14.521798611111112
2026-03-14 00:22:00,2228.8,146.5,2001.3,0.0,0.0,150.09116917276629,87.52995138888889,1996.3266691742476,834.8564027777777,0.0,10.5595,0.0,14.521798611111112
2026-03-14 00:23:00,2257.4,156.1,2013.8,0.0,0.0,149.4945264862589,87.52995138888889,2022.4197599144316,834.8564027777777,0.0,10.5595,0.0,14.521798611111112
2026-03-14 00:24:00,2233.8,155.2,2003.6,0.0,0.0,150.7936112302729,87.52995138888889,2001.6794967137816,834.8564027777777,0.0,10.5595,0.0,14.521798611111112
2026-03-14 00:25:00,2197.6,150.4,1961.1,0.0,0.0,149.90816520989907,87.52995138888889,1971.2451100459061,834.8564027777777,0.0,10.5595,0.0,14.521798611111112
2026-03-14 00:26:00,2203.3,150.0,1976.3,0.0,0.0,149.40816972260632,87.52995138888889,1973.9119660918814,834.8564027777777,0.0,10.5595,0.0,14.521798611111112
2026-03-14 00:27:00,2230.9,151.5,1987.4,0.0,0.0,149.1164023895495,87.52995138888889,2000.2831977942117,834.8564027777777,0.0,10.5595,0.0,14.521798611111112
2026-03-14 00:28:00,2225.3,147.9,1994.1,0.0,0.0,149.77118844903242,87.52995138888889,1994.8596270680412,834.8564027777777,0.0,10.5595,0.0,14.521798611111112
2026-03-14 00:29:00,2206.0,150.8,1986.6,0.0,0.0,149.1212544268397,87.52995138888889,1974.6275842945076,834.8564027777777,0.0,10.5595,0.0,14.521798611111112
2026-03-14 00:30:00,2226.0,155.2,1986.5,0.0,0.0,149.7018954235394,87.52995138888889,1995.545081389973,834.8564027777777,0.0,10.5595,0.0,14.521798611111112
2026-03-14 00:31:00,2203.2,152.4,1971.2,0.0,0.0,149.1514297958664,87.52995138888889,1973.9866025211925,834.8564027777777,0.0,10.5595,0.0,14.521798611111112
2026-03-14 00:32:00,2197.8,145.6,1963.9,0.0,0.0,149.7132007738993,87.52995138888889,1970.8849848183559,834.8564027777777,0.0,10.5595,0.0,14.521798611111112
2026-03-14 00:33:00,2235.0,146.0,2014.7,0.0,0.0,150.2937228589951,87.52995138888889,2002.2000066071023,834.8564027777777,0.0,10.5595,0.0,14.521798611111112
2026-03-14 00:34:00,2237.5,141.9,2023.9,0.0,0.0,149.96262203919233,87.52995138888889,2004.7754074433199,834.8564027777777,0.0,10.5595,0.0,14.521798611111112
2026-03-14 00:35:00,2087.1,0.0,2003.7,0.0,0.0,0.0,87.52995138888889,2005.2899190067644,834.8564027777777,0.0,10.5595,0.0,14.521798611111112
2026-03-14 00:36:00,2023.2,0.0,1942.9,0.0,0.0,0.0,87.52995138888889,1946.2795136091574,834.8564027777777,0.0,10.5595,0.0,14.521798611111112
2026-03-14 00:37:00,2060.4,0.0,1983.0,0.0,0.0,0.0,87.52995138888889,1981.5609362318785,834.8564027777777,0.0,10.5595,0.0,14.521798611111112
2026-03-14 00:38:00,2061.4,0.0,1985.0,0.0,0.0,0.0,87.52995138888889,1981.5727833729015,834.8564027777777,0.0,10.5595,0.0,14.521798611111112
2026-03-14 00:39:00,2081.8,0.0,2000.3,0.0,0.0,0.0,87.52995138888889,2003.5486669417116,834.8564027777777,0.0,10.5595,0.0,14.521798611111112
2026-03-14 00:40:00,2107.0,0.0,2034.7,0.0,0.0,0.0,87.52995138888889,2027.0668378597638,834.8564027777777,0.0,10.5595,0.0,14.521798611111112
2026-03-14 00:41:00,2084.1,0.0,2004.8,0.0,0.0,0.0,87.52995138888889,2005.3000646495047,834.8564027777777,0.0,10.5595,0.0,14.521798611111112
2026-03-14 00:42:00,2061.0,0.0,1988.8,0.0,0.0,0.0,87.52995138888889,1981.390602854146,834.8564027777777,0.0,10.5595,0.0,14.521798611111112
2026-03-14 00:43:00,2070.8,0.0,1991.1,0.0,0.0,0.0,87.52995138888889,1992.5499938360706,834.8564027777777,0.0,10.5595,0.0,14.521798611111112
2026-03-14 00:44:00,2055.8,0.0,1975.9,0.0,0.0,0.0,87.52995138888889,1975.849056085581,834.8564027777777,0.0,10.5595,0.0,14.521798611111112
2026-03-14 00:45:00,2076.4,0.0,1987.2,0.0,0.0,0.0,87.52995138888889,1994.9361990870775,834.8564027777777,0.0,10.5595,0.0,14.521798611111112
2026-03-14 00:46:00,2091.4,0.0,2002.6,0.0,0.0,0.0,87.52995138888889,2008.3224560773722,834.8564027777777,0.0,10.5595,0.0,14.521798611111112
2026-03-14 00:47:00,2094.8,0.0,2019.9,0.0,0.0,0.0,87.52995138888889,2014.329557971712,834.8564027777777,0.0,10.5595,0.0,14.521798611111112
2026-03-14 00:48:00,2097.6,0.0,2016.7,0.0,0.0,0.0,87.52995138888889,2016.9578664606636,834.8564027777777,0.0,10.5595,0.0,14.521798611111112
2026-03-14 00:49:00,2046.0,0.0,1965.2,0.0,0.0,0.0,87.52995138888889,1966.6086623738256,834.8564027777777,0.0,10.5595,0.0,14.521798611111112
2026-03-14 00:50:00,2096.5,0.0,2023.2,0.0,0.0,0.0,87.52995138888889,2016.025869471541,834.8564027777777,0.0,10.5595,0.0,14.521798611111112
2026-03-14 00:51:00,2166.3,0.0,2087.3,0.0,0.0,122.44023675997208,87.52995138888889,1959.064670837496,834.8564027777777,0.0,10.5595,0.0,14.521798611111112
2026-03-14 00:52:00,2111.1,0.0,2033.2,0.0,0.0,0.0,87.52995138888889,2033.076296061658,834.8564027777777,0.0,10.5595,0.0,14.521798611111112
2026-03-14 00:53:00,2016.0,0.0,1944.9,0.0,0.0,0.0,87.52995138888889,1939.7154104191554,834.8564027777777,0.0,10.5595,0.0,14.521798611111112
2026-03-14 00:54:00,77.9,0.0,0.0,0.0,0.0,0.0,87.52995138888889,0.0,834.8564027777777,0.0,10.5595,0.0,14.521798611111112
2026-03-14 00:55:00,2082.8,0.0,2000.0,0.0,0.0,0.0,87.52995138888889,2001.8368687190182,834.8564027777777,0.0,10.5595,0.0,14.521798611111112
2026-03-14 00:56:00,2089.7,0.0,2018.2,0.0,0.0,0.0,87.52995138888889,2007.0080326212278,834.8564027777777,0.0,10.5595,0.0,14.521798611111112
2026-03-14 00:57:00,75.0,0.0,0.0,0.0,0.0,0.0,87.52995138888889,0.0,834.8564027777777,0.0,10.5595,0.0,14.521798611111112
2026-03-14 00:58:00,75.2,0.0,0.0,0.0,0.0,0.0,87.52995138888889,0.0,834.8564027777777,0.0,10.5595,0.0,14.521798611111112
2026-03-14 00:59:00,76.9,0.0,0.0,0.0,0.0,0.0,87.52995138888889,0.0,834.8564027777777,0.0,10.5595,0.0,14.521798611111112
2026-03-14 01:00:00,232.8,154.2,0.0,0.0,0.0,152.98886697866405,87.52995138888889,0.0,834.8564027777777,0.0,10.5595,0.0,14.521798611111112
2026-03-14 01:01:00,222.9,150.0,0.0,0.0,0.0,146.34960161927282,87.52995138888889,0.0,834.8564027777777,0.0,10.5595,0.0,14.521798611111112
2026-03-14 01:02:00,231.8,153.6,0.0,0.0,0.0,152.14316701756854,87.52995138888889,0.0,834.8564027777777,0.0,10.5595,0.0,14.521798611111112
2026-03-14 01:03:00,229.8,147.7,0.0,0.0,0.0,151.3895413839973,87.52995138888889,0.0,834.8564027777777,0.0,10.5595,0.0,14.521798611111112
2026-03-14 01:04:00,237.5,155.7,0.0,0.0,0.0,153.2174007825336,87.52995138888889,0.0,834.8564027777777,0.0,10.5595,0.0,14.521798611111112
2026-03-14 01:05:00,234.8,150.5,0.0,0.0,0.0,152.0563015733722,87.52995138888889,0.0,834.8564027777777,0.0,10.5595,0.0,14.521798611111112
2026-03-14 01:06:00,2230.3,149.8,1999.9,0.0,0.0,151.7565791598437,87.52995138888889,2000.049448224924,834.8564027777777,0.0,10.5595,0.0,14.521798611111112
2026-03-14 01:07:00,2204.7,151.2,1974.4,0.0,0.0,150.80243106986185,87.52995138888889,1975.2203303916667,834.8564027777777,0.0,10.5595,0.0,14.521798611111112
2026-03-14 01:08:00,242.8,149.6,0.0,0.0,0.0,156.08433820569405,87.52995138888889,0.0,834.8564027777777,0.0,10.5595,0.0,14.521798611111112
2026-03-14 01:09:00,227.2,144.0,0.0,0.0,0.0,148.00891696195396,87.52995138888889,0.0,834.8564027777777,0.0,10.5595,0.0,14.521798611111112
2026-03-14 01:10:00,232.5,149.7,0.0,0.0,0.0,151.40184956352562,87.52995138888889,0.0,834.8564027777777,0.0,10.5595,0.0,14.521798611111112
2026-03-14 01:11:00,236.1,152.1,0.0,0.0,0.0,151.41395833931574,87.52995138888889,0.0,834.8564027777777,0.0,10.5595,0.0,14.521798611111112
2026-03-14 01:12:00,225.7,150.4,0.0,0.0,0.0,147.2226211348507,87.52995138888889,0.0,834.8564027777777,0.0,10.5595,0.0,14.521798611111112
2026-03-14 01:13:00,223.2,147.2,0.0,0.0,0.0,146.30338632726637,87.52995138888889,0.0,834.8564027777777,0.0,10.5595,0.0,14.521798611111112
2026-03-14 01:14:00,2224.4,149.2,1992.2,0.0,0.0,151.1601143978084,87.52995138888889,1996.5021784917149,834.8564027777777,0.0,10.5595,0.0,14.521798611111112
2026-03-14 01:15:00,221.8,145.0,0.0,0.0,0.0,144.75393904956698,87.52995138888889,0.0,834.8564027777777,0.0,10.5595,0.0,14.521798611111112
2026-03-14 01:16:00,225.6,151.9,0.0,0.0,0.0,147.6808406537305,87.52995138888889,0.0,834.8564027777777,0.0,10.5595,0.0,14.521798611111112
2026-03-14 01:17:00,236.7,147.7,0.0,0.0,0.0,152.14454117739263,87.52995138888889,0.0,834.8564027777777,0.0,10.5595,0.0,14.521798611111112
2026-03-14 01:18:00,231.1,152.0,0.0,0.0,0.0,151.56220643855053,87.52995138888889,0.0,834.8564027777777,0.0,10.5595,0.0,14.521798611111112
2026-03-14 01:19:00,234.7,152.0,0.0,0.0,0.0,151.46768941542922,87.52995138888889,0.0,834.8564027777777,0.0,10.5595,0.0,14.521798611111112
2026-03-14 01:20:00,237.6,153.1,0.0,0.0,0.0,153.24277003789697,87.52995138888889,0.0,834.8564027777777,0.0,10.5595,0.0,14.521798611111112
2026-03-14 01:21:00,228.5,151.5,0.0,0.0,0.0,149.412657451481,87.52995138888889,0.0,834.8564027777777,0.0,10.5595,0.0,14.521798611111112
2026-03-14 01:22:00,240.7,152.2,0.0,0.0,0.0,155.6215743723568,87.52995138888889,0.0,834.8564027777777,0.0,10.5595,0.0,14.521798611111112
2026-03-14 01:23:00,227.9,145.3,0.0,0.0,0.0,148.01630796032313,87.52995138888889,0.0,834.8564027777777,0.0,10.5595,0.0,14.521798611111112
2026-03-14 01:24:00,2317.7,155.2,2084.1,0.0,0.0,148.38734118163973,87.52995138888889,2070.2102756838244,834.8564027777777,0.0,10.5595,20.846021875346878,14.521798611111112
2026-03-14 01:25:00,226.1,151.1,0.0,0.0,0.0,146.08312031082676,87.52995138888889,0.0,834.8564027777777,0.0,10.5595,0.0,14.521798611111112
2026-03-14 01:26:00,231.5,151.3,0.0,0.0,0.0,151.57265178901707,87.52995138888889,0.0,834.8564027777777,0.0,10.5595,0.0,14.521798611111112
2026-03-14 01:27:00,227.6,150.9,0.0,0.0,0.0,148.7364908459044,87.52995138888889,0.0,834.8564027777777,0.0,10.5595,0.0,14.521798611111112
2026-03-14 01:28:00,241.9,158.6,0.0,0.0,0.0,156.3001704313631,87.52995138888889,0.0,834.8564027777777,0.0,10.5595,0.0,14.521798611111112
2026-03-14 01:29:00,231.1,147.2,0.0,0.0,0.0,151.77984926288312,87.52995138888889,0.0,834.8564027777777,0.0,10.5595,0.0,14.521798611111112
2026-03-14 01:30:00,246.6,158.1,0.0,0.0,0.0,156.37541401409052,87.52995138888889,0.0,834.8564027777777,0.0,10.5595,0.0,14.521798611111112
2026-03-14 01:31:00,251.3,163.8,0.0,0.0,0.0,161.27365510218772,87.52995138888889,0.0,834.8564027777777,0.0,10.5595,0.0,14.521798611111112
2026-03-14 01:32:00,236.6,150.5,0.0,0.0,0.0,153.88128792590854,87.52995138888889,0.0,834.8564027777777,0.0,10.5595,0.0,14.521798611111112
2026-03-14 01:33:00,2289.3,147.5,2059.2,0.0,0.0,149.98286588030717,87.52995138888889,2050.436020705361,834.8564027777777,0.0,10.5595,11.73729787140964,14.521798611111112
2026-03-14 01:34:00,219.5,141.6,0.0,0.0,0.0,145.2185271402345,87.52995138888889,0.0,834.8564027777777,0.0,10.5595,0.0,14.521798611111112
2026-03-14 01:35:00,78.1,0.0,0.0,0.0,0.0,0.0,87.52995138888889,0.0,834.8564027777777,0.0,10.5595,0.0,14.521798611111112
2026-03-14 01:36:00,82.2,0.0,0.0,0.0,0.0,0.0,87.52995138888889,0.0,834.8564027777777,0.0,10.5595,0.0,14.521798611111112
2026-03-14 01:37:00,72.7,0.0,0.0,0.0,0.0,0.0,87.52995138888889,0.0,834.8564027777777,0.0,10.5595,0.0,14.521798611111112
2026-03-14 01:38:00,69.2,0.0,0.0,0.0,0.0,0.0,87.52995138888889,0.0,834.8564027777777,0.0,10.5595,0.0,14.521798611111112
2026-03-14 01:39:00,77.7,0.0,0.0,0.0,0.0,0.0,87.52995138888889,0.0,834.8564027777777,0.0,10.5595,0.0,14.521798611111112
2026-03-14 01:40:00,75.0,0.0,0.0,0.0,0.0,0.0,87.52995138888889,0.0,834.8564027777777,0.0,10.5595,0.0,14.521798611111112
2026-03-14 01:41:00,80.2,0.0,0.0,0.0,0.0,0.0,87.52995138888889,0.0,834.8564027777777,0.0,10.5595,0.0,14.521798611111112
2026-03-14 01:42:00,79.8,0.0,0.0,0.0,0.0,0.0,87.52995138888889,0.0,834.8564027777777,0.0,10.5595,0.0,14.521798611111112
2026-03-14 01:43:00,84.7,0.0,0.0,0.0,0.0,0.0,87.52995138888889,0.0,834.8564027777777,0.0,10.5595,0.0,14.521798611111112
2026-03-14 01:44:00,78.6,0.0,0.0,0.0,0.0,0.0,87.52995138888889,0.0,834.8564027777777,0.0,10.5595,0.0,14.521798611111112
2026-03-14 01:45:00,83.8,0.0,0.0,0.0,0.0,0.0,87.52995138888889,0.0,834.8564027777777,0.0,10.5595,0.0,14.521798611111112
2026-03-14 01:46:00,79.9,0.0,0.0,0.0,0.0,0.0,87.52995138888889,0.0,834.8564027777777,0.0,10.5595,0.0,14.521798611111112
2026-03-14 01:47:00,85.8,0.0,0.0,0.0,0.0,0.0,87.52995138888889,0.0,834.8564027777777,0.0,10.5595,0.0,14.521798611111112
2026-03-14 01:48:00,80.9,0.0,0.0,0.0,0.0,0.0,87.52995138888889,0.0,834.8564027777777,0.0,10.5595,0.0,14.521798611111112
2026-03-14 01:49:00,75.9,0.0,0.0,0.0,0.0,0.0,87.52995138888889,0.0,834.8564027777777,0.0,10.5595,0.0,14.521798611111112
2026-03-14 01:50:00,75.9,0.0,0.0,0.0,0.0,0.0,87.52995138888889,0.0,834.8564027777777,0.0,10.5595,0.0,14.521798611111112
2026-03-14 01:51:00,90.3,0.0,0.0,0.0,0.0,0.0,87.52995138888889,0.0,834.8564027777777,0.0,10.5595,0.0,14.521798611111112
2026-03-14 01:52:00,75.3,0.0,0.0,0.0,0.0,0.0,87.52995138888889,0.0,834.8564027777777,0.0,10.5595,0.0,14.521798611111112
2026-03-14 01:53:00,86.3,0.0,0.0,0.0,0.0,0.0,87.52995138888889,0.0,834.8564027777777,0.0,10.5595,0.0,14.521798611111112
2026-03-14 01:54:00,82.9,0.0,0.0,0.0,0.0,0.0,87.52995138888889,0.0,834.8564027777777,0.0,10.5595,0.0,14.521798611111112
2026-03-14 01:55:00,79.3,0.0,0.0,0.0,0.0,0.0,87.52995138888889,0.0,834.8564027777777,0.0,10.5595,0.0,14.521798611111112
2026-03-14 01:56:00,88.4,0.0,0.0,0.0,0.0,0.0,87.52995138888889,0.0,834.8564027777777,0.0,10.5595,0.0,14.521798611111112
2026-03-14 01:57:00,86.8,0.0,0.0,0.0,0.0,0.0,87.52995138888889,0.0,834.8564027777777,0.0,10.5595,0.0,14.521798611111112
2026-03-14 01:58:00,75.8,0.0,0.0,0.0,0.0,0.0,87.52995138888889,0.0,834.8564027777777,0.0,10.5595,0.0,14.521798611111112
2026-03-14 01:59:00,90.5,0.0,0.0,0.0,0.0,0.0,87.52995138888889,0.0,834.8564027777777,0.0,10.5595,0.0,14.521798611111112
2026-03-14 02:00:00,231.6,149.9,0.0,0.0,0.0,150.37703349009377,87.52995138888889,0.0,834.8564027777777,0.0,10.5595,0.0,14.521798611111112
2026-03-14 02:01:00,235.4,154.8,0.0,0.0,0.0,152.5446616576235,87.52995138888889,0.0,834.8564027777777,0.0,10.5595,0.0,14.521798611111112
2026-03-14 02:02:00,222.3,148.5,0.0,0.0,0.0,146.81570007525167,87.52995138888889,0.0,834.8564027777777,0.0,10.5595,0.0,14.521798611111112
2026-03-14 02:03:00,234.9,158.6,0.0,0.0,0.0,152.4348227145404,87.52995138888889,0.0,834.8564027777777,0.0,10.5595,0.0,14.521798611111112
2026-03-14 02:04:00,241.8,149.8,0.0,0.0,0.0,154.55586745868504,87.52995138888889,0.0,834.8564027777777,0.0,10.5595,0.0,14.521798611111112
2026-03-14 02:05:00,228.8,147.2,0.0,0.0,0.0,150.1309302870332,87.52995138888889,0.0,834.8564027777777,0.0,10.5595,0.0,14.521798611111112
2026-03-14 02:06:00,231.4,149.0,0.0,0.0,0.0,151.49786988322137,87.52995138888889,0.0,834.8564027777777,0.0,10.5595,0.0,14.521798611111112
2026-03-14 02:07:00,231.5,150.6,0.0,0.0,0.0,151.38187982143134,87.52995138888889,0.0,834.8564027777777,0.0,10.5595,0.0,14.521798611111112
2026-03-14 02:08:00,243.5,153.1,0.0,0.0,0.0,156.12681895650215,87.52995138888889,0.0,834.8564027777777,0.0,10.5595,0.0,14.521798611111112
2026-03-14 02:09:00,222.4,146.9,0.0,0.0,0.0,145.67097433494175,87.52995138888889,0.0,834.8564027777777,0.0,10.5595,0.0,14.521798611111112
2026-03-14 02:10:00,242.4,158.1,0.0,0.0,0.0,154.06280959704782,87.52995138888889,0.0,834.8564027777777,0.0,10.5595,0.0,14.521798611111112
2026-03-14 02:11:00,229.3,150.5,0.0,0.0,0.0,149.98604208046862,87.52995138888889,0.0,834.8564027777777,0.0,10.5595,0.0,14.521798611111112
2026-03-14 02:12:00,233.6,154.7,0.0,0.0,0.0,151.50848213641936,87.52995138888889,0.0,834.8564027777777,0.0,10.5595,0.0,14.521798611111112
2026-03-14 02:13:00,210.2,145.9,0.0,0.0,0.0,142.40738577985204,87.52995138888889,0.0,834.8564027777777,0.0,10.5595,0.0,14.521798611111112
2026-03-14 02:14:00,230.9,151.9,0.0,0.0,0.0,150.88715700394377,87.52995138888889,0.0,834.8564027777777,0.0,10.5595,0.0,14.521798611111112
2026-03-14 02:15:00,234.7,147.9,0.0,0.0,0.0,153.3983194652843,87.52995138888889,0.0,834.8564027777777,0.0,10.5595,0.0,14.521798611111112
2026-03-14 02:16:00,234.0,155.1,0.0,0.0,0.0,152.010420415097,87.52995138888889,0.0,834.8564027777777,0.0,10.5595,0.0,14.521798611111112
2026-03-14 02:17:00,224.2,148.0,0.0,0.0,0.0,149.05931425669561,87.52995138888889,0.0,834.8564027777777,0.0,10.5595,0.0,14.521798611111112
2026-03-14 02:18:00,232.2,147.5,0.0,0.0,0.0,151.81320932678435,87.52995138888889,0.0,834.8564027777777,0.0,10.5595,0.0,14.521798611111112
2026-03-14 02:19:00,241.6,150.3,0.0,0.0,0.0,153.28066723347456,87.52995138888889,0.0,834.8564027777777,0.0,10.5595,0.0,14.521798611111112
2026-03-14 02:20:00,220.9,150.1,0.0,0.0,0.0,146.62120812792864,87.52995138888889,0.0,834.8564027777777,0.0,10.5595,0.0,14.521798611111112
2026-03-14 02:21:00,232.7,149.8,0.0,0.0,0.0,151.64687396786215,87.52995138888889,0.0,834.8564027777777,0.0,10.5595,0.0,14.521798611111112
2026-03-14 02:22:00,227.7,150.3,0.0,0.0,0.0,149.2525677872514,87.52995138888889,0.0,834.8564027777777,0.0,10.5595,0.0,14.521798611111112
2026-03-14 02:23:00,233.6,154.0,0.0,0.0,0.0,151.70822731467885,87.52995138888889,0.0,834.8564027777777,0.0,10.5595,0.0,14.521798611111112
2026-03-14 02:24:00,235.3,155.4,0.0,0.0,0.0,153.54914494231264,87.52995138888889,0.0,834.8564027777777,0.0,10.5595,0.0,14.521798611111112
2026-03-14 02:25:00,230.6,158.4,0.0,0.0,0.0,151.02062358028402,87.52995138888889,0.0,834.8564027777777,0.0,10.5595,0.0,14.521798611111112
2026-03-14 02:26:00,236.7,151.3,0.0,0.0,0.0,154.09676200977685,87.52995138888889,0.0,834.8564027777777,0.0,10.5595,0.0,14.521798611111112
2026-03-14 02:27:00,224.4,147.3,0.0,0.0,0.0,147.25390637634064,87.52995138888889,0.0,834.8564027777777,0.0,10.5595,0.0,14.521798611111112
2026-03-14 02:28:00,234.1,159.2,0.0,0.0,0.0,151.03127313018516,87.52995138888889,0.0,834.8564027777777,0.0,10.5595,0.0,14.521798611111112
2026-03-14 02:29:00,234.3,150.2,0.0,0.0,0.0,151.29478620044827,87.52995138888889,0.0,834.8564027777777,0.0,10.5595,0.0,14.521798611111112
2026-03-14 02:30:00,238.0,155.0,0.0,0.0,0.0,154.4242615728327,87.52995138888889,0.0,834.8564027777777,0.0,10.5595,0.0,14.521798611111112
2026-03-14 02:31:00,239.3,150.9,0.0,0.0,0.0,155.1168338238617,87.52995138888889,0.0,834.8564027777777,0.0,10.5595,0.0,14.521798611111112
2026-03-14 02:32:00,233.9,151.1,0.0,0.0,0.0,150.83128086528058,87.52995138888889,0.0,834.8564027777777,0.0,10.5595,0.0,14.521798611111112
2026-03-14 02:33:00,226.7,144.3,0.0,0.0,0.0,149.6770563270607,87.52995138888889,0.0,834.8564027777777,0.0,10.5595,0.0,14.521798611111112
2026-03-14 02:34:00,218.0,138.7,0.0,0.0,0.0,144.9534685692847,87.52995138888889,0.0,834.8564027777777,0.0,10.5595,0.0,14.521798611111112
2026-03-14 02:35:00,85.2,0.0,0.0,0.0,0.0,0.0,87.52995138888889,0.0,834.8564027777777,0.0,10.5595,0.0,14.521798611111112
2026-03-14 02:36:00,81.6,0.0,0.0,0.0,0.0,0.0,87.52995138888889,0.0,834.8564027777777,0.0,10.5595,0.0,14.521798611111112
2026-03-14 02:37:00,75.9,0.0,0.0,0.0,0.0,0.0,87.52995138888889,0.0,834.8564027777777,0.0,10.5595,0.0,14.521798611111112
2026-03-14 02:38:00,83.3,0.0,0.0,0.0,0.0,0.0,87.52995138888889,0.0,834.8564027777777,0.0,10.5595,0.0,14.521798611111112
2026-03-14 02:39:00,82.3,0.0,0.0,0.0,0.0,0.0,87.52995138888889,0.0,834.8564027777777,0.0,10.5595,0.0,14.521798611111112
2026-03-14 02:40:00,78.8,0.0,0.0,0.0,0.0,0.0,87.52995138888889,0.0,834.8564027777777,0.0,10.5595,0.0,14.521798611111112
2026-03-14 02:41:00,84.0,0.0,0.0,0.0,0.0,0.0,87.52995138888889,0.0,834.8564027777777,0.0,10.5595,0.0,14.521798611111112
2026-03-14 02:42:00,98.1,0.0,0.0,0.0,0.0,0.0,87.52995138888889,0.0,834.8564027777777,0.0,10.5595,0.0,14.521798611111112
2026-03-14 02:43:00,75.3,0.0,0.0,0.0,0.0,0.0,87.52995138888889,0.0,834.8564027777777,0.0,10.5595,0.0,14.521798611111112
2026-03-14 02:44:00,88.0,0.0,0.0,0.0,0.0,0.0,87.52995138888889,0.0,834.8564027777777,0.0,10.5595,0.0,14.521798611111112
2026-03-14 02:45:00,81.6,0.0,0.0,0.0,0.0,0.0,87.52995138888889,0.0,834.8564027777777,0.0,10.5595,0.0,14.521798611111112
2026-03-14 02:46:00,77.7,0.0,0.0,0.0,0.0,0.0,87.52995138888889,0.0,834.8564027777777,0.0,10.5595,0.0,14.521798611111112
2026-03-14 02:47:00,93.8,0.0,0.0,0.0,0.0,0.0,87.52995138888889,0.0,834.8564027777777,0.0,10.5595,0.0,14.521798611111112
2026-03-14 02:48:00,89.8,0.0,0.0,0.0,0.0,0.0,87.52995138888889,0.0,834.8564027777777,0.0,10.5595,0.0,14.521798611111112
2026-03-14 02:49:00,81.9,0.0,0.0,0.0,0.0,0.0,87.52995138888889,0.0,834.8564027777777,0.0,10.5595,0.0,14.521798611111112
2026-03-14 02:50:00,86.2,0.0,0.0,0.0,0.0,0.0,87.52995138888889,0.0,834.8564027777777,0.0,10.5595,0.0,14.521798611111112
2026-03-14 02:51:00,84.3,0.0,0.0,0.0,0.0,0.0,87.52995138888889,0.0,834.8564027777777,0.0,10.5595,0.0,14.521798611111112
2026-03-14 02:52:00,75.6,0.0,0.0,0.0,0.0,0.0,87.52995138888889,0.0,834.8564027777777,0.0,10.5595,0.0,14.521798611111112
2026-03-14 02:53:00,79.2,0.0,0.0,0.0,0.0,0.0,87.52995138888889,0.0,834.8564027777777,0.0,10.5595,0.0,14.521798611111112
2026-03-14 02:54:00,78.5,0.0,0.0,0.0,0.0,0.0,87.52995138888889,0.0,834.8564027777777,0.0,10.5595,0.0,14.521798611111112
2026-03-14 02:55:00,83.0,0.0,0.0,0.0,0.0,0.0,87.52995138888889,0.0,834.8564027777777,0.0,10.5595,0.0,14.521798611111112
2026-03-14 02:56:00,79.0,0.0,0.0,0.0,0.0,0.0,87.52995138888889,0.0,834.8564027777777,0.0,10.5595,0.0,14.521798611111112
2026-03-14 02:57:00,75.7,0.0,0.0,0.0,0.0,0.0,87.52995138888889,0.0,834.8564027777777,0.0,10.5595,0.0,14.521798611111112
2026-03-14 02:58:00,80.2,0.0,0.0,0.0,0.0,0.0,87.52995138888889,0.0,834.8564027777777,0.0,10.5595,0.0,14.521798611111112
2026-03-14 02:59:00,85.8,0.0,0.0,0.0,0.0,0.0,87.52995138888889,0.0,834.8564027777777,0.0,10.5595,0.0,14.521798611111112
2026-03-14 03:00:00,225.0,152.3,0.0,0.0,0.0,149.26469056286575,87.52995138888889,0.0,834.8564027777777,0.0,10.5595,0.0,14.521798611111112
2026-03-14 03:01:00,211.2,132.7,0.0,0.0,0.0,143.8599359381934,87.52995138888889,0.0,834.8564027777777,0.0,10.5595,0.0,14.521798611111112
2026-03-14 03:02:00,223.4,147.0,0.0,0.0,0.0,145.82856437512442,87.52995138888889,0.0,834.8564027777777,0.0,10.5595,0.0,14.521798611111112
2026-03-14 03:03:00,251.5,158.2,0.0,0.0,0.0,159.8467432936344,87.52995138888889,0.0,834.8564027777777,0.0,10.5595,0.0,14.521798611111112
2026-03-14 03:04:00,244.2,155.2,0.0,0.0,0.0,155.98779503612147,87.52995138888889,0.0,834.8564027777777,0.0,10.5595,0.0,14.521798611111112
2026-03-14 03:05:00,235.3,154.9,0.0,0.0,0.0,152.09096423875684,87.52995138888889,0.0,834.8564027777777,0.0,10.5595,0.0,14.521798611111112
2026-03-14 03:06:00,249.2,167.5,0.0,0.0,0.0,159.4522504073268,87.52995138888889,0.0,834.8564027777777,0.0,10.5595,0.0,14.521798611111112
2026-03-14 03:07:00,225.2,149.2,0.0,0.0,0.0,149.00008229790788,87.52995138888889,0.0,834.8564027777777,0.0,10.5595,0.0,14.521798611111112
2026-03-14 03:08:00,225.9,145.8,0.0,0.0,0.0,148.45218559267528,87.52995138888889,0.0,834.8564027777777,0.0,10.5595,0.0,14.521798611111112
2026-03-14 03:09:00,214.0,131.5,0.0,0.0,0.0,142.82387092308565,87.52995138888889,0.0,834.8564027777777,0.0,10.5595,0.0,14.521798611111112
2026-03-14 03:10:00,218.9,145.2,0.0,0.0,0.0,146.56372272825212,87.52995138888889,0.0,834.8564027777777,0.0,10.5595,0.0,14.521798611111112
2026-03-14 03:11:00,218.7,143.1,0.0,0.0,0.0,146.7438096986891,87.52995138888889,0.0,834.8564027777777,0.0,10.5595,0.0,14.521798611111112
2026-03-14 03:12:00,244.7,158.7,0.0,0.0,0.0,158.02804765566668,87.52995138888889,0.0,834.8564027777777,0.0,10.5595,0.0,14.521798611111112
2026-03-14 03:13:00,224.3,149.1,0.0,0.0,0.0,148.6022438416303,87.52995138888889,0.0,834.8564027777777,0.0,10.5595,0.0,14.521798611111112
2026-03-14 03:14:00,215.6,143.9,0.0,0.0,0.0,143.28004648603036,87.52995138888889,0.0,834.8564027777777,0.0,10.5595,0.0,14.521798611111112
2026-03-14 03:15:00,225.6,150.8,0.0,0.0,0.0,148.3938212787356,87.52995138888889,0.0,834.8564027777777,0.0,10.5595,0.0,14.521798611111112
2026-03-14 03:16:00,242.2,152.3,0.0,0.0,0.0,155.3686898295605,87.52995138888889,0.0,834.8564027777777,0.0,10.5595,0.0,14.521798611111112
2026-03-14 03:17:00,234.4,150.6,0.0,0.0,0.0,152.17647084266488,87.52995138888889,0.0,834.8564027777777,0.0,10.5595,0.0,14.521798611111112
2026-03-14 03:18:00,234.0,157.3,0.0,0.0,0.0,152.1456136443077,87.52995138888889,0.0,834.8564027777777,0.0,10.5595,0.0,14.521798611111112
2026-03-14 03:19:00,227.2,150.2,0.0,0.0,0.0,147.59636476794628,87.52995138888889,0.0,834.8564027777777,0.0,10.5595,0.0,14.521798611111112
2026-03-14 03:20:00,217.5,150.9,0.0,0.0,0.0,144.9543796517208,87.52995138888889,0.0,834.8564027777777,0.0,10.5595,0.0,14.521798611111112
2026-03-14 03:21:00,236.2,153.7,0.0,0.0,0.0,152.46195968105962,87.52995138888889,0.0,834.8564027777777,0.0,10.5595,0.0,14.521798611111112
2026-03-14 03:22:00,226.4,146.0,0.0,0.0,0.0,148.4558261430606,87.52995138888889,0.0,834.8564027777777,0.0,10.5595,0.0,14.521798611111112
2026-03-14 03:23:00,225.1,151.6,0.0,0.0,0.0,148.9131514279809,87.52995138888889,0.0,834.8564027777777,0.0,10.5595,0.0,14.521798611111112
2026-03-14 03:24:00,228.7,148.9,0.0,0.0,0.0,150.40643072804107,87.52995138888889,0.0,834.8564027777777,0.0,10.5595,0.0,14.521798611111112
2026-03-14 03:25:00,234.3,155.8,0.0,0.0,0.0,152.27188495654664,87.52995138888889,0.0,834.8564027777777,0.0,10.5595,0.0,14.521798611111112
2026-03-14 03:26:00,234.3,154.0,0.0,0.0,0.0,151.88091486198974,87.52995138888889,0.0,834.8564027777777,0.0,10.5595,0.0,14.521798611111112
2026-03-14 03:27:00,216.0,139.8,0.0,0.0,0.0,144.0944387316875,87.52995138888889,0.0,834.8564027777777,0.0,10.5595,0.0,14.521798611111112
2026-03-14 03:28:00,235.3,154.8,0.0,0.0,0.0,153.00024129019124,87.52995138888889,0.0,834.8564027777777,0.0,10.5595,0.0,14.521798611111112
2026-03-14 03:29:00,236.3,151.9,0.0,0.0,0.0,153.5719451998981,87.52995138888889,0.0,834.8564027777777,0.0,10.5595,0.0,14.521798611111112
2026-03-14 03:30:00,224.6,150.5,0.0,0.0,0.0,148.02470720978368,87.52995138888889,0.0,834.8564027777777,0.0,10.5595,0.0,14.521798611111112
2026-03-14 03:31:00,225.7,143.7,0.0,0.0,0.0,148.8415046314796,87.52995138888889,0.0,834.8564027777777,0.0,10.5595,0.0,14.521798611111112
2026-03-14 03:32:00,237.7,158.9,0.0,0.0,0.0,153.8403123178392,87.52995138888889,0.0,834.8564027777777,0.0,10.5595,0.0,14.521798611111112
2026-03-14 03:33:00,227.4,147.1,0.0,0.0,0.0,148.43790276499104,87.52995138888889,0.0,834.8564027777777,0.0,10.5595,0.0,14.521798611111112
2026-03-14 03:34:00,235.6,151.9,0.0,0.0,0.0,153.69203796290847,87.52995138888889,0.0,834.8564027777777,0.0,10.5595,0.0,14.521798611111112
2026-03-14 03:35:00,72.4,0.0,0.0,0.0,0.0,0.0,87.52995138888889,0.0,834.8564027777777,0.0,10.5595,0.0,14.521798611111112
2026-03-14 03:36:00,82.8,0.0,0.0,0.0,0.0,0.0,87.52995138888889,0.0,834.8564027777777,0.0,10.5595,0.0,14.521798611111112
2026-03-14 03:37:00,82.1,0.0,0.0,0.0,0.0,0.0,87.52995138888889,0.0,834.8564027777777,0.0,10.5595,0.0,14.521798611111112
2026-03-14 03:38:00,79.2,0.0,0.0,0.0,0.0,0.0,87.52995138888889,0.0,834.8564027777777,0.0,10.5595,0.0,14.521798611111112
2026-03-14 03:39:00,76.8,0.0,0.0,0.0,0.0,0.0,87.52995138888889,0.0,834.8564027777777,0.0,10.5595,0.0,14.521798611111112
2026-03-14 03:40:00,75.0,0.0,0.0,0.0,0.0,0.0,87.52995138888889,0.0,834.8564027777777,0.0,10.5595,0.0,14.521798611111112
2026-03-14 03:41:00,79.0,0.0,0.0,0.0,0.0,0.0,87.52995138888889,0.0,834.8564027777777,0.0,10.5595,0.0,14.521798611111112
2026-03-14 03:42:00,80.6,0.0,0.0,0.0,0.0,0.0,87.52995138888889,0.0,834.8564027777777,0.0,10.5595,0.0,14.521798611111112
2026-03-14 03:43:00,89.5,0.0,0.0,0.0,0.0,0.0,87.52995138888889,0.0,834.8564027777777,0.0,10.5595,0.0,14.521798611111112
2026-03-14 03:44:00,70.8,0.0,0.0,0.0,0.0,0.0,87.52995138888889,0.0,834.8564027777777,0.0,10.5595,0.0,14.521798611111112
2026-03-14 03:45:00,77.8,0.0,0.0,0.0,0.0,0.0,87.52995138888889,0.0,834.8564027777777,0.0,10.5595,0.0,14.521798611111112
2026-03-14 03:46:00,78.8,0.0,0.0,0.0,0.0,0.0,87.52995138888889,0.0,834.8564027777777,0.0,10.5595,0.0,14.521798611111112
2026-03-14 03:47:00,84.7,0.0,0.0,0.0,0.0,0.0,87.52995138888889,0.0,834.8564027777777,0.0,10.5595,0.0,14.521798611111112
2026-03-14 03:48:00,90.9,0.0,0.0,0.0,0.0,0.0,87.52995138888889,0.0,834.8564027777777,0.0,10.5595,0.0,14.521798611111112
2026-03-14 03:49:00,85.3,0.0,0.0,0.0,0.0,0.0,87.52995138888889,0.0,834.8564027777777,0.0,10.5595,0.0,14.521798611111112
2026-03-14 03:50:00,82.0,0.0,0.0,0.0,0.0,0.0,87.52995138888889,0.0,834.8564027777777,0.0,10.5595,0.0,14.521798611111112
2026-03-14 03:51:00,86.0,0.0,0.0,0.0,0.0,0.0,87.52995138888889,0.0,834.8564027777777,0.0,10.5595,0.0,14.521798611111112
2026-03-14 03:52:00,85.9,0.0,0.0,0.0,0.0,0.0,87.52995138888889,0.0,834.8564027777777,0.0,10.5595,0.0,14.521798611111112
2026-03-14 03:53:00,75.9,0.0,0.0,0.0,0.0,0.0,87.52995138888889,0.0,834.8564027777777,0.0,10.5595,0.0,14.521798611111112
2026-03-14 03:54:00,82.7,0.0,0.0,0.0,0.0,0.0,87.52995138888889,0.0,834.8564027777777,0.0,10.5595,0.0,14.521798611111112
2026-03-14 03:55:00,85.3,0.0,0.0,0.0,0.0,0.0,87.52995138888889,0.0,834.8564027777777,0.0,10.5595,0.0,14.521798611111112
2026-03-14 03:56:00,89.2,0.0,0.0,0.0,0.0,0.0,87.52995138888889,0.0,834.8564027777777,0.0,10.5595,0.0,14.521798611111112
2026-03-14 03:57:00,78.7,0.0,0.0,0.0,0.0,0.0,87.52995138888889,0.0,834.8564027777777,0.0,10.5595,0.0,14.521798611111112
2026-03-14 03:58:00,78.6,0.0,0.0,0.0,0.0,0.0,87.52995138888889,0.0,834.8564027777777,0.0,10.5595,0.0,14.521798611111112
2026-03-14 03:59:00,74.3,0.0,0.0,0.0,0.0,0.0,87.52995138888889,0.0,834.8564027777777,0.0,10.5595,0.0,14.521798611111112
2026-03-14 04:00:00,227.8,150.9,0.0,0.0,0.0,148.35950692222585,87.52995138888889,0.0,834.8564027777777,0.0,10.5595,0.0,14.521798611111112
2026-03-14 04:01:00,237.6,154.4,0.0,0.0,0.0,152.92498332841907,87.52995138888889,0.0,834.8564027777777,0.0,10.5595,0.0,14.521798611111112
2026-03-14 04:02:00,232.2,151.7,0.0,0.0,0.0,149.83554136285684,87.52995138888889,0.0,834.8564027777777,0.0,10.5595,0.0,14.521798611111112
2026-03-14 04:03:00,222.3,143.4,0.0,0.0,0.0,146.39534647385935,87.52995138888889,0.0,834.8564027777777,0.0,10.5595,0.0,14.521798611111112
2026-03-14 04:04:00,225.0,152.3,0.0,0.0,0.0,148.13459166481655,87.52995138888889,0.0,834.8564027777777,0.0,10.5595,0.0,14.521798611111112
2026-03-14 04:05:00,250.2,160.3,0.0,0.0,0.0,159.93149949484064,87.52995138888889,0.0,834.8564027777777,0.0,10.5595,0.0,14.521798611111112
2026-03-14 04:06:00,216.9,145.5,0.0,0.0,0.0,142.9775702144291,87.52995138888889,0.0,834.8564027777777,0.0,10.5595,0.0,14.521798611111112
2026-03-14 04:07:00,229.1,151.0,0.0,0.0,0.0,149.83565808059043,87.52995138888889,0.0,834.8564027777777,0.0,10.5595,0.0,14.521798611111112
2026-03-14 04:08:00,222.2,144.7,0.0,0.0,0.0,146.88520733315255,87.52995138888889,0.0,834.8564027777777,0.0,10.5595,0.0,14.521798611111112
2026-03-14 04:09:00,224.3,141.3,0.0,0.0,0.0,148.64640815926987,87.52995138888889,0.0,834.8564027777777,0.0,10.5595,0.0,14.521798611111112
2026-03-14 04:10:00,235.3,155.0,0.0,0.0,0.0,151.78961801584316,87.52995138888889,0.0,834.8564027777777,0.0,10.5595,0.0,14.521798611111112
2026-03-14 04:11:00,229.8,149.7,0.0,0.0,0.0,150.4561605478943,87.52995138888889,0.0,834.8564027777777,0.0,10.5595,0.0,14.521798611111112
2026-03-14 04:12:00,232.6,150.7,0.0,0.0,0.0,150.58755409897117,87.52995138888889,0.0,834.8564027777777,0.0,10.5595,0.0,14.521798611111112
2026-03-14 04:13:00,237.7,150.8,0.0,0.0,0.0,152.75992326714675,87.52995138888889,0.0,834.8564027777777,0.0,10.5595,0.0,14.521798611111112
2026-03-14 04:14:00,226.0,153.3,0.0,0.0,0.0,148.97622280818305,87.52995138888889,0.0,834.8564027777777,0.0,10.5595,0.0,14.521798611111112
2026-03-14 04:15:00,228.6,154.8,0.0,0.0,0.0,150.54492399789763,87.52995138888889,0.0,834.8564027777777,0.0,10.5595,0.0,14.521798611111112
2026-03-14 04:16:00,229.8,152.2,0.0,0.0,0.0,150.90571431151983,87.52995138888889,0.0,834.8564027777777,0.0,10.5595,0.0,14.521798611111112
2026-03-14 04:17:00,230.8,151.0,0.0,0.0,0.0,152.11725679200978,87.52995138888889,0.0,834.8564027777777,0.0,10.5595,0.0,14.521798611111112
2026-03-14 04:18:00,222.8,138.2,0.0,0.0,0.0,147.11778487917317,87.52995138888889,0.0,834.8564027777777,0.0,10.5595,0.0,14.521798611111112
2026-03-14 04:19:00,220.5,144.1,0.0,0.0,0.0,146.6378314298103,87.52995138888889,0.0,834.8564027777777,0.0,10.5595,0.0,14.521798611111112
2026-03-14 04:20:00,226.3,148.7,0.0,0.0,0.0,149.26616027861027,87.52995138888889,0.0,834.8564027777777,0.0,10.5595,0.0,14.521798611111112
2026-03-14 04:21:00,232.6,147.4,0.0,0.0,0.0,151.05664045959486,87.52995138888889,0.0,834.8564027777777,0.0,10.5595,0.0,14.521798611111112
2026-03-14 04:22:00,220.2,143.4,0.0,0.0,0.0,147.36252377629827,87.52995138888889,0.0,834.8564027777777,0.0,10.5595,0.0,14.521798611111112
2026-03-14 04:23:00,228.0,150.7,0.0,0.0,0.0,148.85384950757586,87.52995138888889,0.0,834.8564027777777,0.0,10.5595,0.0,14.521798611111112
2026-03-14 04:24:00,225.7,151.1,0.0,0.0,0.0,148.81575679301494,87.52995138888889,0.0,834.8564027777777,0.0,10.5595,0.0,14.521798611111112
2026-03-14 04:25:00,235.1,157.1,0.0,0.0,0.0,152.07479872262806,87.52995138888889,0.0,834.8564027777777,0.0,10.5595,0.0,14.521798611111112
2026-03-14 04:26:00,219.0,147.2,0.0,0.0,0.0,147.16871974637564,87.52995138888889,0.0,834.8564027777777,0.0,10.5595,0.0,14.521798611111112
2026-03-14 04:27:00,227.7,153.1,0.0,0.0,0.0,148.85545250566705,87.52995138888889,0.0,834.8564027777777,0.0,10.5595,0.0,14.521798611111112
2026-03-14 04:28:00,222.1,145.8,0.0,0.0,0.0,147.868286505216,87.52995138888889,0.0,834.8564027777777,0.0,10.5595,0.0,14.521798611111112
2026-03-14 04:29:00,226.7,149.7,0.0,0.0,0.0,149.0153121151724,87.52995138888889,0.0,834.8564027777777,0.0,10.5595,0.0,14.521798611111112
2026-03-14 04:30:00,232.0,140.9,0.0,0.0,0.0,150.13101380335348,87.52995138888889,0.0,834.8564027777777,0.0,10.5595,0.0,14.521798611111112
2026-03-14 04:31:00,233.6,141.0,0.0,0.0,0.0,151.42754116923382,87.52995138888889,0.0,834.8564027777777,0.0,10.5595,0.0,14.521798611111112
2026-03-14 04:32:00,227.2,155.0,0.0,0.0,0.0,149.02481902667046,87.52995138888889,0.0,834.8564027777777,0.0,10.5595,0.0,14.521798611111112
2026-03-14 04:33:00,223.2,138.6,0.0,0.0,0.0,148.4027147545638,87.52995138888889,0.0,834.8564027777777,0.0,10.5595,0.0,14.521798611111112
2026-03-14 04:34:00,233.7,150.3,0.0,0.0,0.0,151.44150839713836,87.52995138888889,0.0,834.8564027777777,0.0,10.5595,0.0,14.521798611111112
2026-03-14 04:35:00,82.7,0.0,0.0,0.0,0.0,0.0,87.52995138888889,0.0,834.8564027777777,0.0,10.5595,0.0,14.521798611111112
2026-03-14 04:36:00,75.6,0.0,0.0,0.0,0.0,0.0,87.52995138888889,0.0,834.8564027777777,0.0,10.5595,0.0,14.521798611111112
2026-03-14 04:37:00,80.9,0.0,0.0,0.0,0.0,0.0,87.52995138888889,0.0,834.8564027777777,0.0,10.5595,0.0,14.521798611111112
2026-03-14 04:38:00,74.5,0.0,0.0,0.0,0.0,0.0,87.52995138888889,0.0,834.8564027777777,0.0,10.5595,0.0,14.521798611111112
2026-03-14 04:39:00,80.9,0.0,0.0,0.0,0.0,0.0,87.52995138888889,0.0,834.8564027777777,0.0,10.5595,0.0,14.521798611111112
2026-03-14 04:40:00,72.8,0.0,0.0,0.0,0.0,0.0,87.52995138888889,0.0,834.8564027777777,0.0,10.5595,0.0,14.521798611111112
2026-03-14 04:41:00,66.5,0.0,0.0,0.0,0.0,0.0,87.52995138888889,0.0,834.8564027777777,0.0,10.5595,0.0,14.521798611111112
2026-03-14 04:42:00,80.9,0.0,0.0,0.0,0.0,0.0,87.52995138888889,0.0,834.8564027777777,0.0,10.5595,0.0,14.521798611111112
2026-03-14 04:43:00,84.5,0.0,0.0,0.0,0.0,0.0,87.52995138888889,0.0,834.8564027777777,0.0,10.5595,0.0,14.521798611111112
2026-03-14 04:44:00,74.2,0.0,0.0,0.0,0.0,0.0,87.52995138888889,0.0,834.8564027777777,0.0,10.5595,0.0,14.521798611111112
2026-03-14 04:45:00,70.5,0.0,0.0,0.0,0.0,0.0,87.52995138888889,0.0,834.8564027777777,0.0,10.5595,0.0,14.521798611111112
2026-03-14 04:46:00,82.8,0.0,0.0,0.0,0.0,0.0,87.52995138888889,0.0,834.8564027777777,0.0,10.5595,0.0,14.521798611111112
2026-03-14 04:47:00,84.7,0.0,0.0,0.0,0.0,0.0,87.52995138888889,0.0,834.8564027777777,0.0,10.5595,0.0,14.521798611111112
2026-03-14 04:48:00,83.5,0.0,0.0,0.0,0.0,0.0,87.52995138888889,0.0,834.8564027777777,0.0,10.5595,0.0,14.521798611111112
2026-03-14 04:49:00,83.5,0.0,0.0,0.0,0.0,0.0,87.52995138888889,0.0,834.8564027777777,0.0,10.5595,0.0,14.521798611111112
2026-03-14 04:50:00,79.5,0.0,0.0,0.0,0.0,0.0,87.52995138888889,0.0,834.8564027777777,0.0,10.5595,0.0,14.521798611111112
2026-03-14 04:51:00,83.5,0.0,0.0,0.0,0.0,0.0,87.52995138888889,0.0,834.8564027777777,0.0,10.5595,0.0,14.521798611111112
2026-03-14 04:52:00,77.1,0.0,0.0,0.0,0.0,0.0,87.52995138888889,0.0,834.8564027777777,0.0,10.5595,0.0,14.521798611111112
2026-03-14 04:53:00,83.7,0.0,0.0,0.0,0.0,0.0,87.52995138888889,0.0,834.8564027777777,0.0,10.5595,0.0,14.521798611111112
2026-03-14 04:54:00,76.0,0.0,0.0,0.0,0.0,0.0,87.52995138888889,0.0,834.8564027777777,0.0,10.5595,0.0,14.521798611111112
2026-03-14 04:55:00,80.3,0.0,0.0,0.0,0.0,0.0,87.52995138888889,0.0,834.8564027777777,0.0,10.5595,0.0,14.521798611111112
2026-03-14 04:56:00,80.3,0.0,0.0,0.0,0.0,0.0,87.52995138888889,0.0,834.8564027777777,0.0,10.5595,0.0,14.521798611111112
2026-03-14 04:57:00,76.7,0.0,0.0,0.0,0.0,0.0,87.52995138888889,0.0,834.8564027777777,0.0,10.5595,0.0,14.521798611111112
2026-03-14 04:58:00,77.9,0.0,0.0,0.0,0.0,0.0,87.52995138888889,0.0,834.8564027777777,0.0,10.5595,0.0,14.521798611111112
2026-03-14 04:59:00,88.3,0.0,0.0,0.0,0.0,0.0,87.52995138888889,0.0,834.8564027777777,0.0,10.5595,0.0,14.521798611111112
2026-03-14 05:00:00,235.2,155.1,0.0,0.0,0.0,151.2468937842486,87.52995138888889,0.0,834.8564027777777,0.0,10.5595,0.0,14.521798611111112
2026-03-14 05:01:00,229.2,154.8,0.0,0.0,0.0,149.3960598433931,87.52995138888889,0.0,834.8564027777777,0.0,10.5595,0.0,14.521798611111112
2026-03-14 05:02:00,231.2,153.0,0.0,0.0,0.0,149.87793617319494,87.52995138888889,0.0,834.8564027777777,0.0,10.5595,0.0,14.521798611111112
2026-03-14 05:03:00,237.8,151.3,0.0,0.0,0.0,152.74903375575806,87.52995138888889,0.0,834.8564027777777,0.0,10.5595,0.0,14.521798611111112
2026-03-14 05:04:00,228.9,147.0,0.0,0.0,0.0,149.29436939767606,87.52995138888889,0.0,834.8564027777777,0.0,10.5595,0.0,14.521798611111112
2026-03-14 05:05:00,220.3,150.7,0.0,0.0,0.0,146.915602126686,87.52995138888889,0.0,834.8564027777777,0.0,10.5595,0.0,14.521798611111112
2026-03-14 05:06:00,236.9,159.7,0.0,0.0,0.0,151.64508522683593,87.52995138888889,0.0,834.8564027777777,0.0,10.5595,0.0,14.521798611111112
2026-03-14 05:07:00,240.6,156.7,0.0,0.0,0.0,154.87987523402523,87.52995138888889,0.0,834.8564027777777,0.0,10.5595,0.0,14.521798611111112
2026-03-14 05:08:00,233.8,151.1,0.0,0.0,0.0,151.7353819993188,87.52995138888889,0.0,834.8564027777777,0.0,10.5595,0.0,14.521798611111112
2026-03-14 05:09:00,228.9,151.9,0.0,0.0,0.0,149.16321152302865,87.52995138888889,0.0,834.8564027777777,0.0,10.5595,0.0,14.521798611111112
2026-03-14 05:10:00,227.0,150.7,0.0,0.0,0.0,147.90579099280214,87.52995138888889,0.0,834.8564027777777,0.0,10.5595,0.0,14.521798611111112
2026-03-14 05:11:00,229.3,144.1,0.0,0.0,0.0,149.81307327633664,87.52995138888889,0.0,834.8564027777777,0.0,10.5595,0.0,14.521798611111112
2026-03-14 05:12:00,227.9,149.4,0.0,0.0,0.0,149.52591495308968,87.52995138888889,0.0,834.8564027777777,0.0,10.5595,0.0,14.521798611111112
2026-03-14 05:13:00,237.0,151.3,0.0,0.0,0.0,152.1337712028712,87.52995138888889,0.0,834.8564027777777,0.0,10.5595,0.0,14.521798611111112
2026-03-14 05:14:00,237.2,152.5,0.0,0.0,0.0,153.25934469430356,87.52995138888889,0.0,834.8564027777777,0.0,10.5595,0.0,14.521798611111112
2026-03-14 05:15:00,218.8,150.9,0.0,0.0,0.0,146.49859431004722,87.52995138888889,0.0,834.8564027777777,0.0,10.5595,0.0,14.521798611111112
2026-03-14 05:16:00,234.8,158.8,0.0,0.0,0.0,150.82793146602847,87.52995138888889,0.0,834.8564027777777,0.0,10.5595,0.0,14.521798611111112
2026-03-14 05:17:00,236.6,153.9,0.0,0.0,0.0,152.02252647019026,87.52995138888889,0.0,834.8564027777777,0.0,10.5595,0.0,14.521798611111112
2026-03-14 05:18:00,224.9,146.5,0.0,0.0,0.0,146.69365931647192,87.52995138888889,0.0,834.8564027777777,0.0,10.5595,0.0,14.521798611111112
2026-03-14 05:19:00,225.5,144.9,0.0,0.0,0.0,147.84316613780953,87.52995138888889,0.0,834.8564027777777,0.0,10.5595,0.0,14.521798611111112
2026-03-14 05:20:00,223.9,147.2,0.0,0.0,0.0,147.393097502088,87.52995138888889,0.0,834.8564027777777,0.0,10.5595,0.0,14.521798611111112
2026-03-14 05:21:00,227.9,148.9,0.0,0.0,0.0,148.95647533117608,87.52995138888889,0.0,834.8564027777777,0.0,10.5595,0.0,14.521798611111112
2026-03-14 05:22:00,234.1,153.7,0.0,0.0,0.0,150.8295915534013,87.52995138888889,0.0,834.8564027777777,0.0,10.5595,0.0,14.521798611111112
2026-03-14 05:23:00,237.1,161.1,0.0,0.0,0.0,153.21020221970727,87.52995138888889,0.0,834.8564027777777,0.0,10.5595,0.0,14.521798611111112
2026-03-14 05:24:00,220.5,147.5,0.0,0.0,0.0,145.8817641068283,87.52995138888889,0.0,834.8564027777777,0.0,10.5595,0.0,14.521798611111112
2026-03-14 05:25:00,222.1,142.7,0.0,0.0,0.0,146.65033804207772,87.52995138888889,0.0,834.8564027777777,0.0,10.5595,0.0,14.521798611111112
2026-03-14 05:26:00,225.0,147.5,0.0,0.0,0.0,147.56755914069592,87.52995138888889,0.0,834.8564027777777,0.0,10.5595,0.0,14.521798611111112
2026-03-14 05:27:00,233.2,151.7,0.0,0.0,0.0,151.60135629031737,87.52995138888889,0.0,834.8564027777777,0.0,10.5595,0.0,14.521798611111112
2026-03-14 05:28:00,237.5,154.5,0.0,0.0,0.0,153.37687889200012,87.52995138888889,0.0,834.8564027777777,0.0,10.5595,0.0,14.521798611111112
2026-03-14 05:29:00,237.0,149.1,0.0,0.0,0.0,153.09244582253257,87.52995138888889,0.0,834.8564027777777,0.0,10.5595,0.0,14.521798611111112
2026-03-14 05:30:00,230.9,157.7,0.0,0.0,0.0,150.3468884988822,87.52995138888889,0.0,834.8564027777777,0.0,10.5595,0.0,14.521798611111112
2026-03-14 05:31:00,240.3,153.1,0.0,0.0,0.0,155.21596389056143,87.52995138888889,0.0,834.8564027777777,0.0,10.5595,0.0,14.521798611111112
2026-03-14 05:32:00,237.9,158.1,0.0,0.0,0.0,153.17222820425766,87.52995138888889,0.0,834.8564027777777,0.0,10.5595,0.0,14.521798611111112
2026-03-14 05:33:00,232.8,154.8,0.0,0.0,0.0,151.41685002749793,87.52995138888889,0.0,834.8564027777777,0.0,10.5595,0.0,14.521798611111112
2026-03-14 05:34:00,235.0,155.9,0.0,0.0,0.0,151.56802693787688,87.52995138888889,0.0,834.8564027777777,0.0,10.5595,0.0,14.521798611111112
2026-03-14 05:35:00,81.3,0.0,0.0,0.0,0.0,0.0,87.52995138888889,0.0,834.8564027777777,0.0,10.5595,0.0,14.521798611111112
2026-03-14 05:36:00,80.0,0.0,0.0,0.0,0.0,0.0,87.52995138888889,0.0,834.8564027777777,0.0,10.5595,0.0,14.521798611111112
2026-03-14 05:37:00,80.5,0.0,0.0,0.0,0.0,0.0,87.52995138888889,0.0,834.8564027777777,0.0,10.5595,0.0,14.521798611111112
2026-03-14 05:38:00,92.7,0.0,0.0,0.0,0.0,0.0,87.52995138888889,0.0,834.8564027777777,0.0,10.5595,0.0,14.521798611111112
2026-03-14 05:39:00,87.6,0.0,0.0,0.0,0.0,0.0,87.52995138888889,0.0,834.8564027777777,0.0,10.5595,0.0,14.521798611111112
2026-03-14 05:40:00,80.3,0.0,0.0,0.0,0.0,0.0,87.52995138888889,0.0,834.8564027777777,0.0,10.5595,0.0,14.521798611111112
2026-03-14 05:41:00,87.1,0.0,0.0,0.0,0.0,0.0,87.52995138888889,0.0,834.8564027777777,0.0,10.5595,0.0,14.521798611111112
2026-03-14 05:42:00,71.9,0.0,0.0,0.0,0.0,0.0,87.52995138888889,0.0,834.8564027777777,0.0,10.5595,0.0,14.521798611111112
2026-03-14 05:43:00,79.7,0.0,0.0,0.0,0.0,0.0,87.52995138888889,0.0,834.8564027777777,0.0,10.5595,0.0,14.521798611111112
2026-03-14 05:44:00,71.2,0.0,0.0,0.0,0.0,0.0,87.52995138888889,0.0,834.8564027777777,0.0,10.5595,0.0,14.521798611111112
2026-03-14 05:45:00,87.7,0.0,0.0,0.0,0.0,0.0,87.52995138888889,0.0,834.8564027777777,0.0,10.5595,0.0,14.521798611111112
2026-03-14 05:46:00,81.0,0.0,0.0,0.0,0.0,0.0,87.52995138888889,0.0,834.8564027777777,0.0,10.5595,0.0,14.521798611111112
2026-03-14 05:47:00,84.6,0.0,0.0,0.0,0.0,0.0,87.52995138888889,0.0,834.8564027777777,0.0,10.5595,0.0,14.521798611111112
2026-03-14 05:48:00,87.9,0.0,0.0,0.0,0.0,0.0,87.52995138888889,0.0,834.8564027777777,0.0,10.5595,0.0,14.521798611111112
2026-03-14 05:49:00,71.0,0.0,0.0,0.0,0.0,0.0,87.52995138888889,0.0,834.8564027777777,0.0,10.5595,0.0,14.521798611111112
2026-03-14 05:50:00,72.6,0.0,0.0,0.0,0.0,0.0,87.52995138888889,0.0,834.8564027777777,0.0,10.5595,0.0,14.521798611111112
2026-03-14 05:51:00,86.9,0.0,0.0,0.0,0.0,0.0,87.52995138888889,0.0,834.8564027777777,0.0,10.5595,0.0,14.521798611111112
2026-03-14 05:52:00,85.9,0.0,0.0,0.0,0.0,0.0,87.52995138888889,0.0,834.8564027777777,0.0,10.5595,0.0,14.521798611111112
2026-03-14 05:53:00,82.7,0.0,0.0,0.0,0.0,0.0,87.52995138888889,0.0,834.8564027777777,0.0,10.5595,0.0,14.521798611111112
2026-03-14 05:54:00,92.9,0.0,0.0,0.0,0.0,0.0,87.52995138888889,0.0,834.8564027777777,0.0,10.5595,0.0,14.521798611111112
2026-03-14 05:55:00,91.5,0.0,0.0,0.0,0.0,0.0,87.52995138888889,0.0,834.8564027777777,0.0,10.5595,0.0,14.521798611111112
2026-03-14 05:56:00,83.5,0.0,0.0,0.0,0.0,0.0,87.52995138888889,0.0,834.8564027777777,0.0,10.5595,0.0,14.521798611111112
2026-03-14 05:57:00,81.4,0.0,0.0,0.0,0.0,0.0,87.52995138888889,0.0,834.8564027777777,0.0,10.5595,0.0,14.521798611111112
2026-03-14 05:58:00,84.1,0.0,0.0,0.0,0.0,0.0,87.52995138888889,0.0,834.8564027777777,0.0,10.5595,0.0,14.521798611111112
2026-03-14 05:59:00,78.6,0.0,0.0,0.0,0.0,0.0,87.52995138888889,0.0,834.8564027777777,0.0,10.5595,0.0,14.521798611111112
2026-03-14 06:00:00,227.4,143.4,0.0,0.0,0.0,148.240371813243,87.52995138888889,0.0,834.8564027777777,0.0,10.5595,0.0,14.521798611111112
2026-03-14 06:01:00,223.0,149.9,0.0,0.0,0.0,146.88957967727436,87.52995138888889,0.0,834.8564027777777,0.0,10.5595,0.0,14.521798611111112
2026-03-14 06:02:00,231.0,152.8,0.0,0.0,0.0,149.12628366497907,87.52995138888889,0.0,834.8564027777777,0.0,10.5595,0.0,14.521798611111112
2026-03-14 06:03:00,239.0,155.6,0.0,0.0,0.0,153.91712083613547,87.52995138888889,0.0,834.8564027777777,0.0,10.5595,0.0,14.521798611111112
2026-03-14 06:04:00,234.7,156.3,0.0,0.0,0.0,151.36094189465214,87.52995138888889,0.0,834.8564027777777,0.0,10.5595,0.0,14.521798611111112
2026-03-14 06:05:00,230.8,151.6,0.0,0.0,0.0,149.9931700595213,87.52995138888889,0.0,834.8564027777777,0.0,10.5595,0.0,14.521798611111112
2026-03-14 06:06:00,208.1,140.4,0.0,0.0,0.0,141.48692208320864,87.52995138888889,0.0,834.8564027777777,0.0,10.5595,0.0,14.521798611111112
2026-03-14 06:07:00,233.9,151.0,0.0,0.0,0.0,151.4424535718639,87.52995138888889,0.0,834.8564027777777,0.0,10.5595,0.0,14.521798611111112
2026-03-14 06:08:00,223.7,148.4,0.0,0.0,0.0,147.03271460257722,87.52995138888889,0.0,834.8564027777777,0.0,10.5595,0.0,14.521798611111112
2026-03-14 06:09:00,224.3,146.5,0.0,0.0,0.0,146.9670575115201,87.52995138888889,0.0,834.8564027777777,0.0,10.5595,0.0,14.521798611111112
2026-03-14 06:10:00,243.2,155.5,0.0,0.0,0.0,155.08040802525932,87.52995138888889,0.0,834.8564027777777,0.0,10.5595,0.0,14.521798611111112
2026-03-14 06:11:00,228.9,143.2,0.0,0.0,0.0,149.2512582328404,87.52995138888889,0.0,834.8564027777777,0.0,10.5595,0.0,14.521798611111112
2026-03-14 06:12:00,230.4,160.3,0.0,0.0,0.0,149.76377517101628,87.52995138888889,0.0,834.8564027777777,0.0,10.5595,0.0,14.521798611111112
2026-03-14 06:13:00,238.5,151.9,0.0,0.0,0.0,154.15659569689566,87.52995138888889,0.0,834.8564027777777,0.0,10.5595,0.0,14.521798611111112
2026-03-14 06:14:00,217.5,148.6,0.0,0.0,0.0,143.71058463966085,87.52995138888889,0.0,834.8564027777777,0.0,10.5595,0.0,14.521798611111112
2026-03-14 06:15:00,226.3,152.9,0.0,0.0,0.0,147.82773928218327,87.52995138888889,0.0,834.8564027777777,0.0,10.5595,0.0,14.521798611111112
2026-03-14 06:16:00,234.5,155.6,0.0,0.0,0.0,151.69020115255117,87.52995138888889,0.0,834.8564027777777,0.0,10.5595,0.0,14.521798611111112
2026-03-14 06:17:00,228.3,148.2,0.0,0.0,0.0,150.00608125366495,87.52995138888889,0.0,834.8564027777777,0.0,10.5595,0.0,14.521798611111112
2026-03-14 06:18:00,235.9,153.4,0.0,0.0,0.0,153.6600385076253,87.52995138888889,0.0,834.8564027777777,0.0,10.5595,0.0,14.521798611111112
2026-03-14 06:19:00,230.7,152.2,0.0,0.0,0.0,150.1601035085801,87.52995138888889,0.0,834.8564027777777,0.0,10.5595,0.0,14.521798611111112
2026-03-14 06:20:00,228.8,147.3,0.0,0.0,0.0,149.971022102794,87.52995138888889,0.0,834.8564027777777,0.0,10.5595,0.0,14.521798611111112
2026-03-14 06:21:00,230.6,152.0,0.0,0.0,0.0,150.1741238132552,87.52995138888889,0.0,834.8564027777777,0.0,10.5595,0.0,14.521798611111112
2026-03-14 06:22:00,230.2,147.1,0.0,0.0,0.0,149.94492145216603,87.52995138888889,0.0,834.8564027777777,0.0,10.5595,0.0,14.521798611111112
2026-03-14 06:23:00,233.7,152.5,0.0,0.0,0.0,151.5884139076609,87.52995138888889,0.0,834.8564027777777,0.0,10.5595,0.0,14.521798611111112
2026-03-14 06:24:00,224.6,147.9,0.0,0.0,0.0,147.51396932152815,87.52995138888889,0.0,834.8564027777777,0.0,10.5595,0.0,14.521798611111112
2026-03-14 06:25:00,237.0,154.0,0.0,0.0,0.0,154.00065455288603,87.52995138888889,0.0,834.8564027777777,0.0,10.5595,0.0,14.521798611111112
2026-03-14 06:26:00,231.1,155.2,0.0,0.0,0.0,151.26082344675737,87.52995138888889,0.0,834.8564027777777,0.0,10.5595,0.0,14.521798611111112
2026-03-14 06:27:00,229.0,156.7,0.0,0.0,0.0,149.51240317950018,87.52995138888889,0.0,834.8564027777777,0.0,10.5595,0.0,14.521798611111112
2026-03-14 06:28:00,231.7,152.7,0.0,0.0,0.0,151.493362211356,87.52995138888889,0.0,834.8564027777777,0.0,10.5595,0.0,14.521798611111112
2026-03-14 06:29:00,226.7,145.3,0.0,0.0,0.0,148.24372425657126,87.52995138888889,0.0,834.8564027777777,0.0,10.5595,0.0,14.521798611111112
2026-03-14 06:30:00,232.5,147.8,0.0,0.0,0.0,150.6478941210206,87.52995138888889,0.0,834.8564027777777,0.0,10.5595,0.0,14.521798611111112
2026-03-14 06:31:00,217.6,143.4,0.0,0.0,0.0,144.24146233385352,87.52995138888889,0.0,834.8564027777777,0.0,10.5595,0.0,14.521798611111112
2026-03-14 06:32:00,229.0,156.6,0.0,0.0,0.0,149.62209739274886,87.52995138888889,0.0,834.8564027777777,0.0,10.5595,0.0,14.521798611111112
2026-03-14 06:33:00,224.2,144.1,0.0,0.0,0.0,146.88057684962672,87.52995138888889,0.0,834.8564027777777,0.0,10.5595,0.0,14.521798611111112
2026-03-14 06:34:00,236.4,156.1,0.0,0.0,0.0,153.25352608693046,87.52995138888889,0.0,834.8564027777777,0.0,10.5595,0.0,14.521798611111112
2026-03-14 06:35:00,74.8,0.0,0.0,0.0,0.0,0.0,87.52995138888889,0.0,834.8564027777777,0.0,10.5595,0.0,14.521798611111112
2026-03-14 06:36:00,71.4,0.0,0.0,0.0,0.0,0.0,87.52995138888889,0.0,834.8564027777777,0.0,10.5595,0.0,14.521798611111112
2026-03-14 06:37:00,84.7,0.0,0.0,0.0,0.0,0.0,87.52995138888889,0.0,834.8564027777777,0.0,10.5595,0.0,14.521798611111112
2026-03-14 06:38:00,74.7,0.0,0.0,0.0,0.0,0.0,87.52995138888889,0.0,834.8564027777777,0.0,10.5595,0.0,14.521798611111112
2026-03-14 06:39:00,66.9,0.0,0.0,0.0,0.0,0.0,87.52995138888889,0.0,834.8564027777777,0.0,10.5595,0.0,14.521798611111112
2026-03-14 06:40:00,74.0,0.0,0.0,0.0,0.0,0.0,87.52995138888889,0.0,834.8564027777777,0.0,10.5595,0.0,14.521798611111112
2026-03-14 06:41:00,79.9,0.0,0.0,0.0,0.0,0.0,87.52995138888889,0.0,834.8564027777777,0.0,10.5595,0.0,14.521798611111112
2026-03-14 06:42:00,80.6,0.0,0.0,0.0,0.0,0.0,87.52995138888889,0.0,834.8564027777777,0.0,10.5595,0.0,14.521798611111112
2026-03-14 06:43:00,77.2,0.0,0.0,0.0,0.0,0.0,87.52995138888889,0.0,834.8564027777777,0.0,10.5595,0.0,14.521798611111112
2026-03-14 06:44:00,92.5,0.0,0.0,0.0,0.0,0.0,87.52995138888889,0.0,834.8564027777777,0.0,10.5595,0.0,14.521798611111112
2026-03-14 06:45:00,79.7,0.0,0.0,0.0,0.0,0.0,87.52995138888889,0.0,834.8564027777777,0.0,10.5595,0.0,14.521798611111112
2026-03-14 06:46:00,87.7,0.0,0.0,0.0,0.0,0.0,87.52995138888889,0.0,834.8564027777777,0.0,10.5595,0.0,14.521798611111112
2026-03-14 06:47:00,86.6,0.0,0.0,0.0,0.0,0.0,87.52995138888889,0.0,834.8564027777777,0.0,10.5595,0.0,14.521798611111112
2026-03-14 06:48:00,78.0,0.0,0.0,0.0,0.0,0.0,87.52995138888889,0.0,834.8564027777777,0.0,10.5595,0.0,14.521798611111112
2026-03-14 06:49:00,77.9,0.0,0.0,0.0,0.0,0.0,87.52995138888889,0.0,834.8564027777777,0.0,10.5595,0.0,14.521798611111112
2026-03-14 06:50:00,79.2,0.0,0.0,0.0,0.0,0.0,87.52995138888889,0.0,834.8564027777777,0.0,10.5595,0.0,14.521798611111112
2026-03-14 06:51:00,76.6,0.0,0.0,0.0,0.0,0.0,87.52995138888889,0.0,834.8564027777777,0.0,10.5595,0.0,14.521798611111112
2026-03-14 06:52:00,79.8,0.0,0.0,0.0,0.0,0.0,87.52995138888889,0.0,834.8564027777777,0.0,10.5595,0.0,14.521798611111112
2026-03-14 06:53:00,83.0,0.0,0.0,0.0,0.0,0.0,87.52995138888889,0.0,834.8564027777777,0.0,10.5595,0.0,14.521798611111112
2026-03-14 06:54:00,87.2,0.0,0.0,0.0,0.0,0.0,87.52995138888889,0.0,834.8564027777777,0.0,10.5595,0.0,14.521798611111112
2026-03-14 06:55:00,83.2,0.0,0.0,0.0,0.0,0.0,87.52995138888889,0.0,834.8564027777777,0.0,10.5595,0.0,14.521798611111112
2026-03-14 06:56:00,82.1,0.0,0.0,0.0,0.0,0.0,87.52995138888889,0.0,834.8564027777777,0.0,10.5595,0.0,14.521798611111112
2026-03-14 06:57:00,81.0,0.0,0.0,0.0,0.0,0.0,87.52995138888889,0.0,834.8564027777777,0.0,10.5595,0.0,14.521798611111112
2026-03-14 06:58:00,85.1,0.0,0.0,0.0,0.0,0.0,87.52995138888889,0.0,834.8564027777777,0.0,10.5595,0.0,14.521798611111112
2026-03-14 06:59:00,79.0,0.0,0.0,0.0,0.0,0.0,87.52995138888889,0.0,834.8564027777777,0.0,10.5595,0.0,14.521798611111112
2026-03-14 07:00:00,226.3,154.7,0.0,0.0,0.0,148.56081599167655,87.52995138888889,0.0,834.8564027777777,0.0,10.5595,0.0,14.521798611111112
2026-03-14 07:01:00,237.4,151.4,0.0,0.0,0.0,153.04595222381096,87.52995138888889,0.0,834.8564027777777,0.0,10.5595,0.0,14.521798611111112
2026-03-14 07:02:00,232.8,152.4,0.0,0.0,0.0,151.39952875310965,87.52995138888889,0.0,834.8564027777777,0.0,10.5595,0.0,14.521798611111112
2026-03-14 07:03:00,223.9,144.5,0.0,0.0,0.0,147.57285448054117,87.52995138888889,0.0,834.8564027777777,0.0,10.5595,0.0,14.521798611111112
2026-03-14 07:04:00,237.4,152.0,0.0,0.0,0.0,154.1627894216493,87.52995138888889,0.0,834.8564027777777,0.0,10.5595,0.0,14.521798611111112
2026-03-14 07:05:00,229.1,144.3,0.0,0.0,0.0,149.24673322467294,87.52995138888889,0.0,834.8564027777777,0.0,10.5595,0.0,14.521798611111112
2026-03-14 07:06:00,229.6,151.6,0.0,0.0,0.0,148.6502864167967,87.52995138888889,0.0,834.8564027777777,0.0,10.5595,0.0,14.521798611111112
2026-03-14 07:07:00,223.2,147.4,0.0,0.0,0.0,146.2624245223816,87.52995138888889,0.0,834.8564027777777,0.0,10.5595,0.0,14.521798611111112
2026-03-14 07:08:00,228.4,155.0,0.0,0.0,0.0,148.96157247964447,87.52995138888889,0.0,834.8564027777777,0.0,10.5595,0.0,14.521798611111112
2026-03-14 07:09:00,234.3,149.9,0.0,0.0,0.0,151.8713547584768,87.52995138888889,0.0,834.8564027777777,0.0,10.5595,0.0,14.521798611111112
2026-03-14 07:10:00,222.1,141.3,0.0,0.0,0.0,146.0267877549695,87.52995138888889,0.0,834.8564027777777,0.0,10.5595,0.0,14.521798611111112
2026-03-14 07:11:00,227.8,148.7,0.0,0.0,0.0,149.06639392648114,87.52995138888889,0.0,834.8564027777777,0.0,10.5595,0.0,14.521798611111112
2026-03-14 07:12:00,242.0,151.4,0.0,0.0,0.0,155.8304190171427,87.52995138888889,0.0,834.8564027777777,0.0,10.5595,0.0,14.521798611111112
2026-03-14 07:13:00,232.8,153.4,0.0,0.0,0.0,152.2657641656108,87.52995138888889,0.0,834.8564027777777,0.0,10.5595,0.0,14.521798611111112
2026-03-14 07:14:00,238.6,155.0,0.0,0.0,0.0,153.77998900839452,87.52995138888889,0.0,834.8564027777777,0.0,10.5595,0.0,14.521798611111112
2026-03-14 07:15:00,235.4,151.3,0.0,0.0,0.0,152.58506164271455,87.52995138888889,0.0,834.8564027777777,0.0,10.5595,0.0,14.521798611111112
2026-03-14 07:16:00,241.7,159.0,0.0,0.0,0.0,155.2263391123582,87.52995138888889,0.0,834.8564027777777,0.0,10.5595,0.0,14.521798611111112
2026-03-14 07:17:00,217.8,143.1,0.0,0.0,0.0,144.2312196222623,87.52995138888889,0.0,834.8564027777777,0.0,10.5595,0.0,14.521798611111112
2026-03-14 07:18:00,231.5,148.4,0.0,0.0,0.0,151.87629464234595,87.52995138888889,0.0,834.8564027777777,0.0,10.5595,0.0,14.521798611111112
2026-03-14 07:19:00,222.4,142.4,0.0,0.0,0.0,145.79561147035224,87.52995138888889,0.0,834.8564027777777,0.0,10.5595,0.0,14.521798611111112
2026-03-14 07:20:00,221.2,146.1,0.0,0.0,0.0,145.0445429587841,87.52995138888889,0.0,834.8564027777777,0.0,10.5595,0.0,14.521798611111112
2026-03-14 07:21:00,239.4,143.3,0.0,0.0,0.0,153.9819106970343,87.52995138888889,0.0,834.8564027777777,0.0,10.5595,0.0,14.521798611111112
2026-03-14 07:22:00,234.0,145.4,0.0,0.0,0.0,151.61873274661073,87.52995138888889,0.0,834.8564027777777,0.0,10.5595,0.0,14.521798611111112
2026-03-14 07:23:00,224.9,154.4,0.0,0.0,0.0,148.1167706936681,87.52995138888889,0.0,834.8564027777777,0.0,10.5595,0.0,14.521798611111112
2026-03-14 07:24:00,232.0,148.7,0.0,0.0,0.0,151.0679436972613,87.52995138888889,0.0,834.8564027777777,0.0,10.5595,0.0,14.521798611111112
2026-03-14 07:25:00,234.6,156.5,0.0,0.0,0.0,151.54968774252634,87.52995138888889,0.0,834.8564027777777,0.0,10.5595,0.0,14.521798611111112
2026-03-14 07:26:00,227.6,151.3,0.0,0.0,0.0,150.18247718726343,87.52995138888889,0.0,834.8564027777777,0.0,10.5595,0.0,14.521798611111112
2026-03-14 07:27:00,226.3,153.1,0.0,0.0,0.0,148.36752735206534,87.52995138888889,0.0,834.8564027777777,0.0,10.5595,0.0,14.521798611111112
2026-03-14 07:28:00,237.2,156.5,0.0,0.0,0.0,153.25577499325288,87.52995138888889,0.0,834.8564027777777,0.0,10.5595,0.0,14.521798611111112
2026-03-14 07:29:00,224.7,146.8,0.0,0.0,0.0,148.51673882441656,87.52995138888889,0.0,834.8564027777777,0.0,10.5595,0.0,14.521798611111112
2026-03-14 07:30:00,229.4,148.5,0.0,0.0,0.0,150.43085825995075,87.52995138888889,0.0,834.8564027777777,0.0,10.5595,0.0,14.521798611111112
2026-03-14 07:31:00,229.4,154.8,0.0,0.0,0.0,150.66128017418305,87.52995138888889,0.0,834.8564027777777,0.0,10.5595,0.0,14.521798611111112
2026-03-14 07:32:00,228.8,150.7,0.0,0.0,0.0,149.3454346019076,87.52995138888889,0.0,834.8564027777777,0.0,10.5595,0.0,14.521798611111112
2026-03-14 07:33:00,235.7,146.9,0.0,0.0,0.0,153.53459721754277,87.52995138888889,0.0,834.8564027777777,0.0,10.5595,0.0,14.521798611111112
2026-03-14 07:34:00,245.9,164.3,0.0,0.0,0.0,155.75202493889557,87.52995138888889,0.0,834.8564027777777,0.0,10.5595,0.0,14.521798611111112
2026-03-14 07:35:00,80.5,0.0,0.0,0.0,0.0,0.0,87.52995138888889,0.0,834.8564027777777,0.0,10.5595,0.0,14.521798611111112
2026-03-14 07:36:00,79.4,0.0,0.0,0.0,0.0,0.0,87.52995138888889,0.0,834.8564027777777,0.0,10.5595,0.0,14.521798611111112
2026-03-14 07:37:00,82.1,0.0,0.0,0.0,0.0,0.0,87.52995138888889,0.0,834.8564027777777,0.0,10.5595,0.0,14.521798611111112
2026-03-14 07:38:00,70.0,0.0,0.0,0.0,0.0,0.0,87.52995138888889,0.0,834.8564027777777,0.0,10.5595,0.0,14.521798611111112
2026-03-14 07:39:00,81.3,0.0,0.0,0.0,0.0,0.0,87.52995138888889,0.0,834.8564027777777,0.0,10.5595,0.0,14.521798611111112
2026-03-14 07:40:00,88.9,0.0,0.0,0.0,0.0,0.0,87.52995138888889,0.0,834.8564027777777,0.0,10.5595,0.0,14.521798611111112
2026-03-14 07:41:00,83.2,0.0,0.0,0.0,0.0,0.0,87.52995138888889,0.0,834.8564027777777,0.0,10.5595,0.0,14.521798611111112
2026-03-14 07:42:00,74.9,0.0,0.0,0.0,0.0,0.0,87.52995138888889,0.0,834.8564027777777,0.0,10.5595,0.0,14.521798611111112
2026-03-14 07:43:00,78.5,0.0,0.0,0.0,0.0,0.0,87.52995138888889,0.0,834.8564027777777,0.0,10.5595,0.0,14.521798611111112
2026-03-14 07:44:00,80.2,0.0,0.0,0.0,0.0,0.0,87.52995138888889,0.0,834.8564027777777,0.0,10.5595,0.0,14.521798611111112
2026-03-14 07:45:00,99.4,0.0,0.0,0.0,0.0,0.0,87.52995138888889,0.0,834.8564027777777,0.0,10.5595,0.0,14.521798611111112
2026-03-14 07:46:00,65.7,0.0,0.0,0.0,0.0,0.0,87.52995138888889,0.0,834.8564027777777,0.0,10.5595,0.0,14.521798611111112
2026-03-14 07:47:00,73.9,0.0,0.0,0.0,0.0,0.0,87.52995138888889,0.0,834.8564027777777,0.0,10.5595,0.0,14.521798611111112
2026-03-14 07:48:00,77.7,0.0,0.0,0.0,0.0,0.0,87.52995138888889,0.0,834.8564027777777,0.0,10.5595,0.0,14.521798611111112
2026-03-14 07:49:00,77.3,0.0,0.0,0.0,0.0,0.0,87.52995138888889,0.0,834.8564027777777,0.0,10.5595,0.0,14.521798611111112
2026-03-14 07:50:00,81.1,0.0,0.0,0.0,0.0,0.0,87.52995138888889,0.0,834.8564027777777,0.0,10.5595,0.0,14.521798611111112
2026-03-14 07:51:00,81.8,0.0,0.0,0.0,0.0,0.0,87.52995138888889,0.0,834.8564027777777,0.0,10.5595,0.0,14.521798611111112
2026-03-14 07:52:00,77.8,0.0,0.0,0.0,0.0,0.0,87.52995138888889,0.0,834.8564027777777,0.0,10.5595,0.0,14.521798611111112
2026-03-14 07:53:00,76.6,0.0,0.0,0.0,0.0,0.0,87.52995138888889,0.0,834.8564027777777,0.0,10.5595,0.0,14.521798611111112
2026-03-14 07:54:00,71.1,0.0,0.0,0.0,0.0,0.0,87.52995138888889,0.0,834.8564027777777,0.0,10.5595,0.0,14.521798611111112
2026-03-14 07:55:00,77.5,0.0,0.0,0.0,0.0,0.0,87.52995138888889,0.0,834.8564027777777,0.0,10.5595,0.0,14.521798611111112
2026-03-14 07:56:00,83.5,0.0,0.0,0.0,0.0,0.0,87.52995138888889,0.0,834.8564027777777,0.0,10.5595,0.0,14.521798611111112
2026-03-14 07:57:00,71.4,0.0,0.0,0.0,0.0,0.0,87.52995138888889,0.0,834.8564027777777,0.0,10.5595,0.0,14.521798611111112
2026-03-14 07:58:00,83.7,0.0,0.0,0.0,0.0,0.0,87.52995138888889,0.0,834.8564027777777,0.0,10.5595,0.0,14.521798611111112
2026-03-14 07:59:00,79.3,0.0,0.0,0.0,0.0,0.0,87.52995138888889,0.0,834.8564027777777,0.0,10.5595,0.0,14.521798611111112
2026-03-14 08:00:00,222.2,150.2,0.0,0.0,0.0,146.70787351822014,87.52995138888889,0.0,834.8564027777777,0.0,10.5595,0.0,14.521798611111112
2026-03-14 08:01:00,225.8,150.8,0.0,0.0,0.0,147.79691880951287,87.52995138888889,0.0,834.8564027777777,0.0,10.5595,0.0,14.521798611111112
2026-03-14 08:02:00,226.1,146.3,0.0,0.0,0.0,147.5957973477045,87.52995138888889,0.0,834.8564027777777,0.0,10.5595,0.0,14.521798611111112
2026-03-14 08:03:00,229.3,151.2,0.0,0.0,0.0,149.43226478668396,87.52995138888889,0.0,834.8564027777777,0.0,10.5595,0.0,14.521798611111112
2026-03-14 08:04:00,232.7,149.6,0.0,0.0,0.0,152.2739006708433,87.52995138888889,0.0,834.8564027777777,0.0,10.5595,0.0,14.521798611111112
2026-03-14 08:05:00,229.5,152.7,0.0,0.0,0.0,148.8452801771214,87.52995138888889,0.0,834.8564027777777,0.0,10.5595,0.0,14.521798611111112
2026-03-14 08:06:00,244.5,149.3,0.0,0.0,0.0,156.4162325124452,87.52995138888889,0.0,834.8564027777777,0.0,10.5595,0.0,14.521798611111112
2026-03-14 08:07:00,224.0,142.3,0.0,0.0,0.0,148.43127492980875,87.52995138888889,0.0,834.8564027777777,0.0,10.5595,0.0,14.521798611111112
2026-03-14 08:08:00,226.5,142.8,0.0,0.0,0.0,147.94961246438754,87.52995138888889,0.0,834.8564027777777,0.0,10.5595,0.0,14.521798611111112
2026-03-14 08:09:00,230.5,154.0,0.0,0.0,0.0,149.88538687276778,87.52995138888889,0.0,834.8564027777777,0.0,10.5595,0.0,14.521798611111112
2026-03-14 08:10:00,228.6,152.9,0.0,0.0,0.0,149.3041839585252,87.52995138888889,0.0,834.8564027777777,0.0,10.5595,0.0,14.521798611111112
2026-03-14 08:11:00,233.7,149.5,0.0,0.0,0.0,150.77710700963985,87.52995138888889,0.0,834.8564027777777,0.0,10.5595,0.0,14.521798611111112
2026-03-14 08:12:00,237.9,152.7,0.0,0.0,0.0,153.2235939746414,87.52995138888889,0.0,834.8564027777777,0.0,10.5595,0.0,14.521798611111112
2026-03-14 08:13:00,236.4,156.8,0.0,0.0,0.0,152.31028479892439,87.52995138888889,0.0,834.8564027777777,0.0,10.5595,0.0,14.521798611111112
2026-03-14 08:14:00,213.8,145.1,0.0,0.0,0.0,144.75782071311042,87.52995138888889,0.0,834.8564027777777,0.0,10.5595,0.0,14.521798611111112
2026-03-14 08:15:00,246.0,155.8,0.0,0.0,0.0,155.9648337155363,87.52995138888889,0.0,834.8564027777777,0.0,10.5595,0.0,14.521798611111112
2026-03-14 08:16:00,239.9,159.0,0.0,0.0,0.0,153.43870132115333,87.52995138888889,0.0,834.8564027777777,0.0,10.5595,0.0,14.521798611111112
2026-03-14 08:17:00,233.1,156.4,0.0,0.0,0.0,150.89221309137486,87.52995138888889,0.0,834.8564027777777,0.0,10.5595,0.0,14.521798611111112
2026-03-14 08:18:00,223.4,148.0,0.0,0.0,0.0,148.14480758941497,87.52995138888889,0.0,834.8564027777777,0.0,10.5595,0.0,14.521798611111112
2026-03-14 08:19:00,231.2,153.0,0.0,0.0,0.0,150.61274513960697,87.52995138888889,0.0,834.8564027777777,0.0,10.5595,0.0,14.521798611111112
2026-03-14 08:20:00,236.7,149.2,0.0,0.0,0.0,153.28905117938194,87.52995138888889,0.0,834.8564027777777,0.0,10.5595,0.0,14.521798611111112
2026-03-14 08:21:00,230.6,144.7,0.0,0.0,0.0,151.26500909728665,87.52995138888889,0.0,834.8564027777777,0.0,10.5595,0.0,14.521798611111112
2026-03-14 08:22:00,216.5,146.1,0.0,0.0,0.0,144.87096888938385,87.52995138888889,0.0,834.8564027777777,0.0,10.5595,0.0,14.521798611111112
2026-03-14 08:23:00,223.2,147.4,0.0,0.0,0.0,147.8568560276097,87.52995138888889,0.0,834.8564027777777,0.0,10.5595,0.0,14.521798611111112
2026-03-14 08:24:00,232.4,147.7,0.0,0.0,0.0,150.0798490346799,87.52995138888889,0.0,834.8564027777777,0.0,10.5595,0.0,14.521798611111112
2026-03-14 08:25:00,223.1,149.7,0.0,0.0,0.0,147.69937649260225,87.52995138888889,0.0,834.8564027777777,0.0,10.5595,0.0,14.521798611111112
2026-03-14 08:26:00,228.7,143.0,0.0,0.0,0.0,150.34744524937562,87.52995138888889,0.0,834.8564027777777,0.0,10.5595,0.0,14.521798611111112
2026-03-14 08:27:00,226.0,140.1,0.0,0.0,0.0,148.28881289239072,87.52995138888889,0.0,834.8564027777777,0.0,10.5595,0.0,14.521798611111112
2026-03-14 08:28:00,226.7,145.8,0.0,0.0,0.0,147.97465842953343,87.52995138888889,0.0,834.8564027777777,0.0,10.5595,0.0,14.521798611111112
2026-03-14 08:29:00,230.6,154.8,0.0,0.0,0.0,151.22077270027867,87.52995138888889,0.0,834.8564027777777,0.0,10.5595,0.0,14.521798611111112
2026-03-14 08:30:00,236.8,150.2,0.0,0.0,0.0,153.54157697270045,87.52995138888889,0.0,834.8564027777777,0.0,10.5595,0.0,14.521798611111112
2026-03-14 08:31:00,224.5,151.8,0.0,0.0,0.0,148.27332976413567,87.52995138888889,0.0,834.8564027777777,0.0,10.5595,0.0,14.521798611111112
2026-03-14 08:32:00,221.2,147.1,0.0,0.0,0.0,145.8796625555817,87.52995138888889,0.0,834.8564027777777,0.0,10.5595,0.0,14.521798611111112
2026-03-14 08:33:00,240.5,146.4,0.0,0.0,0.0,155.37150686634496,87.52995138888889,0.0,834.8564027777777,0.0,10.5595,0.0,14.521798611111112
2026-03-14 08:34:00,230.2,149.1,0.0,0.0,0.0,151.3309032308651,87.52995138888889,0.0,834.8564027777777,0.0,10.5595,0.0,14.521798611111112
2026-03-14 08:35:00,83.9,0.0,0.0,0.0,0.0,0.0,87.52995138888889,0.0,834.8564027777777,0.0,10.5595,0.0,14.521798611111112
2026-03-14 08:36:00,74.3,0.0,0.0,0.0,0.0,0.0,87.52995138888889,0.0,834.8564027777777,0.0,10.5595,0.0,14.521798611111112
2026-03-14 08:37:00,84.4,0.0,0.0,0.0,0.0,0.0,87.52995138888889,0.0,834.8564027777777,0.0,10.5595,0.0,14.521798611111112
2026-03-14 08:38:00,84.7,0.0,0.0,0.0,0.0,0.0,87.52995138888889,0.0,834.8564027777777,0.0,10.5595,0.0,14.521798611111112
2026-03-14 08:39:00,82.7,0.0,0.0,0.0,0.0,0.0,87.52995138888889,0.0,834.8564027777777,0.0,10.5595,0.0,14.521798611111112
2026-03-14 08:40:00,90.2,0.0,0.0,0.0,0.0,0.0,87.52995138888889,0.0,834.8564027777777,0.0,10.5595,0.0,14.521798611111112
2026-03-14 08:41:00,81.6,0.0,0.0,0.0,0.0,0.0,87.52995138888889,0.0,834.8564027777777,0.0,10.5595,0.0,14.521798611111112
2026-03-14 08:42:00,80.5,0.0,0.0,0.0,0.0,0.0,87.52995138888889,0.0,834.8564027777777,0.0,10.5595,0.0,14.521798611111112
2026-03-14 08:43:00,87.0,0.0,0.0,0.0,0.0,0.0,87.52995138888889,0.0,834.8564027777777,0.0,10.5595,0.0,14.521798611111112
2026-03-14 08:44:00,85.8,0.0,0.0,0.0,0.0,0.0,87.52995138888889,0.0,834.8564027777777,0.0,10.5595,0.0,14.521798611111112
2026-03-14 08:45:00,82.2,0.0,0.0,0.0,0.0,0.0,87.52995138888889,0.0,834.8564027777777,0.0,10.5595,0.0,14.521798611111112
2026-03-14 08:46:00,85.1,0.0,0.0,0.0,0.0,0.0,87.52995138888889,0.0,834.8564027777777,0.0,10.5595,0.0,14.521798611111112
2026-03-14 08:47:00,80.5,0.0,0.0,0.0,0.0,0.0,87.52995138888889,0.0,834.8564027777777,0.0,10.5595,0.0,14.521798611111112
2026-03-14 08:48:00,84.5,0.0,0.0,0.0,0.0,0.0,87.52995138888889,0.0,834.8564027777777,0.0,10.5595,0.0,14.521798611111112
2026-03-14 08:49:00,77.7,0.0,0.0,0.0,0.0,0.0,87.52995138888889,0.0,834.8564027777777,0.0,10.5595,0.0,14.521798611111112
2026-03-14 08:50:00,71.7,0.0,0.0,0.0,0.0,0.0,87.52995138888889,0.0,834.8564027777777,0.0,10.5595,0.0,14.521798611111112
2026-03-14 08:51:00,85.0,0.0,0.0,0.0,0.0,0.0,87.52995138888889,0.0,834.8564027777777,0.0,10.5595,0.0,14.521798611111112
2026-03-14 08:52:00,71.0,0.0,0.0,0.0,0.0,0.0,87.52995138888889,0.0,834.8564027777777,0.0,10.5595,0.0,14.521798611111112
2026-03-14 08:53:00,73.5,0.0,0.0,0.0,0.0,0.0,87.52995138888889,0.0,834.8564027777777,0.0,10.5595,0.0,14.521798611111112
2026-03-14 08:54:00,79.2,0.0,0.0,0.0,0.0,0.0,87.52995138888889,0.0,834.8564027777777,0.0,10.5595,0.0,14.521798611111112
2026-03-14 08:55:00,79.5,0.0,0.0,0.0,0.0,0.0,87.52995138888889,0.0,834.8564027777777,0.0,10.5595,0.0,14.521798611111112
2026-03-14 08:56:00,67.7,0.0,0.0,0.0,0.0,0.0,87.52995138888889,0.0,834.8564027777777,0.0,10.5595,0.0,14.521798611111112
2026-03-14 08:57:00,84.1,0.0,0.0,0.0,0.0,0.0,87.52995138888889,0.0,834.8564027777777,0.0,10.5595,0.0,14.521798611111112
2026-03-14 08:58:00,85.1,0.0,0.0,0.0,0.0,0.0,87.52995138888889,0.0,834.8564027777777,0.0,10.5595,0.0,14.521798611111112
2026-03-14 08:59:00,87.0,0.0,0.0,0.0,0.0,0.0,87.52995138888889,0.0,834.8564027777777,0.0,10.5595,0.0,14.521798611111112
2026-03-14 09:00:00,236.3,154.4,0.0,0.0,0.0,153.46122997836366,87.52995138888889,0.0,834.8564027777777,0.0,10.5595,0.0,14.521798611111112
2026-03-14 09:01:00,238.1,153.3,0.0,0.0,0.0,153.2869584776907,87.52995138888889,0.0,834.8564027777777,0.0,10.5595,0.0,14.521798611111112
2026-03-14 09:02:00,235.4,153.3,0.0,0.0,0.0,153.46057183460397,87.52995138888889,0.0,834.8564027777777,0.0,10.5595,0.0,14.521798611111112
2026-03-14 09:03:00,217.5,154.3,0.0,0.0,0.0,143.46151058839115,87.52995138888889,0.0,834.8564027777777,0.0,10.5595,0.0,14.521798611111112
2026-03-14 09:04:00,212.1,144.5,0.0,0.0,0.0,143.02354533886609,87.52995138888889,0.0,834.8564027777777,0.0,10.5595,0.0,14.521798611111112
2026-03-14 09:05:00,212.8,141.0,0.0,0.0,0.0,143.79476046295756,87.52995138888889,0.0,834.8564027777777,0.0,10.5595,0.0,14.521798611111112
2026-03-14 09:06:00,224.8,152.5,0.0,0.0,0.0,148.39772586852143,87.52995138888889,0.0,834.8564027777777,0.0,10.5595,0.0,14.521798611111112
2026-03-14 09:07:00,219.5,148.7,0.0,0.0,0.0,146.24589969284526,87.52995138888889,0.0,834.8564027777777,0.0,10.5595,0.0,14.521798611111112
2026-03-14 09:08:00,225.2,145.5,0.0,0.0,0.0,148.19776589412763,87.52995138888889,0.0,834.8564027777777,0.0,10.5595,0.0,14.521798611111112
2026-03-14 09:09:00,236.8,155.7,0.0,0.0,0.0,151.99633633920837,87.52995138888889,0.0,834.8564027777777,0.0,10.5595,0.0,14.521798611111112
2026-03-14 09:10:00,243.6,160.0,0.0,0.0,0.0,157.02850481729888,87.52995138888889,0.0,834.8564027777777,0.0,10.5595,0.0,14.521798611111112
2026-03-14 09:11:00,238.7,156.7,0.0,0.0,0.0,153.982581562979,87.52995138888889,0.0,834.8564027777777,0.0,10.5595,0.0,14.521798611111112
2026-03-14 09:12:00,221.1,148.2,0.0,0.0,0.0,145.90179878442564,87.52995138888889,0.0,834.8564027777777,0.0,10.5595,0.0,14.521798611111112
2026-03-14 09:13:00,225.2,160.5,0.0,0.0,0.0,148.48205828877005,87.52995138888889,0.0,834.8564027777777,0.0,10.5595,0.0,14.521798611111112
2026-03-14 09:14:00,238.1,158.1,0.0,0.0,0.0,152.95316840011844,87.52995138888889,0.0,834.8564027777777,0.0,10.5595,0.0,14.521798611111112
2026-03-14 09:15:00,224.9,144.4,0.0,0.0,0.0,148.1216957401531,87.52995138888889,0.0,834.8564027777777,0.0,10.5595,0.0,14.521798611111112
2026-03-14 09:16:00,229.3,151.8,0.0,0.0,0.0,149.53316220293866,87.52995138888889,0.0,834.8564027777777,0.0,10.5595,0.0,14.521798611111112
2026-03-14 09:17:00,229.1,149.7,0.0,0.0,0.0,149.07297959469716,87.52995138888889,0.0,834.8564027777777,0.0,10.5595,0.0,14.521798611111112
2026-03-14 09:18:00,222.2,144.1,0.0,0.0,0.0,145.9170065895978,87.52995138888889,0.0,834.8564027777777,0.0,10.5595,0.0,14.521798611111112
2026-03-14 09:19:00,230.0,152.1,0.0,0.0,0.0,150.62066768155591,87.52995138888889,0.0,834.8564027777777,0.0,10.5595,0.0,14.521798611111112
2026-03-14 09:20:00,226.4,151.8,0.0,0.0,0.0,147.74939650792672,87.52995138888889,0.0,834.8564027777777,0.0,10.5595,0.0,14.521798611111112
2026-03-14 09:21:00,227.2,141.8,0.0,0.0,0.0,148.36937863435153,87.52995138888889,0.0,834.8564027777777,0.0,10.5595,0.0,14.521798611111112
2026-03-14 09:22:00,210.9,134.7,0.0,0.0,0.0,142.43909030566385,87.52995138888889,0.0,834.8564027777777,0.0,10.5595,0.0,14.521798611111112
2026-03-14 09:23:00,214.2,144.6,0.0,0.0,0.0,144.975884388705,87.52995138888889,0.0,834.8564027777777,0.0,10.5595,0.0,14.521798611111112
2026-03-14 09:24:00,228.4,146.3,0.0,0.0,0.0,149.27736826403725,87.52995138888889,0.0,834.8564027777777,0.0,10.5595,0.0,14.521798611111112
2026-03-14 09:25:00,232.2,144.2,0.0,0.0,0.0,151.68390336050257,87.52995138888889,0.0,834.8564027777777,0.0,10.5595,0.0,14.521798611111112
2026-03-14 09:26:00,236.0,147.4,0.0,0.0,0.0,150.73894890131646,87.52995138888889,0.0,834.8564027777777,0.0,10.5595,0.0,14.521798611111112
2026-03-14 09:27:00,241.2,155.9,0.0,0.0,0.0,155.64255427279693,87.52995138888889,0.0,834.8564027777777,0.0,10.5595,0.0,14.521798611111112
2026-03-14 09:28:00,233.2,150.9,0.0,0.0,0.0,151.77496017411383,87.52995138888889,0.0,834.8564027777777,0.0,10.5595,0.0,14.521798611111112
2026-03-14 09:29:00,219.7,145.1,0.0,0.0,0.0,145.94421729343637,87.52995138888889,0.0,834.8564027777777,0.0,10.5595,0.0,14.521798611111112
2026-03-14 09:30:00,222.6,141.9,0.0,0.0,0.0,146.03657350825986,87.52995138888889,0.0,834.8564027777777,0.0,10.5595,0.0,14.521798611111112
2026-03-14 09:31:00,231.4,146.1,0.0,0.0,0.0,150.82846612026316,87.52995138888889,0.0,834.8564027777777,0.0,10.5595,0.0,14.521798611111112
2026-03-14 09:32:00,232.6,145.7,0.0,0.0,0.0,151.71209580253768,87.52995138888889,0.0,834.8564027777777,0.0,10.5595,0.0,14.521798611111112
2026-03-14 09:33:00,215.2,148.3,0.0,0.0,0.0,144.83888419385627,87.52995138888889,0.0,834.8564027777777,0.0,10.5595,0.0,14.521798611111112
2026-03-14 09:34:00,247.0,154.0,0.0,0.0,0.0,157.80899078807903,87.52995138888889,0.0,834.8564027777777,0.0,10.5595,0.0,14.521798611111112
2026-03-14 09:35:00,73.6,0.0,0.0,0.0,0.0,0.0,87.52995138888889,0.0,834.8564027777777,0.0,10.5595,0.0,14.521798611111112
2026-03-14 09:36:00,86.7,0.0,0.0,0.0,0.0,0.0,87.52995138888889,0.0,834.8564027777777,0.0,10.5595,0.0,14.521798611111112
2026-03-14 09:37:00,84.6,0.0,0.0,0.0,0.0,0.0,87.52995138888889,0.0,834.8564027777777,0.0,10.5595,0.0,14.521798611111112
2026-03-14 09:38:00,68.9,0.0,0.0,0.0,0.0,0.0,87.52995138888889,0.0,834.8564027777777,0.0,10.5595,0.0,14.521798611111112
2026-03-14 09:39:00,87.5,0.0,0.0,0.0,0.0,0.0,87.52995138888889,0.0,834.8564027777777,0.0,10.5595,0.0,14.521798611111112
2026-03-14 09:40:00,88.4,0.0,0.0,0.0,0.0,0.0,87.52995138888889,0.0,834.8564027777777,0.0,10.5595,0.0,14.521798611111112
2026-03-14 09:41:00,77.0,0.0,0.0,0.0,0.0,0.0,87.52995138888889,0.0,834.8564027777777,0.0,10.5595,0.0,14.521798611111112
2026-03-14 09:42:00,79.3,0.0,0.0,0.0,0.0,0.0,87.52995138888889,0.0,834.8564027777777,0.0,10.5595,0.0,14.521798611111112
2026-03-14 09:43:00,84.9,0.0,0.0,0.0,0.0,0.0,87.52995138888889,0.0,834.8564027777777,0.0,10.5595,0.0,14.521798611111112
2026-03-14 09:44:00,71.3,0.0,0.0,0.0,0.0,0.0,87.52995138888889,0.0,834.8564027777777,0.0,10.5595,0.0,14.521798611111112
2026-03-14 09:45:00,91.1,0.0,0.0,0.0,0.0,0.0,87.52995138888889,0.0,834.8564027777777,0.0,10.5595,0.0,14.521798611111112
2026-03-14 09:46:00,74.2,0.0,0.0,0.0,0.0,0.0,87.52995138888889,0.0,834.8564027777777,0.0,10.5595,0.0,14.521798611111112
2026-03-14 09:47:00,83.9,0.0,0.0,0.0,0.0,0.0,87.52995138888889,0.0,834.8564027777777,0.0,10.5595,0.0,14.521798611111112
2026-03-14 09:48:00,78.8,0.0,0.0,0.0,0.0,0.0,87.52995138888889,0.0,834.8564027777777,0.0,10.5595,0.0,14.521798611111112
2026-03-14 09:49:00,82.8,0.0,0.0,0.0,0.0,0.0,87.52995138888889,0.0,834.8564027777777,0.0,10.5595,0.0,14.521798611111112
2026-03-14 09:50:00,79.8,0.0,0.0,0.0,0.0,0.0,87.52995138888889,0.0,834.8564027777777,0.0,10.5595,0.0,14.521798611111112
2026-03-14 09:51:00,78.8,0.0,0.0,0.0,0.0,0.0,87.52995138888889,0.0,834.8564027777777,0.0,10.5595,0.0,14.521798611111112
2026-03-14 09:52:00,80.8,0.0,0.0,0.0,0.0,0.0,87.52995138888889,0.0,834.8564027777777,0.0,10.5595,0.0,14.521798611111112
2026-03-14 09:53:00,82.9,0.0,0.0,0.0,0.0,0.0,87.52995138888889,0.0,834.8564027777777,0.0,10.5595,0.0,14.521798611111112
2026-03-14 09:54:00,72.1,0.0,0.0,0.0,0.0,0.0,87.52995138888889,0.0,834.8564027777777,0.0,10.5595,0.0,14.521798611111112
2026-03-14 09:55:00,83.8,0.0,0.0,0.0,0.0,0.0,87.52995138888889,0.0,834.8564027777777,0.0,10.5595,0.0,14.521798611111112
2026-03-14 09:56:00,76.1,0.0,0.0,0.0,0.0,0.0,87.52995138888889,0.0,834.8564027777777,0.0,10.5595,0.0,14.521798611111112
2026-03-14 09:57:00,84.7,0.0,0.0,0.0,0.0,0.0,87.52995138888889,0.0,834.8564027777777,0.0,10.5595,0.0,14.521798611111112
2026-03-14 09:58:00,83.8,0.0,0.0,0.0,0.0,0.0,87.52995138888889,0.0,834.8564027777777,0.0,10.5595,0.0,14.521798611111112
2026-03-14 09:59:00,90.1,0.0,0.0,0.0,0.0,0.0,87.52995138888889,0.0,834.8564027777777,0.0,10.5595,0.0,14.521798611111112
2026-03-14 10:00:00,238.8,157.8,0.0,0.0,0.0,154.72773259529137,87.52995138888889,0.0,834.8564027777777,0.0,10.5595,0.0,14.521798611111112
2026-03-14 10:01:00,231.8,152.5,0.0,0.0,0.0,150.95162752693935,87.52995138888889,0.0,834.8564027777777,0.0,10.5595,0.0,14.521798611111112
2026-03-14 10:02:00,230.3,150.1,0.0,0.0,0.0,151.13161166872348,87.52995138888889,0.0,834.8564027777777,0.0,10.5595,0.0,14.521798611111112
2026-03-14 10:03:00,233.9,150.9,0.0,0.0,0.0,152.66173568727174,87.52995138888889,0.0,834.8564027777777,0.0,10.5595,0.0,14.521798611111112
2026-03-14 10:04:00,222.5,148.9,0.0,0.0,0.0,147.58297347449025,87.52995138888889,0.0,834.8564027777777,0.0,10.5595,0.0,14.521798611111112
2026-03-14 10:05:00,231.6,147.0,0.0,0.0,0.0,151.61494501544206,87.52995138888889,0.0,834.8564027777777,0.0,10.5595,0.0,14.521798611111112
2026-03-14 10:06:00,228.1,147.9,0.0,0.0,0.0,149.93437108194522,87.52995138888889,0.0,834.8564027777777,0.0,10.5595,0.0,14.521798611111112
2026-03-14 10:07:00,240.0,152.8,0.0,0.0,0.0,154.61669074880515,87.52995138888889,0.0,834.8564027777777,0.0,10.5595,0.0,14.521798611111112
2026-03-14 10:08:00,226.4,145.0,0.0,0.0,0.0,148.80130671388866,87.52995138888889,0.0,834.8564027777777,0.0,10.5595,0.0,14.521798611111112
2026-03-14 10:09:00,233.9,144.5,0.0,0.0,0.0,152.65971759866386,87.52995138888889,0.0,834.8564027777777,0.0,10.5595,0.0,14.521798611111112
2026-03-14 10:10:00,236.2,155.5,0.0,0.0,0.0,153.02846958164812,87.52995138888889,0.0,834.8564027777777,0.0,10.5595,0.0,14.521798611111112
2026-03-14 10:11:00,228.2,146.6,0.0,0.0,0.0,149.97865392581278,87.52995138888889,0.0,834.8564027777777,0.0,10.5595,0.0,14.521798611111112
2026-03-14 10:12:00,225.6,150.9,0.0,0.0,0.0,148.85301014116604,87.52995138888889,0.0,834.8564027777777,0.0,10.5595,0.0,14.521798611111112
2026-03-14 10:13:00,221.9,144.8,0.0,0.0,0.0,147.39368163931294,87.52995138888889,0.0,834.8564027777777,0.0,10.5595,0.0,14.521798611111112
2026-03-14 10:14:00,234.2,149.5,0.0,0.0,0.0,150.8882350426377,87.52995138888889,0.0,834.8564027777777,0.0,10.5595,0.0,14.521798611111112
2026-03-14 10:15:00,222.9,146.6,0.0,0.0,0.0,147.0966487695856,87.52995138888889,0.0,834.8564027777777,0.0,10.5595,0.0,14.521798611111112
2026-03-14 10:16:00,218.3,146.6,0.0,0.0,0.0,145.9989122544667,87.52995138888889,0.0,834.8564027777777,0.0,10.5595,0.0,14.521798611111112
2026-03-14 10:17:00,227.9,149.6,0.0,0.0,0.0,148.93683992157366,87.52995138888889,0.0,834.8564027777777,0.0,10.5595,0.0,14.521798611111112
2026-03-14 10:18:00,230.9,151.4,0.0,0.0,0.0,151.5092126133127,87.52995138888889,0.0,834.8564027777777,0.0,10.5595,0.0,14.521798611111112
2026-03-14 10:19:00,223.7,148.7,0.0,0.0,0.0,148.32861724876437,87.52995138888889,0.0,834.8564027777777,0.0,10.5595,0.0,14.521798611111112
2026-03-14 10:20:00,238.4,156.8,0.0,0.0,0.0,153.4171090864788,87.52995138888889,0.0,834.8564027777777,0.0,10.5595,0.0,14.521798611111112
2026-03-14 10:21:00,239.1,151.4,0.0,0.0,0.0,153.27395870425855,87.52995138888889,0.0,834.8564027777777,0.0,10.5595,0.0,14.521798611111112
2026-03-14 10:22:00,232.3,147.7,0.0,0.0,0.0,152.04109971694976,87.52995138888889,0.0,834.8564027777777,0.0,10.5595,0.0,14.521798611111112
2026-03-14 10:23:00,222.6,150.6,0.0,0.0,0.0,146.35948568903856,87.52995138888889,0.0,834.8564027777777,0.0,10.5595,0.0,14.521798611111112
2026-03-14 10:24:00,234.4,151.7,0.0,0.0,0.0,152.89549307865337,87.52995138888889,0.0,834.8564027777777,0.0,10.5595,0.0,14.521798611111112
2026-03-14 10:25:00,246.8,154.0,0.0,0.0,0.0,157.04930270470277,87.52995138888889,0.0,834.8564027777777,0.0,10.5595,0.0,14.521798611111112
2026-03-14 10:26:00,231.0,146.9,0.0,0.0,0.0,151.74142694734465,87.52995138888889,0.0,834.8564027777777,0.0,10.5595,0.0,14.521798611111112
2026-03-14 10:27:00,231.7,141.7,0.0,0.0,0.0,151.7113708800459,87.52995138888889,0.0,834.8564027777777,0.0,10.5595,0.0,14.521798611111112
2026-03-14 10:28:00,220.9,141.9,0.0,0.0,0.0,144.3610103032589,87.52995138888889,0.0,834.8564027777777,0.0,10.5595,0.0,14.521798611111112
2026-03-14 10:29:00,216.7,140.5,0.0,0.0,0.0,143.899868620051,87.52995138888889,0.0,834.8564027777777,0.0,10.5595,0.0,14.521798611111112
2026-03-14 10:30:00,239.5,155.1,0.0,0.0,0.0,153.4575015395423,87.52995138888889,0.0,834.8564027777777,0.0,10.5595,0.0,14.521798611111112
2026-03-14 10:31:00,221.0,140.5,0.0,0.0,0.0,144.62810411244536,87.52995138888889,0.0,834.8564027777777,0.0,10.5595,0.0,14.521798611111112
2026-03-14 10:32:00,241.1,156.3,0.0,0.0,0.0,154.33074887027885,87.52995138888889,0.0,834.8564027777777,0.0,10.5595,0.0,14.521798611111112
2026-03-14 10:33:00,235.0,150.4,0.0,0.0,0.0,152.41240752999724,87.52995138888889,0.0,834.8564027777777,0.0,10.5595,0.0,14.521798611111112
2026-03-14 10:34:00,238.3,153.3,0.0,0.0,0.0,152.6698646089548,87.52995138888889,0.0,834.8564027777777,0.0,10.5595,0.0,14.521798611111112
2026-03-14 10:35:00,88.6,0.0,0.0,0.0,0.0,0.0,87.52995138888889,0.0,834.8564027777777,0.0,10.5595,0.0,14.521798611111112
2026-03-14 10:36:00,81.3,0.0,0.0,0.0,0.0,0.0,87.52995138888889,0.0,834.8564027777777,0.0,10.5595,0.0,14.521798611111112
2026-03-14 10:37:00,82.4,0.0,0.0,0.0,0.0,0.0,87.52995138888889,0.0,834.8564027777777,0.0,10.5595,0.0,14.521798611111112
2026-03-14 10:38:00,79.1,0.0,0.0,0.0,0.0,0.0,87.52995138888889,0.0,834.8564027777777,0.0,10.5595,0.0,14.521798611111112
2026-03-14 10:39:00,78.6,0.0,0.0,0.0,0.0,0.0,87.52995138888889,0.0,834.8564027777777,0.0,10.5595,0.0,14.521798611111112
2026-03-14 10:40:00,85.8,0.0,0.0,0.0,0.0,0.0,87.52995138888889,0.0,834.8564027777777,0.0,10.5595,0.0,14.521798611111112
2026-03-14 10:41:00,82.8,0.0,0.0,0.0,0.0,0.0,87.52995138888889,0.0,834.8564027777777,0.0,10.5595,0.0,14.521798611111112
2026-03-14 10:42:00,76.9,0.0,0.0,0.0,0.0,0.0,87.52995138888889,0.0,834.8564027777777,0.0,10.5595,0.0,14.521798611111112
2026-03-14 10:43:00,74.5,0.0,0.0,0.0,0.0,0.0,87.52995138888889,0.0,834.8564027777777,0.0,10.5595,0.0,14.521798611111112
2026-03-14 10:44:00,78.4,0.0,0.0,0.0,0.0,0.0,87.52995138888889,0.0,834.8564027777777,0.0,10.5595,0.0,14.521798611111112
2026-03-14 10:45:00,86.7,0.0,0.0,0.0,0.0,0.0,87.52995138888889,0.0,834.8564027777777,0.0,10.5595,0.0,14.521798611111112
2026-03-14 10:46:00,76.4,0.0,0.0,0.0,0.0,0.0,87.52995138888889,0.0,834.8564027777777,0.0,10.5595,0.0,14.521798611111112
2026-03-14 10:47:00,86.2,0.0,0.0,0.0,0.0,0.0,87.52995138888889,0.0,834.8564027777777,0.0,10.5595,0.0,14.521798611111112
2026-03-14 10:48:00,80.1,0.0,0.0,0.0,0.0,0.0,87.52995138888889,0.0,834.8564027777777,0.0,10.5595,0.0,14.521798611111112
2026-03-14 10:49:00,82.1,0.0,0.0,0.0,0.0,0.0,87.52995138888889,0.0,834.8564027777777,0.0,10.5595,0.0,14.521798611111112
2026-03-14 10:50:00,73.8,0.0,0.0,0.0,0.0,0.0,87.52995138888889,0.0,834.8564027777777,0.0,10.5595,0.0,14.521798611111112
2026-03-14 10:51:00,80.1,0.0,0.0,0.0,0.0,0.0,87.52995138888889,0.0,834.8564027777777,0.0,10.5595,0.0,14.521798611111112
2026-03-14 10:52:00,72.1,0.0,0.0,0.0,0.0,0.0,87.52995138888889,0.0,834.8564027777777,0.0,10.5595,0.0,14.521798611111112
2026-03-14 10:53:00,81.6,0.0,0.0,0.0,0.0,0.0,87.52995138888889,0.0,834.8564027777777,0.0,10.5595,0.0,14.521798611111112
2026-03-14 10:54:00,78.2,0.0,0.0,0.0,0.0,0.0,87.52995138888889,0.0,834.8564027777777,0.0,10.5595,0.0,14.521798611111112
2026-03-14 10:55:00,78.1,0.0,0.0,0.0,0.0,0.0,87.52995138888889,0.0,834.8564027777777,0.0,10.5595,0.0,14.521798611111112
2026-03-14 10:56:00,67.8,0.0,0.0,0.0,0.0,0.0,87.52995138888889,0.0,834.8564027777777,0.0,10.5595,0.0,14.521798611111112
2026-03-14 10:57:00,79.1,0.0,0.0,0.0,0.0,0.0,87.52995138888889,0.0,834.8564027777777,0.0,10.5595,0.0,14.521798611111112
2026-03-14 10:58:00,81.5,0.0,0.0,0.0,0.0,0.0,87.52995138888889,0.0,834.8564027777777,0.0,10.5595,0.0,14.521798611111112
2026-03-14 10:59:00,71.4,0.0,0.0,0.0,0.0,0.0,87.52995138888889,0.0,834.8564027777777,0.0,10.5595,0.0,14.521798611111112
2026-03-14 11:00:00,234.2,158.4,0.0,0.0,0.0,151.5567550205785,87.52995138888889,0.0,834.8564027777777,0.0,10.5595,0.0,14.521798611111112
2026-03-14 11:01:00,224.5,148.3,0.0,0.0,0.0,147.2183810604943,87.52995138888889,0.0,834.8564027777777,0.0,10.5595,0.0,14.521798611111112
2026-03-14 11:02:00,227.9,146.3,0.0,0.0,0.0,148.76473496819088,87.52995138888889,0.0,834.8564027777777,0.0,10.5595,0.0,14.521798611111112
2026-03-14 11:03:00,234.4,149.0,0.0,0.0,0.0,152.54781791944438,87.52995138888889,0.0,834.8564027777777,0.0,10.5595,0.0,14.521798611111112
2026-03-14 11:04:00,215.1,148.9,0.0,0.0,0.0,144.780468347316,87.52995138888889,0.0,834.8564027777777,0.0,10.5595,0.0,14.521798611111112
2026-03-14 11:05:00,231.5,152.5,0.0,0.0,0.0,152.10991170207782,87.52995138888889,0.0,834.8564027777777,0.0,10.5595,0.0,14.521798611111112
2026-03-14 11:06:00,238.5,153.3,0.0,0.0,0.0,153.4608758071649,87.52995138888889,0.0,834.8564027777777,0.0,10.5595,0.0,14.521798611111112
2026-03-14 11:07:00,234.8,152.8,0.0,0.0,0.0,152.45046162785437,87.52995138888889,0.0,834.8564027777777,0.0,10.5595,0.0,14.521798611111112
2026-03-14 11:08:00,230.2,151.4,0.0,0.0,0.0,149.02468286125648,87.52995138888889,0.0,834.8564027777777,0.0,10.5595,0.0,14.521798611111112
2026-03-14 11:09:00,236.8,149.0,0.0,0.0,0.0,151.21468394139106,87.52995138888889,0.0,834.8564027777777,0.0,10.5595,0.0,14.521798611111112
2026-03-14 11:10:00,239.9,158.6,0.0,0.0,0.0,154.09389446034413,87.52995138888889,0.0,834.8564027777777,0.0,10.5595,0.0,14.521798611111112
2026-03-14 11:11:00,222.3,155.5,0.0,0.0,0.0,147.42990588430888,87.52995138888889,0.0,834.8564027777777,0.0,10.5595,0.0,14.521798611111112
2026-03-14 11:12:00,223.8,149.5,0.0,0.0,0.0,148.61081940287093,87.52995138888889,0.0,834.8564027777777,0.0,10.5595,0.0,14.521798611111112
2026-03-14 11:13:00,236.3,151.3,0.0,0.0,0.0,151.60873182199632,87.52995138888889,0.0,834.8564027777777,0.0,10.5595,0.0,14.521798611111112
2026-03-14 11:14:00,225.3,152.1,0.0,0.0,0.0,148.18097195190424,87.52995138888889,0.0,834.8564027777777,0.0,10.5595,0.0,14.521798611111112
2026-03-14 11:15:00,249.3,158.2,0.0,0.0,0.0,154.78590237632724,87.52995138888889,0.0,834.8564027777777,0.0,10.5595,0.0,14.521798611111112
2026-03-14 11:16:00,228.0,151.0,0.0,0.0,0.0,148.7878273784179,87.52995138888889,0.0,834.8564027777777,0.0,10.5595,0.0,14.521798611111112
2026-03-14 11:17:00,220.4,151.0,0.0,0.0,0.0,145.24049498083622,87.52995138888889,0.0,834.8564027777777,0.0,10.5595,0.0,14.521798611111112
2026-03-14 11:18:00,236.9,153.1,0.0,0.0,0.0,151.8543122983827,87.52995138888889,0.0,834.8564027777777,0.0,10.5595,0.0,14.521798611111112
2026-03-14 11:19:00,231.3,152.0,0.0,0.0,0.0,151.46281748991757,87.52995138888889,0.0,834.8564027777777,0.0,10.5595,0.0,14.521798611111112
2026-03-14 11:20:00,224.3,146.2,0.0,0.0,0.0,148.18298558717973,87.52995138888889,0.0,834.8564027777777,0.0,10.5595,0.0,14.521798611111112
2026-03-14 11:21:00,234.2,144.3,0.0,0.0,0.0,151.76821005231164,87.52995138888889,0.0,834.8564027777777,0.0,10.5595,0.0,14.521798611111112
2026-03-14 11:22:00,241.6,154.0,0.0,0.0,0.0,155.25943849177136,87.52995138888889,0.0,834.8564027777777,0.0,10.5595,0.0,14.521798611111112
2026-03-14 11:23:00,230.1,152.0,0.0,0.0,0.0,150.09616322887345,87.52995138888889,0.0,834.8564027777777,0.0,10.5595,0.0,14.521798611111112
2026-03-14 11:24:00,234.4,151.2,0.0,0.0,0.0,151.7357595219596,87.52995138888889,0.0,834.8564027777777,0.0,10.5595,0.0,14.521798611111112
2026-03-14 11:25:00,228.1,149.0,0.0,0.0,0.0,148.8479357242974,87.52995138888889,0.0,834.8564027777777,0.0,10.5595,0.0,14.521798611111112
2026-03-14 11:26:00,229.2,146.4,0.0,0.0,0.0,149.42131208547497,87.52995138888889,0.0,834.8564027777777,0.0,10.5595,0.0,14.521798611111112
2026-03-14 11:27:00,219.7,148.8,0.0,0.0,0.0,144.9523624320125,87.52995138888889,0.0,834.8564027777777,0.0,10.5595,0.0,14.521798611111112
2026-03-14 11:28:00,225.3,145.7,0.0,0.0,0.0,148.2646839305031,87.52995138888889,0.0,834.8564027777777,0.0,10.5595,0.0,14.521798611111112
2026-03-14 11:29:00,225.2,145.6,0.0,0.0,0.0,147.50582839992248,87.52995138888889,0.0,834.8564027777777,0.0,10.5595,0.0,14.521798611111112
2026-03-14 11:30:00,226.2,148.2,0.0,0.0,0.0,148.45835260746878,87.52995138888889,0.0,834.8564027777777,0.0,10.5595,0.0,14.521798611111112
2026-03-14 11:31:00,231.9,152.8,0.0,0.0,0.0,151.52801285223498,87.52995138888889,0.0,834.8564027777777,0.0,10.5595,0.0,14.521798611111112
2026-03-14 11:32:00,234.2,146.7,0.0,0.0,0.0,150.5857118233619,87.52995138888889,0.0,834.8564027777777,0.0,10.5595,0.0,14.521798611111112
2026-03-14 11:33:00,236.1,153.0,0.0,0.0,0.0,152.3814604735678,87.52995138888889,0.0,834.8564027777777,0.0,10.5595,0.0,14.521798611111112
2026-03-14 11:34:00,242.3,154.3,0.0,0.0,0.0,154.60741519869018,87.52995138888889,0.0,834.8564027777777,0.0,10.5595,0.0,14.521798611111112
2026-03-14 11:35:00,79.7,0.0,0.0,0.0,0.0,0.0,87.52995138888889,0.0,834.8564027777777,0.0,10.5595,0.0,14.521798611111112
2026-03-14 11:36:00,76.8,0.0,0.0,0.0,0.0,0.0,87.52995138888889,0.0,834.8564027777777,0.0,10.5595,0.0,14.521798611111112
2026-03-14 11:37:00,77.5,0.0,0.0,0.0,0.0,0.0,87.52995138888889,0.0,834.8564027777777,0.0,10.5595,0.0,14.521798611111112
2026-03-14 11:38:00,86.1,0.0,0.0,0.0,0.0,0.0,87.52995138888889,0.0,834.8564027777777,0.0,10.5595,0.0,14.521798611111112
2026-03-14 11:39:00,86.7,0.0,0.0,0.0,0.0,0.0,87.52995138888889,0.0,834.8564027777777,0.0,10.5595,0.0,14.521798611111112
2026-03-14 11:40:00,82.4,0.0,0.0,0.0,0.0,0.0,87.52995138888889,0.0,834.8564027777777,0.0,10.5595,0.0,14.521798611111112
2026-03-14 11:41:00,79.7,0.0,0.0,0.0,0.0,0.0,87.52995138888889,0.0,834.8564027777777,0.0,10.5595,0.0,14.521798611111112
2026-03-14 11:42:00,69.9,0.0,0.0,0.0,0.0,0.0,87.52995138888889,0.0,834.8564027777777,0.0,10.5595,0.0,14.521798611111112
2026-03-14 11:43:00,74.5,0.0,0.0,0.0,0.0,0.0,87.52995138888889,0.0,834.8564027777777,0.0,10.5595,0.0,14.521798611111112
2026-03-14 11:44:00,72.8,0.0,0.0,0.0,0.0,0.0,87.52995138888889,0.0,834.8564027777777,0.0,10.5595,0.0,14.521798611111112
2026-03-14 11:45:00,82.5,0.0,0.0,0.0,0.0,0.0,87.52995138888889,0.0,834.8564027777777,0.0,10.5595,0.0,14.521798611111112
2026-03-14 11:46:00,73.5,0.0,0.0,0.0,0.0,0.0,87.52995138888889,0.0,834.8564027777777,0.0,10.5595,0.0,14.521798611111112
2026-03-14 11:47:00,83.2,0.0,0.0,0.0,0.0,0.0,87.52995138888889,0.0,834.8564027777777,0.0,10.5595,0.0,14.521798611111112
2026-03-14 11:48:00,82.7,0.0,0.0,0.0,0.0,0.0,87.52995138888889,0.0,834.8564027777777,0.0,10.5595,0.0,14.521798611111112
2026-03-14 11:49:00,85.1,0.0,0.0,0.0,0.0,0.0,87.52995138888889,0.0,834.8564027777777,0.0,10.5595,0.0,14.521798611111112
2026-03-14 11:50:00,86.9,0.0,0.0,0.0,0.0,0.0,87.52995138888889,0.0,834.8564027777777,0.0,10.5595,0.0,14.521798611111112
2026-03-14 11:51:00,71.5,0.0,0.0,0.0,0.0,0.0,87.52995138888889,0.0,834.8564027777777,0.0,10.5595,0.0,14.521798611111112
2026-03-14 11:52:00,82.6,0.0,0.0,0.0,0.0,0.0,87.52995138888889,0.0,834.8564027777777,0.0,10.5595,0.0,14.521798611111112
2026-03-14 11:53:00,74.9,0.0,0.0,0.0,0.0,0.0,87.52995138888889,0.0,834.8564027777777,0.0,10.5595,0.0,14.521798611111112
2026-03-14 11:54:00,84.2,0.0,0.0,0.0,0.0,0.0,87.52995138888889,0.0,834.8564027777777,0.0,10.5595,0.0,14.521798611111112
2026-03-14 11:55:00,80.5,0.0,0.0,0.0,0.0,0.0,87.52995138888889,0.0,834.8564027777777,0.0,10.5595,0.0,14.521798611111112
2026-03-14 11:56:00,89.4,0.0,0.0,0.0,0.0,0.0,87.52995138888889,0.0,834.8564027777777,0.0,10.5595,0.0,14.521798611111112
2026-03-14 11:57:00,74.3,0.0,0.0,0.0,0.0,0.0,87.52995138888889,0.0,834.8564027777777,0.0,10.5595,0.0,14.521798611111112
2026-03-14 11:58:00,92.9,0.0,0.0,0.0,0.0,0.0,87.52995138888889,0.0,834.8564027777777,0.0,10.5595,0.0,14.521798611111112
2026-03-14 11:59:00,79.1,0.0,0.0,0.0,0.0,0.0,87.52995138888889,0.0,834.8564027777777,0.0,10.5595,0.0,14.521798611111112
2026-03-14 12:00:00,239.3,158.4,0.0,0.0,0.0,155.44895647990353,87.52995138888889,0.0,834.8564027777777,0.0,10.5595,0.0,14.521798611111112
2026-03-14 12:01:00,230.0,150.1,0.0,0.0,0.0,149.9979414968446,87.52995138888889,0.0,834.8564027777777,0.0,10.5595,0.0,14.521798611111112
2026-03-14 12:02:00,226.1,144.0,0.0,0.0,0.0,148.48892602805685,87.52995138888889,0.0,834.8564027777777,0.0,10.5595,0.0,14.521798611111112
2026-03-14 12:03:00,227.8,150.1,0.0,0.0,0.0,149.9372839853502,87.52995138888889,0.0,834.8564027777777,0.0,10.5595,0.0,14.521798611111112
2026-03-14 12:04:00,225.0,154.4,0.0,0.0,0.0,148.85293667775863,87.52995138888889,0.0,834.8564027777777,0.0,10.5595,0.0,14.521798611111112
2026-03-14 12:05:00,251.7,157.8,0.0,0.0,0.0,159.2030032706944,87.52995138888889,0.0,834.8564027777777,0.0,10.5595,0.0,14.521798611111112
2026-03-14 12:06:00,226.6,151.9,0.0,0.0,0.0,149.28136693894345,87.52995138888889,0.0,834.8564027777777,0.0,10.5595,0.0,14.521798611111112
2026-03-14 12:07:00,223.3,151.8,0.0,0.0,0.0,146.09775991726136,87.52995138888889,0.0,834.8564027777777,0.0,10.5595,0.0,14.521798611111112
2026-03-14 12:08:00,239.1,151.4,0.0,0.0,0.0,153.96815433912496,87.52995138888889,0.0,834.8564027777777,0.0,10.5595,0.0,14.521798611111112
2026-03-14 12:09:00,238.5,152.6,0.0,0.0,0.0,152.97453915436702,87.52995138888889,0.0,834.8564027777777,0.0,10.5595,0.0,14.521798611111112
2026-03-14 12:10:00,239.0,152.1,0.0,0.0,0.0,153.8747682226815,87.52995138888889,0.0,834.8564027777777,0.0,10.5595,0.0,14.521798611111112
2026-03-14 12:11:00,223.6,148.5,0.0,0.0,0.0,147.0409685626465,87.52995138888889,0.0,834.8564027777777,0.0,10.5595,0.0,14.521798611111112
2026-03-14 12:12:00,240.9,154.3,0.0,0.0,0.0,155.7338901066254,87.52995138888889,0.0,834.8564027777777,0.0,10.5595,0.0,14.521798611111112
2026-03-14 12:13:00,228.5,146.8,0.0,0.0,0.0,149.62203076036167,87.52995138888889,0.0,834.8564027777777,0.0,10.5595,0.0,14.521798611111112
2026-03-14 12:14:00,220.7,141.1,0.0,0.0,0.0,146.2040734976897,87.52995138888889,0.0,834.8564027777777,0.0,10.5595,0.0,14.521798611111112
2026-03-14 12:15:00,220.1,147.0,0.0,0.0,0.0,145.46863336097454,87.52995138888889,0.0,834.8564027777777,0.0,10.5595,0.0,14.521798611111112
2026-03-14 12:16:00,227.9,146.8,0.0,0.0,0.0,148.10888501968734,87.52995138888889,0.0,834.8564027777777,0.0,10.5595,0.0,14.521798611111112
2026-03-14 12:17:00,240.2,151.8,0.0,0.0,0.0,154.12214410511228,87.52995138888889,0.0,834.8564027777777,0.0,10.5595,0.0,14.521798611111112
2026-03-14 12:18:00,222.0,145.2,0.0,0.0,0.0,147.20419474189094,87.52995138888889,0.0,834.8564027777777,0.0,10.5595,0.0,14.521798611111112
2026-03-14 12:19:00,224.0,137.3,0.0,0.0,0.0,147.3391494888554,87.52995138888889,0.0,834.8564027777777,0.0,10.5595,0.0,14.521798611111112
2026-03-14 12:20:00,226.4,143.4,0.0,0.0,0.0,147.27703589173993,87.52995138888889,0.0,834.8564027777777,0.0,10.5595,0.0,14.521798611111112
2026-03-14 12:21:00,236.5,147.6,0.0,0.0,0.0,152.19339652379207,87.52995138888889,0.0,834.8564027777777,0.0,10.5595,0.0,14.521798611111112
2026-03-14 12:22:00,221.2,144.6,0.0,0.0,0.0,145.1231803937348,87.52995138888889,0.0,834.8564027777777,0.0,10.5595,0.0,14.521798611111112
2026-03-14 12:23:00,227.3,144.9,0.0,0.0,0.0,148.12210736184466,87.52995138888889,0.0,834.8564027777777,0.0,10.5595,0.0,14.521798611111112
2026-03-14 12:24:00,225.0,153.7,0.0,0.0,0.0,148.0018884378149,87.52995138888889,0.0,834.8564027777777,0.0,10.5595,0.0,14.521798611111112
2026-03-14 12:25:00,240.2,146.8,0.0,0.0,0.0,155.14128414814178,87.52995138888889,0.0,834.8564027777777,0.0,10.5595,0.0,14.521798611111112
2026-03-14 12:26:00,243.7,154.6,0.0,0.0,0.0,156.5401167623799,87.52995138888889,0.0,834.8564027777777,0.0,10.5595,0.0,14.521798611111112
2026-03-14 12:27:00,238.3,153.2,0.0,0.0,0.0,153.36192182001005,87.52995138888889,0.0,834.8564027777777,0.0,10.5595,0.0,14.521798611111112
2026-03-14 12:28:00,239.2,153.5,0.0,0.0,0.0,154.2561850759807,87.52995138888889,0.0,834.8564027777777,0.0,10.5595,0.0,14.521798611111112
2026-03-14 12:29:00,234.2,149.5,0.0,0.0,0.0,151.79490022726955,87.52995138888889,0.0,834.8564027777777,0.0,10.5595,0.0,14.521798611111112
2026-03-14 12:30:00,220.9,147.3,0.0,0.0,0.0,145.74205014985012,87.52995138888889,0.0,834.8564027777777,0.0,10.5595,0.0,14.521798611111112
2026-03-14 12:31:00,231.1,154.6,0.0,0.0,0.0,152.17848980823098,87.52995138888889,0.0,834.8564027777777,0.0,10.5595,0.0,14.521798611111112
2026-03-14 12:32:00,230.4,147.5,0.0,0.0,0.0,150.23398053427775,87.52995138888889,0.0,834.8564027777777,0.0,10.5595,0.0,14.521798611111112
2026-03-14 12:33:00,226.0,152.1,0.0,0.0,0.0,146.87463107595025,87.52995138888889,0.0,834.8564027777777,0.0,10.5595,0.0,14.521798611111112
2026-03-14 12:34:00,229.3,150.8,0.0,0.0,0.0,149.41092733825346,87.52995138888889,0.0,834.8564027777777,0.0,10.5595,0.0,14.521798611111112
2026-03-14 12:35:00,76.6,0.0,0.0,0.0,0.0,0.0,87.52995138888889,0.0,834.8564027777777,0.0,10.5595,0.0,14.521798611111112
2026-03-14 12:36:00,75.6,0.0,0.0,0.0,0.0,0.0,87.52995138888889,0.0,834.8564027777777,0.0,10.5595,0.0,14.521798611111112
2026-03-14 12:37:00,80.4,0.0,0.0,0.0,0.0,0.0,87.52995138888889,0.0,834.8564027777777,0.0,10.5595,0.0,14.521798611111112
2026-03-14 12:38:00,89.4,0.0,0.0,0.0,0.0,0.0,87.52995138888889,0.0,834.8564027777777,0.0,10.5595,0.0,14.521798611111112
2026-03-14 12:39:00,84.7,0.0,0.0,0.0,0.0,0.0,87.52995138888889,0.0,834.8564027777777,0.0,10.5595,0.0,14.521798611111112
2026-03-14 12:40:00,89.0,0.0,0.0,0.0,0.0,0.0,87.52995138888889,0.0,834.8564027777777,0.0,10.5595,0.0,14.521798611111112
2026-03-14 12:41:00,83.3,0.0,0.0,0.0,0.0,0.0,87.52995138888889,0.0,834.8564027777777,0.0,10.5595,0.0,14.521798611111112
2026-03-14 12:42:00,75.6,0.0,0.0,0.0,0.0,0.0,87.52995138888889,0.0,834.8564027777777,0.0,10.5595,0.0,14.521798611111112
2026-03-14 12:43:00,78.7,0.0,0.0,0.0,0.0,0.0,87.52995138888889,0.0,834.8564027777777,0.0,10.5595,0.0,14.521798611111112
2026-03-14 12:44:00,81.3,0.0,0.0,0.0,0.0,0.0,87.52995138888889,0.0,834.8564027777777,0.0,10.5595,0.0,14.521798611111112
2026-03-14 12:45:00,78.8,0.0,0.0,0.0,0.0,0.0,87.52995138888889,0.0,834.8564027777777,0.0,10.5595,0.0,14.521798611111112
2026-03-14 12:46:00,71.9,0.0,0.0,0.0,0.0,0.0,87.52995138888889,0.0,834.8564027777777,0.0,10.5595,0.0,14.521798611111112
2026-03-14 12:47:00,76.2,0.0,0.0,0.0,0.0,0.0,87.52995138888889,0.0,834.8564027777777,0.0,10.5595,0.0,14.521798611111112
2026-03-14 12:48:00,78.0,0.0,0.0,0.0,0.0,0.0,87.52995138888889,0.0,834.8564027777777,0.0,10.5595,0.0,14.521798611111112
2026-03-14 12:49:00,79.4,0.0,0.0,0.0,0.0,0.0,87.52995138888889,0.0,834.8564027777777,0.0,10.5595,0.0,14.521798611111112
2026-03-14 12:50:00,74.7,0.0,0.0,0.0,0.0,0.0,87.52995138888889,0.0,834.8564027777777,0.0,10.5595,0.0,14.521798611111112
2026-03-14 12:51:00,69.7,0.0,0.0,0.0,0.0,0.0,87.52995138888889,0.0,834.8564027777777,0.0,10.5595,0.0,14.521798611111112
2026-03-14 12:52:00,80.9,0.0,0.0,0.0,0.0,0.0,87.52995138888889,0.0,834.8564027777777,0.0,10.5595,0.0,14.521798611111112
2026-03-14 12:53:00,75.3,0.0,0.0,0.0,0.0,0.0,87.52995138888889,0.0,834.8564027777777,0.0,10.5595,0.0,14.521798611111112
2026-03-14 12:54:00,88.0,0.0,0.0,0.0,0.0,0.0,87.52995138888889,0.0,834.8564027777777,0.0,10.5595,0.0,14.521798611111112
2026-03-14 12:55:00,82.4,0.0,0.0,0.0,0.0,0.0,87.52995138888889,0.0,834.8564027777777,0.0,10.5595,0.0,14.521798611111112
2026-03-14 12:56:00,71.3,0.0,0.0,0.0,0.0,0.0,87.52995138888889,0.0,834.8564027777777,0.0,10.5595,0.0,14.521798611111112
2026-03-14 12:57:00,83.1,0.0,0.0,0.0,0.0,0.0,87.52995138888889,0.0,834.8564027777777,0.0,10.5595,0.0,14.521798611111112
2026-03-14 12:58:00,83.6,0.0,0.0,0.0,0.0,0.0,87.52995138888889,0.0,834.8564027777777,0.0,10.5595,0.0,14.521798611111112
2026-03-14 12:59:00,81.7,0.0,0.0,0.0,0.0,0.0,87.52995138888889,0.0,834.8564027777777,0.0,10.5595,0.0,14.521798611111112
2026-03-14 13:00:00,240.5,159.7,0.0,0.0,0.0,155.9557962166374,87.52995138888889,0.0,834.8564027777777,0.0,10.5595,0.0,14.521798611111112
2026-03-14 13:01:00,221.0,144.7,0.0,0.0,0.0,147.29270224610553,87.52995138888889,0.0,834.8564027777777,0.0,10.5595,0.0,14.521798611111112
2026-03-14 13:02:00,229.4,149.2,0.0,0.0,0.0,148.4140594430194,87.52995138888889,0.0,834.8564027777777,0.0,10.5595,0.0,14.521798611111112
2026-03-14 13:03:00,236.2,153.8,0.0,0.0,0.0,152.8724806969175,87.52995138888889,0.0,834.8564027777777,0.0,10.5595,0.0,14.521798611111112
2026-03-14 13:04:00,234.8,155.2,0.0,0.0,0.0,152.37537352699482,87.52995138888889,0.0,834.8564027777777,0.0,10.5595,0.0,14.521798611111112
2026-03-14 13:05:00,245.5,145.9,0.0,0.0,0.0,156.71935978465692,87.52995138888889,0.0,834.8564027777777,0.0,10.5595,0.0,14.521798611111112
2026-03-14 13:06:00,231.2,150.6,0.0,0.0,0.0,150.69458758110366,87.52995138888889,0.0,834.8564027777777,0.0,10.5595,0.0,14.521798611111112
2026-03-14 13:07:00,228.7,152.3,0.0,0.0,0.0,149.01042484389237,87.52995138888889,0.0,834.8564027777777,0.0,10.5595,0.0,14.521798611111112
2026-03-14 13:08:00,237.9,146.7,0.0,0.0,0.0,152.1548170162111,87.52995138888889,0.0,834.8564027777777,0.0,10.5595,0.0,14.521798611111112
2026-03-14 13:09:00,230.1,151.4,0.0,0.0,0.0,148.71067677485914,87.52995138888889,0.0,834.8564027777777,0.0,10.5595,0.0,14.521798611111112
2026-03-14 13:10:00,228.5,149.7,0.0,0.0,0.0,148.93299803546125,87.52995138888889,0.0,834.8564027777777,0.0,10.5595,0.0,14.521798611111112
2026-03-14 13:11:00,231.5,146.1,0.0,0.0,0.0,150.11670122470122,87.52995138888889,0.0,834.8564027777777,0.0,10.5595,0.0,14.521798611111112
2026-03-14 13:12:00,219.6,143.1,0.0,0.0,0.0,147.3269764906289,87.52995138888889,0.0,834.8564027777777,0.0,10.5595,0.0,14.521798611111112
2026-03-14 13:13:00,227.3,150.4,0.0,0.0,0.0,148.3938633509736,87.52995138888889,0.0,834.8564027777777,0.0,10.5595,0.0,14.521798611111112
2026-03-14 13:14:00,225.6,152.5,0.0,0.0,0.0,148.9548608049359,87.52995138888889,0.0,834.8564027777777,0.0,10.5595,0.0,14.521798611111112
2026-03-14 13:15:00,213.9,146.0,0.0,0.0,0.0,144.38861393007863,87.52995138888889,0.0,834.8564027777777,0.0,10.5595,0.0,14.521798611111112
2026-03-14 13:16:00,222.0,146.4,0.0,0.0,0.0,144.98839230790998,87.52995138888889,0.0,834.8564027777777,0.0,10.5595,0.0,14.521798611111112
2026-03-14 13:17:00,230.9,144.8,0.0,0.0,0.0,150.89082112489623,87.52995138888889,0.0,834.8564027777777,0.0,10.5595,0.0,14.521798611111112
2026-03-14 13:18:00,215.6,140.9,0.0,0.0,0.0,144.82772515725023,87.52995138888889,0.0,834.8564027777777,0.0,10.5595,0.0,14.521798611111112
2026-03-14 13:19:00,233.3,149.1,0.0,0.0,0.0,153.0623683361845,87.52995138888889,0.0,834.8564027777777,0.0,10.5595,0.0,14.521798611111112
2026-03-14 13:20:00,242.3,151.0,0.0,0.0,0.0,153.80723247965773,87.52995138888889,0.0,834.8564027777777,0.0,10.5595,0.0,14.521798611111112
2026-03-14 13:21:00,239.5,154.4,0.0,0.0,0.0,153.59755456902639,87.52995138888889,0.0,834.8564027777777,0.0,10.5595,0.0,14.521798611111112
2026-03-14 13:22:00,215.2,144.0,0.0,0.0,0.0,144.6023039348452,87.52995138888889,0.0,834.8564027777777,0.0,10.5595,0.0,14.521798611111112
2026-03-14 13:23:00,225.2,153.0,0.0,0.0,0.0,148.31130196644315,87.52995138888889,0.0,834.8564027777777,0.0,10.5595,0.0,14.521798611111112
2026-03-14 13:24:00,233.4,150.8,0.0,0.0,0.0,153.12123443011242,87.52995138888889,0.0,834.8564027777777,0.0,10.5595,0.0,14.521798611111112
2026-03-14 13:25:00,239.8,147.5,0.0,0.0,0.0,154.54718273492367,87.52995138888889,0.0,834.8564027777777,0.0,10.5595,0.0,14.521798611111112
2026-03-14 13:26:00,232.8,152.0,0.0,0.0,0.0,152.29688847144143,87.52995138888889,0.0,834.8564027777777,0.0,10.5595,0.0,14.521798611111112
2026-03-14 13:27:00,232.0,148.3,0.0,0.0,0.0,151.4324777948631,87.52995138888889,0.0,834.8564027777777,0.0,10.5595,0.0,14.521798611111112
2026-03-14 13:28:00,238.3,155.9,0.0,0.0,0.0,153.41544164392258,87.52995138888889,0.0,834.8564027777777,0.0,10.5595,0.0,14.521798611111112
2026-03-14 13:29:00,219.4,148.6,0.0,0.0,0.0,145.43157001500688,87.52995138888889,0.0,834.8564027777777,0.0,10.5595,0.0,14.521798611111112
2026-03-14 13:30:00,235.7,153.1,0.0,0.0,0.0,153.85010293415735,87.52995138888889,0.0,834.8564027777777,0.0,10.5595,0.0,14.521798611111112
2026-03-14 13:31:00,232.2,161.3,0.0,0.0,0.0,152.05041992958024,87.52995138888889,0.0,834.8564027777777,0.0,10.5595,0.0,14.521798611111112
2026-03-14 13:32:00,238.6,151.1,0.0,0.0,0.0,152.8638105250414,87.52995138888889,0.0,834.8564027777777,0.0,10.5595,0.0,14.521798611111112
2026-03-14 13:33:00,232.3,150.4,0.0,0.0,0.0,152.30855075501844,87.52995138888889,0.0,834.8564027777777,0.0,10.5595,0.0,14.521798611111112
2026-03-14 13:34:00,235.0,152.7,0.0,0.0,0.0,153.15400768178043,87.52995138888889,0.0,834.8564027777777,0.0,10.5595,0.0,14.521798611111112
2026-03-14 13:35:00,74.2,0.0,0.0,0.0,0.0,0.0,87.52995138888889,0.0,834.8564027777777,0.0,10.5595,0.0,14.521798611111112
2026-03-14 13:36:00,77.1,0.0,0.0,0.0,0.0,0.0,87.52995138888889,0.0,834.8564027777777,0.0,10.5595,0.0,14.521798611111112
2026-03-14 13:37:00,73.9,0.0,0.0,0.0,0.0,0.0,87.52995138888889,0.0,834.8564027777777,0.0,10.5595,0.0,14.521798611111112
2026-03-14 13:38:00,85.4,0.0,0.0,0.0,0.0,0.0,87.52995138888889,0.0,834.8564027777777,0.0,10.5595,0.0,14.521798611111112
2026-03-14 13:39:00,80.6,0.0,0.0,0.0,0.0,0.0,87.52995138888889,0.0,834.8564027777777,0.0,10.5595,0.0,14.521798611111112
2026-03-14 13:40:00,85.8,0.0,0.0,0.0,0.0,0.0,87.52995138888889,0.0,834.8564027777777,0.0,10.5595,0.0,14.521798611111112
2026-03-14 13:41:00,71.4,0.0,0.0,0.0,0.0,0.0,87.52995138888889,0.0,834.8564027777777,0.0,10.5595,0.0,14.521798611111112
2026-03-14 13:42:00,83.0,0.0,0.0,0.0,0.0,0.0,87.52995138888889,0.0,834.8564027777777,0.0,10.5595,0.0,14.521798611111112
2026-03-14 13:43:00,82.5,0.0,0.0,0.0,0.0,0.0,87.52995138888889,0.0,834.8564027777777,0.0,10.5595,0.0,14.521798611111112
2026-03-14 13:44:00,74.5,0.0,0.0,0.0,0.0,0.0,87.52995138888889,0.0,834.8564027777777,0.0,10.5595,0.0,14.521798611111112
2026-03-14 13:45:00,83.1,0.0,0.0,0.0,0.0,0.0,87.52995138888889,0.0,834.8564027777777,0.0,10.5595,0.0,14.521798611111112
2026-03-14 13:46:00,75.6,0.0,0.0,0.0,0.0,0.0,87.52995138888889,0.0,834.8564027777777,0.0,10.5595,0.0,14.521798611111112
2026-03-14 13:47:00,78.1,0.0,0.0,0.0,0.0,0.0,87.52995138888889,0.0,834.8564027777777,0.0,10.5595,0.0,14.521798611111112
2026-03-14 13:48:00,84.5,0.0,0.0,0.0,0.0,0.0,87.52995138888889,0.0,834.8564027777777,0.0,10.5595,0.0,14.521798611111112
2026-03-14 13:49:00,70.4,0.0,0.0,0.0,0.0,0.0,87.52995138888889,0.0,834.8564027777777,0.0,10.5595,0.0,14.521798611111112
2026-03-14 13:50:00,81.6,0.0,0.0,0.0,0.0,0.0,87.52995138888889,0.0,834.8564027777777,0.0,10.5595,0.0,14.521798611111112
2026-03-14 13:51:00,78.9,0.0,0.0,0.0,0.0,0.0,87.52995138888889,0.0,834.8564027777777,0.0,10.5595,0.0,14.521798611111112
2026-03-14 13:52:00,89.7,0.0,0.0,0.0,0.0,0.0,87.52995138888889,0.0,834.8564027777777,0.0,10.5595,0.0,14.521798611111112
2026-03-14 13:53:00,73.8,0.0,0.0,0.0,0.0,0.0,87.52995138888889,0.0,834.8564027777777,0.0,10.5595,0.0,14.521798611111112
2026-03-14 13:54:00,84.7,0.0,0.0,0.0,0.0,0.0,87.52995138888889,0.0,834.8564027777777,0.0,10.5595,0.0,14.521798611111112
2026-03-14 13:55:00,90.6,0.0,0.0,0.0,0.0,0.0,87.52995138888889,0.0,834.8564027777777,0.0,10.5595,0.0,14.521798611111112
2026-03-14 13:56:00,86.0,0.0,0.0,0.0,0.0,0.0,87.52995138888889,0.0,834.8564027777777,0.0,10.5595,0.0,14.521798611111112
2026-03-14 13:57:00,79.8,0.0,0.0,0.0,0.0,0.0,87.52995138888889,0.0,834.8564027777777,0.0,10.5595,0.0,14.521798611111112
2026-03-14 13:58:00,76.6,0.0,0.0,0.0,0.0,0.0,87.52995138888889,0.0,834.8564027777777,0.0,10.5595,0.0,14.521798611111112
2026-03-14 13:59:00,86.9,0.0,0.0,0.0,0.0,0.0,87.52995138888889,0.0,834.8564027777777,0.0,10.5595,0.0,14.521798611111112
2026-03-14 14:00:00,230.7,148.2,0.0,0.0,0.0,149.01795171462533,87.52995138888889,0.0,834.8564027777777,0.0,10.5595,0.0,14.521798611111112
2026-03-14 14:01:00,238.5,147.7,0.0,0.0,0.0,153.60696879536582,87.52995138888889,0.0,834.8564027777777,0.0,10.5595,0.0,14.521798611111112
2026-03-14 14:02:00,225.9,143.0,0.0,0.0,0.0,147.26218712230042,87.52995138888889,0.0,834.8564027777777,0.0,10.5595,0.0,14.521798611111112
2026-03-14 14:03:00,242.7,152.2,0.0,0.0,0.0,154.40711656230482,87.52995138888889,0.0,834.8564027777777,0.0,10.5595,0.0,14.521798611111112
2026-03-14 14:04:00,247.2,160.6,0.0,0.0,0.0,157.54920953447427,87.52995138888889,0.0,834.8564027777777,0.0,10.5595,0.0,14.521798611111112
2026-03-14 14:05:00,233.2,151.3,0.0,0.0,0.0,152.30868442325655,87.52995138888889,0.0,834.8564027777777,0.0,10.5595,0.0,14.521798611111112
2026-03-14 14:06:00,234.4,151.1,0.0,0.0,0.0,152.35252357577065,87.52995138888889,0.0,834.8564027777777,0.0,10.5595,0.0,14.521798611111112
2026-03-14 14:07:00,222.2,144.1,0.0,0.0,0.0,146.11211814599517,87.52995138888889,0.0,834.8564027777777,0.0,10.5595,0.0,14.521798611111112
2026-03-14 14:08:00,242.7,156.9,0.0,0.0,0.0,155.49858796742478,87.52995138888889,0.0,834.8564027777777,0.0,10.5595,0.0,14.521798611111112
2026-03-14 14:09:00,236.6,152.9,0.0,0.0,0.0,152.0623652423599,87.52995138888889,0.0,834.8564027777777,0.0,10.5595,0.0,14.521798611111112
2026-03-14 14:10:00,225.2,149.1,0.0,0.0,0.0,148.04215032054293,87.52995138888889,0.0,834.8564027777777,0.0,10.5595,0.0,14.521798611111112
2026-03-14 14:11:00,242.1,155.9,0.0,0.0,0.0,155.49196475335816,87.52995138888889,0.0,834.8564027777777,0.0,10.5595,0.0,14.521798611111112
2026-03-14 14:12:00,243.7,151.6,0.0,0.0,0.0,156.43690170758325,87.52995138888889,0.0,834.8564027777777,0.0,10.5595,0.0,14.521798611111112
2026-03-14 14:13:00,233.8,146.6,0.0,0.0,0.0,151.31270838725538,87.52995138888889,0.0,834.8564027777777,0.0,10.5595,0.0,14.521798611111112
2026-03-14 14:14:00,228.6,152.1,0.0,0.0,0.0,149.92768488085989,87.52995138888889,0.0,834.8564027777777,0.0,10.5595,0.0,14.521798611111112
2026-03-14 14:15:00,221.4,149.6,0.0,0.0,0.0,146.33974307051454,87.52995138888889,0.0,834.8564027777777,0.0,10.5595,0.0,14.521798611111112
2026-03-14 14:16:00,246.5,157.9,0.0,0.0,0.0,157.14063634986726,87.52995138888889,0.0,834.8564027777777,0.0,10.5595,0.0,14.521798611111112
2026-03-14 14:17:00,227.9,148.0,0.0,0.0,0.0,148.86977079828785,87.52995138888889,0.0,834.8564027777777,0.0,10.5595,0.0,14.521798611111112
2026-03-14 14:18:00,233.9,152.9,0.0,0.0,0.0,151.52197028338585,87.52995138888889,0.0,834.8564027777777,0.0,10.5595,0.0,14.521798611111112
2026-03-14 14:19:00,224.7,148.8,0.0,0.0,0.0,148.83135546077006,87.52995138888889,0.0,834.8564027777777,0.0,10.5595,0.0,14.521798611111112
2026-03-14 14:20:00,230.0,150.9,0.0,0.0,0.0,150.40138294771674,87.52995138888889,0.0,834.8564027777777,0.0,10.5595,0.0,14.521798611111112
2026-03-14 14:21:00,222.6,146.9,0.0,0.0,0.0,147.76066681246743,87.52995138888889,0.0,834.8564027777777,0.0,10.5595,0.0,14.521798611111112
2026-03-14 14:22:00,222.3,148.4,0.0,0.0,0.0,147.49218082910386,87.52995138888889,0.0,834.8564027777777,0.0,10.5595,0.0,14.521798611111112
2026-03-14 14:23:00,2212.1,144.0,1990.8,0.0,0.0,147.6015747842571,87.52995138888889,1981.0724375152627,834.8564027777777,0.0,10.5595,0.0,14.521798611111112
2026-03-14 14:24:00,233.7,149.4,0.0,0.0,0.0,152.30615987796457,87.52995138888889,0.0,834.8564027777777,0.0,10.5595,0.0,14.521798611111112
2026-03-14 14:25:00,235.3,151.6,0.0,0.0,0.0,153.1016067767515,87.52995138888889,0.0,834.8564027777777,0.0,10.5595,0.0,14.521798611111112
2026-03-14 14:26:00,228.8,152.6,0.0,0.0,0.0,150.17990038752095,87.52995138888889,0.0,834.8564027777777,0.0,10.5595,0.0,14.521798611111112
2026-03-14 14:27:00,229.7,151.1,0.0,0.0,0.0,149.5108406816524,87.52995138888889,0.0,834.8564027777777,0.0,10.5595,0.0,14.521798611111112
2026-03-14 14:28:00,243.4,154.8,0.0,0.0,0.0,155.94458006875593,87.52995138888889,0.0,834.8564027777777,0.0,10.5595,0.0,14.521798611111112
2026-03-14 14:29:00,225.4,145.9,0.0,0.0,0.0,148.91263565522888,87.52995138888889,0.0,834.8564027777777,0.0,10.5595,0.0,14.521798611111112
2026-03-14 14:30:00,226.1,148.4,0.0,0.0,0.0,148.2333901847064,87.52995138888889,0.0,834.8564027777777,0.0,10.5595,0.0,14.521798611111112
2026-03-14 14:31:00,2221.4,146.8,1989.2,0.0,0.0,149.4487712447399,87.52995138888889,1997.5109484069844,834.8564027777777,0.0,10.5595,0.0,14.521798611111112
2026-03-14 14:32:00,228.6,142.5,0.0,0.0,0.0,149.98324160958867,87.52995138888889,0.0,834.8564027777777,0.0,10.5595,0.0,14.521798611111112
2026-03-14 14:33:00,236.6,147.0,0.0,0.0,0.0,153.29434443715326,87.52995138888889,0.0,834.8564027777777,0.0,10.5595,0.0,14.521798611111112
2026-03-14 14:34:00,216.2,140.5,0.0,0.0,0.0,144.16557146927147,87.52995138888889,0.0,834.8564027777777,0.0,10.5595,0.0,14.521798611111112
2026-03-14 14:35:00,73.9,0.0,0.0,0.0,0.0,0.0,87.52995138888889,0.0,834.8564027777777,0.0,10.5595,0.0,14.521798611111112
2026-03-14 14:36:00,79.7,0.0,0.0,0.0,0.0,0.0,87.52995138888889,0.0,834.8564027777777,0.0,10.5595,0.0,14.521798611111112
2026-03-14 14:37:00,84.3,0.0,0.0,0.0,0.0,0.0,87.52995138888889,0.0,834.8564027777777,0.0,10.5595,0.0,14.521798611111112
2026-03-14 14:38:00,81.9,0.0,0.0,0.0,0.0,0.0,87.52995138888889,0.0,834.8564027777777,0.0,10.5595,0.0,14.521798611111112
2026-03-14 14:39:00,86.5,0.0,0.0,0.0,0.0,0.0,87.52995138888889,0.0,834.8564027777777,0.0,10.5595,0.0,14.521798611111112
2026-03-14 14:40:00,74.2,0.0,0.0,0.0,0.0,0.0,87.52995138888889,0.0,834.8564027777777,0.0,10.5595,0.0,14.521798611111112
2026-03-14 14:41:00,82.9,0.0,0.0,0.0,0.0,0.0,87.52995138888889,0.0,834.8564027777777,0.0,10.5595,0.0,14.521798611111112
2026-03-14 14:42:00,80.0,0.0,0.0,0.0,0.0,0.0,87.52995138888889,0.0,834.8564027777777,0.0,10.5595,0.0,14.521798611111112
2026-03-14 14:43:00,76.1,0.0,0.0,0.0,0.0,0.0,87.52995138888889,0.0,834.8564027777777,0.0,10.5595,0.0,14.521798611111112
2026-03-14 14:44:00,90.2,0.0,0.0,0.0,0.0,0.0,87.52995138888889,0.0,834.8564027777777,0.0,10.5595,0.0,14.521798611111112
2026-03-14 14:45:00,92.0,0.0,0.0,0.0,0.0,0.0,87.52995138888889,0.0,834.8564027777777,0.0,10.5595,0.0,14.521798611111112
2026-03-14 14:46:00,85.3,0.0,0.0,0.0,0.0,0.0,87.52995138888889,0.0,834.8564027777777,0.0,10.5595,0.0,14.521798611111112
2026-03-14 14:47:00,65.1,0.0,0.0,0.0,0.0,0.0,87.52995138888889,0.0,834.8564027777777,0.0,10.5595,0.0,14.521798611111112
2026-03-14 14:48:00,78.8,0.0,0.0,0.0,0.0,0.0,87.52995138888889,0.0,834.8564027777777,0.0,10.5595,0.0,14.521798611111112
2026-03-14 14:49:00,81.6,0.0,0.0,0.0,0.0,0.0,87.52995138888889,0.0,834.8564027777777,0.0,10.5595,0.0,14.521798611111112
2026-03-14 14:50:00,87.9,0.0,0.0,0.0,0.0,0.0,87.52995138888889,0.0,834.8564027777777,0.0,10.5595,0.0,14.521798611111112
2026-03-14 14:51:00,78.5,0.0,0.0,0.0,0.0,0.0,87.52995138888889,0.0,834.8564027777777,0.0,10.5595,0.0,14.521798611111112
2026-03-14 14:52:00,71.9,0.0,0.0,0.0,0.0,0.0,87.52995138888889,0.0,834.8564027777777,0.0,10.5595,0.0,14.521798611111112
2026-03-14 14:53:00,78.6,0.0,0.0,0.0,0.0,0.0,87.52995138888889,0.0,834.8564027777777,0.0,10.5595,0.0,14.521798611111112
2026-03-14 14:54:00,79.9,0.0,0.0,0.0,0.0,0.0,87.52995138888889,0.0,834.8564027777777,0.0,10.5595,0.0,14.521798611111112
2026-03-14 14:55:00,2039.4,0.0,1955.4,0.0,0.0,0.0,87.52995138888889,1959.0978870618003,834.8564027777777,0.0,10.5595,0.0,14.521798611111112
2026-03-14 14:56:00,79.9,0.0,0.0,0.0,0.0,0.0,87.52995138888889,0.0,834.8564027777777,0.0,10.5595,0.0,14.521798611111112
2026-03-14 14:57:00,2075.6,0.0,1996.0,0.0,0.0,0.0,87.52995138888889,1993.6067409620873,834.8564027777777,0.0,10.5595,0.0,14.521798611111112
2026-03-14 14:58:00,2059.0,0.0,1979.4,0.0,0.0,0.0,87.52995138888889,1981.6414718826938,834.8564027777777,0.0,10.5595,0.0,14.521798611111112
2026-03-14 14:59:00,2069.6,0.0,1993.3,0.0,0.0,0.0,87.52995138888889,1990.3878526947458,834.8564027777777,0.0,10.5595,0.0,14.521798611111112
2026-03-14 15:00:00,2235.9,153.4,2001.7,0.0,0.0,152.76957826440866,87.52995138888889,2002.0796085548257,834.8564027777777,0.0,10.5595,0.0,14.521798611111112
2026-03-14 15:01:00,2267.5,143.2,2047.2,0.0,0.0,151.68503138974324,87.52995138888889,2033.79960644225,834.8564027777777,0.0,10.5595,0.0,14.521798611111112
2026-03-14 15:02:00,2193.6,143.7,1972.5,0.0,0.0,149.19653497613498,87.52995138888889,1965.203677115913,834.8564027777777,0.0,10.5595,0.0,14.521798611111112
2026-03-14 15:03:00,2245.3,146.7,2016.5,0.0,0.0,150.41932972836128,87.52995138888889,2012.9772372777368,834.8564027777777,0.0,10.5595,0.0,14.521798611111112
2026-03-14 15:04:00,2234.4,137.4,2023.5,0.0,0.0,150.715245575964,87.52995138888889,2002.5271040151397,834.8564027777777,0.0,10.5595,0.0,14.521798611111112
2026-03-14 15:05:00,2259.8,151.5,2024.0,0.0,0.0,150.7208604501709,87.52995138888889,2024.6938662933314,834.8564027777777,0.0,10.5595,0.0,14.521798611111112
2026-03-14 15:06:00,2158.4,147.3,1915.7,0.0,0.0,116.7645397178787,87.52995138888889,1948.6771925098321,834.8564027777777,0.0,10.5595,0.0,14.521798611111112
2026-03-14 15:07:00,2197.8,150.9,1969.7,0.0,0.0,146.63983557733118,87.52995138888889,1971.923481217204,834.8564027777777,0.0,10.5595,0.0,14.521798611111112
2026-03-14 15:08:00,223.7,150.7,0.0,0.0,0.0,147.36334917397122,87.52995138888889,0.0,834.8564027777777,0.0,10.5595,0.0,14.521798611111112
2026-03-14 15:09:00,2243.0,152.2,2006.2,0.0,0.0,149.28317406863286,87.52995138888889,2012.9314715026803,834.8564027777777,0.0,10.5595,0.0,14.521798611111112
2026-03-14 15:10:00,2193.4,154.0,1971.7,0.0,0.0,146.37545664188755,87.52995138888889,1966.6467928786367,834.8564027777777,0.0,10.5595,0.0,14.521798611111112
2026-03-14 15:11:00,2255.9,147.5,2025.1,0.0,0.0,149.36660658466639,87.52995138888889,2025.8740980263728,834.8564027777777,0.0,10.5595,0.0,14.521798611111112
2026-03-14 15:12:00,2186.0,145.9,1960.0,0.0,0.0,146.68710219034782,87.52995138888889,1959.6326729386083,834.8564027777777,0.0,10.5595,0.0,14.521798611111112
2026-03-14 15:13:00,2222.2,144.3,1999.2,0.0,0.0,146.55853195361286,87.52995138888889,1997.2262755152792,834.8564027777777,0.0,10.5595,0.0,14.521798611111112
2026-03-14 15:14:00,2265.3,150.7,2037.7,0.0,0.0,151.23438911629606,87.52995138888889,2031.9112965638935,834.8564027777777,0.0,10.5595,0.0,14.521798611111112
2026-03-14 15:15:00,222.1,146.8,0.0,0.0,0.0,147.42817927388518,87.52995138888889,0.0,834.8564027777777,0.0,10.5595,0.0,14.521798611111112
2026-03-14 15:16:00,221.9,142.5,0.0,0.0,0.0,147.09511290229375,87.52995138888889,0.0,834.8564027777777,0.0,10.5595,0.0,14.521798611111112
2026-03-14 15:17:00,2233.6,148.3,1998.3,0.0,0.0,150.80487744545897,87.52995138888889,2001.0286795929935,834.8564027777777,0.0,10.5595,0.0,14.521798611111112
2026-03-14 15:18:00,2231.6,151.2,1997.7,0.0,0.0,148.3327709924062,87.52995138888889,2001.3935020913013,834.8564027777777,0.0,10.5595,0.0,14.521798611111112
2026-03-14 15:19:00,2204.2,152.1,1972.5,0.0,0.0,146.42441314456096,87.52995138888889,1976.3413175521193,834.8564027777777,0.0,10.5595,0.0,14.521798611111112
2026-03-14 15:20:00,2256.2,145.1,2028.9,0.0,0.0,150.44881872990848,87.52995138888889,2024.4224591055997,834.8564027777777,0.0,10.5595,0.0,14.521798611111112
2026-03-14 15:21:00,2259.7,144.1,2037.7,0.0,0.0,151.30890334528448,87.52995138888889,2026.0593925793557,834.8564027777777,0.0,10.5595,0.0,14.521798611111112
2026-03-14 15:22:00,2212.7,149.4,1989.6,0.0,0.0,146.20673714082605,87.52995138888889,1984.4887671691058,834.8564027777777,0.0,10.5595,0.0,14.521798611111112
2026-03-14 15:23:00,2251.8,150.1,2030.2,0.0,0.0,152.50864915628173,87.52995138888889,2020.6165957134886,834.8564027777777,0.0,10.5595,0.0,14.521798611111112
2026-03-14 15:24:00,2258.9,146.7,2027.9,0.0,0.0,151.47198031738645,87.52995138888889,2026.2887558239256,834.8564027777777,0.0,10.5595,0.0,14.521798611111112
2026-03-14 15:25:00,2224.8,152.1,1990.4,0.0,0.0,146.87353092993465,87.52995138888889,1996.9755633952104,834.8564027777777,0.0,10.5595,0.0,14.521798611111112
2026-03-14 15:26:00,2222.3,146.2,1994.4,0.0,0.0,147.3631556430755,87.52995138888889,1995.0923046509033,834.8564027777777,0.0,10.5595,0.0,14.521798611111112
2026-03-14 15:27:00,2204.8,152.5,1974.2,0.0,0.0,146.25289130341332,87.52995138888889,1977.0279524468526,834.8564027777777,0.0,10.5595,0.0,14.521798611111112
2026-03-14 15:28:00,2220.5,155.9,1985.1,0.0,0.0,148.32816734115553,87.52995138888889,1987.3654874190681,834.8564027777777,0.0,10.5595,0.0,14.521798611111112
2026-03-14 15:29:00,218.9,143.3,0.0,0.0,0.0,146.77805134952186,87.52995138888889,0.0,834.8564027777777,0.0,10.5595,0.0,14.521798611111112
2026-03-14 15:30:00,240.7,152.9,0.0,0.0,0.0,153.9615862225466,87.52995138888889,0.0,834.8564027777777,0.0,10.5595,0.0,14.521798611111112
2026-03-14 15:31:00,2215.2,150.5,1989.0,0.0,0.0,146.91435215438153,87.52995138888889,1988.2499117219566,834.8564027777777,0.0,10.5595,0.0,14.521798611111112
2026-03-14 15:32:00,2238.6,145.2,2009.8,0.0,0.0,150.38885805953015,87.52995138888889,2007.8183489299806,834.8564027777777,0.0,10.5595,0.0,14.521798611111112
2026-03-14 15:33:00,2192.8,149.0,1964.2,0.0,0.0,147.20494019749313,87.52995138888889,1966.2078701152877,834.8564027777777,0.0,10.5595,0.0,14.521798611111112
2026-03-14 15:34:00,2279.8,153.5,2047.3,0.0,0.0,152.07299346805584,87.52995138888889,2048.487353062234,834.8564027777777,0.0,10.5595,0.0,14.521798611111112
2026-03-14 15:35:00,2045.7,0.0,1965.6,0.0,0.0,0.0,87.52995138888889,1967.1213645439866,834.8564027777777,0.0,10.5595,0.0,14.521798611111112
2026-03-14 15:36:00,2130.7,0.0,2050.1,0.0,0.0,0.0,87.52995138888889,2042.1923374636262,834.8564027777777,0.0,10.5595,0.0,14.521798611111112
2026-03-14 15:37:00,2037.5,0.0,1974.5,0.0,0.0,0.0,87.52995138888889,1957.937203263736,834.8564027777777,0.0,10.5595,0.0,14.521798611111112
2026-03-14 15:38:00,2110.5,0.0,2028.9,0.0,0.0,0.0,87.52995138888889,2027.235983508756,834.8564027777777,0.0,10.5595,0.0,14.521798611111112
2026-03-14 15:39:00,2103.9,0.0,2021.5,0.0,0.0,0.0,87.52995138888889,2022.2462073221989,834.8564027777777,0.0,10.5595,0.0,14.521798611111112
2026-03-14 15:40:00,2056.3,0.0,1985.0,0.0,0.0,0.0,87.52995138888889,1976.3165786039563,834.8564027777777,0.0,10.5595,0.0,14.521798611111112
2026-03-14 15:41:00,2072.6,0.0,1991.8,0.0,0.0,0.0,87.52995138888889,1993.3936649431712,834.8564027777777,0.0,10.5595,0.0,14.521798611111112
2026-03-14 15:42:00,2055.3,0.0,1974.7,0.0,0.0,0.0,87.52995138888889,1975.7116744378604,834.8564027777777,0.0,10.5595,0.0,14.521798611111112
2026-03-14 15:43:00,2051.8,0.0,1972.6,0.0,0.0,0.0,87.52995138888889,1975.6778239346595,834.8564027777777,0.0,10.5595,0.0,14.521798611111112
2026-03-14 15:44:00,2114.2,0.0,2036.5,0.0,0.0,0.0,87.52995138888889,2032.666175620675,834.8564027777777,0.0,10.5595,0.0,14.521798611111112
2026-03-14 15:45:00,2058.9,0.0,1972.8,0.0,0.0,0.0,87.52995138888889,1980.881183530305,834.8564027777777,0.0,10.5595,0.0,14.521798611111112
2026-03-14 15:46:00,2109.9,0.0,2030.6,0.0,0.0,0.0,87.52995138888889,2024.558405851937,834.8564027777777,0.0,10.5595,0.0,14.521798611111112
2026-03-14 15:47:00,2089.3,0.0,2010.4,0.0,0.0,0.0,87.52995138888889,2005.9343388492214,834.8564027777777,0.0,10.5595,0.0,14.521798611111112
2026-03-14 15:48:00,2101.8,0.0,2015.3,0.0,0.0,0.0,87.52995138888889,2019.9877786573445,834.8564027777777,0.0,10.5595,0.0,14.521798611111112
2026-03-14 15:49:00,2093.0,0.0,2014.7,0.0,0.0,0.0,87.52995138888889,2013.0955108948235,834.8564027777777,0.0,10.5595,0.0,14.521798611111112
2026-03-14 15:50:00,2062.0,0.0,1982.1,0.0,0.0,0.0,87.52995138888889,1983.4804872182387,834.8564027777777,0.0,10.5595,0.0,14.521798611111112
2026-03-14 15:51:00,2119.2,0.0,2041.9,0.0,0.0,0.0,87.52995138888889,2036.6762630061169,834.8564027777777,0.0,10.5595,0.0,14.521798611111112
2026-03-14 15:52:00,2108.9,0.0,2027.5,0.0,0.0,0.0,87.52995138888889,2025.653147294784,834.8564027777777,0.0,10.5595,0.0,14.521798611111112
2026-03-14 15:53:00,2132.6,0.0,2061.9,0.0,0.0,0.0,87.52995138888889,2048.9696228763187,834.8564027777777,0.0,10.5595,0.0,14.521798611111112
2026-03-14 15:54:00,2138.1,0.0,2045.9,0.0,0.0,15.948790596440592,87.52995138888889,2045.6333293704126,834.8564027777777,0.0,10.5595,0.0,14.521798611111112
2026-03-14 15:55:00,2043.5,0.0,1967.5,0.0,0.0,0.0,87.52995138888889,1967.3928834054266,834.8564027777777,0.0,10.5595,0.0,14.521798611111112
2026-03-14 15:56:00,2061.9,0.0,1978.0,0.0,0.0,0.0,87.52995138888889,1983.484001503953,834.8564027777777,0.0,10.5595,0.0,14.521798611111112
2026-03-14 15:57:00,2032.4,0.0,1953.5,0.0,0.0,0.0,87.52995138888889,1952.8151109098405,834.8564027777777,0.0,10.5595,0.0,14.521798611111112
2026-03-14 15:58:00,2037.1,0.0,1959.0,0.0,0.0,0.0,87.52995138888889,1959.3155536584327,834.8564027777777,0.0,10.5595,0.0,14.521798611111112
2026-03-14 15:59:00,2080.4,0.0,2018.5,0.0,0.0,0.0,87.52995138888889,2001.041992749278,834.8564027777777,0.0,10.5595,0.0,14.521798611111112
2026-03-14 16:00:00,2228.2,143.6,2004.8,0.0,0.0,148.5965921278069,87.52995138888889,2000.9235286166454,834.8564027777777,0.0,10.5595,0.0,14.521798611111112
2026-03-14 16:01:00,2172.7,155.0,1934.2,0.0,0.0,144.33413912112144,87.52995138888889,1948.460849226319,834.8564027777777,0.0,10.5595,0.0,14.521798611111112
2026-03-14 16:02:00,2222.1,153.2,1995.0,0.0,0.0,149.45467018515248,87.52995138888889,1996.1191440578473,834.8564027777777,0.0,10.5595,0.0,14.521798611111112
2026-03-14 16:03:00,2261.3,147.9,2031.4,0.0,0.0,150.11940510932993,87.52995138888889,2030.3716391714,834.8564027777777,0.0,10.5595,0.0,14.521798611111112
2026-03-14 16:04:00,2242.6,148.7,2009.8,0.0,0.0,150.65211176710577,87.52995138888889,2013.9462331940363,834.8564027777777,0.0,10.5595,0.0,14.521798611111112
2026-03-14 16:05:00,2214.2,143.4,1988.0,0.0,0.0,147.8882792381366,87.52995138888889,1988.7434757236776,834.8564027777777,0.0,10.5595,0.0,14.521798611111112
2026-03-14 16:06:00,2215.6,155.2,1973.5,0.0,0.0,148.2459848336305,87.52995138888889,1989.0263527994339,834.8564027777777,0.0,10.5595,0.0,14.521798611111112
2026-03-14 16:07:00,2228.5,151.0,1984.5,0.0,0.0,150.44697488147975,87.52995138888889,1996.3182999894984,834.8564027777777,0.0,10.5595,0.0,14.521798611111112
2026-03-14 16:08:00,2229.5,152.4,1997.2,0.0,0.0,150.1816588390798,87.52995138888889,1997.0555190708526,834.8564027777777,0.0,10.5595,0.0,14.521798611111112
2026-03-14 16:09:00,2186.7,150.9,1952.7,0.0,0.0,149.20512452727584,87.52995138888889,1960.0667911372989,834.8564027777777,0.0,10.5595,0.0,14.521798611111112
2026-03-14 16:10:00,2188.9,153.5,1949.4,0.0,0.0,148.86559930304475,87.52995138888889,1960.4076411631995,834.8564027777777,0.0,10.5595,0.0,14.521798611111112
2026-03-14 16:11:00,2228.6,155.8,1992.6,0.0,0.0,149.50231891353698,87.52995138888889,1997.6626593967578,834.8564027777777,0.0,10.5595,0.0,14.521798611111112
2026-03-14 16:12:00,2185.3,157.4,1943.3,0.0,0.0,147.42808301866972,87.52995138888889,1960.1778450281747,834.8564027777777,0.0,10.5595,0.0,14.521798611111112
2026-03-14 16:13:00,2201.9,151.1,1980.0,0.0,0.0,146.32014953166882,87.52995138888889,1977.4104316130654,834.8564027777777,0.0,10.5595,0.0,14.521798611111112
2026-03-14 16:14:00,2234.4,146.6,2004.5,0.0,0.0,150.6470997792857,87.52995138888889,2003.3705993591211,834.8564027777777,0.0,10.5595,0.0,14.521798611111112
2026-03-14 16:15:00,2251.6,144.3,2021.5,0.0,0.0,152.12516467376219,87.52995138888889,2022.7937711396246,834.8564027777777,0.0,10.5595,0.0,14.521798611111112
2026-03-14 16:16:00,2205.6,154.4,1977.2,0.0,0.0,146.86610398394467,87.52995138888889,1980.0364734399047,834.8564027777777,0.0,10.5595,0.0,14.521798611111112
2026-03-14 16:17:00,2207.9,151.9,1981.8,0.0,0.0,147.0664465615196,87.52995138888889,1980.9828556867428,834.8564027777777,0.0,10.5595,0.0,14.521798611111112
2026-03-14 16:18:00,2244.8,160.4,2006.7,0.0,0.0,148.87631221637832,87.52995138888889,2013.59925515604,834.8564027777777,0.0,10.5595,0.0,14.521798611111112
2026-03-14 16:19:00,2223.6,152.7,1999.5,0.0,0.0,148.0025214869554,87.52995138888889,1995.954896471121,834.8564027777777,0.0,10.5595,0.0,14.521798611111112
2026-03-14 16:20:00,2239.9,143.6,2012.9,0.0,0.0,148.83106201147058,87.52995138888889,2008.776262288475,834.8564027777777,0.0,10.5595,0.0,14.521798611111112
2026-03-14 16:21:00,2266.8,153.2,2028.7,0.0,0.0,150.57473048910148,87.52995138888889,2038.8942137926351,834.8564027777777,0.0,10.5595,0.0,14.521798611111112
2026-03-14 16:22:00,2230.3,148.4,1999.6,0.0,0.0,147.89423558864885,87.52995138888889,1999.9260909448478,834.8564027777777,0.0,10.5595,0.0,14.521798611111112
2026-03-14 16:23:00,2224.5,153.6,1987.5,0.0,0.0,147.18035580345574,87.52995138888889,1997.9462410307003,834.8564027777777,0.0,10.5595,0.0,14.521798611111112
2026-03-14 16:24:00,2219.9,145.4,1998.4,0.0,0.0,147.52809582998708,87.52995138888889,1989.4517504573735,834.8564027777777,0.0,10.5595,0.0,14.521798611111112
2026-03-14 16:25:00,2271.4,150.6,2050.1,0.0,0.0,150.011211618991,87.52995138888889,2039.3207708575192,834.8564027777777,0.0,10.5595,0.0,14.521798611111112
2026-03-14 16:26:00,2242.6,149.3,2016.2,0.0,0.0,150.0848428037649,87.52995138888889,2011.986244677125,834.8564027777777,0.0,10.5595,0.0,14.521798611111112
2026-03-14 16:27:00,2229.1,147.2,2008.9,0.0,0.0,147.2276789979629,87.52995138888889,1998.813361460062,834.8564027777777,0.0,10.5595,0.0,14.521798611111112
2026-03-14 16:28:00,2199.0,143.6,1979.7,0.0,0.0,147.7438131163728,87.52995138888889,1967.312717862742,834.8564027777777,0.0,10.5595,0.0,14.521798611111112
2026-03-14 16:29:00,2175.1,152.1,1942.7,0.0,0.0,147.16835823376258,87.52995138888889,1950.8310808912222,834.8564027777777,0.0,10.5595,0.0,14.521798611111112
2026-03-14 16:30:00,2261.3,145.2,2019.5,0.0,0.0,151.98760619233136,87.52995138888889,2030.711986428802,834.8564027777777,0.0,10.5595,0.0,14.521798611111112
2026-03-14 16:31:00,2212.4,140.1,1987.7,0.0,0.0,149.79012662620318,87.52995138888889,1981.4676785329907,834.8564027777777,0.0,10.5595,0.0,14.521798611111112
2026-03-14 16:32:00,2222.2,144.0,2007.1,0.0,0.0,148.86502003736717,87.52995138888889,1994.7562076530269,834.8564027777777,0.0,10.5595,0.0,14.521798611111112
2026-03-14 16:33:00,2225.2,148.0,2002.0,0.0,0.0,148.45582420509493,87.52995138888889,1997.3672859276335,834.8564027777777,0.0,10.5595,0.0,14.521798611111112
2026-03-14 16:34:00,2207.3,149.9,1977.0,0.0,0.0,149.42131657922693,87.52995138888889,1978.7112270723287,834.8564027777777,0.0,10.5595,0.0,14.521798611111112
2026-03-14 16:35:00,2123.3,0.0,2036.5,0.0,0.0,0.0,87.52995138888889,2031.0650194398788,834.8564027777777,0.0,10.5595,0.0,14.521798611111112
2026-03-14 16:36:00,2097.8,0.0,2021.7,0.0,0.0,0.0,87.52995138888889,2017.400368441308,834.8564027777777,0.0,10.5595,0.0,14.521798611111112
2026-03-14 16:37:00,2094.6,0.0,2012.1,0.0,0.0,0.0,87.52995138888889,2014.2668385606764,834.8564027777777,0.0,10.5595,0.0,14.521798611111112
2026-03-14 16:38:00,2037.0,0.0,1953.1,0.0,0.0,0.0,87.52995138888889,1957.2617689732342,834.8564027777777,0.0,10.5595,0.0,14.521798611111112
2026-03-14 16:39:00,2079.2,0.0,1999.9,0.0,0.0,0.0,87.52995138888889,1998.0661692822869,834.8564027777777,0.0,10.5595,0.0,14.521798611111112
2026-03-14 16:40:00,2080.1,0.0,1998.7,0.0,0.0,0.0,87.52995138888889,2000.115149480573,834.8564027777777,0.0,10.5595,0.0,14.521798611111112
2026-03-14 16:41:00,2102.2,0.0,2011.7,0.0,0.0,0.0,87.52995138888889,2022.0788045046456,834.8564027777777,0.0,10.5595,0.0,14.521798611111112
2026-03-14 16:42:00,2097.7,0.0,2012.7,0.0,0.0,0.0,87.52995138888889,2016.9230707621905,834.8564027777777,0.0,10.5595,0.0,14.521798611111112
2026-03-14 16:43:00,2090.9,0.0,2011.2,0.0,0.0,0.0,87.52995138888889,2008.239306018233,834.8564027777777,0.0,10.5595,0.0,14.521798611111112
2026-03-14 16:44:00,2009.4,0.0,1928.5,0.0,0.0,0.0,87.52995138888889,1932.045737492136,834.8564027777777,0.0,10.5595,0.0,14.521798611111112
2026-03-14 16:45:00,2097.9,0.0,2022.0,0.0,0.0,0.0,87.52995138888889,2017.7216505462952,834.8564027777777,0.0,10.5595,0.0,14.521798611111112
2026-03-14 16:46:00,2115.2,0.0,2032.2,0.0,0.0,0.0,87.52995138888889,2026.063423561514,834.8564027777777,0.0,10.5595,0.0,14.521798611111112
2026-03-14 16:47:00,2066.8,0.0,1988.9,0.0,0.0,0.0,87.52995138888889,1986.849856067407,834.8564027777777,0.0,10.5595,0.0,14.521798611111112
2026-03-14 16:48:00,2056.5,0.0,1980.2,0.0,0.0,0.0,87.52995138888889,1975.2383464099087,834.8564027777777,0.0,10.5595,0.0,14.521798611111112
2026-03-14 16:49:00,2099.9,0.0,2018.4,0.0,0.0,0.0,87.52995138888889,2019.964218436778,834.8564027777777,0.0,10.5595,0.0,14.521798611111112
2026-03-14 16:50:00,1995.7,0.0,1912.7,0.0,0.0,0.0,87.52995138888889,1918.3921145491208,834.8564027777777,0.0,10.5595,0.0,14.521798611111112
2026-03-14 16:51:00,2063.6,0.0,1982.0,0.0,0.0,0.0,87.52995138888889,1983.5032100745773,834.8564027777777,0.0,10.5595,0.0,14.521798611111112
2026-03-14 16:52:00,2085.6,0.0,2003.1,0.0,0.0,0.0,87.52995138888889,2003.3784946608143,834.8564027777777,0.0,10.5595,0.0,14.521798611111112
2026-03-14 16:53:00,2103.1,0.0,2022.3,0.0,0.0,0.0,87.52995138888889,2024.381684183029,834.8564027777777,0.0,10.5595,0.0,14.521798611111112
2026-03-14 16:54:00,2060.7,0.0,1986.5,0.0,0.0,0.0,87.52995138888889,1981.6418789088093,834.8564027777777,0.0,10.5595,0.0,14.521798611111112
2026-03-14 16:55:00,2090.8,0.0,2004.3,0.0,0.0,0.0,87.52995138888889,2009.0005167217316,834.8564027777777,0.0,10.5595,0.0,14.521798611111112
2026-03-14 16:56:00,2073.3,0.0,1987.0,0.0,0.0,0.0,87.52995138888889,1993.3177686994384,834.8564027777777,0.0,10.5595,0.0,14.521798611111112
2026-03-14 16:57:00,2056.4,0.0,1981.3,0.0,0.0,0.0,87.52995138888889,1975.1228776290702,834.8564027777777,0.0,10.5595,0.0,14.521798611111112
2026-03-14 16:58:00,2116.3,0.0,2044.0,0.0,0.0,2.3954050505050506,87.52995138888889,2033.8429591158672,834.8564027777777,0.0,10.5595,0.0,14.521798611111112
2026-03-14 16:59:00,2097.7,0.0,2014.2,0.0,0.0,0.0,87.52995138888889,2017.6664224297344,834.8564027777777,0.0,10.5595,0.0,14.521798611111112
2026-03-14 17:00:00,2218.3,147.4,1994.8,0.0,0.0,151.57457491495435,87.52995138888889,1984.5458552260864,834.8564027777777,0.0,10.5595,0.0,14.521798611111112
2026-03-14 17:01:00,2190.1,151.1,1972.8,0.0,0.0,148.77838460822514,87.52995138888889,1963.7003661298,834.8564027777777,0.0,10.5595,0.0,14.521798611111112
2026-03-14 17:02:00,2234.3,143.3,2015.0,0.0,0.0,150.66891435535854,87.52995138888889,2002.235500647158,834.8564027777777,0.0,10.5595,0.0,14.521798611111112
2026-03-14 17:03:00,2176.1,148.3,1943.5,0.0,0.0,146.00316753997345,87.52995138888889,1952.8390549545227,834.8564027777777,0.0,10.5595,0.0,14.521798611111112
2026-03-14 17:04:00,2208.0,147.7,1986.0,0.0,0.0,149.15481516011798,87.52995138888889,1979.7718967125002,834.8564027777777,0.0,10.5595,0.0,14.521798611111112
2026-03-14 17:05:00,2210.5,150.5,1980.4,0.0,0.0,148.67911509372985,87.52995138888889,1983.175695761112,834.8564027777777,0.0,10.5595,0.0,14.521798611111112
2026-03-14 17:06:00,2244.5,147.5,2018.5,0.0,0.0,151.66720324996365,87.52995138888889,2012.6178895526398,834.8564027777777,0.0,10.5595,0.0,14.521798611111112
2026-03-14 17:07:00,2208.4,151.7,1980.6,0.0,0.0,148.94542143319936,87.52995138888889,1981.4846056544047,834.8564027777777,0.0,10.5595,0.0,14.521798611111112
2026-03-14 17:08:00,2253.9,146.6,2028.6,0.0,0.0,152.23825600445312,87.52995138888889,2021.623141325058,834.8564027777777,0.0,10.5595,0.0,14.521798611111112
2026-03-14 17:09:00,2260.9,153.1,2024.7,0.0,0.0,152.06360716222775,87.52995138888889,2030.5282333972677,834.8564027777777,0.0,10.5595,0.0,14.521798611111112
2026-03-14 17:10:00,2248.3,157.3,2005.0,0.0,0.0,152.26463167100877,87.52995138888889,2017.5192689730195,834.8564027777777,0.0,10.5595,0.0,14.521798611111112
2026-03-14 17:11:00,2259.0,154.3,2021.6,0.0,0.0,152.24197256388268,87.52995138888889,2027.2835428048902,834.8564027777777,0.0,10.5595,0.0,14.521798611111112
2026-03-14 17:12:00,2274.7,150.1,2044.9,0.0,0.0,151.96664204364038,87.52995138888889,2041.3297667041188,834.8564027777777,0.0,10.5595,0.0,14.521798611111112
2026-03-14 17:13:00,2209.8,149.9,1979.5,0.0,0.0,148.24785566263802,87.52995138888889,1981.2377565436836,834.8564027777777,0.0,10.5595,0.0,14.521798611111112
2026-03-14 17:14:00,2241.2,152.6,2009.2,0.0,0.0,152.49221352998853,87.52995138888889,2008.156183320547,834.8564027777777,0.0,10.5595,0.0,14.521798611111112
2026-03-14 17:15:00,2198.1,147.6,1979.3,0.0,0.0,148.89201019198381,87.52995138888889,1969.3688648037628,834.8564027777777,0.0,10.5595,0.0,14.521798611111112
2026-03-14 17:16:00,2221.5,145.4,1990.7,0.0,0.0,148.834542689916,87.52995138888889,1993.8944912722343,834.8564027777777,0.0,10.5595,0.0,14.521798611111112
2026-03-14 17:17:00,2237.6,147.6,2005.3,0.0,0.0,151.87477002093487,87.52995138888889,2006.0410552867907,834.8564027777777,0.0,10.5595,0.0,14.521798611111112
2026-03-14 17:18:00,2196.4,147.8,1969.2,0.0,0.0,148.96322655062514,87.52995138888889,1967.3555175759368,834.8564027777777,0.0,10.5595,0.0,14.521798611111112
2026-03-14 17:19:00,2269.2,147.8,2034.7,0.0,0.0,151.70119557446904,87.52995138888889,2036.9217197671237,834.8564027777777,0.0,10.5595,0.0,14.521798611111112
2026-03-14 17:20:00,2216.5,157.5,1972.6,0.0,0.0,148.06804016195946,87.52995138888889,1988.3542353399207,834.8564027777777,0.0,10.5595,0.0,14.521798611111112
2026-03-14 17:21:00,2173.4,161.7,1928.1,0.0,0.0,143.25975721196025,87.52995138888889,1948.9516007543118,834.8564027777777,0.0,10.5595,0.0,14.521798611111112
2026-03-14 17:22:00,2187.2,150.9,1967.1,0.0,0.0,149.3288413487357,87.52995138888889,1960.329745719205,834.8564027777777,0.0,10.5595,0.0,14.521798611111112
2026-03-14 17:23:00,2210.7,143.1,1988.2,0.0,0.0,150.4335267890607,87.52995138888889,1978.8082265708983,834.8564027777777,0.0,10.5595,0.0,14.521798611111112
2026-03-14 17:24:00,2254.6,150.9,2014.7,0.0,0.0,150.7387367719427,87.52995138888889,2023.2133533525844,834.8564027777777,0.0,10.5595,0.0,14.521798611111112
2026-03-14 17:25:00,2243.0,149.4,2013.9,0.0,0.0,150.22221098596387,87.52995138888889,2013.590783733913,834.8564027777777,0.0,10.5595,0.0,14.521798611111112
2026-03-14 17:26:00,2133.2,143.6,1906.6,0.0,0.0,0.0,87.52995138888889,2034.1483762674688,834.8564027777777,0.0,10.5595,0.0,14.521798611111112
2026-03-14 17:27:00,2237.9,152.2,2008.5,0.0,0.0,151.14986037763697,87.52995138888889,2007.6096077390216,834.8564027777777,0.0,10.5595,0.0,14.521798611111112
2026-03-14 17:28:00,2242.0,149.1,2011.1,0.0,0.0,150.51416685150366,87.52995138888889,2013.030475060849,834.8564027777777,0.0,10.5595,0.0,14.521798611111112
2026-03-14 17:29:00,2221.5,144.9,1989.9,0.0,0.0,148.95633856383273,87.52995138888889,1992.581008725479,834.8564027777777,0.0,10.5595,0.0,14.521798611111112
2026-03-14 17:30:00,2192.9,146.0,1965.6,0.0,0.0,148.6821526844902,87.52995138888889,1965.6199539147674,834.8564027777777,0.0,10.5595,0.0,14.521798611111112
2026-03-14 17:31:00,2231.3,155.0,1998.2,0.0,0.0,150.47101270042592,87.52995138888889,1999.896620820411,834.8564027777777,0.0,10.5595,0.0,14.521798611111112
2026-03-14 17:32:00,2237.7,145.9,2017.1,0.0,0.0,151.63548200421585,87.52995138888889,2006.6606563411276,834.8564027777777,0.0,10.5595,0.0,14.521798611111112
2026-03-14 17:33:00,2272.8,149.8,2040.6,0.0,0.0,150.90280179347658,87.52995138888889,2037.1478353400407,834.8564027777777,0.0,10.5595,0.0,14.521798611111112
2026-03-14 17:34:00,2254.9,147.6,2029.8,0.0,0.0,150.27860663945623,87.52995138888889,2022.5533110780823,834.8564027777777,0.0,10.5595,0.0,14.521798611111112
2026-03-14 17:35:00,2058.1,0.0,1971.6,0.0,0.0,0.0,87.52995138888889,1980.2061142302146,834.8564027777777,0.0,10.5595,0.0,14.521798611111112
2026-03-14 17:36:00,2100.1,0.0,2019.8,0.0,0.0,0.0,87.52995138888889,2021.670661203774,834.8564027777777,0.0,10.5595,0.0,14.521798611111112
2026-03-14 17:37:00,2098.2,0.0,2021.4,0.0,0.0,0.0,87.52995138888889,2017.7484046449183,834.8564027777777,0.0,10.5595,0.0,14.521798611111112
2026-03-14 17:38:00,2105.3,0.0,2020.4,0.0,0.0,0.0,87.52995138888889,2024.1700578111981,834.8564027777777,0.0,10.5595,0.0,14.521798611111112
2026-03-14 17:39:00,2093.3,0.0,2020.3,0.0,0.0,0.0,87.52995138888889,2014.0056497449175,834.8564027777777,0.0,10.5595,0.0,14.521798611111112
2026-03-14 17:40:00,2079.1,0.0,2000.6,0.0,0.0,0.0,87.52995138888889,1996.5003067452162,834.8564027777777,0.0,10.5595,0.0,14.521798611111112
2026-03-14 17:41:00,2136.8,0.0,2058.6,0.0,0.0,0.6581060606060606,87.52995138888889,2045.6586815290743,834.8564027777777,0.0,10.5595,0.0,14.521798611111112
2026-03-14 17:42:00,2025.5,0.0,1949.6,0.0,0.0,0.0,87.52995138888889,1947.7196822250282,834.8564027777777,0.0,10.5595,0.0,14.521798611111112
2026-03-14 17:43:00,1999.1,0.0,1922.7,0.0,0.0,0.0,87.52995138888889,1918.3088367713433,834.8564027777777,0.0,10.5595,0.0,14.521798611111112
2026-03-14 17:44:00,2108.6,0.0,2030.9,0.0,0.0,0.0,87.52995138888889,2025.6418563963039,834.8564027777777,0.0,10.5595,0.0,14.521798611111112
2026-03-14 17:45:00,2069.7,0.0,1988.2,0.0,0.0,0.0,87.52995138888889,1989.6616070115608,834.8564027777777,0.0,10.5595,0.0,14.521798611111112
2026-03-14 17:46:00,2125.0,0.0,2045.5,0.0,0.0,0.0,87.52995138888889,2042.3896354410103,834.8564027777777,0.0,10.5595,0.0,14.521798611111112
2026-03-14 17:47:00,2043.7,0.0,1963.8,0.0,0.0,0.0,87.52995138888889,1968.5114264771948,834.8564027777777,0.0,10.5595,0.0,14.521798611111112
2026-03-14 17:48:00,2072.6,0.0,1990.9,0.0,0.0,0.0,87.52995138888889,1992.3255532879168,834.8564027777777,0.0,10.5595,0.0,14.521798611111112
2026-03-14 17:49:00,2136.6,0.0,2050.0,0.0,0.0,0.0,87.52995138888889,2053.0173307553932,834.8564027777777,0.0,10.5595,0.0,14.521798611111112
2026-03-14 17:50:00,2084.1,0.0,2010.9,0.0,0.0,0.0,87.52995138888889,1999.849037912491,834.8564027777777,0.0,10.5595,0.0,14.521798611111112
2026-03-14 17:51:00,2117.9,0.0,2034.5,0.0,0.0,0.0,87.52995138888889,2034.6746250002614,834.8564027777777,0.0,10.5595,0.10771428571428569,14.521798611111112
2026-03-14 17:52:00,2050.4,0.0,1967.7,0.0,0.0,0.0,87.52995138888889,1974.1419197781531,834.8564027777777,0.0,10.5595,0.0,14.521798611111112
2026-03-14 17:53:00,2084.2,0.0,2011.5,0.0,0.0,0.0,87.52995138888889,1999.839077330481,834.8564027777777,0.0,10.5595,0.0,14.521798611111112
2026-03-14 17:54:00,2112.4,0.0,2037.2,0.0,0.0,0.0,87.52995138888889,2030.5903310017889,834.8564027777777,0.0,10.5595,0.0,14.521798611111112
2026-03-14 17:55:00,2069.5,0.0,1999.7,0.0,0.0,0.0,87.52995138888889,1991.0163659203824,834.8564027777777,0.0,10.5595,0.0,14.521798611111112
2026-03-14 17:56:00,2108.1,0.0,2026.5,0.0,0.0,0.0,87.52995138888889,2026.3431404786502,834.8564027777777,0.0,10.5595,0.0,14.521798611111112
2026-03-14 17:57:00,2054.9,0.0,1985.1,0.0,0.0,0.0,87.52995138888889,1976.0038929780521,834.8564027777777,0.0,10.5595,0.0,14.521798611111112
2026-03-14 17:58:00,2088.7,0.0,2003.8,0.0,0.0,0.0,87.52995138888889,2008.3194350818571,834.8564027777777,0.0,10.5595,0.0,14.521798611111112
2026-03-14 17:59:00,2148.7,0.0,2068.4,0.0,0.0,34.10766385281385,87.52995138888889,2021.297477304997,834.8564027777777,0.0,10.5595,0.0788,14.521798611111112
2026-03-14 18:00:00,2158.8,154.6,1929.7,0.0,0.0,116.92934302943645,87.52995138888889,1980.756985189756,834.8564027777777,0.0,10.5595,0.0788,14.521798611111112
2026-03-14 18:01:00,2322.7,154.2,1983.1,0.0,114.1,150.2139167280489,87.52995138888889,2031.039388061534,834.8564027777777,0.0,10.5595,108.3537064683138,14.521798611111112
2026-03-14 18:02:00,2304.9,152.1,1944.5,0.0,124.9,151.28160975144857,87.52995138888889,2029.8778582754164,834.8564027777777,0.0,10.5595,82.7498337277245,14.521798611111112
2026-03-14 18:03:00,2345.0,147.4,1996.8,0.0,118.9,151.40034428575953,87.52995138888889,1999.8132557723866,834.8564027777777,0.0,10.5595,117.86454417472504,14.521798611111112
2026-03-14 18:04:00,2372.7,152.8,2026.3,0.0,123.6,151.37563166653607,87.52995138888889,2014.548845586386,834.8564027777777,0.0,10.5595,120.48839818775713,14.521798611111112
2026-03-14 18:05:00,2354.4,156.6,1985.4,0.0,122.3,150.6581173568261,87.52995138888889,2002.7014543653524,834.8564027777777,0.0,10.5595,117.96146242243597,14.521798611111112
2026-03-14 18:06:00,2235.2,152.7,2002.3,0.0,0.0,151.36513476518027,87.52995138888889,2003.5852471483686,834.8564027777777,0.0,10.5595,12.326050668775663,14.521798611111112
2026-03-14 18:07:00,2276.5,140.9,2062.1,0.0,0.0,149.53441875810225,87.52995138888889,2028.4341329587076,834.8564027777777,0.0,10.5595,15.42437659470159,14.521798611111112
2026-03-14 18:08:00,2187.5,151.9,1956.5,0.0,0.0,149.15197888946568,87.52995138888889,1968.37731362287,834.8564027777777,0.0,10.5595,11.452184795759791,14.521798611111112
2026-03-14 18:09:00,2308.4,149.4,1970.6,0.0,116.7,149.43112846698642,87.52995138888889,2002.2022358766512,834.8564027777777,0.0,10.5595,85.73894086927575,14.521798611111112
2026-03-14 18:10:00,2362.1,156.5,2003.2,0.0,129.4,151.08320729129255,87.52995138888889,2014.4708075120013,834.8564027777777,0.0,10.5595,118.3007964663876,14.521798611111112
2026-03-14 18:11:00,2319.5,146.5,1975.4,0.0,114.4,150.20055425361818,87.52995138888889,1983.3965477962668,834.8564027777777,0.0,10.5595,111.261140407033,14.521798611111112
2026-03-14 18:12:00,2426.7,143.4,2071.3,0.0,127.6,150.44124286367224,87.52995138888889,2072.14218203028,834.8564027777777,0.0,10.5595,122.6711700873201,14.521798611111112
2026-03-14 18:13:00,2344.9,148.5,1990.1,0.0,119.3,150.31586125775095,87.52995138888889,1997.5919451520708,834.8564027777777,0.0,10.5595,120.89621158431068,14.521798611111112
2026-03-14 18:14:00,2220.6,157.6,1981.5,0.0,0.0,143.61686131935954,87.52995138888889,1990.511723696293,834.8564027777777,0.0,10.5595,3.482364346764346,14.521798611111112
2026-03-14 18:15:00,2407.2,154.4,2064.0,0.0,119.7,150.7372480265921,87.52995138888889,2056.1633021449525,834.8564027777777,0.0,10.5595,123.92712536065298,14.521798611111112
2026-03-14 18:16:00,2346.9,152.5,2001.4,0.0,114.9,150.60585434743277,87.52995138888889,1994.6278319291814,834.8564027777777,0.0,10.5595,121.27450028295291,14.521798611111112
2026-03-14 18:17:00,2415.8,161.4,2041.1,0.0,120.7,151.7890079564771,87.52995138888889,2060.990056701579,834.8564027777777,0.0,10.5595,123.5899655648931,14.521798611111112
2026-03-14 18:18:00,2257.8,145.7,2031.0,0.0,0.0,144.9648853013,87.52995138888889,2025.3499590073645,834.8564027777777,0.0,10.5595,2.3684873015873014,14.521798611111112
2026-03-14 18:19:00,2351.1,145.3,2004.9,0.0,119.0,150.51600975576713,87.52995138888889,2000.9104100086174,834.8564027777777,0.0,10.5595,121.87086015641282,14.521798611111112
2026-03-14 18:20:00,2189.2,143.1,1971.7,0.0,0.0,145.36353168004743,87.52995138888889,1967.1213260157049,834.8564027777777,0.0,10.5595,7.165772967772967,14.521798611111112
2026-03-14 18:21:00,2369.3,150.3,2022.3,0.0,119.7,148.07184515985108,87.52995138888889,2021.9886164971597,834.8564027777777,0.0,10.5595,123.44052213761175,14.521798611111112
2026-03-14 18:22:00,2188.4,146.3,1964.8,0.0,0.0,142.53869751513827,87.52995138888889,1970.3541907074411,834.8564027777777,0.0,10.5595,5.6270244107744105,14.521798611111112
2026-03-14 18:23:00,2328.6,143.0,1979.7,0.0,131.0,142.48314978262482,87.52995138888889,1983.6165711299593,834.8564027777777,0.0,10.5595,121.32620551290815,14.521798611111112
2026-03-14 18:24:00,2279.2,153.2,2044.6,0.0,0.0,140.2576643932321,87.52995138888889,2002.3227779394574,834.8564027777777,0.0,10.5595,48.77904685711893,14.521798611111112
2026-03-14 18:25:00,2279.3,149.6,1925.9,0.0,117.0,141.1295391006597,87.52995138888889,2001.3662160346955,834.8564027777777,0.0,10.5595,48.558937068759136,14.521798611111112
2026-03-14 18:26:00,2350.3,156.6,2000.3,0.0,125.5,146.06070522081401,87.52995138888889,2001.01234507252,834.8564027777777,0.0,10.5595,121.27871984487251,14.521798611111112
2026-03-14 18:27:00,2331.9,155.9,1992.6,0.0,108.9,148.4789741031844,87.52995138888889,1986.4525645324716,834.8564027777777,0.0,10.5595,120.79692291596434,14.521798611111112
2026-03-14 18:28:00,2379.6,146.0,2031.2,0.0,115.2,148.43099115851467,87.52995138888889,2026.9403363322963,834.8564027777777,0.0,10.5595,122.50654085457307,14.521798611111112
2026-03-14 18:29:00,2363.6,151.1,2025.8,0.0,111.1,149.81780899231487,87.52995138888889,2013.3638925715886,834.8564027777777,0.0,10.5595,121.45189751023538,14.521798611111112
2026-03-14 18:30:00,2346.9,147.8,1992.4,0.0,113.8,149.37433097985894,87.52995138888889,1995.0524297164707,834.8564027777777,0.0,10.5595,121.24534977843503,14.521798611111112
2026-03-14 18:31:00,2352.3,143.6,2010.4,0.0,116.1,148.9277632395927,87.52995138888889,2004.3211713260987,834.8564027777777,0.0,10.5595,121.49444717363245,14.521798611111112
2026-03-14 18:32:00,2231.0,163.0,1981.6,0.0,0.0,116.55620941261462,87.52995138888889,2003.6254035342115,834.8564027777777,0.0,10.5595,17.49938054908055,14.521798611111112
2026-03-14 18:33:00,2233.8,152.1,1994.3,0.0,0.0,117.06201066414091,87.52995138888889,2005.5430720737315,834.8564027777777,0.0,10.5595,8.292839466089466,14.521798611111112
2026-03-14 18:34:00,2394.3,149.0,2042.8,0.0,128.7,148.8969668316863,87.52995138888889,2048.1808418671562,834.8564027777777,0.0,10.5595,120.98472523653109,14.521798611111112
2026-03-14 18:35:00,2239.5,0.0,2023.4,0.0,117.6,106.67818191418722,87.52995138888889,2010.8365056924026,834.8564027777777,0.0,10.5595,27.594065625115626,14.521798611111112
2026-03-14 18:36:00,2216.5,0.0,2028.7,0.0,110.4,100.98603241617917,87.52995138888889,1994.9901603348728,834.8564027777777,0.0,10.5595,35.10605893224422,14.521798611111112
2026-03-14 18:37:00,2230.1,0.0,2024.9,0.0,118.8,113.36450982570919,87.52995138888889,2005.278232025926,834.8564027777777,0.0,10.5595,21.620242170792167,14.521798611111112
2026-03-14 18:38:00,2239.9,0.0,2031.6,0.0,127.1,110.77565625375655,87.52995138888889,2013.4489030937486,834.8564027777777,0.0,10.5595,25.189338496688496,14.521798611111112
2026-03-14 18:39:00,2234.1,0.0,2028.8,0.0,118.6,106.30099750585954,87.52995138888889,2007.0828023013469,834.8564027777777,0.0,10.5595,30.699416822066816,14.521798611111112
2026-03-14 18:40:00,2067.6,0.0,1989.1,0.0,0.0,0.0,87.52995138888889,1988.615938590966,834.8564027777777,0.0,10.5595,0.0,14.521798611111112
2026-03-14 18:41:00,2146.7,0.0,2068.1,0.0,0.0,11.5244917989418,87.52995138888889,1988.0527902969036,834.8564027777777,0.0,10.5595,62.167974774789506,14.521798611111112
2026-03-14 18:42:00,2090.2,0.0,2008.3,0.0,0.0,0.0,87.52995138888889,2009.536043468384,834.8564027777777,0.0,10.5595,0.0,14.521798611111112
2026-03-14 18:43:00,2215.3,0.0,2011.0,0.0,127.0,19.82462090964591,87.52995138888889,2006.5544675295055,834.8564027777777,0.0,10.5595,77.07750407870999,14.521798611111112
2026-03-14 18:44:00,2204.5,0.0,2002.2,0.0,119.6,20.42856615791616,87.52995138888889,2003.4643785175072,834.8564027777777,0.0,10.5595,71.3566362543803,14.521798611111112
2026-03-14 18:45:00,2199.0,0.0,1997.9,0.0,116.0,31.70516867055947,87.52995138888889,1986.7619745215025,834.8564027777777,0.0,10.5595,44.0425897991986,14.521798611111112
2026-03-14 18:46:00,2043.5,0.0,1969.7,0.0,0.0,0.0,87.52995138888889,1966.9101142705329,834.8564027777777,0.0,10.5595,0.0,14.521798611111112
2026-03-14 18:47:00,2179.3,0.0,1981.5,0.0,124.5,18.533903434528433,87.52995138888889,1983.928479461444,834.8564027777777,0.0,10.5595,80.12141209944738,14.521798611111112
2026-03-14 18:48:00,2063.8,0.0,1992.7,0.0,0.0,0.0,87.52995138888889,1983.1523842168724,834.8564027777777,0.0,10.5595,0.0,14.521798611111112
2026-03-14 18:49:00,2213.1,0.0,2011.1,0.0,122.6,15.158473739604618,87.52995138888889,2007.1618423672114,834.8564027777777,0.0,10.5595,104.25040768945249,14.521798611111112
2026-03-14 18:50:00,2187.5,0.0,1994.4,0.0,118.0,13.86078709068709,87.52995138888889,1982.504584234634,834.8564027777777,0.0,10.5595,108.8390566905317,14.521798611111112
2026-03-14 18:51:00,2229.6,0.0,2027.1,0.0,129.0,27.305293693343692,87.52995138888889,2023.3805244194227,834.8564027777777,0.0,10.5595,100.05048239462064,14.521798611111112
2026-03-14 18:52:00,2182.3,0.0,1991.5,0.0,114.6,9.7915432012432,87.52995138888889,1978.7690397829306,834.8564027777777,0.0,10.5595,117.57491116530527,14.521798611111112
2026-03-14 18:53:00,2072.8,0.0,1997.9,0.0,0.0,0.0,87.52995138888889,1995.4016581145434,834.8564027777777,0.0,10.5595,0.0,14.521798611111112
2026-03-14 18:54:00,2095.0,0.0,2016.6,0.0,0.0,0.0,87.52995138888889,2014.699293828829,834.8564027777777,0.0,10.5595,0.0,14.521798611111112
2026-03-14 18:55:00,2197.8,0.0,1999.4,0.0,126.1,12.991438487438487,87.52995138888889,1989.2269238166518,834.8564027777777,0.0,10.5595,117.73870867792337,14.521798611111112
2026-03-14 18:56:00,2169.2,0.0,1976.2,0.0,122.1,14.520972664699132,87.52995138888889,1974.0776533388064,834.8564027777777,0.0,10.5595,117.31749658979362,14.521798611111112
2026-03-14 18:57:00,2091.3,0.0,2014.9,0.0,0.0,0.0,87.52995138888889,2010.3517139694723,834.8564027777777,0.0,10.5595,0.0,14.521798611111112
2026-03-14 18:58:00,2048.4,0.0,1966.4,0.0,0.0,0.0,87.52995138888889,1966.7173241248956,834.8564027777777,0.0,10.5595,0.0,14.521798611111112
2026-03-14 18:59:00,2206.5,0.0,2015.9,0.0,112.5,8.763932763532763,87.52995138888889,2005.9789705047672,834.8564027777777,0.0,10.5595,116.84742238757981,14.521798611111112
2026-03-14 19:00:00,2333.5,148.2,1989.3,0.0,119.6,144.08304354420096,87.52995138888889,1988.1093846375852,834.8564027777777,0.0,10.5595,119.12720771913271,14.521798611111112
2026-03-14 19:01:00,2315.8,149.8,1953.7,0.0,124.9,147.65941829140365,87.52995138888889,1971.831103091473,834.8564027777777,0.0,10.5595,118.0953447870528,14.521798611111112
2026-03-14 19:02:00,2366.1,156.9,2017.3,0.0,115.5,150.51746120361122,87.52995138888889,2015.3647744810744,834.8564027777777,0.0,10.5595,110.14908282330272,14.521798611111112
2026-03-14 19:03:00,2249.5,154.4,2019.6,0.0,0.0,111.07821877458053,87.52995138888889,2030.8578963841703,834.8564027777777,0.0,10.5595,27.933801562326572,14.521798611111112
2026-03-14 19:04:00,2215.2,147.3,1986.5,0.0,0.0,99.04213966866469,87.52995138888889,2007.6373531647305,834.8564027777777,0.0,10.5595,54.72977868602272,14.521798611111112
2026-03-14 19:05:00,2316.6,143.2,1974.1,0.0,111.5,148.13541985634194,87.52995138888889,1972.5978784087486,834.8564027777777,0.0,10.5595,118.62827250100548,14.521798611111112
2026-03-14 19:06:00,2370.2,154.3,2024.5,0.0,114.3,150.8657797202024,87.52995138888889,2016.8770668766422,834.8564027777777,0.0,10.5595,122.95165144360001,14.521798611111112
2026-03-14 19:07:00,2410.3,148.3,2056.7,0.0,122.1,151.05807892483332,87.52995138888889,2056.3855728813132,834.8564027777777,0.0,10.5595,111.77987877647804,14.521798611111112
2026-03-14 19:08:00,2217.6,143.3,1998.0,0.0,0.0,116.94175112942612,87.52995138888889,2006.4447041369665,834.8564027777777,0.0,10.5595,31.80093245403834,14.521798611111112
2026-03-14 19:09:00,2323.6,154.9,1971.0,0.0,115.7,148.7780807752161,87.52995138888889,1974.2023943383836,834.8564027777777,0.0,10.5595,106.48561424019168,14.521798611111112
2026-03-14 19:10:00,2216.3,143.7,2003.1,0.0,0.0,107.90782570354479,87.52995138888889,2005.5022946298557,834.8564027777777,0.0,10.5595,33.83267516133105,14.521798611111112
2026-03-14 19:11:00,2285.6,145.1,1944.4,0.0,113.4,147.64798599820662,87.52995138888889,1998.7104308085366,834.8564027777777,0.0,10.5595,31.205259440559452,14.521798611111112
2026-03-14 19:12:00,2268.6,153.8,2030.0,0.0,0.0,136.7007495527835,87.52995138888889,2026.9072887546806,834.8564027777777,0.0,10.5595,24.412345476745475,14.521798611111112
2026-03-14 19:13:00,2264.0,143.8,2035.8,0.0,0.0,146.14681943573555,87.52995138888889,2027.755757236989,834.8564027777777,0.0,10.5595,8.947746438746437,14.521798611111112
2026-03-14 19:14:00,2410.2,158.6,2046.9,0.0,131.5,151.9024380198777,87.52995138888889,2056.034604846136,834.8564027777777,0.0,10.5595,119.86570003933977,14.521798611111112
2026-03-14 19:15:00,2400.3,157.3,2049.7,0.0,113.9,151.01621165920145,87.52995138888889,2048.65022811272,834.8564027777777,0.0,10.5595,120.27935353149032,14.521798611111112
2026-03-14 19:16:00,2227.5,139.6,2012.7,0.0,0.0,123.4223139508296,87.52995138888889,2000.809979838028,834.8564027777777,0.0,10.5595,22.108790105428344,14.521798611111112
2026-03-14 19:17:00,2317.6,149.0,1976.6,0.0,114.7,148.04238472039935,87.52995138888889,1973.7680817062746,834.8564027777777,0.0,10.5595,119.98927490461608,14.521798611111112
2026-03-14 19:18:00,2375.2,154.5,2003.6,0.0,136.6,147.6731240652594,87.52995138888889,2027.420637355946,834.8564027777777,0.0,10.5595,120.93707414421098,14.521798611111112
2026-03-14 19:19:00,2224.4,153.1,1987.3,0.0,0.0,135.6452832475803,87.52995138888889,1996.7072284080837,834.8564027777777,0.0,10.5595,8.95104649054649,14.521798611111112
2026-03-14 19:20:00,2349.5,154.0,1996.7,0.0,122.7,149.199309475655,87.52995138888889,1998.7476330051745,834.8564027777777,0.0,10.5595,120.74613922563508,14.521798611111112
2026-03-14 19:21:00,2234.7,142.6,2007.9,0.0,0.0,138.18570443708623,87.52995138888889,2009.706085849336,834.8564027777777,0.0,10.5595,9.5997099670482,14.521798611111112
2026-03-14 19:22:00,2187.5,157.7,1956.4,0.0,0.0,134.2898619466046,87.52995138888889,1967.4675689210032,834.8564027777777,0.0,10.5595,13.857816552510673,14.521798611111112
2026-03-14 19:23:00,2332.8,147.3,1994.8,0.0,120.5,149.12153751983314,87.52995138888889,1986.1566246514387,834.8564027777777,0.0,10.5595,120.60471776620071,14.521798611111112
2026-03-14 19:24:00,2328.0,147.8,1980.7,0.0,116.5,149.30567440892438,87.52995138888889,1980.1510310843846,834.8564027777777,0.0,10.5595,121.53787703913741,14.521798611111112
2026-03-14 19:25:00,2364.7,148.1,2013.3,0.0,124.2,148.6687005596341,87.52995138888889,2014.9702068510478,834.8564027777777,0.0,10.5595,122.25472825298199,14.521798611111112
2026-03-14 19:26:00,2332.1,154.7,1989.5,0.0,113.2,148.95516597618067,87.52995138888889,1985.8760155151501,834.8564027777777,0.0,10.5595,120.31427449911918,14.521798611111112
2026-03-14 19:27:00,2300.1,147.4,1955.1,0.0,116.1,151.78934510745248,87.52995138888889,1972.1556421541422,834.8564027777777,0.0,10.5595,101.91795457252582,14.521798611111112
2026-03-14 19:28:00,2350.0,149.1,2014.5,0.0,108.2,148.8598617650323,87.52995138888889,1999.086546050137,834.8564027777777,0.0,10.5595,121.18999640244233,14.521798611111112
2026-03-14 19:29:00,2224.0,143.3,2009.3,0.0,0.0,133.2665209301047,87.52995138888889,1997.4120275054295,834.8564027777777,0.0,10.5595,8.988405146705144,14.521798611111112
2026-03-14 19:30:00,2229.4,143.0,1999.9,0.0,0.0,141.1142982686159,87.52995138888889,1995.6166747466184,834.8564027777777,0.0,10.5595,2.8071721001221,14.521798611111112
2026-03-14 19:31:00,2258.1,152.0,2025.2,0.0,0.0,145.29640799679328,87.52995138888889,2023.5583948711421,834.8564027777777,0.0,10.5595,3.377936507936508,14.521798611111112
2026-03-14 19:32:00,2305.7,144.5,1971.5,0.0,109.6,149.8686363183114,87.52995138888889,1960.5809486077644,834.8564027777777,0.0,10.5595,117.5673661922901,14.521798611111112
2026-03-14 19:33:00,2379.2,143.9,2024.7,0.0,126.4,149.0900375855626,87.52995138888889,2028.4096308465967,834.8564027777777,0.0,10.5595,120.5095505180549,14.521798611111112
2026-03-14 19:34:00,2281.5,153.8,2048.7,0.0,0.0,146.77790330432086,87.52995138888889,2018.0011870574956,834.8564027777777,0.0,10.5595,32.565528283970934,14.521798611111112
2026-03-14 19:35:00,2217.7,0.0,2014.7,0.0,118.7,121.0806519299185,87.52995138888889,1991.3632585436862,834.8564027777777,0.0,10.5595,8.333685042735041,14.521798611111112
2026-03-14 19:36:00,2165.8,0.0,2072.2,0.0,0.0,55.39629267671325,87.52995138888889,1951.6305344179239,834.8564027777777,0.0,10.5595,45.06721918843683,14.521798611111112
2026-03-14 19:37:00,2145.5,0.0,2063.4,0.0,0.0,11.362740668590668,87.52995138888889,1965.142821972036,834.8564027777777,0.0,10.5595,53.49312372269401,14.521798611111112
2026-03-14 19:38:00,2077.7,0.0,1992.3,0.0,0.0,0.0,87.52995138888889,1998.3064001318394,834.8564027777777,0.0,10.5595,0.0,14.521798611111112
2026-03-14 19:39:00,2172.6,0.0,1962.4,0.0,124.5,27.219776074415776,87.52995138888889,1969.281596393856,834.8564027777777,0.0,10.5595,82.29803835938169,14.521798611111112
2026-03-14 19:40:00,2166.2,0.0,1983.0,0.0,116.0,30.873130833545535,87.52995138888889,1958.3998561244307,834.8564027777777,0.0,10.5595,48.36786710751123,14.521798611111112
2026-03-14 19:41:00,2134.6,0.0,1930.5,0.0,119.0,0.0,87.52995138888889,1986.798361209487,834.8564027777777,0.0,10.5595,44.142482589506585,14.521798611111112
2026-03-14 19:42:00,2080.2,0.0,1997.6,0.0,0.0,0.0,87.52995138888889,2000.6853997567239,834.8564027777777,0.0,10.5595,0.0,14.521798611111112
2026-03-14 19:43:00,2160.2,0.0,1965.8,0.0,118.0,16.18463225554402,87.52995138888889,1961.6047223090086,834.8564027777777,0.0,10.5595,78.86637449036174,14.521798611111112
2026-03-14 19:44:00,2044.4,0.0,1972.9,0.0,0.0,0.0,87.52995138888889,1967.340075894857,834.8564027777777,0.0,10.5595,0.0,14.521798611111112
2026-03-14 19:45:00,2180.5,0.0,1994.4,0.0,116.0,7.419417676767677,87.52995138888889,1979.1378846158766,834.8564027777777,0.0,10.5595,106.18375575474866,14.521798611111112
2026-03-14 19:46:00,2112.6,0.0,2038.5,0.0,0.0,0.0,87.52995138888889,2029.4564577458507,834.8564027777777,0.0,10.5595,0.6979333333333333,14.521798611111112
2026-03-14 19:47:00,2125.7,0.0,2041.9,0.0,0.0,0.0,87.52995138888889,2041.4677147923228,834.8564027777777,0.0,10.5595,8.044663200851438,14.521798611111112
2026-03-14 19:48:00,2039.4,0.0,1978.1,0.0,0.0,0.0,87.52995138888889,1960.145415774367,834.8564027777777,0.0,10.5595,0.0,14.521798611111112
2026-03-14 19:49:00,2084.7,0.0,2002.4,0.0,0.0,0.0,87.52995138888889,2003.6106838144972,834.8564027777777,0.0,10.5595,0.0,14.521798611111112
2026-03-14 19:50:00,2048.1,0.0,1973.3,0.0,0.0,0.0,87.52995138888889,1968.3332697681963,834.8564027777777,0.0,10.5595,0.0,14.521798611111112
2026-03-14 19:51:00,2063.4,0.0,1985.1,0.0,0.0,0.0,87.52995138888889,1983.8703289467476,834.8564027777777,0.0,10.5595,0.0,14.521798611111112
2026-03-14 19:52:00,2126.8,0.0,2043.4,0.0,0.0,0.0,87.52995138888889,2042.3209648674117,834.8564027777777,0.0,10.5595,2.2367354497354497,14.521798611111112
2026-03-14 19:53:00,2226.8,0.0,2020.3,0.0,125.9,12.014830045880045,87.52995138888889,2022.4152004686641,834.8564027777777,0.0,10.5595,105.39934970580101,14.521798611111112
2026-03-14 19:54:00,2187.9,0.0,1980.7,0.0,120.1,13.120662874162875,87.52995138888889,1985.7555709658525,834.8564027777777,0.0,10.5595,102.64043498748988,14.521798611111112
2026-03-14 19:55:00,2090.1,0.0,2007.6,0.0,0.0,0.0,87.52995138888889,2008.6543052216841,834.8564027777777,0.0,10.5595,0.0,14.521798611111112
2026-03-14 19:56:00,2198.2,0.0,2001.6,0.0,108.2,15.185130599030598,87.52995138888889,1996.0123519103981,834.8564027777777,0.0,10.5595,110.2359035707814,14.521798611111112
2026-03-14 19:57:00,2186.4,0.0,1979.7,0.0,128.0,8.20164054834055,87.52995138888889,1985.2104628804198,834.8564027777777,0.0,10.5595,115.21154697550189,14.521798611111112
2026-03-14 19:58:00,2219.2,0.0,2029.1,0.0,115.6,10.241012554112555,87.52995138888889,2018.2461688155875,834.8564027777777,0.0,10.5595,114.83489198339215,14.521798611111112
2026-03-14 19:59:00,2193.2,0.0,1999.9,0.0,123.1,11.293309331409333,87.52995138888889,1990.7224950359,834.8564027777777,0.0,10.5595,114.75959347747485,14.521798611111112
2026-03-14 20:00:00,2349.4,146.5,2004.2,0.0,121.5,150.02945331585627,87.52995138888889,1996.9014248002006,834.8564027777777,0.0,10.5595,120.12948381694558,14.521798611111112
2026-03-14 20:01:00,2204.8,149.5,1976.5,0.0,0.0,63.916870675511845,87.52995138888889,1998.0285092490826,834.8564027777777,0.0,10.5595,76.75109463591961,14.521798611111112
2026-03-14 20:02:00,2316.3,160.0,1956.4,0.0,116.6,149.07726273764646,87.52995138888889,1973.8660575659376,834.8564027777777,0.0,10.5595,120.13576093079044,14.521798611111112
2026-03-14 20:03:00,2189.8,141.3,1971.8,0.0,0.0,91.93411385716684,87.52995138888889,1978.5256570097952,834.8564027777777,0.0,10.5595,73.9794789059066,14.521798611111112
2026-03-14 20:04:00,2309.4,141.8,1973.0,0.0,117.1,149.99247655868092,87.52995138888889,1961.2923595387554,834.8564027777777,0.0,10.5595,117.75975077362729,14.521798611111112
2026-03-14 20:05:00,2244.9,150.5,2012.4,0.0,0.0,128.9263447995876,87.52995138888889,2021.4473887953216,834.8564027777777,0.0,10.5595,37.19728777899661,14.521798611111112
2026-03-14 20:06:00,2347.1,157.6,1989.8,0.0,120.9,151.8773166307549,87.52995138888889,1995.684986003049,834.8564027777777,0.0,10.5595,120.45974513857601,14.521798611111112
2026-03-14 20:07:00,2255.6,149.5,2028.6,0.0,0.0,140.3459888847736,87.52995138888889,2028.4408205169013,834.8564027777777,0.0,10.5595,13.27709410600293,14.521798611111112
2026-03-14 20:08:00,2365.0,155.6,2009.5,0.0,113.3,151.66365366359062,87.52995138888889,2015.3032917365315,834.8564027777777,0.0,10.5595,120.44621953735111,14.521798611111112
2026-03-14 20:09:00,2226.9,147.9,1997.2,0.0,0.0,126.7709938967007,87.52995138888889,2006.7780691855796,834.8564027777777,0.0,10.5595,11.137155871441939,14.521798611111112
2026-03-14 20:10:00,2250.2,149.6,2021.7,0.0,0.0,143.13273008366187,87.52995138888889,2015.2131921487376,834.8564027777777,0.0,10.5595,5.611782276982277,14.521798611111112
2026-03-14 20:11:00,2341.3,151.2,1992.9,0.0,118.2,150.11551321621278,87.52995138888889,1990.1744924961213,834.8564027777777,0.0,10.5595,119.26110107955336,14.521798611111112
2026-03-14 20:12:00,2196.5,140.3,1980.8,0.0,0.0,127.91326747468214,87.52995138888889,1978.4350217879473,834.8564027777777,0.0,10.5595,5.929742065342064,14.521798611111112
2026-03-14 20:13:00,2218.7,144.2,1999.7,0.0,0.0,131.12716674142848,87.52995138888889,1997.95888915634,834.8564027777777,0.0,10.5595,6.346641393791393,14.521798611111112
2026-03-14 20:14:00,2308.1,146.7,1964.5,0.0,110.0,149.8692956175088,87.52995138888889,1961.2042590917802,834.8564027777777,0.0,10.5595,113.51375748639909,14.521798611111112
2026-03-14 20:15:00,2233.1,149.8,1995.7,0.0,0.0,148.24921505139744,87.52995138888889,2004.4691041552676,834.8564027777777,0.0,10.5595,1.4177161531279179,14.521798611111112
2026-03-14 20:16:00,2319.7,152.5,1969.0,0.0,117.1,149.6803792961396,87.52995138888889,1981.4740476099812,834.8564027777777,0.0,10.5595,108.77585493662116,14.521798611111112
2026-03-14 20:17:00,2294.2,148.5,1949.9,0.0,117.4,150.64878237321957,87.52995138888889,1963.5394096899843,834.8564027777777,0.0,10.5595,89.88187202580995,14.521798611111112
2026-03-14 20:18:00,2379.8,153.8,2028.1,0.0,116.0,149.7525823702184,87.52995138888889,2025.3628979167004,834.8564027777777,0.0,10.5595,120.01369401323076,14.521798611111112
2026-03-14 20:19:00,2339.5,145.1,1993.8,0.0,123.2,148.979420928229,87.52995138888889,1990.7583433361845,834.8564027777777,0.0,10.5595,118.56124061072512,14.521798611111112
2026-03-14 20:20:00,2179.4,153.4,1956.7,0.0,0.0,141.38984865292653,87.52995138888889,1953.3655361916672,834.8564027777777,0.0,10.5595,0.8645641025641027,14.521798611111112
2026-03-14 20:21:00,2262.3,154.9,2023.2,0.0,0.0,149.60792321401505,87.52995138888889,2029.0095217756896,834.8564027777777,0.0,10.5595,1.246085225885226,14.521798611111112
2026-03-14 20:22:00,2334.8,150.8,1980.7,0.0,122.7,148.37827469094375,87.52995138888889,1990.089946893684,834.8564027777777,0.0,10.5595,117.32884601072874,14.521798611111112
2026-03-14 20:23:00,2383.7,145.4,2034.4,0.0,115.0,150.9588241206792,87.52995138888889,2031.8309915701855,834.8564027777777,0.0,10.5595,119.94145895270306,14.521798611111112
2026-03-14 20:24:00,2188.4,155.0,1956.9,0.0,0.0,141.27323033491555,87.52995138888889,1965.0845779173444,834.8564027777777,0.0,10.5595,13.308593216043217,14.521798611111112
2026-03-14 20:25:00,2384.1,157.6,2027.1,0.0,121.0,150.11669687417847,87.52995138888889,2033.4130751891491,834.8564027777777,0.0,10.5595,119.9031165716636,14.521798611111112
2026-03-14 20:26:00,2413.3,152.1,2050.3,0.0,130.1,150.66851851514502,87.52995138888889,2058.418639387247,834.8564027777777,0.0,10.5595,119.0081949957017,14.521798611111112
2026-03-14 20:27:00,2246.2,147.4,2027.5,0.0,0.0,146.00536323698086,87.52995138888889,2019.770054677146,834.8564027777777,0.0,10.5595,1.3526150793650793,14.521798611111112
2026-03-14 20:28:00,2364.7,152.2,2016.0,0.0,122.7,149.56939998911767,87.52995138888889,2018.0350658130048,834.8564027777777,0.0,10.5595,119.96138510893701,14.521798611111112
2026-03-14 20:29:00,2303.7,156.2,1946.6,0.0,124.9,150.58281227895193,87.52995138888889,1955.5112280270928,834.8564027777777,0.0,10.5595,117.50282276062721,14.521798611111112
2026-03-14 20:30:00,2314.9,146.8,1973.1,0.0,120.1,150.31691395995065,87.52995138888889,1967.5036818511282,834.8564027777777,0.0,10.5595,119.60187796297842,14.521798611111112
2026-03-14 20:31:00,2411.5,140.9,2072.1,0.0,115.6,150.5310874063845,87.52995138888889,2058.9653587905564,834.8564027777777,0.0,10.5595,119.97630511609964,14.521798611111112
2026-03-14 20:32:00,2392.5,150.6,2037.9,0.0,120.8,151.11188824133097,87.52995138888889,2039.0476663579816,834.8564027777777,0.0,10.5595,119.94493115090357,14.521798611111112
2026-03-14 20:33:00,2438.0,157.2,2077.3,0.0,128.2,150.64987745119518,87.52995138888889,2083.6260288118356,834.8564027777777,0.0,10.5595,119.68361721905548,14.521798611111112
2026-03-14 20:34:00,2236.9,149.2,2011.6,0.0,0.0,128.07330711980651,87.52995138888889,2011.837805439309,834.8564027777777,0.0,10.5595,15.35100538720539,14.521798611111112
2026-03-14 20:35:00,2064.9,0.0,1991.1,0.0,0.0,8.941830023680023,87.52995138888889,1985.4755762890707,834.8564027777777,0.0,10.5595,0.08511111111111112,14.521798611111112
2026-03-14 20:36:00,2103.1,0.0,2014.5,0.0,0.0,10.845844838494836,87.52995138888889,2004.3598831879992,834.8564027777777,0.0,10.5595,0.08511111111111112,14.521798611111112
2026-03-14 20:37:00,2024.9,0.0,1943.2,0.0,0.0,0.0,87.52995138888889,1948.1004626473741,834.8564027777777,0.0,10.5595,0.8626285714285715,14.521798611111112
2026-03-14 20:38:00,2194.6,0.0,1998.6,0.0,115.4,68.08113876134759,87.52995138888889,1980.3269954326695,834.8564027777777,0.0,10.5595,86.54538600723319,14.521798611111112
2026-03-14 20:39:00,2059.0,0.0,1978.1,0.0,0.0,0.0,87.52995138888889,1980.8254438367194,834.8564027777777,0.0,10.5595,0.8626285714285715,14.521798611111112
2026-03-14 20:40:00,2201.7,0.0,2004.0,0.0,119.1,26.870289256114265,87.52995138888889,1995.176800315204,834.8564027777777,0.0,10.5595,94.64670372810883,14.521798611111112
2026-03-14 20:41:00,2170.4,0.0,1973.6,0.0,115.2,7.49217463184963,87.52995138888889,1972.976442767608,834.8564027777777,0.0,10.5595,97.44611499435374,14.521798611111112
2026-03-14 20:42:00,2059.8,0.0,1982.5,0.0,0.0,0.0,87.52995138888889,1981.1973310883561,834.8564027777777,0.0,10.5595,0.8626285714285715,14.521798611111112
2026-03-14 20:43:00,2208.9,0.0,2009.4,0.0,119.9,26.048501563251566,87.52995138888889,2002.5403954968226,834.8564027777777,0.0,10.5595,90.92577044915011,14.521798611111112
2026-03-14 20:44:00,2208.5,0.0,2013.8,0.0,116.7,26.842186748436745,87.52995138888889,2001.0273732487547,834.8564027777777,0.0,10.5595,93.94104830198181,14.521798611111112
2026-03-14 20:45:00,2197.2,0.0,1992.7,0.0,115.0,29.861625489325487,87.52995138888889,1987.2185710155793,834.8564027777777,0.0,10.5595,93.14607544983396,14.521798611111112
2026-03-14 20:46:00,2094.1,0.0,2005.8,0.0,0.0,0.0,87.52995138888889,2008.4840971394965,834.8564027777777,0.0,10.5595,0.0,14.521798611111112
2026-03-14 20:47:00,2200.2,0.0,2001.5,0.0,119.6,40.95247367621486,87.52995138888889,1990.2723706394356,834.8564027777777,0.0,10.5595,77.84258963422202,14.521798611111112
2026-03-14 20:48:00,2098.5,0.0,2015.1,0.0,0.0,0.0,87.52995138888889,2016.3473626716366,834.8564027777777,0.0,10.5595,0.0,14.521798611111112
2026-03-14 20:49:00,2115.5,0.0,2035.5,0.0,0.0,18.82412944462945,87.52995138888889,2034.3230776248258,834.8564027777777,0.0,10.5595,2.5904269360269354,14.521798611111112
2026-03-14 20:50:00,2220.7,0.0,2011.9,0.0,124.2,1.1877448773448775,87.52995138888889,2018.386502692635,834.8564027777777,0.0,10.5595,119.66625284932933,14.521798611111112
2026-03-14 20:51:00,2053.6,0.0,1981.7,0.0,0.0,0.0,87.52995138888889,1972.8088242867166,834.8564027777777,0.0,10.5595,0.0,14.521798611111112
2026-03-14 20:52:00,2051.9,0.0,1980.7,0.0,0.0,0.0,87.52995138888889,1972.2658663991017,834.8564027777777,0.0,10.5595,0.0,14.521798611111112
2026-03-14 20:53:00,2093.2,0.0,2008.7,0.0,0.0,0.0,87.52995138888889,2013.7667885488702,834.8564027777777,0.0,10.5595,0.0,14.521798611111112
2026-03-14 20:54:00,2053.2,0.0,1971.3,0.0,0.0,0.0,87.52995138888889,1972.0412869131735,834.8564027777777,0.0,10.5595,0.0,14.521798611111112
2026-03-14 20:55:00,2200.0,0.0,1989.9,0.0,125.7,11.914748436748436,87.52995138888889,1991.6880182897703,834.8564027777777,0.0,10.5595,107.46998854463672,14.521798611111112
2026-03-14 20:56:00,2177.2,0.0,1977.0,0.0,116.7,13.212675517075514,87.52995138888889,1979.3630410076134,834.8564027777777,0.0,10.5595,107.95184609959756,14.521798611111112
2026-03-14 20:57:00,2168.0,0.0,1959.1,0.0,124.6,1.5144240896358545,87.52995138888889,1967.477094547452,834.8564027777777,0.0,10.5595,117.91584178457711,14.521798611111112
2026-03-14 20:58:00,2185.4,0.0,1995.3,0.0,116.0,12.79090274170274,87.52995138888889,1984.2246852176625,834.8564027777777,0.0,10.5595,115.8008833913907,14.521798611111112
2026-03-14 20:59:00,2212.1,0.0,1995.0,0.0,122.9,3.5749385281385275,87.52995138888889,2008.3637209934407,834.8564027777777,0.0,10.5595,116.37905213593591,14.521798611111112
2026-03-14 21:00:00,2258.5,151.6,2027.9,0.0,0.0,60.99831622478828,87.52995138888889,2036.3502027426803,834.8564027777777,0.0,10.5595,84.84562493247486,14.521798611111112
2026-03-14 21:01:00,2196.8,149.4,1968.0,0.0,0.0,19.97844155844156,87.52995138888889,1994.3546076757104,834.8564027777777,0.0,10.5595,110.96884747741366,14.521798611111112
2026-03-14 21:02:00,2401.0,149.4,2048.5,0.0,130.8,149.79048641576287,87.52995138888889,2051.7837030732535,834.8564027777777,0.0,10.5595,121.358249887041,14.521798611111112
2026-03-14 21:03:00,2211.8,145.5,1998.7,0.0,0.0,82.70727063415889,87.52995138888889,2002.5622565957935,834.8564027777777,0.0,10.5595,71.06963483822106,14.521798611111112
2026-03-14 21:04:00,2207.4,142.1,1989.4,0.0,0.0,73.13459231258935,87.52995138888889,2003.315402921835,834.8564027777777,0.0,10.5595,91.31508181091066,14.521798611111112
2026-03-14 21:05:00,2333.4,150.1,1980.2,0.0,121.7,149.2228444628901,87.52995138888889,1984.9430277248355,834.8564027777777,0.0,10.5595,118.05826324670056,14.521798611111112
2026-03-14 21:06:00,2403.7,155.8,2038.0,0.0,132.0,151.66731804451425,87.52995138888889,2054.0725386394847,834.8564027777777,0.0,10.5595,120.98799905998138,14.521798611111112
2026-03-14 21:07:00,2218.8,140.9,1997.5,0.0,0.0,92.77190511596245,87.52995138888889,2009.414801997031,834.8564027777777,0.0,10.5595,57.608676545676545,14.521798611111112
2026-03-14 21:08:00,2394.4,148.4,2043.0,0.0,123.3,151.05145836244358,87.52995138888889,2047.5573008568285,834.8564027777777,0.0,10.5595,120.69510326013852,14.521798611111112
2026-03-14 21:09:00,2388.7,152.6,2032.9,0.0,120.9,151.49807285960222,87.52995138888889,2031.371211061845,834.8564027777777,0.0,10.5595,121.99073816368812,14.521798611111112
2026-03-14 21:10:00,2365.3,154.5,1998.7,0.0,130.1,150.13314990084453,87.52995138888889,2017.707429674466,834.8564027777777,0.0,10.5595,120.5717465242532,14.521798611111112
2026-03-14 21:11:00,2275.7,141.3,2063.9,0.0,0.0,135.25542750892046,87.52995138888889,2017.3440276562221,834.8564027777777,0.0,10.5595,40.54882709550798,14.521798611111112
2026-03-14 21:12:00,2386.0,150.6,2028.9,0.0,125.8,150.09944786188754,87.52995138888889,2032.2259285883815,834.8564027777777,0.0,10.5595,121.44485836101462,14.521798611111112
2026-03-14 21:13:00,2291.6,140.3,1956.9,0.0,118.8,149.521026704244,87.52995138888889,1984.4348468394833,834.8564027777777,0.0,10.5595,65.82343536103274,14.521798611111112
2026-03-14 21:14:00,2194.5,156.9,1952.3,0.0,0.0,116.77450790211961,87.52995138888889,1973.8363386002893,834.8564027777777,0.0,10.5595,33.266755294367385,14.521798611111112
2026-03-14 21:15:00,2177.0,148.5,1947.7,0.0,0.0,67.7475208097458,87.52995138888889,1961.5120962606022,834.8564027777777,0.0,10.5595,66.78365449822509,14.521798611111112
2026-03-14 21:16:00,2223.8,152.3,1987.6,0.0,0.0,90.15973495083344,87.52995138888889,2000.8723469249403,834.8564027777777,0.0,10.5595,48.13036948922538,14.521798611111112
2026-03-14 21:17:00,2355.4,149.8,2005.8,0.0,122.0,149.36040516128745,87.52995138888889,2011.1072498403273,834.8564027777777,0.0,10.5595,120.02512729425437,14.521798611111112
2026-03-14 21:18:00,2257.3,142.4,2029.3,0.0,0.0,139.35777065268744,87.52995138888889,2028.4781639390885,834.8564027777777,0.0,10.5595,6.028616426166427,14.521798611111112
2026-03-14 21:19:00,2280.5,159.6,2037.8,0.0,0.0,147.9830433948405,87.52995138888889,2012.7628121356313,834.8564027777777,0.0,10.5595,40.220720810942865,14.521798611111112
2026-03-14 21:20:00,2211.7,151.9,1985.3,0.0,0.0,135.4725079481177,87.52995138888889,1988.8053132011773,834.8564027777777,0.0,10.5595,5.160033597883599,14.521798611111112
2026-03-14 21:21:00,2290.1,147.7,1943.5,0.0,119.7,150.32894745978422,87.52995138888889,1988.752414759526,834.8564027777777,0.0,10.5595,67.811463735774,14.521798611111112
2026-03-14 21:22:00,2216.1,139.3,2006.7,0.0,0.0,136.60399309494258,87.52995138888889,1994.637193878562,834.8564027777777,0.0,10.5595,4.4133148148148145,14.521798611111112
2026-03-14 21:23:00,2357.7,157.1,1999.2,0.0,124.8,150.7315205010303,87.52995138888889,2010.1367288965787,834.8564027777777,0.0,10.5595,118.70837518770936,14.521798611111112
2026-03-14 21:24:00,2330.1,144.3,1984.5,0.0,119.5,150.65780162644091,87.52995138888889,1980.105183936471,834.8564027777777,0.0,10.5595,117.63056311524156,14.521798611111112
2026-03-14 21:25:00,2253.3,149.8,2023.5,0.0,0.0,143.35935475003728,87.52995138888889,2020.8294783701679,834.8564027777777,0.0,10.5595,4.288474412624413,14.521798611111112
2026-03-14 21:26:00,2178.0,154.9,1934.8,0.0,0.0,79.48748770205829,87.52995138888889,1962.0869679197165,834.8564027777777,0.0,10.5595,24.66231838531839,14.521798611111112
2026-03-14 21:27:00,2374.6,155.8,2033.5,0.0,118.6,151.1646499347116,87.52995138888889,2020.39199662763,834.8564027777777,0.0,10.5595,121.01741536524479,14.521798611111112
2026-03-14 21:28:00,2387.6,148.3,2033.8,0.0,115.8,151.42851936156381,87.52995138888889,2033.8872955125798,834.8564027777777,0.0,10.5595,120.20449525724815,14.521798611111112
2026-03-14 21:29:00,2372.6,150.3,2032.3,0.0,115.4,152.0409045734938,87.52995138888889,2017.4523303098317,834.8564027777777,0.0,10.5595,122.10106321722937,14.521798611111112
2026-03-14 21:30:00,2295.7,153.0,1942.9,0.0,117.4,150.77457591417306,87.52995138888889,1958.808169381816,834.8564027777777,0.0,10.5595,102.82086790222449,14.521798611111112
2026-03-14 21:31:00,2189.3,151.2,1960.3,0.0,0.0,135.89440980185387,87.52995138888889,1967.6308885164947,834.8564027777777,0.0,10.5595,15.20623670207787,14.521798611111112
2026-03-14 21:32:00,2325.3,137.9,2001.6,0.0,108.1,150.4696591825386,87.52995138888889,1974.2782521291542,834.8564027777777,0.0,10.5595,118.912782003308,14.521798611111112
2026-03-14 21:33:00,2420.6,150.8,2061.7,0.0,122.3,150.1541298778564,87.52995138888889,2063.0904391401077,834.8564027777777,0.0,10.5595,120.31384086837372,14.521798611111112
2026-03-14 21:34:00,2331.6,146.9,1978.8,0.0,120.7,148.02679548512495,87.52995138888889,1986.5116340459647,834.8564027777777,0.0,10.5595,120.16188345055075,14.521798611111112
2026-03-14 21:35:00,2201.7,0.0,2010.4,0.0,119.3,120.82780880423326,87.52995138888889,1982.574568751618,834.8564027777777,0.0,10.5595,18.183565386356562,14.521798611111112
2026-03-14 21:36:00,2240.1,0.0,2016.4,0.0,128.5,133.87704098545072,87.52995138888889,2010.1905549206258,834.8564027777777,0.0,10.5595,15.379077877677876,14.521798611111112
2026-03-14 21:37:00,2211.0,0.0,1999.0,0.0,132.5,109.36185182714891,87.52995138888889,1991.9878726452193,834.8564027777777,0.0,10.5595,35.27120873549109,14.521798611111112
2026-03-14 21:38:00,2119.7,0.0,2031.9,0.0,0.0,0.0,87.52995138888889,2020.5034164038047,834.8564027777777,0.0,10.5595,12.235632188182185,14.521798611111112
2026-03-14 21:39:00,2191.3,0.0,1993.7,0.0,123.7,47.80578896403162,87.52995138888889,1977.9398917771232,834.8564027777777,0.0,10.5595,103.8513585109335,14.521798611111112
2026-03-14 21:40:00,2094.1,0.0,2027.7,0.0,0.0,0.0,87.52995138888889,2013.6559116551555,834.8564027777777,0.0,10.5595,0.0,14.521798611111112
2026-03-14 21:41:00,2190.8,0.0,1997.4,0.0,114.2,25.925786602286596,87.52995138888889,1980.684022795342,834.8564027777777,0.0,10.5595,106.0705227296124,14.521798611111112
2026-03-14 21:42:00,2186.1,0.0,1993.4,0.0,116.7,13.849367069967071,87.52995138888889,1981.388194077762,834.8564027777777,0.0,10.5595,111.4376101172792,14.521798611111112
2026-03-14 21:43:00,2069.0,0.0,1998.4,0.0,0.0,0.0,87.52995138888889,1988.587999245836,834.8564027777777,0.0,10.5595,0.0,14.521798611111112
2026-03-14 21:44:00,2166.6,0.0,1982.2,0.0,111.3,3.389802442002442,87.52995138888889,1966.074625967714,834.8564027777777,0.0,10.5595,103.4841170738847,14.521798611111112
2026-03-14 21:45:00,2228.3,0.0,2032.5,0.0,120.4,69.71008344106873,87.52995138888889,2009.7025517210461,834.8564027777777,0.0,10.5595,68.81605145693092,14.521798611111112
2026-03-14 21:46:00,2136.5,0.0,1938.7,0.0,119.0,0.0,87.52995138888889,1972.866779996583,834.8564027777777,0.0,10.5595,96.5340184300449,14.521798611111112
2026-03-14 21:47:00,2040.6,0.0,1967.3,0.0,0.0,0.0,87.52995138888889,1962.8798600991668,834.8564027777777,0.0,10.5595,0.0,14.521798611111112
2026-03-14 21:48:00,2205.7,0.0,2011.4,0.0,119.0,21.073952884588177,87.52995138888889,2002.7219763955834,834.8564027777777,0.0,10.5595,109.6846290867571,14.521798611111112
2026-03-14 21:49:00,2119.3,0.0,2042.2,0.0,0.0,0.0,87.52995138888889,2036.920999374536,834.8564027777777,0.0,10.5595,4.551631531431532,14.521798611111112
2026-03-14 21:50:00,2084.3,0.0,2010.7,0.0,0.0,0.0,87.52995138888889,2005.5071886726034,834.8564027777777,0.0,10.5595,0.0,14.521798611111112
2026-03-14 21:51:00,2187.0,0.0,1988.5,0.0,125.2,5.850662698412698,87.52995138888889,1983.488097119837,834.8564027777777,0.0,10.5595,106.06216716371864,14.521798611111112
2026-03-14 21:52:00,2095.5,0.0,2017.6,0.0,0.0,0.0,87.52995138888889,2015.4412185306521,834.8564027777777,0.0,10.5595,0.0,14.521798611111112
2026-03-14 21:53:00,2201.9,0.0,2003.2,0.0,117.2,6.631820466570466,87.52995138888889,2000.0882112390866,834.8564027777777,0.0,10.5595,107.67449906221223,14.521798611111112
2026-03-14 21:54:00,2127.6,0.0,1922.0,0.0,126.4,0.0,87.52995138888889,2043.4302441430368,834.8564027777777,0.0,10.5595,5.820121522921524,14.521798611111112
2026-03-14 21:55:00,2237.9,0.0,2028.9,0.0,133.6,7.005707081807081,87.52995138888889,2031.124206102774,834.8564027777777,0.0,10.5595,112.5055112720612,14.521798611111112
2026-03-14 21:56:00,2064.0,0.0,1990.8,0.0,0.0,0.0,87.52995138888889,1984.5665047961295,834.8564027777777,0.0,10.5595,0.0,14.521798611111112
2026-03-14 21:57:00,2225.5,0.0,2027.5,0.0,122.7,3.8376845839345832,87.52995138888889,2018.393246444979,834.8564027777777,0.0,10.5595,120.42381582769077,14.521798611111112
2026-03-14 21:58:00,2191.6,0.0,1988.2,0.0,121.5,1.0088380138380137,87.52995138888889,1987.039758858595,834.8564027777777,0.0,10.5595,118.77397526166635,14.521798611111112
2026-03-14 21:59:00,2228.0,0.0,2020.7,0.0,130.5,4.6441185999186,87.52995138888889,2026.7642655143304,834.8564027777777,0.0,10.5595,118.56018659581154,14.521798611111112
2026-03-14 22:00:00,2361.7,148.2,2023.0,0.0,117.7,149.99953093143523,87.52995138888889,2011.7895466473617,834.8564027777777,0.0,10.5595,119.43506220825958,14.521798611111112
2026-03-14 22:01:00,2374.0,146.4,2014.4,0.0,127.1,150.51875837158485,87.52995138888889,2020.0507539569362,834.8564027777777,0.0,10.5595,121.01064400109698,14.521798611111112
2026-03-14 22:02:00,2309.1,145.5,1968.8,0.0,113.3,148.68759392094836,87.52995138888889,1962.3938638518891,834.8564027777777,0.0,10.5595,116.59439179774476,14.521798611111112
2026-03-14 22:03:00,2379.4,149.5,2028.5,0.0,122.1,150.79723333755456,87.52995138888889,2025.4245171558066,834.8564027777777,0.0,10.5595,120.79215932090793,14.521798611111112
2026-03-14 22:04:00,2336.6,146.0,1990.2,0.0,123.4,148.5157196317155,87.52995138888889,1987.840352639845,834.8564027777777,0.0,10.5595,119.7609870421203,14.521798611111112
2026-03-14 22:05:00,2315.4,151.1,1965.1,0.0,125.1,148.65045124309242,87.52995138888889,1973.2163842415566,834.8564027777777,0.0,10.5595,119.49376923568646,14.521798611111112
2026-03-14 22:06:00,2248.8,158.0,2010.3,0.0,0.0,108.38072954284272,87.52995138888889,2031.8219150944915,834.8564027777777,0.0,10.5595,17.632210501535496,14.521798611111112
2026-03-14 22:07:00,2227.6,145.3,1993.6,0.0,0.0,116.9968945304895,87.52995138888889,2005.0666177602357,834.8564027777777,0.0,10.5595,24.185457049432046,14.521798611111112
2026-03-14 22:08:00,2202.5,151.5,1979.2,0.0,0.0,90.6630309729663,87.52995138888889,1997.8497794336663,834.8564027777777,0.0,10.5595,57.42669509259803,14.521798611111112
2026-03-14 22:09:00,2224.7,147.6,2001.7,0.0,0.0,117.26703426312248,87.52995138888889,2005.5284149012587,834.8564027777777,0.0,10.5595,13.059852985467689,14.521798611111112
2026-03-14 22:10:00,2269.8,145.5,2039.2,0.0,0.0,135.14485090393492,87.52995138888889,2031.794076270571,834.8564027777777,0.0,10.5595,12.719880380295086,14.521798611111112
2026-03-14 22:11:00,2336.7,152.5,2105.5,0.0,0.0,148.7925447956728,87.52995138888889,1990.5446656092283,834.8564027777777,0.0,10.5595,118.2512319152095,14.521798611111112
2026-03-14 22:12:00,2327.8,152.0,1977.3,0.0,123.4,148.34201574574672,87.52995138888889,1980.3920953021563,834.8564027777777,0.0,10.5595,118.09176150042762,14.521798611111112
2026-03-14 22:13:00,2338.0,148.5,1995.2,0.0,116.9,148.4900083384738,87.52995138888889,1993.1301745715073,834.8564027777777,0.0,10.5595,118.90524567741619,14.521798611111112
2026-03-14 22:14:00,2353.2,153.0,1997.2,0.0,125.6,148.36252624613948,87.52995138888889,2001.7717351488234,834.8564027777777,0.0,10.5595,118.93932447672145,14.521798611111112
2026-03-14 22:15:00,2341.4,142.1,2000.7,0.0,114.4,148.05949555384697,87.52995138888889,1994.7075923751088,834.8564027777777,0.0,10.5595,118.51436044255875,14.521798611111112
2026-03-14 22:16:00,2274.4,149.0,2041.3,0.0,0.0,148.65786141618955,87.52995138888889,2026.2588628258168,834.8564027777777,0.0,10.5595,14.450885922410919,14.521798611111112
2026-03-14 22:17:00,2179.8,150.1,1949.6,0.0,0.0,134.90153854342535,87.52995138888889,1959.3856441283808,834.8564027777777,0.0,10.5595,8.76288724608725,14.521798611111112
2026-03-14 22:18:00,2352.5,139.6,2019.6,0.0,117.1,149.27987981530853,87.52995138888889,2005.9693844448973,834.8564027777777,0.0,10.5595,119.56854937635464,14.521798611111112
2026-03-14 22:19:00,2357.9,158.7,2003.7,0.0,119.1,149.69021608375286,87.52995138888889,2006.1207973476937,834.8564027777777,0.0,10.5595,120.1145086051376,14.521798611111112
2026-03-14 22:20:00,2188.8,147.5,1973.5,0.0,0.0,129.1604407237986,87.52995138888889,1968.2565978923924,834.8564027777777,0.0,10.5595,11.105483199806729,14.521798611111112
2026-03-14 22:21:00,2306.0,147.5,1962.7,0.0,119.5,149.05114234403936,87.52995138888889,1960.332327429705,834.8564027777777,0.0,10.5595,117.71835281418787,14.521798611111112
2026-03-14 22:22:00,2191.9,153.9,1951.7,0.0,0.0,130.27225993759131,87.52995138888889,1966.1090948823505,834.8564027777777,0.0,10.5595,13.5034420724156,14.521798611111112
2026-03-14 22:23:00,2224.0,154.2,1984.2,0.0,0.0,132.92984684480177,87.52995138888889,1997.7642298764413,834.8564027777777,0.0,10.5595,4.752358631782161,14.521798611111112
2026-03-14 22:24:00,2283.6,151.3,2054.2,0.0,0.0,144.72439111509394,87.52995138888889,2035.063420676982,834.8564027777777,0.0,10.5595,34.96683138876373,14.521798611111112
2026-03-14 22:25:00,2200.4,151.5,1970.8,0.0,0.0,127.27444953688092,87.52995138888889,1975.6748807099225,834.8564027777777,0.0,10.5595,12.605980863254393,14.521798611111112
2026-03-14 22:26:00,2392.4,147.3,2038.1,0.0,129.1,150.89892232582235,87.52995138888889,2038.875454601654,834.8564027777777,0.0,10.5595,121.01694300951885,14.521798611111112
2026-03-14 22:27:00,2208.0,141.7,1986.1,0.0,0.0,133.60163162423805,87.52995138888889,1993.5745988118633,834.8564027777777,0.0,10.5595,12.46927487142487,14.521798611111112
2026-03-14 22:28:00,2378.7,142.1,2031.1,0.0,122.6,150.8104599243349,87.52995138888889,2025.457735382133,834.8564027777777,0.0,10.5595,120.77838624616119,14.521798611111112
2026-03-14 22:29:00,2251.8,148.7,2021.4,0.0,0.0,129.76499033363152,87.52995138888889,2025.0212311891262,834.8564027777777,0.0,10.5595,16.178727762542465,14.521798611111112
2026-03-14 22:30:00,2223.2,156.5,1985.1,0.0,0.0,86.43571017756756,87.52995138888889,2003.3010844343391,834.8564027777777,0.0,10.5595,16.3048146319911,14.521798611111112
2026-03-14 22:31:00,2352.4,144.3,2004.5,0.0,123.2,148.18618435758145,87.52995138888889,2006.8981003322324,834.8564027777777,0.0,10.5595,119.79294153809153,14.521798611111112
2026-03-14 22:32:00,2321.2,154.3,1984.4,0.0,112.2,148.43731856607448,87.52995138888889,1976.8748758946829,834.8564027777777,0.0,10.5595,117.69344617327117,14.521798611111112
2026-03-14 22:33:00,2388.8,144.4,2044.2,0.0,118.2,151.92381046078108,87.52995138888889,2034.8028410523114,834.8564027777777,0.0,10.5595,120.04640992705552,14.521798611111112
2026-03-14 22:34:00,2364.4,149.9,2012.2,0.0,114.6,150.53638742330648,87.52995138888889,2011.617691707856,834.8564027777777,0.0,10.5595,120.59640195539747,14.521798611111112
2026-03-14 22:35:00,2089.2,0.0,2007.3,0.0,0.0,0.0,87.52995138888889,2008.0808689579628,834.8564027777777,0.0,10.5595,0.0,14.521798611111112
2026-03-14 22:36:00,2190.8,0.0,1980.5,0.0,122.8,5.742363654863654,87.52995138888889,1980.240455088648,834.8564027777777,0.0,10.5595,105.3188937356217,14.521798611111112
2026-03-14 22:37:00,2176.8,0.0,1975.9,0.0,123.8,12.204460970510972,87.52995138888889,1967.3640722894204,834.8564027777777,0.0,10.5595,108.64844617207413,14.521798611111112
2026-03-14 22:38:00,2186.4,0.0,1990.4,0.0,114.1,13.787055986605989,87.52995138888889,1981.9331625252187,834.8564027777777,0.0,10.5595,107.97286842204637,14.521798611111112
2026-03-14 22:39:00,2035.4,0.0,1943.0,0.0,0.0,0.0,87.52995138888889,1955.3223462046635,834.8564027777777,0.0,10.5595,0.0,14.521798611111112
2026-03-14 22:40:00,2229.1,0.0,2018.5,0.0,119.2,39.570427807377804,87.52995138888889,2008.5064774978316,834.8564027777777,0.0,10.5595,99.36366172808677,14.521798611111112
2026-03-14 22:41:00,2108.1,0.0,2033.3,0.0,0.0,0.0,87.52995138888889,2010.7134520669429,834.8564027777777,0.0,10.5595,0.07653333333333334,14.521798611111112
2026-03-14 22:42:00,2045.1,0.0,1973.5,0.0,0.0,0.0,87.52995138888889,1968.3164983668291,834.8564027777777,0.0,10.5595,0.0,14.521798611111112
2026-03-14 22:43:00,2191.9,0.0,1977.3,0.0,127.0,21.447756767633237,87.52995138888889,1983.329453751477,834.8564027777777,0.0,10.5595,91.50040442779905,14.521798611111112
2026-03-14 22:44:00,2192.7,0.0,1992.8,0.0,120.0,20.79325895585896,87.52995138888889,1985.4889572604932,834.8564027777777,0.0,10.5595,92.85026706516167,14.521798611111112
2026-03-14 22:45:00,2104.6,0.0,2031.3,0.0,0.0,0.0,87.52995138888889,2007.134184266278,834.8564027777777,0.0,10.5595,0.0,14.521798611111112
2026-03-14 22:46:00,2106.2,0.0,2027.6,0.0,0.0,0.0,87.52995138888889,2009.4319560990755,834.8564027777777,0.0,10.5595,0.0,14.521798611111112
2026-03-14 22:47:00,2051.7,0.0,1968.1,0.0,0.0,0.0,87.52995138888889,1975.0588630880552,834.8564027777777,0.0,10.5595,0.0,14.521798611111112
2026-03-14 22:48:00,2122.9,0.0,2044.4,0.0,0.0,0.0,87.52995138888889,2025.816678922628,834.8564027777777,0.0,10.5595,8.186935434010433,14.521798611111112
2026-03-14 22:49:00,2242.0,0.0,2039.4,0.0,124.0,19.754878780696433,87.52995138888889,2018.5993149251894,834.8564027777777,0.0,10.5595,109.19110081160662,14.521798611111112
2026-03-14 22:50:00,2090.8,0.0,2011.3,0.0,0.0,0.0,87.52995138888889,2008.6034600034093,834.8564027777777,0.0,10.5595,0.2551111111111111,14.521798611111112
2026-03-14 22:51:00,2250.7,0.0,2042.4,0.0,120.1,54.374858475783476,87.52995138888889,2029.8322691681497,834.8564027777777,0.0,10.5595,105.63455516335517,14.521798611111112
2026-03-14 22:52:00,2165.9,0.0,1964.2,0.0,123.6,15.075857773653357,87.52995138888889,1967.4551590343203,834.8564027777777,0.0,10.5595,108.06781447348945,14.521798611111112
2026-03-14 22:53:00,2204.7,0.0,2011.9,0.0,117.9,2.8585379472379473,87.52995138888889,2002.2853331491806,834.8564027777777,0.0,10.5595,115.37184329864039,14.521798611111112
2026-03-14 22:54:00,2051.1,0.0,1975.8,0.0,0.0,0.0,87.52995138888889,1972.133372323569,834.8564027777777,0.0,10.5595,0.0,14.521798611111112
2026-03-14 22:55:00,2106.2,0.0,2021.0,0.0,0.0,0.0,87.52995138888889,2017.9776728003076,834.8564027777777,0.0,10.5595,0.2551111111111111,14.521798611111112
2026-03-14 22:56:00,2077.2,0.0,2001.5,0.0,0.0,0.0,87.52995138888889,1995.1314822989384,834.8564027777777,0.0,10.5595,0.2551111111111111,14.521798611111112
2026-03-14 22:57:00,2102.2,0.0,1913.8,0.0,113.7,0.0,87.52995138888889,2016.7404245889718,834.8564027777777,0.0,10.5595,0.2551111111111111,14.521798611111112
2026-03-14 22:58:00,2104.1,0.0,2024.5,0.0,0.0,0.0,87.52995138888889,2016.090513363923,834.8564027777777,0.0,10.5595,0.2551111111111111,14.521798611111112
2026-03-14 22:59:00,2235.7,0.0,2033.9,0.0,119.4,28.98953006253006,87.52995138888889,2015.064459809392,834.8564027777777,0.0,10.5595,111.17395726790693,14.521798611111112
2026-03-14 23:00:00,2238.3,141.8,2022.7,0.0,0.0,133.8860567783466,87.52995138888889,2017.4509448872764,834.8564027777777,0.0,10.5595,0.0,14.521798611111112
2026-03-14 23:01:00,2215.9,149.1,1985.3,0.0,0.0,147.62642651775752,87.52995138888889,1989.785161741125,834.8564027777777,0.0,10.5595,0.0,14.521798611111112
2026-03-14 23:02:00,2247.6,149.6,2013.1,0.0,0.0,133.83086387884282,87.52995138888889,2018.9373428656857,834.8564027777777,0.0,10.5595,0.0,14.521798611111112
2026-03-14 23:03:00,2180.2,141.9,1958.6,0.0,0.0,149.99231974287892,87.52995138888889,1957.2440147058949,834.8564027777777,0.0,10.5595,0.9484190476190474,14.521798611111112
2026-03-14 23:04:00,2170.0,152.3,1945.8,0.0,0.0,82.74495127459683,87.52995138888889,1958.6744975408042,834.8564027777777,0.0,10.5595,0.0,14.521798611111112
2026-03-14 23:05:00,2238.3,145.6,2022.8,0.0,0.0,139.90646152165112,87.52995138888889,2015.5576744895168,834.8564027777777,0.0,10.5595,0.4058333333333333,14.521798611111112
2026-03-14 23:06:00,2233.8,140.1,2010.3,0.0,0.0,141.15397169565898,87.52995138888889,2007.1577321371979,834.8564027777777,0.0,10.5595,0.4058333333333333,14.521798611111112
2026-03-14 23:07:00,2252.9,153.0,2017.7,0.0,0.0,135.49745384177805,87.52995138888889,2019.7557636960537,834.8564027777777,0.0,10.5595,0.5742290598290598,14.521798611111112
2026-03-14 23:08:00,2222.9,148.1,1988.1,0.0,0.0,146.47790739693164,87.52995138888889,1994.7465030856333,834.8564027777777,0.0,10.5595,0.0,14.521798611111112
2026-03-14 23:09:00,2195.8,152.3,1954.1,0.0,0.0,146.1876523098762,87.52995138888889,1970.3462879296633,834.8564027777777,0.0,10.5595,1.494531746031746,14.521798611111112
2026-03-14 23:10:00,2195.0,154.0,1956.7,0.0,0.0,146.96881640134026,87.52995138888889,1969.41439455267,834.8564027777777,0.0,10.5595,3.2347603174603172,14.521798611111112
2026-03-14 23:11:00,2269.8,142.8,2053.0,0.0,0.0,150.2684727906081,87.52995138888889,2036.8144599839218,834.8564027777777,0.0,10.5595,0.0,14.521798611111112
2026-03-14 23:12:00,2188.9,150.9,1966.2,0.0,0.0,147.36855398316274,87.52995138888889,1964.1563632529248,834.8564027777777,0.0,10.5595,0.16079999999999997,14.521798611111112
2026-03-14 23:13:00,2221.2,160.4,1981.0,0.0,0.0,150.01088103896157,87.52995138888889,1991.6549223372976,834.8564027777777,0.0,10.5595,0.3859626984126984,14.521798611111112
2026-03-14 23:14:00,2240.1,157.0,2008.6,0.0,0.0,149.17963691347924,87.52995138888889,2016.5343582984642,834.8564027777777,0.0,10.5595,0.42715317460317465,14.521798611111112
2026-03-14 23:15:00,2237.6,148.9,2000.3,0.0,0.0,149.0732281037704,87.52995138888889,2012.766821405489,834.8564027777777,0.0,10.5595,0.42715317460317465,14.521798611111112
2026-03-14 23:16:00,2254.8,152.7,2025.6,0.0,0.0,145.58130041873895,87.52995138888889,2026.689926439107,834.8564027777777,0.0,10.5595,0.1524388888888889,14.521798611111112
2026-03-14 23:17:00,2221.8,153.6,1990.0,0.0,0.0,150.38212660781483,87.52995138888889,1993.9556156137376,834.8564027777777,0.0,10.5595,0.3859626984126984,14.521798611111112
2026-03-14 23:18:00,2239.4,153.9,2003.0,0.0,0.0,148.43615177552346,87.52995138888889,2016.773958336389,834.8564027777777,0.0,10.5595,0.42715317460317465,14.521798611111112
2026-03-14 23:19:00,2251.5,146.4,2032.7,0.0,0.0,148.64317584585467,87.52995138888889,2023.10509941432,834.8564027777777,0.0,10.5595,0.1524388888888889,14.521798611111112
2026-03-14 23:20:00,2274.4,150.7,2047.8,0.0,0.0,148.19160024561498,87.52995138888889,2045.4063105052194,834.8564027777777,0.0,10.5595,5.979074086371144,14.521798611111112
2026-03-14 23:21:00,2159.4,141.9,1938.8,0.0,0.0,119.4009352029234,87.52995138888889,1945.6865786764429,834.8564027777777,0.0,10.5595,22.192085354133884,14.521798611111112
2026-03-14 23:22:00,2249.3,155.2,2019.3,0.0,0.0,148.65158412642856,87.52995138888889,2021.8934097400654,834.8564027777777,0.0,10.5595,0.1524388888888889,14.521798611111112
2026-03-14 23:23:00,2280.5,148.2,2042.7,0.0,0.0,148.04811871657753,87.52995138888889,2048.5464227716557,834.8564027777777,0.0,10.5595,18.0977437117893,14.521798611111112
2026-03-14 23:24:00,2189.9,150.8,1959.9,0.0,0.0,148.5245850675468,87.52995138888889,1964.0529484391782,834.8564027777777,0.0,10.5595,0.1524388888888889,14.521798611111112
2026-03-14 23:25:00,2262.2,157.8,2017.7,0.0,0.0,149.75399040180955,87.52995138888889,2034.1728590132095,834.8564027777777,0.0,10.5595,0.1524388888888889,14.521798611111112
2026-03-14 23:26:00,2240.0,151.7,2003.5,0.0,0.0,147.9823638681379,87.52995138888889,2015.8943839913454,834.8564027777777,0.0,10.5595,0.2747142857142857,14.521798611111112
2026-03-14 23:27:00,2234.0,145.6,2007.8,0.0,0.0,148.3909343443278,87.52995138888889,2003.5381207054218,834.8564027777777,0.0,10.5595,0.2747142857142857,14.521798611111112
2026-03-14 23:28:00,2246.2,150.1,2023.2,0.0,0.0,149.08730499794322,87.52995138888889,2021.6969827260718,834.8564027777777,0.0,10.5595,0.09941666666666667,14.521798611111112
2026-03-14 23:29:00,2249.5,153.2,2017.9,0.0,0.0,149.41520073457372,87.52995138888889,2020.9639474460637,834.8564027777777,0.0,10.5595,0.09941666666666667,14.521798611111112
2026-03-14 23:30:00,2217.4,145.3,1991.0,0.0,0.0,149.47990872156166,87.52995138888889,1989.7012719128418,834.8564027777777,0.0,10.5595,0.11047619047619049,14.521798611111112
2026-03-14 23:31:00,2207.8,157.0,1969.4,0.0,0.0,144.61764282819578,87.52995138888889,1980.1311278088472,834.8564027777777,0.0,10.5595,0.4050595238095238,14.521798611111112
2026-03-14 23:32:00,2191.4,154.4,1958.6,0.0,0.0,145.44125843546425,87.52995138888889,1965.0717466498445,834.8564027777777,0.0,10.5595,0.11047619047619049,14.521798611111112
2026-03-14 23:33:00,2236.8,154.2,2014.8,0.0,0.0,149.23734550243358,87.52995138888889,2005.2116943168267,834.8564027777777,0.0,10.5595,0.0,14.521798611111112
2026-03-14 23:34:00,2221.7,146.0,1993.8,0.0,0.0,149.69088999796494,87.52995138888889,1995.7236961958174,834.8564027777777,0.0,10.5595,0.0,14.521798611111112
2026-03-14 23:35:00,2065.1,0.0,1992.3,0.0,0.0,0.0,87.52995138888889,1986.2089886471924,834.8564027777777,0.0,10.5595,0.0,14.521798611111112
2026-03-14 23:36:00,2056.3,0.0,1984.1,0.0,0.0,0.0,87.52995138888889,1977.286634321274,834.8564027777777,0.0,10.5595,0.0,14.521798611111112
2026-03-14 23:37:00,2095.8,0.0,2009.8,0.0,0.0,0.0,87.52995138888889,2015.6902464953514,834.8564027777777,0.0,10.5595,0.0,14.521798611111112
2026-03-14 23:38:00,2059.9,0.0,1981.5,0.0,0.0,0.0,87.52995138888889,1980.4827680112223,834.8564027777777,0.0,10.5595,0.0,14.521798611111112
2026-03-14 23:39:00,2122.7,0.0,2028.3,0.0,0.0,0.0,87.52995138888889,2040.1248687699015,834.8564027777777,0.0,10.5595,0.0,14.521798611111112
2026-03-14 23:40:00,2108.2,0.0,2017.9,0.0,0.0,0.0,87.52995138888889,2027.100667506653,834.8564027777777,0.0,10.5595,0.0,14.521798611111112
2026-03-14 23:41:00,2088.9,0.0,2005.0,0.0,0.0,0.0,87.52995138888889,2008.2372656038624,834.8564027777777,0.0,10.5595,0.0,14.521798611111112
2026-03-14 23:42:00,2105.7,0.0,2034.2,0.0,0.0,0.0,87.52995138888889,2025.863159143635,834.8564027777777,0.0,10.5595,0.0,14.521798611111112
2026-03-14 23:43:00,2096.5,0.0,2006.0,0.0,0.0,0.0,87.52995138888889,2017.0658372620815,834.8564027777777,0.0,10.5595,0.0,14.521798611111112
2026-03-14 23:44:00,2061.8,0.0,1977.8,0.0,0.0,0.0,87.52995138888889,1982.2594763487969,834.8564027777777,0.0,10.5595,0.0,14.521798611111112
2026-03-14 23:45:00,2104.6,0.0,2021.2,0.0,0.0,0.0,87.52995138888889,2022.611219331213,834.8564027777777,0.0,10.5595,0.0,14.521798611111112
2026-03-14 23:46:00,2075.9,0.0,1996.9,0.0,0.0,0.0,87.52995138888889,1995.3488298678444,834.8564027777777,0.0,10.5595,0.0,14.521798611111112
2026-03-14 23:47:00,2094.2,0.0,2015.4,0.0,0.0,0.0,87.52995138888889,2015.0968060080982,834.8564027777777,0.0,10.5595,0.0,14.521798611111112
2026-03-14 23:48:00,2050.7,0.0,1975.2,0.0,0.0,0.0,87.52995138888889,1972.746608469092,834.8564027777777,0.0,10.5595,0.0,14.521798611111112
2026-03-14 23:49:00,2083.8,0.0,1992.9,0.0,0.0,0.0,87.52995138888889,2003.0357272814924,834.8564027777777,0.0,10.5595,0.0,14.521798611111112
2026-03-14 23:50:00,2063.3,0.0,1982.2,0.0,0.0,0.0,87.52995138888889,1982.1934303160722,834.8564027777777,0.0,10.5595,0.0,14.521798611111112
2026-03-14 23:51:00,2102.2,0.0,2023.0,0.0,0.0,0.0,87.52995138888889,2022.666011755837,834.8564027777777,0.0,10.5595,0.0,14.521798611111112
2026-03-14 23:52:00,2088.4,0.0,2011.1,0.0,0.0,0.0,87.52995138888889,2006.8819965888226,834.8564027777777,0.0,10.5595,0.0,14.521798611111112
2026-03-14 23:53:00,2105.6,0.0,2022.4,0.0,0.0,0.0,87.52995138888889,2025.8920932873773,834.8564027777777,0.0,10.5595,0.0,14.521798611111112
2026-03-14 23:54:00,2098.5,0.0,2017.3,0.0,0.0,0.0,87.52995138888889,2018.6284548689891,834.8564027777777,0.0,10.5595,0.0,14.521798611111112
2026-03-14 23:55:00,2065.4,0.0,1988.7,0.0,0.0,0.0,87.52995138888889,1987.9297416004483,834.8564027777777,0.0,10.5595,0.0,14.521798611111112
2026-03-14 23:56:00,2077.4,0.0,2001.1,0.0,0.0,0.0,87.52995138888889,1994.9942612716256,834.8564027777777,0.0,10.5595,0.0,14.521798611111112
2026-03-14 23:57:00,2069.7,0.0,1991.0,0.0,0.0,0.0,87.52995138888889,1991.364773249223,834.8564027777777,0.0,10.5595,0.0,14.521798611111112
2026-03-14 23:58:00,2051.1,0.0,1969.2,0.0,0.0,0.0,87.52995138888889,1975.4626859798702,834.8564027777777,0.0,10.5595,0.0,14.521798611111112
2026-03-14 23:59:00,2086.0,0.0,1999.0,0.0,0.0,0.0,87.52995138888889,2004.235799836538,834.8564027777777,0.0,10.5595,0.0,14.521798611111112
